customer_id,y,mu,d_plus,d_minus,knn_purity,knn_mean,view,fold,y_true,y_pred,correct
1000013,1,0.0,0.0,0.0,0.3,0.0,naics,1,1,0,0
1000074,1,0.53846153846071,0.5,0.15,0.4,0.415,naics,5,1,0,0
1000129,0,0.0,0.0,0.0,0.7,0.0,naics,3,0,0,1
1000147,0,0.0,0.0,0.0,0.6,0.045,naics,4,0,0,1
1000232,0,0.0,0.0,0.0,0.2,0.0,naics,1,0,1,0
1000240,0,0.0,0.0,0.0,0.5,0.0,naics,4,0,1,0
1000337,1,0.0,0.0,0.0,0.9,0.0,naics,3,1,1,1
1000340,1,0.0,0.0,0.0,0.4,0.0,naics,2,1,0,0
10006,0,0.0,0.0,0.0,0.4,0.0,naics,1,0,1,0
1000711,1,0.0,0.15,0.15,0.6,0.165,naics,2,1,0,0
1000832,1,0.0,0.0,0.0,0.5,0.0,naics,5,1,0,0
1000872,0,0.0,0.0,0.0,0.6,0.0,naics,2,0,1,0
1000951,0,0.9999999999975,0.4,0.0,0.0,0.3099999999999999,naics,3,0,1,0
1001039,1,0.0,0.0,0.0,0.5,0.0,naics,5,1,0,0
1001040,1,0.0,0.0,0.0,0.5,0.0,naics,3,1,0,0
1001049,1,0.0,0.0,0.0,0.9,0.0,naics,4,1,1,1
1001056,1,0.9999999999933332,0.15,0.0,0.2,0.03,naics,2,1,0,0
1001095,0,0.0,0.0,0.0,0.4,0.0,naics,3,0,1,0
1001192,1,0.0,0.0,0.0,0.5,0.0,naics,2,1,1,1
1001305,0,-0.9999999999933332,0.0,0.15,0.7,0.225,naics,3,0,1,0
1001307,0,0.0,0.0,0.0,0.2,0.0,naics,4,0,1,0
1001436,1,0.0,0.0,0.0,0.5,0.0,naics,4,1,1,1
1001493,0,0.0,0.0,0.0,0.4,0.0,naics,1,0,1,0
1001682,0,0.0,0.0,0.0,0.4,0.1699999999999999,naics,3,0,0,1
1001716,1,0.0,0.0,0.0,0.8,0.0,naics,1,1,1,1
1001755,0,0.0,0.0,0.0,0.6,0.0,naics,2,0,0,1
1001772,1,0.0,0.0,0.0,0.6,0.0,naics,4,1,1,1
1001778,0,-0.9999999999933332,0.0,0.15,0.6,0.105,naics,3,0,1,0
1001792,0,0.0,0.0,0.0,0.4,0.015,naics,2,0,1,0
1001829,1,0.0,0.0,0.0,0.2,0.0,naics,3,1,0,0
1001837,1,0.0,0.0,0.0,0.4,0.015,naics,4,1,0,0
1001927,1,-0.3333333333325926,0.15,0.3,0.5,0.5349999999999999,naics,4,1,0,0
1001959,0,0.0,0.0,0.0,0.6,0.015,naics,5,0,0,1
1002046,1,0.0,0.0,0.0,0.9,0.0,naics,3,1,1,1
1002124,1,-0.9999999999933332,0.0,0.15,0.9,0.075,naics,1,1,1,1
1002184,1,0.0,0.0,0.0,0.9,0.0,naics,4,1,1,1
1002348,0,0.0,0.0,0.0,0.5,0.0,naics,3,0,0,1
1002417,1,0.0,0.0,0.0,0.8,0.0,naics,1,1,1,1
1002449,1,0.0,0.0,0.0,0.8,0.03,naics,3,1,1,1
1002639,0,0.0,0.0,0.0,0.7,0.06,naics,2,0,1,0
1002642,0,-0.4545454545446281,0.15,0.4,0.7,0.37,naics,5,0,0,1
1002643,0,0.0,0.0,0.0,0.1,0.0,naics,3,0,1,0
1002672,0,0.0,0.0,0.0,0.3,0.0,naics,3,0,0,1
1002796,1,0.0,0.0,0.0,0.8,0.0,naics,2,1,1,1
1002841,0,-0.9999999999933332,0.0,0.15,0.8,0.06,naics,1,0,0,1
1002916,0,0.0,0.0,0.0,0.6,0.105,naics,5,0,0,1
1002943,0,-0.9999999999933332,0.0,0.15,0.8,0.06,naics,1,0,0,1
1002971,1,0.0,0.0,0.0,0.5,0.0,naics,1,1,1,1
1003026,0,0.0,0.0,0.0,0.4,0.0,naics,4,0,1,0
10031,0,0.0,0.0,0.0,0.2,0.0,naics,4,0,0,1
1003407,1,0.0,0.0,0.0,0.6,0.0,naics,5,1,1,1
1003418,0,0.0,0.0,0.0,0.8,0.06,naics,1,0,0,1
1003498,1,0.0,0.0,0.0,0.4,0.045,naics,1,1,0,0
1003655,0,0.0,0.0,0.0,0.6,0.0,naics,3,0,1,0
1003719,1,-0.9999999999933332,0.0,0.15,0.7,0.18,naics,1,1,0,0
1003749,0,0.0,0.0,0.0,0.9,0.0,naics,4,0,0,1
1003914,1,0.0,0.0,0.0,0.5,0.0,naics,4,1,1,1
1004001,1,0.0,0.0,0.0,0.4,0.045,naics,4,1,0,0
1004017,1,0.0,0.0,0.0,0.5,0.0,naics,2,1,1,1
1004051,1,0.0,0.0,0.0,0.8,0.0,naics,2,1,0,0
1004178,1,0.0,0.0,0.0,0.5,0.0,naics,5,1,0,0
1004347,0,0.0,0.0,0.0,0.7,0.03,naics,1,0,0,1
1004428,1,0.0,0.0,0.0,0.7,0.045,naics,4,1,0,0
1004472,1,0.0,0.0,0.0,0.8,0.0,naics,4,1,1,1
1004524,0,0.0,0.0,0.0,0.4,0.0,naics,2,0,1,0
1004720,0,-0.9999999999933332,0.0,0.15,0.7,0.235,naics,1,0,1,0
1004898,1,0.0,0.0,0.0,0.5,0.0,naics,1,1,0,0
1004946,1,0.0,0.0,0.0,0.3,0.0,naics,1,1,0,0
1004964,1,0.9999999999933332,0.15,0.0,0.2,0.135,naics,5,1,0,0
1005117,1,0.0,0.0,0.0,0.7,0.0,naics,2,1,0,0
1005122,0,0.0,0.0,0.0,0.5,0.0,naics,3,0,1,0
1005154,1,0.0,0.0,0.0,0.6,0.0,naics,4,1,1,1
1005222,0,0.0,0.0,0.0,0.6,0.0,naics,3,0,0,1
1005225,1,0.0,0.0,0.0,0.4,0.0,naics,3,1,1,1
1005458,0,-0.5999999999992,0.15,0.6,0.8,0.4749999999999999,naics,1,0,0,1
1005547,0,0.0,0.0,0.0,0.8,0.0,naics,1,0,0,1
1005659,1,0.0,0.0,0.0,0.3,0.18,naics,2,1,0,0
1005690,0,0.0,0.0,0.0,0.9,0.045,naics,2,0,0,1
1005734,1,0.0,0.0,0.0,0.5,0.0,naics,2,1,1,1
1005799,1,0.0,0.0,0.0,0.7,0.0,naics,4,1,1,1
1005875,1,0.0,0.0,0.0,0.9,0.0,naics,3,1,1,1
1005886,0,0.0,0.0,0.0,0.7,0.0,naics,1,0,0,1
1005960,0,0.0,0.0,0.0,0.5,0.015,naics,2,0,1,0
1005974,0,-0.9999999999966668,0.0,0.3,0.6,0.225,naics,5,0,1,0
1005984,0,0.0,0.0,0.0,0.3,0.0,naics,4,0,1,0
1006098,1,0.0,0.0,0.0,0.7,0.09,naics,1,1,0,0
10061,1,0.0,0.0,0.0,0.6,0.0,naics,3,1,1,1
1006100,0,0.0,0.3,0.3,0.8,0.2699999999999999,naics,4,0,0,1
1006171,0,0.0,0.0,0.0,0.4,0.0,naics,5,0,1,0
1006187,0,0.0,0.0,0.0,0.5,0.0,naics,3,0,0,1
1006318,0,0.0,0.0,0.0,0.4,0.03,naics,5,0,1,0
1006378,0,0.0,0.0,0.0,0.7,0.045,naics,2,0,0,1
1006383,0,0.0,0.0,0.0,0.3,0.045,naics,2,0,1,0
1006409,1,0.0,0.0,0.0,0.3,0.09,naics,5,1,0,0
1006411,1,0.0,0.0,0.0,0.5,0.0,naics,5,1,1,1
1006461,1,0.0,0.0,0.0,0.7,0.0,naics,4,1,1,1
1006742,1,0.0,0.0,0.0,0.5,0.0,naics,1,1,0,0
1006905,1,0.0,0.0,0.0,0.5,0.03,naics,4,1,1,1
1006935,0,0.0,0.0,0.0,0.7,0.015,naics,2,0,0,1
1007014,0,-0.9999999999933332,0.0,0.15,0.8,0.135,naics,5,0,0,1
1007077,1,0.0,0.0,0.0,0.3,0.4116666666666666,naics,1,1,0,0
1007109,1,0.0,0.0,0.0,0.8,0.0,naics,4,1,1,1
1007111,0,0.0,0.0,0.0,0.5,0.0,naics,2,0,1,0
1007116,0,0.0,0.0,0.0,0.6,0.075,naics,5,0,0,1
1007323,1,0.0,0.0,0.0,0.6,0.0,naics,2,1,1,1
1007368,1,0.0,0.0,0.0,0.5,0.0,naics,5,1,1,1
1007425,1,0.0,0.0,0.0,0.6,0.09,naics,2,1,0,0
1007449,1,0.0,0.0,0.0,0.3,0.0,naics,3,1,0,0
1007540,0,-0.9999999999933332,0.0,0.15,0.9,0.12,naics,1,0,0,1
1007665,1,0.0,0.0,0.0,0.9,0.0,naics,4,1,1,1
1007667,0,0.0,0.0,0.0,0.7,0.0,naics,1,0,0,1
1007756,0,0.0,0.0,0.0,0.5,0.0,naics,5,0,0,1
1007828,1,0.0,0.0,0.0,0.5,0.0,naics,5,1,1,1
1007876,0,-0.9999999999933332,0.0,0.15,0.8,0.375,naics,2,0,0,1
1007922,0,0.9999999999975,0.4,0.0,0.4,0.2799999999999999,naics,3,0,1,0
1008009,0,0.0,0.0,0.0,0.3,0.0,naics,2,0,1,0
1008116,1,0.0,0.0,0.0,0.6,0.0,naics,3,1,1,1
1008150,1,0.0,0.0,0.0,0.8,0.0,naics,3,1,1,1
1008152,1,0.0,0.0,0.0,0.5,0.0,naics,3,1,0,0
1008184,0,0.0,0.0,0.0,0.3,0.0,naics,3,0,0,1
1008223,1,0.0,0.0,0.0,0.4,0.0,naics,1,1,1,1
1008329,0,0.0,0.0,0.0,0.7,0.03,naics,3,0,0,1
1008550,0,0.0,0.0,0.0,0.8,0.0,naics,3,0,1,0
1008742,0,0.0,0.0,0.0,0.8,0.0,naics,3,0,0,1
1008802,0,0.0,0.0,0.0,0.5,0.0,naics,4,0,0,1
1008867,1,0.0,0.0,0.0,0.4,0.0,naics,3,1,1,1
1008898,0,0.0,0.0,0.0,0.6,0.0,naics,4,0,0,1
1008936,1,0.0,0.0,0.0,0.6,0.0,naics,4,1,1,1
1009175,0,0.0,0.0,0.0,0.5,0.06,naics,1,0,0,1
1009190,1,0.0,0.0,0.0,0.7,0.0,naics,5,1,0,0
1009253,0,0.0,0.0,0.0,0.4,0.0,naics,5,0,1,0
1009258,0,0.0,0.0,0.0,0.5,0.0,naics,3,0,0,1
1009400,1,0.0,0.0,0.0,0.4,0.0,naics,5,1,1,1
1009443,1,-0.9999999999933332,0.0,0.15,0.7,0.12,naics,1,1,0,0
1009510,1,0.0,0.0,0.0,0.4,0.0,naics,2,1,0,0
1009555,0,-0.9999999999933332,0.0,0.15,0.8,0.105,naics,2,0,0,1
1009598,0,0.0,0.0,0.0,0.2,0.045,naics,4,0,1,0
10096,0,0.0,0.0,0.0,0.7,0.015,naics,3,0,0,1
1009617,0,0.0,0.0,0.0,0.7,0.0,naics,1,0,0,1
1009631,0,0.0,0.0,0.0,0.6,0.0,naics,3,0,0,1
1009677,1,0.0,0.0,0.0,0.9,0.0,naics,4,1,1,1
1009974,1,0.0,0.0,0.0,0.8,0.0,naics,1,1,1,1
1010126,0,0.0,0.0,0.0,0.6,0.0,naics,4,0,0,1
1010148,0,0.0,0.0,0.0,0.5,0.045,naics,3,0,0,1
1010297,0,0.0,0.0,0.0,0.4,0.0,naics,2,0,1,0
1010299,0,0.0,0.0,0.0,0.5,0.0,naics,2,0,0,1
1010301,0,0.0,0.0,0.0,0.6,0.0,naics,4,0,1,0
1010302,0,0.0,0.0,0.0,0.5,0.0,naics,5,0,0,1
1010323,0,0.0,0.0,0.0,0.6,0.0,naics,4,0,0,1
1010563,0,0.0,0.0,0.0,0.4,0.0,naics,5,0,0,1
1010792,0,0.0,0.0,0.0,0.5,0.0,naics,4,0,1,0
1010919,0,0.0,0.0,0.0,0.8,0.0,naics,2,0,0,1
1011316,0,0.0,0.0,0.0,0.5,0.2799999999999999,naics,5,0,0,1
1011497,0,0.0,0.0,0.0,0.9,0.03,naics,1,0,0,1
1011611,0,0.0,0.0,0.0,0.7,0.0,naics,5,0,0,1
1011777,0,0.0,0.0,0.0,0.2,0.0,naics,4,0,1,0
1011927,0,0.0,0.0,0.0,0.5,0.0,naics,1,0,0,1
1011928,0,0.0,0.0,0.0,0.4,0.075,naics,1,0,1,0
1012171,0,0.0,0.0,0.0,0.1,0.0,naics,5,0,1,0
1012179,0,0.0,0.0,0.0,0.7,0.0,naics,2,0,1,0
1012205,0,0.0,0.0,0.0,0.4,0.0,naics,3,0,1,0
1012290,1,-0.9999999999966668,0.0,0.3,0.7,0.255,naics,3,1,1,1
1012712,0,0.0,0.0,0.0,0.6,0.0,naics,4,0,0,1
1012770,0,0.0,0.0,0.0,0.4,0.18,naics,3,0,0,1
1012821,0,0.0,0.0,0.0,0.8,0.015,naics,4,0,0,1
1013219,0,0.0,0.0,0.0,0.2,0.0,naics,5,0,1,0
1013353,1,0.0,0.0,0.0,0.7,0.2199999999999999,naics,3,1,1,1
10135,1,0.0,0.0,0.0,0.8,0.0,naics,1,1,0,0
10188,0,0.0,0.0,0.0,0.5,0.0,naics,3,0,1,0
10263,0,0.0,0.0,0.0,0.6,0.0,naics,3,0,1,0
10282,1,-0.9999999999933332,0.0,0.15,0.7,0.1349999999999999,naics,2,1,0,0
1033,1,0.0,0.0,0.0,0.8,0.09,naics,3,1,1,1
10334,0,0.0,0.0,0.0,0.7,0.0,naics,3,0,1,0
10351,1,0.0,0.0,0.0,0.7,0.03,naics,5,1,0,0
1037,1,-0.9999999999975,0.0,0.4,0.9,0.225,naics,2,1,1,1
104,0,0.0,0.0,0.0,0.6,0.0,naics,2,0,0,1
1042,1,0.0,0.0,0.0,0.4,0.0,naics,3,1,1,1
10484,0,0.0,0.0,0.0,0.7,0.03,naics,1,0,0,1
1049,0,0.0,0.0,0.0,0.5,0.0,naics,4,0,1,0
1056,0,0.0,0.0,0.0,0.6,0.0,naics,2,0,0,1
1059,1,0.0,0.0,0.0,0.8,0.0,naics,1,1,1,1
10600,1,0.0,0.0,0.0,0.3,0.0,naics,5,1,0,0
10630,1,0.0,0.0,0.0,0.5,0.0,naics,5,1,0,0
107,1,0.0,0.0,0.0,1.0,0.0,naics,4,1,1,1
10780,0,-0.53846153846071,0.15,0.5,0.6,0.43,naics,4,0,0,1
10790,0,0.0,0.0,0.0,0.7,0.06,naics,1,0,0,1
108,1,0.0,0.0,0.0,0.8,0.0,naics,1,1,0,0
1084,0,-0.9999999999966668,0.0,0.3,0.6,0.2299999999999999,naics,3,0,0,1
10878,1,0.0,0.0,0.0,0.3,0.0,naics,4,1,0,0
10884,1,0.0,0.0,0.0,0.4,0.0,naics,3,1,1,1
10886,1,0.0,0.0,0.0,1.0,0.0,naics,1,1,1,1
10897,1,0.0,0.0,0.0,0.4,0.145,naics,1,1,0,0
109,1,0.0,0.0,0.0,0.9,0.0,naics,3,1,1,1
10930,0,0.0,0.0,0.0,0.6,0.0,naics,4,0,1,0
10943,0,0.0,0.0,0.0,0.4,0.0,naics,4,0,0,1
10967,1,-0.9999999999966668,0.0,0.3,0.7,0.165,naics,5,1,0,0
10993,1,0.0,0.0,0.0,0.7,0.0,naics,5,1,1,1
110041,0,-0.999999999998,0.0,0.5,0.7,0.415,naics,1,0,0,1
110058,0,0.0,0.0,0.0,0.5,0.0,naics,3,0,0,1
110069,0,0.0,0.0,0.0,0.4,0.06,naics,5,0,0,1
110086,0,0.0,0.15,0.15,0.8,0.15,naics,2,0,0,1
110095,0,0.0,0.0,0.0,0.8,0.03,naics,2,0,0,1
110121,1,0.0,0.0,0.0,0.6,0.0,naics,1,1,1,1
110175,1,-0.9999999999966668,0.0,0.3,0.9,0.165,naics,5,1,1,1
110238,1,0.0,0.0,0.0,0.2,0.0,naics,5,1,0,0
110259,1,0.0,0.0,0.0,0.3,0.0,naics,3,1,0,0
110270,1,0.0,0.0,0.0,0.4,0.165,naics,1,1,0,0
110333,1,0.0,0.0,0.0,0.4,0.0,naics,2,1,0,0
110361,1,0.0,0.0,0.0,0.3,0.0,naics,4,1,0,0
110432,1,0.0,0.0,0.0,0.8,0.0,naics,3,1,0,0
110441,0,0.0,0.0,0.0,0.5,0.0,naics,4,0,0,1
1105,0,0.0,0.0,0.0,0.1,0.0,naics,1,0,0,1
110520,0,0.0,0.0,0.0,0.3,0.0,naics,3,0,0,1
110603,0,0.0,0.0,0.0,0.3,0.0,naics,1,0,0,1
110658,1,0.0,0.0,0.0,0.4,0.0,naics,1,1,0,0
110809,1,0.0,0.0,0.0,0.7,0.0,naics,4,1,0,0
110858,1,0.0,0.0,0.0,0.4,0.3349999999999999,naics,5,1,0,0
110904,0,0.0,0.0,0.0,0.6,0.03,naics,4,0,0,1
111001,0,-0.999999999998,0.0,0.5,0.7,0.4316666666666666,naics,2,0,0,1
11101,1,0.0,0.0,0.0,0.6,0.0,naics,2,1,0,0
111020,0,0.0,0.0,0.0,0.4,0.015,naics,5,0,0,1
111057,0,0.0,0.0,0.0,0.7,0.0,naics,2,0,0,1
111123,1,0.0,0.0,0.0,0.3,0.0,naics,1,1,0,0
111124,0,0.0,0.0,0.0,0.5,0.06,naics,4,0,0,1
111182,0,0.0,0.0,0.0,0.2,0.0,naics,4,0,1,0
111209,1,0.0,0.0,0.0,0.4,0.0,naics,5,1,1,1
11122,1,0.0,0.0,0.0,0.8,0.0,naics,5,1,1,1
111236,1,0.0,0.0,0.0,0.6,0.0,naics,4,1,1,1
111264,0,0.0,0.0,0.0,0.3,0.0,naics,3,0,0,1
111265,1,0.0,0.0,0.0,0.7,0.0,naics,1,1,0,0
111274,1,0.0,0.0,0.0,0.6,0.0,naics,2,1,1,1
111354,1,0.0,0.0,0.0,0.5,0.19,naics,3,1,0,0
111432,1,0.0,0.0,0.0,0.7,0.0,naics,2,1,0,0
111457,0,0.0,0.0,0.0,0.5,0.0,naics,1,0,0,1
11146,1,0.0,0.0,0.0,0.3,0.0,naics,1,1,0,0
111486,0,0.0,0.0,0.0,0.7,0.0,naics,3,0,0,1
111489,0,0.0,0.0,0.0,0.4,0.015,naics,1,0,0,1
111492,1,0.0,0.0,0.0,1.0,0.015,naics,1,1,1,1
111504,0,0.0,0.0,0.0,0.6,0.15,naics,4,0,0,1
111505,1,0.0,0.0,0.0,0.5,0.03,naics,1,1,0,0
111514,1,0.0,0.0,0.0,0.9,0.015,naics,2,1,1,1
111526,0,0.0,0.0,0.0,0.5,0.0,naics,4,0,1,0
111597,0,0.0,0.0,0.0,0.4,0.0,naics,4,0,1,0
111624,1,0.0,0.0,0.0,0.7,0.0,naics,2,1,0,0
111661,0,0.0,0.0,0.0,0.5,0.0,naics,2,0,0,1
11168,0,0.0,0.0,0.0,0.8,0.03,naics,4,0,0,1
111719,1,0.0,0.7,0.7,0.4,0.7599999999999999,naics,3,1,0,0
111723,1,0.0,0.0,0.0,0.5,0.0,naics,3,1,0,0
111747,1,0.0,0.0,0.0,0.4,0.0,naics,5,1,0,0
111808,1,0.0,0.0,0.0,0.4,0.06,naics,2,1,1,1
111864,1,0.0,0.0,0.0,0.5,0.015,naics,5,1,1,1
11188,0,0.0,0.0,0.0,0.7,0.0,naics,2,0,0,1
111883,1,0.0,0.0,0.0,0.8,0.0,naics,2,1,0,0
111892,1,0.0,0.3,0.3,0.4,0.2699999999999999,naics,2,1,0,0
111901,0,0.0,0.0,0.0,0.1,0.0,naics,1,0,1,0
111903,0,0.0,0.0,0.0,0.7,0.0,naics,4,0,0,1
111919,0,0.0,0.0,0.0,0.5,0.0,naics,4,0,1,0
111942,1,0.0,0.0,0.0,0.4,0.0,naics,1,1,0,0
111974,0,0.0,0.0,0.0,0.8,0.0,naics,2,0,0,1
112,1,0.0,0.0,0.0,0.5,0.0,naics,3,1,1,1
112043,1,0.0,0.0,0.0,0.8,0.0,naics,1,1,1,1
112044,0,0.0,0.0,0.0,0.4,0.15,naics,5,0,0,1
112106,1,0.0,0.0,0.0,0.6,0.0,naics,5,1,1,1
112186,1,0.0,0.0,0.0,0.6,0.105,naics,5,1,0,0
112200,0,0.0,0.0,0.0,0.7,0.0,naics,5,0,0,1
112213,1,0.0,0.0,0.0,0.7,0.0,naics,3,1,0,0
112255,0,-0.3333333333325926,0.15,0.3,0.6,0.255,naics,4,0,0,1
11228,1,0.0,0.0,0.0,0.6,0.0,naics,4,1,1,1
112282,1,0.0,0.0,0.0,0.5,0.0,naics,2,1,1,1
112372,0,0.0,0.0,0.0,0.7,0.0,naics,2,0,0,1
112417,1,0.0,0.0,0.0,0.0,0.0,naics,2,1,0,0
112452,0,0.0,0.0,0.0,0.5,0.0,naics,1,0,0,1
112572,1,0.0,0.0,0.0,0.5,0.0,naics,3,1,0,0
112658,1,0.0,0.0,0.0,0.6,0.0,naics,3,1,1,1
112674,1,0.0,0.0,0.0,0.5,0.015,naics,3,1,0,0
11275,1,0.0,0.0,0.0,0.8,0.03,naics,5,1,1,1
112774,0,0.0,0.0,0.0,0.9,0.03,naics,1,0,0,1
112784,0,0.0,0.0,0.0,0.8,0.06,naics,1,0,0,1
112792,0,0.0,0.0,0.0,0.2,0.0,naics,5,0,0,1
112795,0,0.0,0.0,0.0,0.3,0.0,naics,4,0,1,0
112829,1,0.0,0.0,0.0,0.7,0.015,naics,2,1,1,1
112840,0,0.0,0.0,0.0,0.8,0.0,naics,3,0,0,1
112867,1,0.0,0.0,0.0,0.7,0.0,naics,5,1,1,1
113030,1,0.0,0.0,0.0,0.5,0.0,naics,2,1,1,1
113037,0,0.0,0.0,0.0,0.8,0.0,naics,5,0,1,0
113045,0,0.0,0.0,0.0,0.8,0.09,naics,4,0,0,1
113064,1,0.0,0.0,0.0,0.4,0.0,naics,5,1,0,0
113089,0,0.0,0.0,0.0,0.2,0.0,naics,1,0,1,0
113116,1,0.0,0.0,0.0,0.4,0.0,naics,4,1,0,0
113143,1,0.0,0.0,0.0,0.6,0.0,naics,3,1,1,1
113160,1,0.0,0.0,0.0,0.5,0.0,naics,4,1,0,0
113189,1,0.0,0.0,0.0,1.0,0.0,naics,1,1,1,1
113238,1,0.0,0.0,0.0,0.8,0.0,naics,3,1,1,1
113282,0,0.0,0.0,0.0,0.7,0.06,naics,5,0,1,0
113288,1,0.0,0.0,0.0,0.6,0.0,naics,2,1,1,1
113293,1,0.0,0.0,0.0,0.8,0.015,naics,5,1,1,1
113373,1,0.0,0.0,0.0,0.4,0.0,naics,5,1,0,0
113381,1,0.0,0.0,0.0,0.3,0.195,naics,3,1,0,0
113435,0,0.0,0.3,0.3,0.5,0.2699999999999999,naics,2,0,0,1
113475,0,0.0,0.0,0.0,0.6,0.0,naics,3,0,1,0
113479,0,-0.9999999999966668,0.0,0.3,0.7,0.24,naics,5,0,1,0
113488,0,0.0,0.0,0.0,0.5,0.06,naics,1,0,1,0
113586,1,0.0,0.0,0.0,0.7,0.0,naics,4,1,0,0
113612,0,0.999999999998,0.5,0.0,0.8,0.4283333333333333,naics,5,0,0,1
113613,0,0.0,0.0,0.0,0.5,0.12,naics,3,0,1,0
113623,1,0.0,0.0,0.0,0.6,0.09,naics,4,1,0,0
113693,0,0.0,0.0,0.0,0.8,0.06,naics,3,0,1,0
113702,0,0.0,0.0,0.0,0.5,0.0,naics,4,0,1,0
113727,0,-0.9999999999966668,0.0,0.3,0.6,0.2299999999999999,naics,2,0,1,0
113732,1,0.0,0.0,0.0,0.8,0.0,naics,2,1,0,0
113735,1,0.0,0.0,0.0,0.7,0.03,naics,2,1,1,1
113881,1,0.0,0.0,0.0,0.2,0.0,naics,1,1,0,0
113975,1,0.0,0.0,0.0,0.1,0.2816666666666666,naics,3,1,0,0
114,1,0.0,0.0,0.0,0.6,0.0,naics,5,1,1,1
114001,0,0.0,0.0,0.0,0.4,0.06,naics,2,0,1,0
114027,0,-0.999999999998,0.0,0.5,0.2,0.4,naics,2,0,1,0
114111,1,-0.9999999999933332,0.0,0.15,0.6,0.36,naics,5,1,0,0
114116,0,0.0,0.0,0.0,0.6,0.0,naics,2,0,0,1
114128,1,0.0,0.0,0.0,0.8,0.0,naics,5,1,0,0
114139,0,0.0,0.0,0.0,0.5,0.0,naics,1,0,1,0
114161,1,0.0,0.0,0.0,0.5,0.15,naics,2,1,0,0
114197,1,0.0,0.0,0.0,0.4,0.24,naics,2,1,0,0
114264,1,0.0,0.0,0.0,0.5,0.0,naics,3,1,0,0
114364,0,0.0,0.15,0.15,0.5,0.31,naics,3,0,0,1
114396,1,0.0,0.0,0.0,0.6,0.03,naics,4,1,1,1
114447,0,-0.4285714285711224,0.4,1.0,0.7,0.805,naics,4,0,0,1
114453,1,0.0,0.0,0.0,0.5,0.075,naics,4,1,1,1
114460,1,0.0,0.0,0.0,0.9,0.0,naics,2,1,1,1
114474,0,0.0,0.0,0.0,0.7,0.0,naics,1,0,0,1
114532,1,0.0,0.0,0.0,0.8,0.0,naics,5,1,0,0
114553,1,-0.9999999999966668,0.0,0.3,0.7,0.1649999999999999,naics,3,1,0,0
114572,1,0.0,0.0,0.0,0.8,0.0,naics,1,1,0,0
114583,1,0.0,0.0,0.0,0.6,0.0,naics,4,1,0,0
114628,0,0.9999999999933332,0.15,0.0,0.5,0.1349999999999999,naics,2,0,0,1
11471,1,0.0,0.0,0.0,0.5,0.0,naics,1,1,1,1
114718,1,0.0,0.0,0.0,1.0,0.0,naics,1,1,1,1
114743,1,0.0,0.0,0.0,0.4,0.03,naics,2,1,0,0
114761,1,0.0,0.0,0.0,0.6,0.0,naics,1,1,0,0
114825,0,0.0,0.0,0.0,0.6,0.06,naics,2,0,1,0
114863,0,0.0,0.4,0.4,0.5,0.41,naics,5,0,0,1
114876,1,0.0,0.0,0.0,0.9,0.0,naics,1,1,1,1
114890,1,0.0,0.0,0.0,0.5,0.165,naics,4,1,1,1
114903,0,0.0,0.0,0.0,0.6,0.0,naics,3,0,0,1
1150,0,0.0,0.15,0.15,0.6,0.1649999999999999,naics,5,0,1,0
11513,1,0.0,0.0,0.0,1.0,0.0,naics,1,1,1,1
115248,1,0.0,0.0,0.0,0.7,0.0,naics,3,1,1,1
115255,0,0.0,0.0,0.0,0.4,0.06,naics,5,0,1,0
1153,0,0.0,0.0,0.0,0.9,0.0,naics,4,0,0,1
115309,1,0.0,0.0,0.0,0.8,0.015,naics,2,1,1,1
11545,0,0.0,0.0,0.0,0.6,0.0,naics,5,0,1,0
1158,1,0.0,0.0,0.0,0.5,0.0,naics,2,1,0,0
115823,1,0.0,0.0,0.0,0.6,0.0,naics,2,1,1,1
116010,1,0.0,0.0,0.0,0.3,0.0,naics,2,1,0,0
116084,0,0.0,0.0,0.0,0.2,0.0,naics,5,0,1,0
11621,0,0.0,0.4,0.4,0.7,0.38,naics,2,0,0,1
11622,1,0.0,0.0,0.0,0.6,0.0,naics,3,1,1,1
116250,1,0.0,0.0,0.0,0.5,0.0,naics,2,1,1,1
116435,0,0.0,0.0,0.0,0.7,0.0,naics,3,0,1,0
117587,1,0.0,0.0,0.0,0.6,0.0,naics,4,1,0,0
117628,0,0.0,0.0,0.0,0.7,0.0,naics,3,0,0,1
117747,0,0.0,0.0,0.0,0.5,0.0,naics,5,0,0,1
117867,0,0.0,0.0,0.0,0.7,0.165,naics,2,0,0,1
117906,1,0.0,0.0,0.0,0.7,0.0,naics,2,1,0,0
117907,1,0.0,0.0,0.0,0.3,0.0,naics,5,1,0,0
117908,1,0.0,0.0,0.0,0.5,0.0,naics,3,1,0,0
117909,1,0.0,0.0,0.0,0.3,0.0,naics,5,1,1,1
117910,0,0.0,0.0,0.0,0.6,0.0,naics,1,0,1,0
117911,0,0.0,0.0,0.0,0.4,0.0,naics,1,0,1,0
118,1,0.0,0.0,0.0,0.8,0.0,naics,5,1,1,1
118044,1,0.0,0.0,0.0,0.5,0.12,naics,3,1,0,0
118054,0,0.0,0.0,0.0,0.5,0.015,naics,5,0,0,1
118092,0,-0.9999999999933332,0.0,0.15,0.8,0.18,naics,1,0,1,0
118120,0,0.0,0.0,0.0,0.3,0.03,naics,2,0,1,0
118137,0,0.0,0.0,0.0,0.9,0.0,naics,5,0,0,1
118150,1,0.0,0.0,0.0,0.5,0.0,naics,5,1,0,0
118155,0,0.9999999999933332,0.15,0.0,0.6,0.205,naics,2,0,1,0
1182,1,0.0,0.0,0.0,0.8,0.0,naics,2,1,1,1
11825,1,0.0,0.0,0.0,0.1,0.0,naics,3,1,1,1
118321,1,0.0,0.0,0.0,0.7,0.045,naics,5,1,1,1
118351,1,0.0,0.0,0.0,0.7,0.03,naics,1,1,0,0
118352,1,0.0,0.0,0.0,0.4,0.0,naics,2,1,0,0
118399,1,0.0,0.0,0.0,0.2,0.0,naics,3,1,0,0
118402,0,0.0,0.0,0.0,0.8,0.0,naics,5,0,0,1
118466,1,0.0,0.0,0.0,0.9,0.0,naics,1,1,1,1
118568,1,0.0,0.0,0.0,0.3,0.0,naics,4,1,1,1
118654,1,0.0,0.0,0.0,0.9,0.0,naics,2,1,1,1
118701,0,0.9999999999966668,0.3,0.0,0.7,0.24,naics,1,0,0,1
118726,1,0.0,0.0,0.0,0.5,0.0,naics,3,1,0,0
118730,1,0.0,0.0,0.0,0.5,0.0,naics,5,1,0,0
118768,0,0.0,0.0,0.0,0.3,0.0,naics,5,0,1,0
118818,1,0.0,0.0,0.0,0.8,0.0,naics,4,1,0,0
118891,1,0.0,0.0,0.0,0.5,0.045,naics,5,1,1,1
1190,1,0.0,0.0,0.0,0.6,0.0,naics,5,1,1,1
119034,0,0.0,0.0,0.0,0.0,0.0,naics,3,0,1,0
119046,1,0.0,0.0,0.0,0.7,0.0,naics,4,1,0,0
119051,1,0.0,0.0,0.0,0.3,0.105,naics,4,1,0,0
119135,1,0.0,0.0,0.0,0.5,0.2999999999999999,naics,2,1,1,1
119216,0,0.0,0.0,0.0,0.7,0.0,naics,3,0,0,1
119220,0,0.0,0.0,0.0,0.7,0.0,naics,3,0,0,1
119338,0,0.0,0.0,0.0,0.5,0.0,naics,2,0,0,1
119378,1,0.0,0.0,0.0,0.8,0.0,naics,5,1,1,1
119511,1,0.0,0.0,0.0,0.5,0.0,naics,5,1,1,1
119644,0,-0.9999999999975,0.0,0.4,0.4,0.32,naics,2,0,0,1
1197,1,0.0,0.0,0.0,0.7,0.0,naics,2,1,1,1
119878,0,0.0,0.0,0.0,0.4,0.0,naics,3,0,0,1
119917,1,0.0,0.0,0.0,0.4,0.0,naics,3,1,1,1
11994,0,0.0,0.0,0.0,0.4,0.0,naics,3,0,1,0
119945,1,0.0,0.0,0.0,0.7,0.015,naics,2,1,1,1
119951,0,0.0,0.0,0.0,0.5,0.0,naics,1,0,1,0
120004,0,0.0,0.0,0.0,0.6,0.09,naics,5,0,0,1
120055,0,0.0,0.15,0.15,0.7,0.1499999999999999,naics,2,0,1,0
120069,1,-0.9999999999933332,0.0,0.15,0.3,0.12,naics,3,1,0,0
120127,1,0.0,0.0,0.0,0.6,0.0,naics,3,1,1,1
12016,1,0.0,0.0,0.0,1.0,0.0,naics,1,1,1,1
120275,0,0.0,0.0,0.0,0.6,0.0,naics,1,0,0,1
1203,0,0.0,0.0,0.0,0.7,0.0,naics,1,0,1,0
120312,0,0.0,0.0,0.0,0.8,0.03,naics,4,0,0,1
120327,1,0.0,0.0,0.0,0.6,0.0,naics,3,1,1,1
120487,0,0.0,0.0,0.0,0.4,0.03,naics,4,0,1,0
120505,1,0.0,0.0,0.0,0.6,0.0,naics,2,1,1,1
120560,0,0.0,0.0,0.0,0.7,0.0,naics,2,0,1,0
120733,1,0.0,0.0,0.0,0.7,0.0,naics,3,1,0,0
120784,1,0.0,0.0,0.0,0.3,0.21,naics,5,1,0,0
120852,0,0.0,0.0,0.0,0.6,0.27,naics,5,0,1,0
120910,1,0.0,0.0,0.0,0.5,0.0,naics,4,1,1,1
120938,0,0.0,0.0,0.0,0.7,0.0,naics,2,0,0,1
121010,1,0.0,0.0,0.0,0.7,0.0,naics,3,1,1,1
1211,1,-0.9999999999933332,0.0,0.15,0.7,0.09,naics,2,1,1,1
121215,1,0.0,0.0,0.0,0.8,0.0,naics,2,1,1,1
121377,1,0.0,0.0,0.0,0.8,0.0,naics,2,1,1,1
12139,0,0.0,0.0,0.0,0.4,0.0,naics,1,0,1,0
121423,0,0.0,0.0,0.0,0.8,0.0,naics,2,0,0,1
12144,1,0.0,0.0,0.0,0.4,0.0,naics,3,1,1,1
121507,1,0.0,0.0,0.0,0.8,0.0,naics,5,1,1,1
121556,1,0.0,0.0,0.0,0.5,0.0,naics,3,1,0,0
121588,0,-0.9999999999975,0.0,0.4,0.8,0.2699999999999999,naics,5,0,0,1
121734,0,0.0,0.0,0.0,0.3,0.0,naics,2,0,0,1
121867,1,0.0,0.0,0.0,0.3,0.0,naics,4,1,0,0
121877,1,0.0,0.0,0.0,0.5,0.0,naics,3,1,0,0
121954,1,0.0,0.0,0.0,0.7,0.03,naics,2,1,1,1
121979,1,0.0,0.0,0.0,0.0,0.0,naics,5,1,0,0
122233,1,0.0,0.0,0.0,0.5,0.0,naics,1,1,0,0
122287,1,0.0,0.0,0.0,0.1,0.0,naics,2,1,0,0
1224,0,0.0,0.0,0.0,0.5,0.0,naics,2,0,0,1
122439,0,0.0,0.0,0.0,0.7,0.0,naics,3,0,0,1
1225,0,0.0,0.0,0.0,0.6,0.0,naics,4,0,0,1
122532,0,-0.9999999999933332,0.0,0.15,0.6,0.1949999999999999,naics,2,0,0,1
122542,0,0.0,0.0,0.0,0.7,0.03,naics,5,0,0,1
122579,0,0.0,0.0,0.0,0.4,0.0,naics,1,0,1,0
122612,1,0.0,0.0,0.0,0.4,0.0,naics,5,1,0,0
122646,1,0.0,0.0,0.0,0.8,0.0,naics,2,1,1,1
122678,1,0.0,0.0,0.0,0.5,0.03,naics,4,1,0,0
122685,1,0.0,0.0,0.0,0.6,0.0,naics,4,1,0,0
1227,1,0.0,0.0,0.0,0.9,0.0,naics,3,1,1,1
12272,0,0.0,0.0,0.0,0.6,0.0,naics,5,0,0,1
122746,1,0.0,0.0,0.0,0.6,0.0,naics,5,1,1,1
122881,1,0.0,0.0,0.0,0.7,0.0,naics,2,1,0,0
1229,0,0.0,0.0,0.0,0.3,0.03,naics,4,0,1,0
122915,1,0.0,0.0,0.0,0.9,0.0,naics,2,1,1,1
122929,0,0.0,0.0,0.0,0.8,0.0,naics,4,0,1,0
122941,0,0.0,0.0,0.0,0.4,0.0,naics,2,0,0,1
122962,0,-0.9999999999985,0.0,0.6666666666666666,0.9,0.4866666666666667,naics,2,0,0,1
123054,1,0.0,0.0,0.0,0.6,0.0,naics,4,1,1,1
123060,0,0.0,0.0,0.0,0.4,0.0,naics,4,0,1,0
123065,0,0.0,0.0,0.0,0.4,0.0,naics,2,0,1,0
123077,1,0.0,0.0,0.0,0.7,0.0,naics,1,1,1,1
1232,1,0.0,0.0,0.0,0.3,0.0,naics,4,1,0,0
123230,1,0.0,0.0,0.0,0.6,0.0,naics,4,1,1,1
123248,0,0.0,0.0,0.0,0.7,0.0,naics,1,0,0,1
123420,0,0.0,0.0,0.0,0.1,0.0,naics,1,0,1,0
1239,1,0.0,0.0,0.0,0.7,0.03,naics,2,1,1,1
124024,0,0.0,0.0,0.0,0.3,0.0,naics,3,0,0,1
124373,1,0.0,0.0,0.0,0.8,0.0,naics,1,1,0,0
1244,1,0.0,0.0,0.0,0.5,0.075,naics,3,1,0,0
12451,0,0.0,0.0,0.0,0.7,0.0,naics,4,0,0,1
124532,1,0.0,0.0,0.0,0.9,0.0,naics,1,1,1,1
124554,1,0.0,0.0,0.0,0.9,0.0,naics,1,1,1,1
124612,0,-0.53846153846071,0.15,0.5,0.8,0.43,naics,4,0,0,1
124642,0,-0.5999999999992,0.15,0.6,0.6,0.5399999999999999,naics,5,0,0,1
1247,1,0.0,0.0,0.0,0.6,0.0,naics,5,1,0,0
124729,1,0.0,0.0,0.0,0.7,0.0,naics,5,1,1,1
124758,1,0.0,0.0,0.0,0.5,0.0,naics,1,1,1,1
124867,0,0.0,0.0,0.0,0.6,0.03,naics,2,0,0,1
124973,1,0.0,0.0,0.0,0.7,0.0,naics,5,1,0,0
124978,0,0.0,0.0,0.0,0.4,0.0,naics,4,0,1,0
125013,1,0.0,0.0,0.0,0.6,0.0,naics,5,1,1,1
125032,0,0.0,0.0,0.0,0.2,0.0,naics,3,0,1,0
125156,0,0.0,0.0,0.0,0.9,0.0,naics,3,0,0,1
1252,1,0.0,0.0,0.0,0.5,0.105,naics,2,1,0,0
125274,1,0.0,0.0,0.0,0.6,0.0,naics,2,1,1,1
125290,1,0.0,0.0,0.0,0.1,0.105,naics,3,1,0,0
125400,1,0.0,0.0,0.0,0.3,0.0,naics,3,1,0,0
12578,1,0.0,0.0,0.0,0.5,0.265,naics,1,1,0,0
126416,1,0.0,0.0,0.0,0.8,0.0,naics,2,1,1,1
126418,1,0.0,0.0,0.0,0.4,0.0,naics,5,1,1,1
126485,1,0.0,0.0,0.0,0.5,0.09,naics,2,1,1,1
126572,1,0.9999999999933332,0.15,0.0,0.3,0.37,naics,4,1,0,0
126671,1,0.0,0.0,0.0,0.8,0.0,naics,2,1,1,1
126866,0,0.0,0.0,0.0,0.7,0.03,naics,1,0,1,0
126971,0,0.0,0.0,0.0,0.5,0.0,naics,3,0,0,1
127324,1,0.0,0.0,0.0,0.7,0.0,naics,2,1,0,0
127353,0,0.0,0.0,0.0,0.6,0.0,naics,5,0,1,0
12738,0,-0.9999999999966668,0.0,0.3,0.6,0.24,naics,2,0,0,1
127507,0,0.0,0.0,0.0,0.6,0.0,naics,4,0,0,1
127574,1,0.0,0.0,0.0,0.6,0.0,naics,2,1,1,1
12768,0,0.0,0.0,0.0,0.6,0.0,naics,1,0,1,0
127680,0,0.0,0.0,0.0,0.7,0.0,naics,2,0,0,1
127731,0,0.0,0.0,0.0,0.5,0.0,naics,3,0,0,1
127803,1,0.0,0.0,0.0,0.9,0.0,naics,3,1,1,1
127815,1,0.9999999999933332,0.15,0.0,0.5,0.12,naics,3,1,0,0
127884,0,0.0,0.0,0.0,0.5,0.0,naics,4,0,1,0
127955,0,0.0,0.0,0.0,0.5,0.0,naics,3,0,0,1
127969,1,0.0,0.0,0.0,0.4,0.0,naics,4,1,1,1
127976,0,0.0,0.0,0.0,0.4,0.0,naics,3,0,0,1
128204,1,0.0,0.0,0.0,0.3,0.06,naics,3,1,0,0
128219,1,0.0,0.0,0.0,0.8,0.0,naics,5,1,1,1
128227,0,0.0,0.0,0.0,0.5,0.0,naics,4,0,0,1
1283,1,0.0,0.0,0.0,0.6,0.0,naics,2,1,0,0
128321,0,0.0,0.0,0.0,0.4,0.0,naics,3,0,1,0
128451,0,0.0,0.0,0.0,0.4,0.0,naics,4,0,1,0
128636,1,0.0,0.0,0.0,0.3,0.0,naics,3,1,1,1
128646,0,0.0,0.0,0.0,0.7,0.0,naics,5,0,0,1
128647,0,0.0,0.0,0.0,0.4,0.015,naics,1,0,1,0
12868,0,0.0,0.0,0.0,0.5,0.0,naics,2,0,0,1
128912,1,0.9999999999933332,0.15,0.0,0.4,0.105,naics,3,1,0,0
129,1,0.0,0.0,0.0,0.7,0.0,naics,1,1,1,1
1290,1,0.0,0.0,0.0,0.3,0.075,naics,1,1,0,0
129001,0,0.0,0.0,0.0,0.5,0.075,naics,1,0,1,0
12918,0,-0.9999999999933332,0.0,0.15,0.6,0.3299999999999999,naics,3,0,0,1
12930,1,0.0,0.0,0.0,0.3,0.0,naics,1,1,1,1
129383,1,0.0,0.0,0.0,0.7,0.0,naics,2,1,0,0
129409,1,0.0,0.0,0.0,0.3,0.0,naics,1,1,0,0
129433,1,0.0,0.0,0.0,0.6,0.0,naics,4,1,0,0
129458,0,0.0,0.0,0.0,0.3,0.0,naics,5,0,0,1
129484,1,0.0,0.0,0.0,0.6,0.0,naics,4,1,1,1
129485,1,0.0,0.0,0.0,0.6,0.0,naics,2,1,0,0
129488,0,-0.9999999999933332,0.0,0.15,0.9,0.045,naics,5,0,0,1
1295,0,0.0,0.0,0.0,0.4,0.0,naics,2,0,0,1
129572,0,0.0,0.0,0.0,0.7,0.0,naics,5,0,0,1
12962,0,0.0,0.0,0.0,0.7,0.015,naics,4,0,0,1
129647,0,0.0,0.0,0.0,0.6,0.0,naics,1,0,0,1
129817,1,0.0,0.0,0.0,0.8,0.0,naics,1,1,0,0
129888,0,0.0,0.0,0.0,0.4,0.0,naics,1,0,1,0
12994,1,0.0,0.0,0.0,0.1,0.0,naics,1,1,0,0
13007,0,0.0,0.0,0.0,0.5,0.0,naics,3,0,1,0
130215,0,0.0,0.0,0.0,0.3,0.39,naics,2,0,1,0
130329,1,0.0,0.0,0.0,0.8,0.0,naics,2,1,1,1
130386,0,0.0,0.0,0.0,0.6,0.15,naics,4,0,0,1
130411,0,0.9999999999966668,0.3,0.0,0.4,0.2099999999999999,naics,1,0,0,1
130543,0,0.0,0.0,0.0,0.2,0.0,naics,5,0,0,1
130577,1,0.0,0.0,0.0,0.7,0.0,naics,1,1,1,1
131,1,-0.9999999999933332,0.0,0.15,0.9,0.1349999999999999,naics,3,1,0,0
131165,1,0.0,0.3,0.3,0.4,0.2699999999999999,naics,4,1,0,0
131291,0,0.0,0.0,0.0,0.5,0.0,naics,2,0,0,1
13134,1,0.0,0.0,0.0,0.5,0.0,naics,5,1,0,0
13138,1,0.0,0.0,0.0,0.7,0.0,naics,3,1,1,1
131429,0,-0.999999999998,0.0,0.5,0.6,0.365,naics,3,0,0,1
13150,0,0.0,0.0,0.0,0.8,0.0,naics,2,0,0,1
131583,0,0.0,0.0,0.0,0.6,0.0,naics,2,0,1,0
131702,0,0.0,0.0,0.0,0.6,0.0,naics,3,0,0,1
131747,1,0.0,0.0,0.0,0.8,0.045,naics,4,1,0,0
131882,1,-0.9999999999933332,0.0,0.15,0.7,0.225,naics,3,1,1,1
131954,0,0.0,0.0,0.0,0.2,0.0,naics,2,0,1,0
132028,0,0.0,0.0,0.0,0.7,0.045,naics,5,0,0,1
132050,1,0.0,0.0,0.0,0.6,0.1699999999999999,naics,2,1,0,0
132091,1,0.0,0.0,0.0,0.7,0.0,naics,1,1,0,0
132157,0,0.0,0.0,0.0,0.6,0.0,naics,5,0,1,0
132221,1,0.0,0.0,0.0,0.8,0.0,naics,3,1,1,1
132233,1,0.0,0.0,0.0,0.6,0.0,naics,1,1,0,0
132258,1,0.0,0.0,0.0,0.8,0.0,naics,1,1,0,0
132301,1,0.0,0.0,0.0,0.5,0.0,naics,3,1,0,0
132303,1,0.0,0.0,0.0,0.7,0.0,naics,3,1,1,1
132304,1,0.0,0.0,0.0,0.7,0.0,naics,5,1,1,1
132305,1,0.9999999999933332,0.15,0.0,0.5,0.18,naics,5,1,0,0
132316,1,0.0,0.0,0.0,0.9,0.0,naics,2,1,1,1
132352,0,-0.9999999999933332,0.0,0.15,0.8,0.06,naics,5,0,0,1
132360,0,-0.9999999999933332,0.0,0.15,0.8,0.06,naics,2,0,0,1
132363,0,-0.9999999999933332,0.0,0.15,0.8,0.06,naics,3,0,0,1
132371,1,0.0,0.0,0.0,0.8,0.0,naics,2,1,1,1
132408,1,0.0,0.0,0.0,0.3,0.0,naics,4,1,0,0
132436,0,0.0,0.0,0.0,0.7,0.0,naics,3,0,0,1
132440,0,0.0,0.0,0.0,0.2,0.0,naics,4,0,1,0
132441,1,0.0,0.0,0.0,0.8,0.0,naics,3,1,1,1
132446,1,0.0,0.0,0.0,0.7,0.03,naics,2,1,1,1
132464,1,0.0,0.0,0.0,0.5,0.35,naics,3,1,0,0
132477,0,-0.9999999999933332,0.0,0.15,0.8,0.06,naics,1,0,0,1
132479,1,0.0,0.0,0.0,0.8,0.0,naics,5,1,1,1
132586,0,0.0,0.0,0.0,0.4,0.0,naics,5,0,1,0
132703,1,0.0,0.0,0.0,0.7,0.0,naics,3,1,0,0
132708,1,0.0,0.0,0.0,0.5,0.0,naics,1,1,0,0
132867,1,0.0,0.0,0.0,0.3,0.22,naics,3,1,0,0
132884,1,0.0,0.0,0.0,0.6,0.0,naics,2,1,1,1
13316,1,0.0,0.0,0.0,0.6,0.0,naics,2,1,1,1
133318,1,0.0,0.0,0.0,0.6,0.0,naics,3,1,1,1
133405,0,0.0,0.0,0.0,0.6,0.0,naics,2,0,0,1
133712,0,0.0,0.0,0.0,0.7,0.045,naics,3,0,1,0
133741,0,0.0,0.0,0.0,0.4,0.12,naics,4,0,1,0
133795,1,0.0,0.0,0.0,0.3,0.215,naics,3,1,1,1
13393,1,0.0,0.0,0.0,0.6,0.0,naics,1,1,0,0
133966,0,0.0,0.0,0.0,0.5,0.0,naics,3,0,1,0
133992,1,0.0,0.0,0.0,0.5,0.0,naics,5,1,0,0
134,1,0.0,0.0,0.0,0.4,0.0,naics,1,1,1,1
134161,0,0.0,0.0,0.0,0.7,0.06,naics,5,0,1,0
1342,1,-0.9999999999933332,0.0,0.15,0.7,0.12,naics,4,1,1,1
134202,1,0.0,0.0,0.0,0.7,0.03,naics,1,1,0,0
134458,0,0.0,0.0,0.0,0.5,0.0,naics,2,0,1,0
134550,1,0.0,0.0,0.0,0.8,0.0,naics,5,1,1,1
134575,0,0.0,0.0,0.0,0.7,0.0,naics,4,0,1,0
134715,0,0.0,0.0,0.0,0.7,0.0,naics,4,0,0,1
1348,1,-0.9999999999966668,0.0,0.3,0.6,0.285,naics,3,1,0,0
134929,0,0.0,0.0,0.0,0.2,0.0,naics,5,0,1,0
13504,0,0.0,0.0,0.0,0.7,0.0,naics,2,0,0,1
135136,0,0.0,0.0,0.0,0.7,0.0,naics,2,0,0,1
135197,1,0.9999999999933332,0.15,0.0,0.5,0.15,naics,4,1,0,0
135557,0,0.0,0.0,0.0,0.8,0.0,naics,3,0,0,1
135580,0,-0.9999999999933332,0.0,0.15,0.6,0.315,naics,3,0,1,0
135600,0,0.0,0.0,0.0,0.9,0.0,naics,4,0,0,1
135804,1,0.0,0.0,0.0,0.4,0.0,naics,2,1,1,1
135827,1,0.0,0.0,0.0,0.2,0.0,naics,2,1,1,1
135899,0,0.0,0.0,0.0,0.3,0.0,naics,2,0,1,0
1359,1,0.0,0.0,0.0,0.8,0.0,naics,2,1,0,0
13590,1,0.0,0.0,0.0,0.6,0.0,naics,4,1,1,1
136080,1,0.0,0.0,0.0,0.6,0.045,naics,2,1,1,1
136171,1,0.0,0.0,0.0,0.6,0.0,naics,4,1,1,1
136241,1,0.0,0.0,0.0,0.9,0.09,naics,2,1,1,1
136473,0,0.0,0.0,0.0,0.6,0.03,naics,5,0,0,1
136499,1,0.0,0.0,0.0,0.2,0.0,naics,5,1,0,0
136511,0,0.0,0.0,0.0,0.6,0.0,naics,1,0,0,1
136577,0,0.0,0.0,0.0,0.7,0.0,naics,1,0,0,1
136650,0,0.0,0.0,0.0,0.7,0.0,naics,1,0,0,1
13669,1,0.0,0.0,0.0,0.5,0.0,naics,5,1,0,0
1367,0,0.0,0.0,0.0,0.6,0.03,naics,5,0,1,0
136716,1,0.0,0.0,0.0,0.9,0.0,naics,5,1,1,1
136756,1,0.0,0.3,0.3,0.1,0.5416666666666666,naics,1,1,0,0
136873,0,0.0,0.0,0.0,0.5,0.19,naics,1,0,0,1
1370,0,0.0,0.0,0.0,0.3,0.0,naics,5,0,1,0
1371,1,0.0,0.0,0.0,0.4,0.0,naics,5,1,1,1
137102,0,0.0,0.0,0.0,0.6,0.24,naics,3,0,0,1
137299,1,0.0,0.0,0.0,0.6,0.1699999999999999,naics,3,1,0,0
137327,1,0.0,0.0,0.0,0.8,0.0,naics,4,1,1,1
137361,0,0.0,0.0,0.0,0.7,0.0,naics,3,0,1,0
137364,0,0.0,0.0,0.0,0.5,0.0,naics,3,0,1,0
137403,0,0.0,0.0,0.0,0.7,0.045,naics,1,0,1,0
137439,1,0.0,0.0,0.0,0.7,0.0,naics,3,1,0,0
137600,0,0.9999999999966668,0.3,0.0,0.8,0.2699999999999999,naics,2,0,0,1
137728,1,0.0,0.0,0.0,0.7,0.0,naics,2,1,0,0
13774,0,0.0,0.0,0.0,0.7,0.0,naics,4,0,0,1
137962,1,0.0,0.0,0.0,0.9,0.0,naics,5,1,1,1
138035,1,0.0,0.0,0.0,0.3,0.0,naics,1,1,0,0
13805,0,0.0,0.0,0.0,0.7,0.0,naics,4,0,0,1
138091,0,0.0,0.0,0.0,0.6,0.0,naics,2,0,0,1
138092,0,0.0,0.0,0.0,0.2,0.0,naics,2,0,1,0
138132,1,0.0,0.0,0.0,0.3,0.0,naics,1,1,0,0
138158,0,0.0,0.0,0.0,0.4,0.03,naics,2,0,1,0
1382,1,0.0,0.0,0.0,0.4,0.0,naics,4,1,1,1
13820,1,0.0,0.0,0.0,0.3,0.0,naics,3,1,0,0
138224,1,0.0,0.0,0.0,0.4,0.06,naics,2,1,1,1
138251,0,0.0,0.0,0.0,0.3,0.0,naics,5,0,0,1
138255,0,0.0,0.0,0.0,0.5,0.0,naics,5,0,0,1
138339,0,0.0,0.0,0.0,0.8,0.03,naics,1,0,0,1
138377,1,0.0,0.0,0.0,0.6,0.0,naics,3,1,0,0
138388,0,-0.9999999999933332,0.0,0.15,0.8,0.045,naics,3,0,0,1
138564,1,0.0,0.0,0.0,0.9,0.0,naics,3,1,0,0
138604,0,0.0,0.0,0.0,0.8,0.06,naics,4,0,0,1
13866,1,0.0,0.0,0.0,0.8,0.045,naics,4,1,0,0
138673,1,0.0,0.0,0.0,0.5,0.0,naics,3,1,0,0
1387,1,0.0,0.0,0.0,0.6,0.0,naics,2,1,1,1
138715,0,-0.9999999999933332,0.0,0.15,0.7,0.44,naics,2,0,0,1
138814,0,0.0,0.0,0.0,0.7,0.03,naics,1,0,0,1
138897,0,0.0,0.0,0.0,0.6,0.0,naics,2,0,0,1
139033,0,0.0,0.0,0.0,0.5,0.0,naics,2,0,1,0
13904,1,0.9999999999933332,0.15,0.0,0.4,0.165,naics,3,1,0,0
139058,1,0.0,0.0,0.0,1.0,0.0,naics,5,1,1,1
139111,0,0.0,0.0,0.0,0.6,0.045,naics,5,0,0,1
13923,1,0.0,0.0,0.0,0.9,0.0,naics,3,1,0,0
139374,0,0.0,0.0,0.0,0.5,0.0,naics,4,0,0,1
139378,1,0.0,0.0,0.0,0.7,0.0,naics,4,1,0,0
13958,1,0.0,0.0,0.0,0.6,0.0,naics,4,1,1,1
139632,1,0.0,0.0,0.0,0.6,0.0,naics,3,1,1,1
1397,0,0.0,0.0,0.0,0.5,0.135,naics,3,0,1,0
139736,1,0.0,0.0,0.0,0.6,0.03,naics,4,1,1,1
139738,0,0.0,0.0,0.0,0.3,0.0,naics,4,0,1,0
139866,1,0.0,0.0,0.0,0.7,0.075,naics,4,1,1,1
1399,0,0.0,0.0,0.0,0.2,0.0,naics,1,0,0,1
139983,1,0.0,0.0,0.0,0.9,0.0,naics,1,1,1,1
139987,1,0.0,0.0,0.0,0.5,0.06,naics,2,1,1,1
139988,0,0.0,0.15,0.15,0.6,0.15,naics,3,0,0,1
139989,1,0.0,0.0,0.0,0.5,0.0,naics,5,1,1,1
140034,0,0.0,0.0,0.0,0.5,0.0,naics,3,0,1,0
140044,0,0.0,0.0,0.0,0.5,0.075,naics,3,0,0,1
140048,1,0.0,0.0,0.0,0.7,0.0,naics,5,1,1,1
140079,0,0.0,0.0,0.0,0.6,0.0,naics,1,0,0,1
1402,1,0.0,0.0,0.0,0.5,0.0,naics,2,1,0,0
140209,0,0.0,0.0,0.0,1.0,0.0,naics,2,0,0,1
140270,1,0.0,0.0,0.0,0.7,0.0,naics,1,1,0,0
140422,0,0.0,0.0,0.0,0.8,0.0,naics,1,0,0,1
140439,0,0.0,0.0,0.0,0.5,0.0,naics,2,0,1,0
140472,1,0.0,0.0,0.0,0.6,0.0,naics,1,1,1,1
140582,0,0.0,0.0,0.0,0.8,0.0,naics,3,0,0,1
140635,1,0.9999999999966668,0.3,0.0,0.2,0.2699999999999999,naics,2,1,0,0
14065,0,0.0,0.0,0.0,0.7,0.0,naics,4,0,1,0
1407,1,0.0,0.0,0.0,0.6,0.015,naics,3,1,0,0
140709,0,0.0,0.0,0.0,0.5,0.0,naics,2,0,1,0
140716,1,0.0,0.0,0.0,0.4,0.0,naics,2,1,0,0
140761,0,0.0,0.0,0.0,0.5,0.0,naics,4,0,1,0
140795,1,0.0,0.0,0.0,0.7,0.03,naics,3,1,0,0
140814,0,0.0,0.0,0.0,0.4,0.03,naics,5,0,1,0
140818,0,0.0,0.0,0.0,0.4,0.045,naics,1,0,0,1
140823,0,0.0,0.0,0.0,0.6,0.0,naics,1,0,1,0
140887,1,0.0,0.0,0.0,0.7,0.0,naics,2,1,0,0
140972,0,0.0,0.0,0.0,0.3,0.0,naics,4,0,0,1
141025,0,0.0,0.0,0.0,0.7,0.0,naics,3,0,0,1
14105,1,0.0,0.0,0.0,0.5,0.19,naics,1,1,0,0
141109,0,0.0,0.0,0.0,0.6,0.0,naics,4,0,0,1
141112,0,0.0,0.0,0.0,0.5,0.0,naics,1,0,0,1
141113,1,0.0,0.0,0.0,0.5,0.0,naics,4,1,0,0
14115,0,0.0,0.0,0.0,0.5,0.0,naics,2,0,0,1
14118,1,0.0,0.0,0.0,0.3,0.0,naics,1,1,0,0
1412,0,0.0,0.0,0.0,0.8,0.12,naics,2,0,1,0
141459,0,0.0,0.0,0.0,0.3,0.0,naics,5,0,1,0
141472,1,0.0,0.0,0.0,0.4,0.015,naics,3,1,0,0
141473,0,0.0,0.0,0.0,0.6,0.015,naics,5,0,0,1
141518,1,0.0,0.0,0.0,0.5,0.0,naics,2,1,0,0
141577,1,0.0,0.0,0.0,0.4,0.015,naics,3,1,0,0
141638,1,0.0,0.0,0.0,0.5,0.0,naics,4,1,0,0
141745,0,0.0,0.0,0.0,0.2,0.12,naics,5,0,1,0
141771,0,0.0,0.0,0.0,0.4,0.0,naics,3,0,0,1
141784,0,0.0,0.0,0.0,0.5,0.0,naics,5,0,1,0
1418,1,0.9999999999933332,0.15,0.0,0.8,0.105,naics,3,1,1,1
141886,1,0.0,0.0,0.0,0.5,0.0,naics,5,1,0,0
141895,1,0.0,0.0,0.0,0.7,0.0,naics,1,1,0,0
141968,1,0.0,0.0,0.0,0.3,0.06,naics,4,1,0,0
141996,1,0.0,0.0,0.0,0.2,0.0,naics,2,1,0,0
142010,1,0.0,0.0,0.0,0.6,0.0,naics,2,1,1,1
142052,0,0.0,0.0,0.0,0.1,0.0,naics,1,0,1,0
142068,0,-0.9999999999933332,0.0,0.15,1.0,0.12,naics,2,0,0,1
142085,1,0.0,0.0,0.0,0.5,0.0,naics,5,1,0,0
142130,1,0.0,0.0,0.0,0.5,0.0,naics,3,1,0,0
142209,0,0.0,0.0,0.0,0.4,0.0,naics,2,0,1,0
142228,0,0.9999999999933332,0.15,0.0,0.4,0.2449999999999999,naics,4,0,0,1
142371,1,0.0,0.0,0.0,0.3,0.24,naics,4,1,0,0
142485,1,0.0,0.0,0.0,0.4,0.015,naics,5,1,0,0
142544,0,0.0,0.0,0.0,0.4,0.0,naics,4,0,1,0
142689,0,0.0,0.0,0.0,0.5,0.0,naics,5,0,1,0
1427,1,-0.9999999999933332,0.0,0.15,0.8,0.12,naics,5,1,1,1
142717,0,0.0,0.0,0.0,0.4,0.0,naics,4,0,1,0
142872,0,0.0,0.0,0.0,0.4,0.0,naics,5,0,0,1
142905,1,0.0,0.0,0.0,0.8,0.09,naics,3,1,1,1
143242,0,0.0,0.0,0.0,0.8,0.045,naics,1,0,0,1
143252,0,0.0,0.0,0.0,0.6,0.015,naics,1,0,0,1
143273,0,0.0,0.0,0.0,0.4,0.0,naics,4,0,1,0
143333,0,0.0,0.0,0.0,0.8,0.0,naics,3,0,0,1
14356,0,0.0,0.0,0.0,0.3,0.0,naics,1,0,0,1
1438,0,0.0,0.0,0.0,0.9,0.0,naics,2,0,0,1
143845,1,0.0,0.0,0.0,0.5,0.275,naics,1,1,0,0
144249,0,0.0,0.0,0.0,0.5,0.0,naics,1,0,0,1
144341,0,0.0,0.0,0.0,0.6,0.0,naics,4,0,0,1
14441,0,0.0,0.0,0.0,0.6,0.0,naics,3,0,1,0
144621,0,0.0,0.0,0.0,0.4,0.0,naics,1,0,0,1
144764,1,0.0,0.0,0.0,0.7,0.0,naics,1,1,1,1
144799,1,0.0,0.0,0.0,0.6,0.03,naics,3,1,0,0
1448,0,0.0,0.0,0.0,0.2,0.0,naics,2,0,1,0
144836,1,0.0,0.0,0.0,0.3,0.06,naics,3,1,0,0
144961,0,0.0,0.0,0.0,0.9,0.03,naics,4,0,0,1
145062,0,0.0,0.0,0.0,0.4,0.0,naics,3,0,0,1
14513,1,0.0,0.0,0.0,0.4,0.0,naics,4,1,0,0
145153,1,0.0,0.0,0.0,0.7,0.0,naics,5,1,1,1
145172,1,0.0,0.0,0.0,0.5,0.0,naics,1,1,1,1
145332,1,0.0,0.0,0.0,0.6,0.0,naics,5,1,1,1
145499,1,0.0,0.0,0.0,0.7,0.0,naics,1,1,1,1
14561,0,0.0,0.0,0.0,0.5,0.0,naics,2,0,0,1
145639,0,0.0,0.0,0.0,0.3,0.0,naics,1,0,1,0
146,1,0.0,0.0,0.0,0.6,0.0,naics,2,1,1,1
146142,1,0.0,0.0,0.0,0.8,0.015,naics,2,1,1,1
146356,1,0.0,0.0,0.0,0.9,0.0,naics,5,1,1,1
146393,0,0.0,0.0,0.0,0.5,0.0,naics,4,0,1,0
146414,1,0.0,0.0,0.0,0.6,0.0,naics,1,1,1,1
146517,0,0.0,0.0,0.0,0.7,0.0,naics,2,0,0,1
146726,1,0.0,0.0,0.0,0.9,0.0,naics,2,1,1,1
146909,1,0.0,0.0,0.0,0.4,0.0,naics,1,1,0,0
14697,0,0.0,0.0,0.0,0.1,0.0,naics,4,0,1,0
147,1,0.9999999999933332,0.15,0.0,0.4,0.12,naics,2,1,0,0
147021,1,0.0,0.0,0.0,0.5,0.045,naics,3,1,0,0
14703,0,0.0,0.0,0.0,0.4,0.0,naics,5,0,1,0
147030,0,0.0,0.0,0.0,0.2,0.0,naics,4,0,0,1
147089,0,0.0,0.0,0.0,0.2,0.045,naics,4,0,0,1
14712,1,0.9999999999933332,0.15,0.0,0.4,0.12,naics,2,1,1,1
147149,1,0.0,0.0,0.0,0.8,0.0,naics,1,1,0,0
147168,0,0.0,0.0,0.0,0.5,0.0,naics,4,0,0,1
147169,0,0.0,0.0,0.0,0.6,0.0,naics,5,0,1,0
147283,1,0.0,0.0,0.0,0.6,0.09,naics,4,1,0,0
147288,0,0.0,0.0,0.0,0.4,0.075,naics,2,0,1,0
147293,0,0.0,0.0,0.0,0.6,0.18,naics,2,0,0,1
147314,1,0.0,0.0,0.0,0.7,0.0,naics,3,1,1,1
147355,1,0.0,0.0,0.0,0.7,0.075,naics,4,1,0,0
147373,0,0.0,0.0,0.0,0.2,0.0,naics,2,0,1,0
147434,0,0.0,0.0,0.0,0.1,0.0,naics,1,0,1,0
147458,1,0.0,0.0,0.0,0.2,0.0,naics,1,1,0,0
147515,0,0.0,0.0,0.0,0.5,0.0,naics,3,0,1,0
147519,0,0.9999999999933332,0.15,0.0,0.5,0.1649999999999999,naics,1,0,0,1
147532,0,0.0,0.0,0.0,0.3,0.0,naics,5,0,1,0
147642,1,0.0,0.0,0.0,0.4,0.0,naics,3,1,0,0
147646,0,0.0,0.0,0.0,0.5,0.0,naics,3,0,1,0
147734,0,0.0,0.0,0.0,0.7,0.135,naics,3,0,0,1
14778,1,0.0,0.0,0.0,0.7,0.0,naics,1,1,1,1
147790,0,0.0,0.0,0.0,0.5,0.0,naics,2,0,0,1
147795,1,0.0,0.0,0.0,0.5,0.0,naics,1,1,1,1
147818,1,-0.999999999998182,0.0,0.55,0.9,0.4800000000000001,naics,3,1,0,0
147819,1,-0.999999999998182,0.0,0.55,0.9,0.4800000000000001,naics,1,1,0,0
147849,0,0.0,0.0,0.0,0.7,0.0,naics,2,0,1,0
147905,1,0.0,0.0,0.0,0.6,0.0,naics,3,1,0,0
147909,1,0.0,0.0,0.0,0.7,0.03,naics,5,1,0,0
147975,0,0.0,0.0,0.0,0.5,0.35,naics,5,0,0,1
14801,0,0.0,0.0,0.0,0.1,0.0,naics,5,0,1,0
148075,0,0.0,0.0,0.0,0.6,0.015,naics,3,0,0,1
14814,0,0.0,0.0,0.0,0.3,0.0,naics,2,0,1,0
148153,1,0.0,0.0,0.0,0.3,0.0,naics,3,1,0,0
148242,0,0.0,0.5,0.5,0.6,0.45,naics,3,0,0,1
148364,0,0.0,0.0,0.0,0.7,0.0,naics,2,0,0,1
148409,0,0.0,0.0,0.0,0.7,0.045,naics,1,0,0,1
148522,1,0.0,0.0,0.0,0.7,0.0,naics,1,1,1,1
148621,0,0.0,0.0,0.0,0.9,0.03,naics,1,0,0,1
14863,1,0.0,0.0,0.0,0.7,0.0,naics,3,1,1,1
148630,1,0.0,0.0,0.0,0.5,0.0,naics,1,1,0,0
148664,0,0.0,0.0,0.0,0.6,0.0,naics,1,0,1,0
148665,1,0.0,0.0,0.0,0.5,0.0,naics,1,1,0,0
148666,1,0.0,0.0,0.0,0.6,0.195,naics,1,1,0,0
148691,0,0.0,0.0,0.0,0.8,0.0,naics,5,0,0,1
148746,0,0.0,0.0,0.0,0.5,0.0,naics,3,0,1,0
148781,1,0.0,0.0,0.0,0.4,0.03,naics,4,1,0,0
148790,0,0.0,0.0,0.0,0.4,0.03,naics,4,0,0,1
148848,1,0.0,0.0,0.0,0.9,0.0,naics,3,1,1,1
148887,1,0.0,0.0,0.0,0.2,0.18,naics,4,1,0,0
1489,0,0.0,0.0,0.0,0.5,0.0,naics,1,0,0,1
148919,0,0.0,0.0,0.0,0.1,0.0,naics,1,0,1,0
148924,1,0.0,0.0,0.0,0.6,0.0,naics,1,1,1,1
148995,0,-0.9999999999933332,0.0,0.15,0.8,0.135,naics,3,0,0,1
149014,1,0.0,0.0,0.0,0.6,0.0,naics,5,1,1,1
149091,0,0.0,0.0,0.0,0.7,0.0,naics,3,0,0,1
14915,0,0.0,0.0,0.0,0.7,0.03,naics,3,0,0,1
149173,0,0.0,0.0,0.0,0.3,0.0,naics,4,0,0,1
149280,0,0.0,0.15,0.15,0.3,0.1649999999999999,naics,1,0,0,1
149355,1,0.0,0.0,0.0,0.4,0.0,naics,3,1,0,0
149363,1,0.0,0.0,0.0,0.9,0.0,naics,2,1,1,1
149395,0,0.0,0.0,0.0,0.5,0.06,naics,5,0,1,0
149466,1,0.0,0.0,0.0,0.5,0.03,naics,1,1,0,0
149482,0,0.0,0.0,0.0,0.4,0.0,naics,3,0,0,1
149484,0,0.0,0.0,0.0,0.6,0.0,naics,2,0,0,1
149485,0,0.0,0.0,0.0,0.6,0.0,naics,5,0,0,1
149486,1,0.0,0.0,0.0,0.4,0.0,naics,5,1,0,0
149490,1,0.0,0.0,0.0,0.6,0.0,naics,2,1,0,0
149493,1,0.0,0.0,0.0,0.4,0.0,naics,2,1,0,0
149494,1,0.0,0.0,0.0,0.4,0.0,naics,2,1,0,0
149535,1,0.0,0.0,0.0,0.4,0.0,naics,5,1,0,0
149586,0,0.0,0.0,0.0,0.6,0.0,naics,3,0,0,1
149589,1,0.0,0.0,0.0,0.4,0.0,naics,1,1,0,0
149639,1,0.0,0.0,0.0,0.4,0.0,naics,5,1,0,0
149645,0,0.0,0.0,0.0,0.6,0.0,naics,1,0,0,1
14968,1,0.0,0.0,0.0,0.6,0.0,naics,5,1,1,1
149733,1,0.9999999999933332,0.15,0.0,0.4,0.075,naics,4,1,0,0
149735,0,0.0,0.0,0.0,0.4,0.0,naics,3,0,0,1
149736,1,0.0,0.0,0.0,0.4,0.0,naics,3,1,0,0
149747,1,0.0,0.0,0.0,0.6,0.0,naics,1,1,0,0
149758,0,0.0,0.0,0.0,0.6,0.0,naics,3,0,0,1
14979,0,0.0,0.0,0.0,0.5,0.0,naics,1,0,1,0
149804,0,0.0,0.0,0.0,0.4,0.0,naics,2,0,0,1
149805,1,0.0,0.0,0.0,0.4,0.0,naics,1,1,0,0
149808,0,0.4545454545446281,0.4,0.15,0.4,0.4049999999999999,naics,1,0,0,1
150,1,0.0,0.0,0.0,0.5,0.0,naics,4,1,0,0
1501,1,0.0,0.0,0.0,0.8,0.0,naics,1,1,1,1
150139,0,0.0,0.0,0.0,0.6,0.24,naics,2,0,0,1
150145,0,-0.53846153846071,0.15,0.5,0.6,0.4599999999999999,naics,3,0,0,1
150169,1,0.0,0.0,0.0,0.6,0.0,naics,4,1,1,1
150170,1,0.0,0.0,0.0,0.8,0.0,naics,1,1,1,1
150171,1,0.0,0.0,0.0,0.7,0.0,naics,5,1,0,0
15021,1,0.0,0.0,0.0,0.8,0.0,naics,3,1,1,1
150253,1,0.0,0.0,0.0,1.0,0.0,naics,3,1,1,1
150271,0,0.0,0.0,0.0,0.2,0.0,naics,2,0,1,0
150308,1,0.0,0.0,0.0,0.7,0.015,naics,5,1,1,1
150338,0,0.0,0.0,0.0,0.7,0.0,naics,3,0,0,1
150360,0,0.0,0.0,0.0,0.5,0.0,naics,1,0,1,0
150434,0,0.0,0.0,0.0,0.4,0.0,naics,2,0,1,0
150438,0,0.0,0.6666666666666666,0.6666666666666666,0.8,0.6,naics,3,0,0,1
150444,1,0.0,0.0,0.0,0.8,0.0,naics,3,1,1,1
150465,0,0.0,0.0,0.0,0.5,0.0,naics,4,0,0,1
150469,1,0.0,0.0,0.0,0.5,0.0,naics,1,1,1,1
150495,1,0.0,0.0,0.0,0.4,0.0,naics,3,1,0,0
150546,0,0.0,0.0,0.0,0.7,0.0,naics,4,0,1,0
150555,1,0.0,0.0,0.0,0.4,0.0,naics,3,1,1,1
150669,0,0.0,0.0,0.0,0.3,0.0,naics,2,0,0,1
150728,1,0.0,0.0,0.0,0.6,0.03,naics,5,1,0,0
15077,0,0.0,0.0,0.0,0.7,0.0,naics,5,0,1,0
15079,1,0.0,0.0,0.0,0.1,0.0,naics,4,1,0,0
150878,1,0.0,0.0,0.0,0.8,0.0,naics,4,1,1,1
150928,0,0.0,0.0,0.0,0.7,0.0,naics,1,0,0,1
150930,0,0.0,0.0,0.0,0.7,0.015,naics,3,0,0,1
150937,0,0.0,0.0,0.0,0.7,0.0,naics,5,0,0,1
150964,0,0.0,0.0,0.0,0.7,0.0,naics,5,0,0,1
150972,0,0.0,0.0,0.0,0.5,0.0,naics,3,0,1,0
150976,1,0.0,0.0,0.0,0.5,0.0,naics,5,1,1,1
151,1,0.0,0.0,0.0,0.5,0.0,naics,2,1,0,0
151001,0,0.0,0.0,0.0,0.6,0.03,naics,2,0,0,1
151050,0,0.0,0.0,0.0,0.3,0.0,naics,4,0,1,0
151116,0,0.0,0.0,0.0,0.5,0.0,naics,3,0,0,1
15113,0,0.0,0.0,0.0,0.7,0.0,naics,5,0,0,1
151155,0,0.0,0.0,0.0,0.7,0.0,naics,4,0,0,1
151181,0,0.0,0.0,0.0,0.4,0.045,naics,4,0,1,0
151209,0,0.0,0.0,0.0,0.3,0.165,naics,5,0,0,1
151253,0,0.0,0.0,0.0,0.7,0.0,naics,1,0,0,1
151260,0,0.0,0.0,0.0,0.8,0.0,naics,1,0,0,1
151314,1,0.0,0.0,0.0,0.3,0.0,naics,1,1,0,0
151319,0,0.0,0.0,0.0,0.6,0.015,naics,1,0,0,1
151320,0,0.0,0.7,0.7,0.8,0.7816666666666666,naics,5,0,0,1
151324,1,0.0,0.0,0.0,0.7,0.0,naics,2,1,0,0
151334,0,0.0,0.0,0.0,0.2,0.0,naics,4,0,1,0
151391,0,0.0,0.0,0.0,0.5,0.0,naics,5,0,0,1
151423,1,0.0,0.0,0.0,0.5,0.0,naics,3,1,0,0
151470,0,-0.9999999999933332,0.0,0.15,0.7,0.165,naics,4,0,0,1
151495,0,0.9999999999933332,0.15,0.0,0.8,0.15,naics,4,0,0,1
151545,1,0.0,0.0,0.0,0.3,0.0,naics,5,1,0,0
151557,0,0.0,0.0,0.0,0.6,0.0,naics,1,0,0,1
151603,0,0.0,0.0,0.0,0.7,0.015,naics,2,0,0,1
151621,0,0.0,0.0,0.0,0.9,0.2466666666666666,naics,3,0,0,1
151655,0,-0.999999999998,0.0,0.5,0.7,0.375,naics,2,0,0,1
151656,0,0.0,0.0,0.0,0.8,0.18,naics,2,0,0,1
151740,1,0.1428571428570204,0.6666666666666666,0.5,0.2,0.5833333333333334,naics,4,1,0,0
151832,1,0.0,0.0,0.0,0.6,0.015,naics,5,1,1,1
151866,1,0.0,0.0,0.0,0.6,0.0,naics,2,1,1,1
151893,1,0.0,0.0,0.0,0.6,0.0,naics,3,1,1,1
151943,1,0.0,0.0,0.0,0.9,0.0,naics,4,1,1,1
15200,1,0.0,0.0,0.0,0.5,0.0,naics,4,1,1,1
152036,0,0.0,0.0,0.0,0.3,0.0,naics,3,0,0,1
152037,0,0.0,0.0,0.0,0.3,0.075,naics,5,0,1,0
152040,1,0.0,0.0,0.0,0.8,0.0,naics,3,1,1,1
152060,1,0.0,0.0,0.0,0.7,0.09,naics,2,1,0,0
152079,0,0.0,0.0,0.0,0.8,0.0,naics,4,0,0,1
152150,1,0.0,0.0,0.0,0.6,0.09,naics,3,1,1,1
152156,1,0.0,0.0,0.0,0.5,0.0,naics,5,1,1,1
152186,0,0.0,0.0,0.0,0.5,0.0,naics,5,0,0,1
15219,1,0.0,0.0,0.0,0.5,0.0,naics,1,1,0,0
152217,0,-0.2499999999996875,0.3,0.5,0.7,0.47,naics,1,0,0,1
1523,1,0.9999999999933332,0.15,0.0,0.7,0.185,naics,4,1,1,1
152324,0,0.0,0.0,0.0,0.9,0.0,naics,4,0,0,1
152366,1,0.0909090909090358,0.9,0.75,0.4,0.7900000000000001,naics,3,1,0,0
152367,0,0.9999999999933332,0.15,0.0,0.4,0.105,naics,2,0,0,1
152387,0,0.0,0.0,0.0,0.6,0.075,naics,2,0,0,1
152388,0,-0.9999999999933332,0.0,0.15,0.8,0.09,naics,2,0,1,0
152396,0,0.0,0.0,0.0,0.6,0.045,naics,4,0,0,1
15241,0,0.0,0.0,0.0,0.6,0.15,naics,5,0,0,1
152439,0,0.0,0.0,0.0,0.7,0.0,naics,3,0,0,1
152441,0,0.0,0.0,0.0,0.5,0.0,naics,4,0,0,1
152614,0,0.0,0.0,0.0,0.4,0.0,naics,1,0,1,0
152644,0,0.0,0.0,0.0,0.3,0.0,naics,5,0,0,1
152651,0,0.0,0.0,0.0,0.8,0.0,naics,2,0,0,1
152686,0,0.0,0.0,0.0,0.5,0.0,naics,1,0,0,1
152715,0,0.0,0.0,0.0,0.5,0.0,naics,2,0,0,1
152799,0,0.0,0.0,0.0,0.6,0.0,naics,4,0,0,1
15286,1,0.0,0.0,0.0,0.6,0.0,naics,3,1,0,0
152870,0,-0.9999999999933332,0.0,0.15,0.8,0.06,naics,4,0,0,1
152962,0,0.0,0.0,0.0,0.7,0.0,naics,2,0,0,1
152980,0,0.0,0.0,0.0,0.8,0.0,naics,1,0,0,1
152999,0,0.0,0.0,0.0,0.7,0.0,naics,4,0,0,1
153,1,0.0,0.0,0.0,0.4,0.0,naics,3,1,0,0
15303,0,0.0,0.0,0.0,0.7,0.105,naics,3,0,0,1
153064,1,0.0,0.0,0.0,0.4,0.03,naics,2,1,0,0
153107,1,0.0,0.0,0.0,0.4,0.0,naics,1,1,1,1
153113,0,0.0,0.0,0.0,0.6,0.165,naics,5,0,1,0
153119,0,0.0,0.0,0.0,0.5,0.0,naics,2,0,0,1
153134,1,-0.6666666666659259,0.15,0.75,0.6,0.63,naics,1,1,0,0
153152,0,0.0,0.0,0.0,0.4,0.0,naics,5,0,0,1
153167,1,-0.1428571428569388,0.3,0.4,0.5,0.38,naics,3,1,0,0
153175,1,0.0,0.0,0.0,0.7,0.0,naics,2,1,0,0
1532,0,0.0,0.0,0.0,0.6,0.0,naics,5,0,1,0
153201,1,0.0,0.15,0.15,0.7,0.21,naics,2,1,1,1
153261,1,0.0,0.0,0.0,0.8,0.0,naics,2,1,1,1
153285,1,0.0,0.0,0.0,0.8,0.0,naics,2,1,1,1
153306,0,0.0,0.0,0.0,0.8,0.045,naics,5,0,0,1
153325,0,-0.6249999999992187,0.15,0.65,0.5,0.5900000000000001,naics,4,0,0,1
153447,1,0.0,0.0,0.0,0.8,0.0,naics,5,1,0,0
153485,0,0.0,0.0,0.0,0.7,0.0,naics,3,0,1,0
153576,1,0.0,0.0,0.0,0.4,0.0,naics,2,1,1,1
153595,0,0.0,0.15,0.15,0.9,0.5050000000000001,naics,3,0,0,1
15361,0,0.0,0.0,0.0,0.4,0.0,naics,4,0,1,0
153611,0,-0.9999999999966668,0.0,0.3,0.5,0.34,naics,4,0,0,1
153619,0,0.0,0.0,0.0,0.6,0.0,naics,5,0,1,0
153659,0,0.0,0.0,0.0,0.8,0.0,naics,1,0,0,1
153663,0,0.0,0.0,0.0,0.9,0.2466666666666666,naics,4,0,0,1
153687,1,0.0,0.0,0.0,0.7,0.075,naics,1,1,1,1
153719,1,0.0,0.0,0.0,0.4,0.045,naics,1,1,0,0
153732,0,0.0,0.0,0.0,0.5,0.0,naics,2,0,0,1
153755,0,0.0,0.0,0.0,0.6,0.045,naics,4,0,0,1
153783,0,0.0,0.0,0.0,0.4,0.0,naics,4,0,0,1
153824,0,-0.9999999999966668,0.0,0.3,0.5,0.4366666666666666,naics,3,0,0,1
153835,0,-0.999999999998,0.0,0.5,0.8,0.38,naics,5,0,0,1
153920,0,0.0,0.0,0.0,0.4,0.0,naics,3,0,1,0
153942,0,0.0,0.0,0.0,0.5,0.0,naics,4,0,0,1
154005,1,0.9999999999933332,0.15,0.0,0.4,0.06,naics,2,1,1,1
154007,0,0.0,0.0,0.0,0.7,0.21,naics,3,0,0,1
154121,1,0.0,0.0,0.0,0.7,0.075,naics,3,1,0,0
154123,1,0.0,0.0,0.0,0.5,0.0,naics,4,1,1,1
154170,1,0.0,0.0,0.0,0.4,0.0,naics,2,1,0,0
154177,1,0.0,0.0,0.0,0.7,0.0,naics,4,1,1,1
154217,1,0.0,0.0,0.0,0.6,0.0,naics,4,1,1,1
154219,1,0.0,0.0,0.0,0.8,0.045,naics,4,1,0,0
154234,0,0.0,0.0,0.0,0.6,0.0,naics,1,0,0,1
154284,1,0.0,0.0,0.0,0.7,0.0,naics,4,1,1,1
154298,1,0.0,0.0,0.0,0.6,0.0,naics,3,1,0,0
154308,1,0.0,0.0,0.0,0.5,0.0,naics,5,1,1,1
154310,1,0.0,0.0,0.0,0.6,0.0,naics,3,1,1,1
154325,0,0.0,0.0,0.0,0.5,0.0,naics,3,0,1,0
154357,0,-0.9999999999933332,0.0,0.15,0.6,0.105,naics,4,0,0,1
154389,1,0.0,0.0,0.0,0.7,0.0,naics,5,1,1,1
154405,1,0.0,0.0,0.0,0.2,0.355,naics,3,1,0,0
154431,0,0.0,0.0,0.0,0.6,0.0,naics,2,0,0,1
154435,0,0.0,0.0,0.0,0.4,0.0,naics,3,0,1,0
154443,1,0.0,0.0,0.0,0.7,0.045,naics,5,1,0,0
154444,0,-0.999999999998,0.0,0.5,0.9,0.45,naics,4,0,0,1
154518,1,0.0,0.0,0.0,0.3,0.045,naics,1,1,0,0
154595,0,0.0,0.15,0.15,0.3,0.165,naics,5,0,0,1
154616,0,0.0,0.0,0.0,0.1,0.0,naics,3,0,1,0
154641,1,0.0,0.0,0.0,0.6,0.0,naics,4,1,1,1
154658,0,0.0,0.0,0.0,0.8,0.0,naics,4,0,1,0
15469,0,0.9999999999933332,0.15,0.0,0.7,0.1349999999999999,naics,2,0,1,0
15470,1,0.0,0.0,0.0,0.7,0.03,naics,4,1,0,0
1551,1,0.0,0.0,0.0,0.5,0.0,naics,3,1,0,0
15540,0,0.0,0.0,0.0,0.7,0.0,naics,1,0,1,0
15543,0,0.0,0.0,0.0,0.5,0.0,naics,4,0,1,0
15579,0,0.0,0.0,0.0,0.5,0.0,naics,1,0,0,1
15605,1,0.0,0.0,0.0,0.8,0.0,naics,3,1,1,1
1562,1,0.0,0.0,0.0,0.5,0.075,naics,2,1,0,0
15620,0,0.0,0.0,0.0,0.5,0.0,naics,2,0,0,1
15680,1,0.0,0.0,0.0,0.5,0.0,naics,4,1,0,0
1572,1,0.0,0.0,0.0,0.3,0.0,naics,5,1,0,0
15790,0,0.0,0.0,0.0,0.5,0.0,naics,2,0,0,1
1582,0,-0.9999999999933332,0.0,0.15,1.0,0.045,naics,4,0,0,1
1591,1,0.0,0.0,0.0,0.6,0.0,naics,2,1,1,1
1595,1,0.0,0.0,0.0,0.5,0.0,naics,2,1,1,1
15998,1,0.0,0.0,0.0,0.6,0.0,naics,1,1,1,1
160,1,0.0,0.0,0.0,0.7,0.0,naics,5,1,1,1
16000,1,-0.9999999999966668,0.0,0.3,0.7,0.1649999999999999,naics,3,1,0,0
1603,1,0.0,0.0,0.0,0.7,0.0,naics,3,1,1,1
1622,1,0.0,0.0,0.0,0.4,0.0,naics,1,1,1,1
16394,1,0.0,0.0,0.0,0.2,0.0,naics,3,1,0,0
16395,0,0.0,0.0,0.0,0.3,0.045,naics,2,0,0,1
16396,1,0.0,0.0,0.0,0.7,0.03,naics,1,1,0,0
16419,0,0.0,0.0,0.0,0.5,0.0,naics,2,0,1,0
1642,1,0.0,0.0,0.0,0.8,0.0,naics,5,1,1,1
16420,1,0.9999999999933332,0.15,0.0,0.2,0.345,naics,5,1,0,0
16421,1,0.0,0.0,0.0,0.4,0.03,naics,4,1,1,1
16424,0,0.0,0.0,0.0,0.3,0.0,naics,4,0,1,0
16428,0,0.0,0.0,0.0,0.9,0.03,naics,3,0,0,1
16433,1,0.0,0.0,0.0,0.7,0.0,naics,4,1,1,1
16436,0,0.0,0.0,0.0,0.5,0.0,naics,2,0,1,0
16443,1,0.0,0.0,0.0,0.3,0.0,naics,1,1,0,0
16454,1,0.0,0.0,0.0,0.8,0.0,naics,2,1,1,1
16456,1,0.0,0.0,0.0,0.8,0.0,naics,5,1,0,0
16471,0,-0.9999999999933332,0.0,0.15,0.6,0.1349999999999999,naics,2,0,0,1
16476,1,0.0,0.0,0.0,0.5,0.2799999999999999,naics,1,1,1,1
1649,1,0.0,0.0,0.0,0.6,0.0,naics,1,1,1,1
16518,1,0.0,0.0,0.0,0.8,0.0,naics,3,1,1,1
16529,1,0.0,0.0,0.0,0.2,0.075,naics,4,1,0,0
16543,0,0.0,0.0,0.0,0.6,0.0,naics,3,0,1,0
16545,0,0.0,0.0,0.0,0.5,0.0,naics,3,0,1,0
16553,1,0.0,0.0,0.0,0.5,0.0,naics,3,1,0,0
16584,1,0.0,0.0,0.0,0.8,0.0,naics,5,1,0,0
16587,1,0.9999999999933332,0.15,0.0,0.5,0.12,naics,5,1,1,1
16589,1,0.0,0.0,0.0,0.6,0.18,naics,5,1,0,0
16608,0,0.0,0.0,0.0,0.8,0.0,naics,4,0,0,1
16619,0,0.0,0.0,0.0,0.4,0.06,naics,4,0,1,0
1664,1,0.0,0.0,0.0,0.8,0.0,naics,4,1,1,1
16657,1,0.0,0.0,0.0,0.4,0.0,naics,2,1,0,0
16679,1,0.0,0.0,0.0,0.9,0.0,naics,2,1,1,1
16714,0,0.0,0.0,0.0,0.5,0.03,naics,3,0,0,1
1681,0,-0.9999999999933332,0.0,0.15,0.9,0.045,naics,2,0,0,1
16832,1,0.0,0.0,0.0,0.6,0.0,naics,1,1,1,1
16835,1,0.0,0.0,0.0,0.6,0.045,naics,4,1,0,0
1684,0,0.0,0.0,0.0,0.9,0.0,naics,4,0,0,1
16841,1,0.0,0.0,0.0,0.3,0.0,naics,2,1,0,0
16843,0,0.0,0.0,0.0,0.4,0.03,naics,2,0,1,0
16852,1,0.0,0.0,0.0,0.2,0.0,naics,4,1,0,0
16880,1,0.0,0.0,0.0,0.8,0.0,naics,2,1,1,1
16897,1,0.0,0.0,0.0,0.5,0.1816666666666666,naics,1,1,0,0
16898,1,0.0,0.0,0.0,0.8,0.0,naics,1,1,0,0
169,1,0.0,0.0,0.0,0.5,0.0,naics,3,1,1,1
16901,1,-0.9999999999933332,0.0,0.15,0.9,0.175,naics,1,1,0,0
16911,1,0.0,0.0,0.0,0.7,0.0,naics,2,1,1,1
16932,1,0.0,0.0,0.0,0.7,0.0,naics,4,1,0,0
1694,1,0.0,0.0,0.0,0.6,0.0,naics,5,1,1,1
16945,1,0.9999999999933332,0.15,0.0,0.3,0.09,naics,4,1,0,0
16946,1,0.0,0.0,0.0,0.6,0.12,naics,2,1,0,0
16958,0,0.0,0.0,0.0,0.5,0.0,naics,3,0,0,1
16974,0,-0.9999999999933332,0.0,0.15,0.8,0.21,naics,1,0,0,1
16977,0,0.0,0.0,0.0,0.5,0.0,naics,2,0,0,1
17,1,0.0,0.0,0.0,0.9,0.0,naics,3,1,1,1
1701626,1,0.0,0.0,0.0,0.6,0.0,naics,3,1,1,1
17028,1,0.0,0.0,0.0,0.5,0.0,naics,5,1,1,1
1703,1,0.0,0.0,0.0,0.6,0.0,naics,1,1,1,1
1703251,0,0.0,0.0,0.0,0.6,0.0,naics,4,0,0,1
1703708,0,0.0,0.0,0.0,0.3,0.0,naics,5,0,1,0
1705832,0,0.0,0.0,0.0,0.5,0.0,naics,3,0,0,1
1706,1,0.9999999999933332,0.15,0.0,0.7,0.12,naics,4,1,0,0
1709175,0,0.0,0.3,0.3,0.6,0.2999999999999999,naics,3,0,0,1
1709299,0,0.0,0.0,0.0,0.3,0.0,naics,3,0,1,0
17095,0,0.0,0.0,0.0,0.7,0.0,naics,5,0,0,1
1709919,0,0.0,0.0,0.0,0.6,0.0,naics,3,0,1,0
1710988,0,0.0,0.0,0.0,0.5,0.0,naics,4,0,1,0
1712,0,0.0,0.0,0.0,0.4,0.0,naics,3,0,1,0
17123,1,0.0,0.0,0.0,0.3,0.03,naics,1,1,0,0
1712813,0,0.0,0.0,0.0,0.5,0.0,naics,3,0,0,1
1714081,0,0.0,0.0,0.0,0.3,0.0,naics,3,0,1,0
1714192,0,0.0,0.0,0.0,0.5,0.09,naics,4,0,0,1
1714699,0,0.0,0.0,0.0,0.2,0.0,naics,5,0,1,0
1715217,0,0.0,0.0,0.0,0.7,0.0,naics,1,0,0,1
1716726,1,0.0,0.0,0.0,0.5,0.0,naics,5,1,1,1
1717197,0,0.0,0.4,0.4,0.6,0.41,naics,1,0,0,1
1717279,0,0.0,0.0,0.0,0.5,0.045,naics,4,0,0,1
1717604,0,0.0,0.0,0.0,0.4,0.03,naics,4,0,0,1
17182,1,0.0,0.0,0.0,0.4,0.0,naics,1,1,0,0
17219,1,-0.9999999999933332,0.0,0.15,0.6,0.1349999999999999,naics,4,1,0,0
1722444,0,0.0,0.0,0.0,0.4,0.045,naics,1,0,1,0
1723597,0,0.9999999999933332,0.15,0.0,0.7,0.22,naics,1,0,0,1
1723662,0,0.0,0.0,0.0,0.3,0.105,naics,5,0,1,0
1724211,0,0.0,0.0,0.0,0.7,0.015,naics,4,0,0,1
1724401,1,0.0,0.0,0.0,0.5,0.0,naics,2,1,0,0
17247,0,0.0,0.0,0.0,0.2,0.0,naics,2,0,1,0
17259,0,0.9999999999975,0.4,0.0,0.5,0.3199999999999999,naics,3,0,0,1
1726,0,0.0,0.0,0.0,0.5,0.075,naics,4,0,0,1
17289,0,0.0,0.0,0.0,0.5,0.0,naics,5,0,1,0
17295,1,0.0,0.0,0.0,0.6,0.0,naics,5,1,0,0
17304,0,0.0,0.0,0.0,0.7,0.0,naics,2,0,0,1
17329,1,0.0,0.0,0.0,0.7,0.0,naics,3,1,0,0
17345,1,0.0,0.0,0.0,0.6,0.0,naics,1,1,0,0
17348,1,0.0,0.0,0.0,0.8,0.015,naics,1,1,1,1
17358,1,0.0,0.0,0.0,0.2,0.045,naics,4,1,0,0
17362,1,0.0,0.0,0.0,0.6,0.075,naics,3,1,1,1
17376,1,0.9999999999933332,0.15,0.0,0.4,0.12,naics,1,1,0,0
17377,0,0.9999999999933332,0.15,0.0,0.1,0.015,naics,2,0,1,0
17395,1,0.0,0.0,0.0,0.4,0.0,naics,2,1,0,0
17430,1,0.0,0.0,0.0,0.8,0.0,naics,2,1,1,1
1744,0,0.0,0.0,0.0,0.4,0.0,naics,4,0,1,0
17447,0,-0.9999999999933332,0.0,0.15,1.0,0.045,naics,4,0,0,1
17463,1,0.0,0.0,0.0,0.7,0.03,naics,3,1,0,0
17468,0,0.0,0.0,0.0,0.5,0.1816666666666666,naics,5,0,0,1
17473,0,0.0,0.0,0.0,0.5,0.195,naics,3,0,0,1
17484,1,0.0,0.0,0.0,0.6,0.0,naics,3,1,0,0
17493,0,0.0,0.0,0.0,0.5,0.0,naics,2,0,0,1
1751,1,0.0,0.0,0.0,0.7,0.0,naics,1,1,1,1
17511,1,0.0,0.0,0.0,0.3,0.0,naics,5,1,0,0
17521,1,0.0,0.0,0.0,0.3,0.0,naics,3,1,0,0
17522,1,0.0,0.0,0.0,0.5,0.0,naics,3,1,1,1
17527,1,0.0,0.0,0.0,0.6,0.0,naics,4,1,1,1
17550,1,0.0,0.0,0.0,0.6,0.0,naics,1,1,1,1
17553,1,0.0,0.0,0.0,0.5,0.1816666666666666,naics,1,1,0,0
17561,0,0.0,0.0,0.0,0.3,0.0,naics,5,0,1,0
17564,0,0.0,0.0,0.0,0.6,0.0,naics,2,0,0,1
17569,1,0.0,0.0,0.0,0.6,0.0,naics,3,1,0,0
1758,0,0.0,0.0,0.0,0.6,0.0,naics,1,0,1,0
17605,0,0.0,0.0,0.0,0.7,0.0,naics,4,0,1,0
1761,1,0.0,0.0,0.0,0.7,0.03,naics,4,1,1,1
17644,1,0.0,0.0,0.0,0.5,0.1816666666666666,naics,1,1,0,0
17658,1,0.0,0.0,0.0,0.6,0.0,naics,4,1,1,1
17685,0,0.0,0.0,0.0,0.2,0.09,naics,1,0,1,0
17696,1,0.0,0.5,0.5,0.9,0.45,naics,5,1,1,1
17704,0,0.0,0.0,0.0,0.7,0.015,naics,4,0,0,1
17729,0,0.0,0.0,0.0,0.2,0.0,naics,5,0,1,0
17750,1,0.0,0.0,0.0,0.8,0.03,naics,2,1,1,1
17758,0,0.0,0.0,0.0,0.6,0.0,naics,3,0,0,1
17764,0,0.0,0.0,0.0,0.7,0.0,naics,3,0,0,1
17776,1,0.0,0.0,0.0,0.6,0.0,naics,2,1,1,1
17780,0,0.0,0.0,0.0,0.7,0.0,naics,3,0,0,1
17789,0,0.0,0.0,0.0,0.5,0.0,naics,4,0,0,1
17808,1,0.0,0.0,0.0,0.6,0.0,naics,1,1,1,1
17827,1,0.0,0.0,0.0,0.6,0.0,naics,2,1,0,0
17837,0,0.0,0.0,0.0,0.6,0.045,naics,5,0,0,1
17856,1,0.0,0.0,0.0,0.8,0.0,naics,1,1,1,1
17908,1,0.0,0.0,0.0,0.7,0.0,naics,1,1,1,1
17974,0,0.9999999999966668,0.3,0.0,0.2,0.165,naics,3,0,0,1
17989,0,0.0,0.0,0.0,0.5,0.0,naics,5,0,0,1
17990,0,0.0,0.0,0.0,0.7,0.0,naics,2,0,0,1
17995,1,0.0,0.0,0.0,0.4,0.0,naics,5,1,1,1
18018,0,0.0,0.0,0.0,0.2,0.0,naics,2,0,1,0
18019,1,0.1111111111109876,0.5,0.4,0.3,0.51,naics,4,1,0,0
18023,1,0.0,0.0,0.0,0.7,0.0,naics,4,1,1,1
18025,1,0.0,0.0,0.0,0.4,0.0,naics,2,1,0,0
18029,0,0.0,0.0,0.0,0.5,0.0,naics,3,0,0,1
18034,1,0.0,0.0,0.0,1.0,0.0,naics,3,1,1,1
18036,0,0.0,0.0,0.0,0.5,0.0,naics,1,0,0,1
1806,1,0.0,0.0,0.0,0.8,0.0,naics,4,1,1,1
1808,1,0.0,0.0,0.0,0.5,0.0,naics,2,1,1,1
18126,0,0.0,0.0,0.0,0.5,0.045,naics,2,0,1,0
18128,0,0.0,0.0,0.0,0.1,0.0,naics,5,0,1,0
18226,0,0.0,0.0,0.0,0.7,0.03,naics,4,0,0,1
1825,0,0.0,0.0,0.0,0.9,0.0,naics,1,0,0,1
1827,0,0.0,0.0,0.0,0.9,0.0,naics,3,0,0,1
18345,0,0.0,0.0,0.0,0.9,0.03,naics,3,0,0,1
1839,1,0.0,0.0,0.0,0.5,0.105,naics,2,1,0,0
1844,1,0.0,0.0,0.0,0.7,0.0,naics,4,1,0,0
18482,1,0.0,0.0,0.0,0.6,0.0,naics,5,1,1,1
18483,1,0.0,0.0,0.0,0.7,0.0,naics,1,1,1,1
18596,0,0.0,0.0,0.0,0.7,0.15,naics,4,0,0,1
18662,0,0.0,0.15,0.15,0.5,0.1349999999999999,naics,4,0,1,0
18668,1,0.0,0.0,0.0,0.6,0.0,naics,1,1,0,0
18678,1,0.0,0.0,0.0,0.6,0.09,naics,4,1,1,1
18688,0,-0.9999999999975,0.0,0.4,0.7,0.375,naics,1,0,0,1
18763,1,0.0,0.0,0.0,0.9,0.0,naics,5,1,0,0
1877,1,0.0,0.0,0.0,0.7,0.0,naics,1,1,1,1
18794,0,0.0,0.0,0.0,0.2,0.0,naics,2,0,1,0
18800,1,0.0,0.0,0.0,0.8,0.0,naics,2,1,1,1
18801,1,0.0,0.0,0.0,0.8,0.0,naics,5,1,1,1
18826,0,0.0,0.0,0.0,0.4,0.0,naics,3,0,0,1
1886,1,0.0,0.0,0.0,0.8,0.0,naics,1,1,1,1
18884,0,0.0,0.0,0.0,0.2,0.0,naics,1,0,1,0
1894,1,0.0,0.0,0.0,0.5,0.0,naics,3,1,0,0
18941,0,0.0,0.0,0.0,0.8,0.135,naics,5,0,0,1
18945,0,0.0,0.0,0.0,0.7,0.0,naics,4,0,0,1
18957,0,-0.9999999999966668,0.0,0.3,0.7,0.225,naics,1,0,0,1
1900,0,0.0,0.0,0.0,0.5,0.0,naics,1,0,1,0
19099,0,0.0,0.0,0.0,0.3,0.0,naics,4,0,1,0
19120,1,0.0,0.0,0.0,0.6,0.13,naics,2,1,1,1
19121,1,0.0,0.0,0.0,0.6,0.015,naics,4,1,1,1
19213,1,0.0,0.0,0.0,0.5,0.0,naics,2,1,1,1
1925,0,0.0,0.0,0.0,0.9,0.0,naics,3,0,0,1
1928,0,0.0,0.0,0.0,0.7,0.0,naics,1,0,0,1
19373,0,0.0,0.0,0.0,0.4,0.0,naics,5,0,1,0
19384,0,0.0,0.0,0.0,0.8,0.0,naics,5,0,0,1
194,1,0.0,0.0,0.0,0.8,0.0,naics,1,1,0,0
19428,0,0.0,0.0,0.0,0.6,0.0,naics,4,0,0,1
19460,0,0.0,0.15,0.15,0.7,0.1349999999999999,naics,1,0,0,1
19464,1,0.0,0.0,0.0,0.3,0.0,naics,5,1,0,0
19531,0,0.0,0.0,0.0,0.7,0.045,naics,2,0,1,0
19542,0,0.0,0.0,0.0,0.6,0.0,naics,5,0,1,0
19571,1,0.0,0.0,0.0,0.5,0.0,naics,5,1,1,1
19618,1,0.0,0.0,0.0,0.3,0.0,naics,5,1,0,0
19753,1,0.0,0.0,0.0,0.5,0.0,naics,2,1,0,0
19784,0,0.0,0.0,0.0,0.5,0.0,naics,4,0,1,0
19816,0,0.0,0.0,0.0,0.8,0.0,naics,1,0,0,1
1982,1,0.0,0.0,0.0,0.9,0.0,naics,3,1,1,1
19951,0,0.0,0.0,0.0,0.4,0.0,naics,5,0,0,1
1997,0,0.0,0.0,0.0,0.5,0.075,naics,3,0,0,1
20092,1,0.0,0.0,0.0,0.7,0.0,naics,4,1,0,0
201,1,0.0,0.0,0.0,0.8,0.0,naics,1,1,1,1
20111,1,0.0,0.0,0.0,0.6,0.0,naics,1,1,1,1
20157,1,0.0,0.0,0.0,0.9,0.0,naics,2,1,1,1
20174,1,0.0,0.0,0.0,0.5,0.0,naics,5,1,0,0
20199,0,0.0,0.0,0.0,0.4,0.15,naics,1,0,1,0
20202,1,0.0,0.0,0.0,0.3,0.03,naics,4,1,0,0
20212,1,0.0,0.0,0.0,0.5,0.0,naics,4,1,0,0
2034,0,0.0,0.0,0.0,0.3,0.03,naics,4,0,1,0
2042,0,0.0,0.0,0.0,0.1,0.0,naics,3,0,1,0
2049,1,0.4545454545446281,0.4,0.15,0.4,0.3249999999999999,naics,5,1,0,0
205,1,0.0,0.0,0.0,0.8,0.0,naics,1,1,1,1
2051,0,0.0,0.0,0.0,0.6,0.0,naics,2,0,0,1
20548,0,0.0,0.0,0.0,0.8,0.0,naics,3,0,0,1
20857,0,0.0,0.0,0.0,0.6,0.0,naics,4,0,0,1
2091,0,0.0,0.15,0.15,0.7,0.285,naics,5,0,0,1
213000,1,0.0,0.0,0.0,0.8,0.0,naics,2,1,1,1
2132,1,0.0,0.0,0.0,0.5,0.0,naics,4,1,0,0
213316,0,0.0,0.0,0.0,0.5,0.0,naics,3,0,0,1
213367,1,0.0,0.0,0.0,0.4,0.0,naics,5,1,1,1
213510,1,0.0,0.0,0.0,0.8,0.0,naics,3,1,1,1
213515,1,0.0,0.0,0.0,0.5,0.0,naics,4,1,1,1
2137,1,0.0,0.0,0.0,0.5,0.0,naics,1,1,1,1
2138,1,0.0,0.0,0.0,0.6,0.0,naics,1,1,1,1
214,0,0.0,0.0,0.0,0.6,0.0,naics,5,0,0,1
2145,0,0.0,0.0,0.0,0.4,0.0,naics,4,0,0,1
2157,1,0.0,0.0,0.0,0.8,0.0,naics,2,1,1,1
215988,0,0.0,0.0,0.0,0.4,0.0,naics,5,0,1,0
2166,1,0.0,0.0,0.0,0.4,0.0,naics,2,1,1,1
21683,0,0.0,0.0,0.0,0.7,0.0,naics,2,0,0,1
217155,1,0.0,0.0,0.0,0.7,0.0,naics,4,1,0,0
21738,1,0.0,0.0,0.0,0.8,0.0,naics,5,1,1,1
217405,0,0.0,0.0,0.0,0.5,0.0,naics,5,0,0,1
217633,0,0.0,0.0,0.0,0.7,0.09,naics,3,0,0,1
21806,1,0.0,0.0,0.0,0.8,0.0,naics,1,1,1,1
2183,1,0.0,0.0,0.0,0.5,0.0,naics,1,1,0,0
21857,1,0.0,0.0,0.0,0.5,0.06,naics,5,1,1,1
2195,0,0.0,0.0,0.0,0.4,0.0,naics,5,0,1,0
21959,0,0.0,0.0,0.0,0.6,0.03,naics,4,0,0,1
22105,0,0.0,0.0,0.0,0.3,0.0,naics,1,0,1,0
22132,0,0.0,0.0,0.0,0.4,0.0,naics,2,0,0,1
22195,0,-0.999999999998,0.0,0.5,0.4,0.4,naics,2,0,1,0
22203,0,0.0,0.0,0.0,0.8,0.0,naics,1,0,0,1
22231,1,0.0,0.0,0.0,0.6,0.0,naics,3,1,1,1
222394,0,0.0,0.0,0.0,0.6,0.06,naics,4,0,0,1
22276,0,0.0,0.0,0.0,0.5,0.09,naics,3,0,0,1
22288,1,0.0,0.0,0.0,0.6,0.0,naics,1,1,1,1
22320,0,0.0,0.0,0.0,0.7,0.03,naics,5,0,0,1
22405,0,0.0,0.0,0.0,0.7,0.12,naics,5,0,1,0
2242,0,0.0,0.0,0.0,0.9,0.0,naics,1,0,0,1
2250,0,0.0,0.0,0.0,0.8,0.0,naics,4,0,0,1
2256,1,0.0,0.0,0.0,0.5,0.0,naics,2,1,0,0
2258,1,0.0,0.0,0.0,0.5,0.06,naics,4,1,0,0
226,1,0.0,0.0,0.0,0.8,0.0,naics,4,1,1,1
22613,1,0.0,0.0,0.0,0.9,0.0,naics,5,1,1,1
226675,1,0.0,0.0,0.0,0.7,0.0,naics,5,1,1,1
226739,1,0.0,0.0,0.0,0.6,0.0,naics,5,1,1,1
2298,1,0.0,0.0,0.0,0.4,0.0,naics,3,1,0,0
23,1,0.0,0.0,0.0,0.8,0.0,naics,2,1,1,1
230,1,0.0,0.0,0.0,0.6,0.0,naics,1,1,1,1
23013,0,0.0,0.0,0.0,0.7,0.0,naics,4,0,0,1
230426,0,0.0,0.0,0.0,0.5,0.105,naics,5,0,0,1
23046,0,0.0,0.0,0.0,0.4,0.0,naics,5,0,1,0
23149,1,0.0,0.0,0.0,0.9,0.0,naics,5,1,1,1
23166,1,0.0,0.0,0.0,0.6,0.0,naics,1,1,0,0
2319,1,0.0,0.0,0.0,0.6,0.0,naics,4,1,1,1
23229,0,0.0,0.0,0.0,0.4,0.03,naics,5,0,1,0
23234,1,0.0,0.0,0.0,0.5,0.0,naics,1,1,1,1
232950,0,0.0,0.0,0.0,0.2,0.0,naics,3,0,1,0
23352,0,0.0,0.0,0.0,0.4,0.135,naics,3,0,0,1
2342,1,0.0,0.0,0.0,0.8,0.0,naics,1,1,1,1
23464,1,0.0,0.0,0.0,0.5,0.0,naics,3,1,0,0
234798,1,0.0,0.15,0.15,0.3,0.4433333333333332,naics,1,1,0,0
23494,1,-0.9999999999933332,0.0,0.15,0.8,0.075,naics,1,1,0,0
23502,0,-0.999999999998,0.0,0.5,0.8,0.4,naics,4,0,0,1
23512,0,0.0,0.0,0.0,0.6,0.0,naics,4,0,0,1
2352,0,0.0,0.0,0.0,0.6,0.0,naics,3,0,1,0
235234,1,0.0,0.0,0.0,0.3,0.0,naics,5,1,0,0
23603,0,0.0,0.0,0.0,0.4,0.0,naics,3,0,1,0
2377,0,0.0,0.0,0.0,0.7,0.015,naics,2,0,0,1
23880,0,0.0,0.0,0.0,0.2,0.0,naics,4,0,1,0
23882,0,0.0,0.0,0.0,0.5,0.0,naics,1,0,1,0
23893,1,0.0,0.0,0.0,0.9,0.0,naics,3,1,1,1
2392,1,0.0,0.0,0.0,0.4,0.06,naics,4,1,0,0
23950,0,-0.3333333333325926,0.15,0.3,0.5,0.255,naics,5,0,0,1
23983,1,0.0,0.0,0.0,0.9,0.0,naics,5,1,1,1
2406,0,0.0,0.0,0.0,0.5,0.0,naics,2,0,0,1
24166,0,0.0,0.0,0.0,0.7,0.0,naics,1,0,0,1
2421,1,0.0,0.0,0.0,0.8,0.0,naics,3,1,1,1
2422,0,0.0,0.0,0.0,0.5,0.0,naics,5,0,1,0
24236,1,0.0,0.0,0.0,0.7,0.0,naics,2,1,0,0
24358,0,0.0,0.0,0.0,0.5,0.0,naics,4,0,0,1
2440,1,0.0,0.0,0.0,0.7,0.0,naics,4,1,1,1
24417,1,0.0,0.0,0.0,0.3,0.045,naics,4,1,1,1
2442,0,0.0,0.0,0.0,0.4,0.0,naics,4,0,0,1
2453,1,0.0,0.0,0.0,0.7,0.0,naics,2,1,0,0
24539,1,0.0,0.0,0.0,1.0,0.0,naics,1,1,1,1
24618,0,0.0,0.0,0.0,0.6,0.0,naics,3,0,0,1
24623,0,0.0,0.0,0.0,0.3,0.0,naics,5,0,1,0
2464,1,0.0,0.0,0.0,0.3,0.0,naics,4,1,0,0
24667,1,0.0,0.0,0.0,0.9,0.0,naics,3,1,1,1
24708,0,0.0,0.0,0.0,0.4,0.0,naics,1,0,1,0
2475,0,0.0,0.0,0.0,0.7,0.255,naics,1,0,1,0
24759,0,0.0,0.0,0.0,0.4,0.0,naics,1,0,1,0
248,0,0.0,0.0,0.0,0.7,0.0,naics,1,0,0,1
2481,1,0.0,0.0,0.0,0.5,0.0,naics,5,1,1,1
24813,1,0.0,0.0,0.0,0.9,0.0,naics,2,1,1,1
24882,1,0.0,0.0,0.0,0.4,0.0,naics,2,1,1,1
24891,1,0.0,0.0,0.0,0.7,0.0,naics,1,1,0,0
24944,1,0.0,0.0,0.0,0.9,0.0,naics,4,1,1,1
24967,0,0.0,0.0,0.0,0.8,0.03,naics,5,0,1,0
25137,0,0.0,0.0,0.0,0.5,0.0,naics,5,0,1,0
25145,1,0.0,0.0,0.0,0.9,0.0,naics,5,1,1,1
25200,0,0.0,0.0,0.0,0.7,0.0,naics,4,0,0,1
2522,1,0.0,0.0,0.0,0.6,0.0,naics,2,1,1,1
25249,1,-0.9999999999933332,0.0,0.15,0.8,0.1399999999999999,naics,3,1,1,1
2527,0,0.0,0.0,0.0,0.7,0.03,naics,1,0,0,1
25411,1,0.0,0.0,0.0,0.3,0.0,naics,5,1,0,0
25433,0,0.0,0.0,0.0,0.3,0.03,naics,5,0,0,1
254887,1,0.0,0.0,0.0,0.7,0.0,naics,5,1,1,1
255,0,0.0,0.0,0.0,0.2,0.0,naics,4,0,0,1
255093,1,0.0,0.0,0.0,0.6,0.0,naics,4,1,1,1
25518,0,0.0,0.0,0.0,0.8,0.0,naics,1,0,1,0
256291,0,0.0,0.0,0.0,0.7,0.0,naics,5,0,0,1
2572,1,0.0,0.0,0.0,0.5,0.0,naics,5,1,0,0
258066,1,0.0,0.0,0.0,0.4,0.165,naics,1,1,1,1
25807,0,0.9999999999933332,0.15,0.0,0.4,0.2199999999999999,naics,3,0,1,0
258086,1,0.0,0.0,0.0,0.6,0.045,naics,5,1,0,0
258522,0,0.9999999999933332,0.15,0.0,0.8,0.12,naics,5,0,0,1
25873,1,0.0,0.0,0.0,0.7,0.0,naics,5,1,1,1
25877,0,0.0,0.0,0.0,0.7,0.03,naics,1,0,0,1
25895,0,0.0,0.0,0.0,0.3,0.0,naics,3,0,1,0
259,0,0.0,0.0,0.0,0.8,0.0,naics,2,0,0,1
2591,0,0.0,0.0,0.0,0.6,0.075,naics,2,0,0,1
25913,1,0.0,0.0,0.0,0.6,0.0,naics,3,1,0,0
259152,1,0.0,0.0,0.0,0.8,0.0,naics,5,1,1,1
25935,1,0.0,0.0,0.0,0.6,0.0,naics,5,1,0,0
25951,0,0.0,0.0,0.0,0.4,0.165,naics,2,0,1,0
25961,1,0.0,0.15,0.15,0.3,0.255,naics,3,1,0,0
25967,1,0.0,0.0,0.0,0.8,0.0,naics,1,1,1,1
26045,0,0.0,0.0,0.0,0.8,0.0,naics,2,0,0,1
260938,1,0.0,0.0,0.0,0.7,0.0,naics,4,1,0,0
26245,1,0.0,0.0,0.0,0.5,0.0,naics,1,1,1,1
2628,1,0.0,0.0,0.0,0.4,0.0,naics,4,1,1,1
26339,0,0.0,0.0,0.0,0.4,0.0,naics,2,0,1,0
26344,1,0.0,0.0,0.0,0.5,0.0,naics,1,1,1,1
264,1,0.0,0.0,0.0,0.5,0.0,naics,4,1,0,0
2646,0,0.0,0.0,0.0,0.7,0.0,naics,2,0,0,1
26462,1,0.0,0.0,0.0,0.8,0.0,naics,4,1,1,1
26548,1,0.0,0.0,0.0,0.7,0.0,naics,4,1,1,1
2662,1,0.0,0.0,0.0,0.5,0.0,naics,1,1,1,1
26724,0,0.0,0.0,0.0,0.5,0.0,naics,3,0,0,1
2687,1,0.0,0.0,0.0,0.5,0.0,naics,2,1,0,0
26871,1,0.0,0.0,0.0,0.8,0.0,naics,4,1,1,1
2690,1,0.0,0.0,0.0,0.9,0.0,naics,1,1,0,0
270,1,0.0,0.0,0.0,0.7,0.0,naics,3,1,1,1
27023,0,0.0,0.0,0.0,0.5,0.045,naics,3,0,1,0
27115,0,0.0,0.0,0.0,0.8,0.015,naics,5,0,0,1
27121,0,0.0,0.0,0.0,0.7,0.09,naics,2,0,0,1
27142,1,0.0,0.0,0.0,0.6,0.0,naics,3,1,0,0
27159,0,0.0,0.15,0.15,0.5,0.35,naics,1,0,0,1
27180,1,0.0,0.0,0.0,0.6,0.0,naics,5,1,0,0
27256,0,0.0,0.0,0.0,0.4,0.0,naics,1,0,0,1
27306,0,0.0,0.0,0.0,0.7,0.0,naics,1,0,0,1
27348,0,0.0,0.0,0.0,0.5,0.0,naics,4,0,0,1
2754,1,0.0,0.0,0.0,0.5,0.0,naics,3,1,0,0
27561,0,0.0,0.0,0.0,0.6,0.0,naics,1,0,1,0
27580,1,0.0,0.0,0.0,0.8,0.0,naics,4,1,1,1
27582,0,0.0,0.0,0.0,0.6,0.0,naics,4,0,0,1
2759,0,-0.9999999999933332,0.0,0.15,0.7,0.105,naics,2,0,0,1
27665,1,0.0,0.0,0.0,0.6,0.0,naics,4,1,1,1
27688,0,0.0,0.0,0.0,0.4,0.0,naics,2,0,1,0
2770,0,0.0,0.0,0.0,0.6,0.0,naics,3,0,1,0
2780,1,0.0,0.0,0.0,0.6,0.045,naics,1,1,0,0
280,1,0.0,0.0,0.0,0.7,0.03,naics,1,1,1,1
2832,1,0.0,0.0,0.0,0.3,0.0,naics,1,1,0,0
2833,0,0.0,0.0,0.0,0.7,0.045,naics,4,0,1,0
284,1,0.0,0.0,0.0,0.7,0.0,naics,2,1,0,0
2845,1,0.0,0.0,0.0,0.5,0.0,naics,5,1,0,0
2846,0,0.0,0.0,0.0,0.2,0.03,naics,1,0,1,0
287,1,0.0,0.0,0.0,0.9,0.0,naics,1,1,0,0
28980,0,-0.9999999999933332,0.0,0.15,0.5,0.15,naics,2,0,0,1
2939,0,0.0,0.0,0.0,0.4,0.0,naics,2,0,1,0
295,1,0.0,0.0,0.0,0.4,0.0,naics,4,1,0,0
2954,1,0.0,0.0,0.0,0.6,0.0,naics,5,1,1,1
2957,1,0.0,0.0,0.0,0.6,0.0,naics,4,1,1,1
2988,1,0.999999999998,0.5,0.0,0.1,0.41,naics,1,1,0,0
30,1,0.0,0.0,0.0,0.6,0.0,naics,5,1,1,1
300008,1,0.0,0.0,0.0,0.4,0.0,naics,1,1,0,0
300058,1,0.0,0.0,0.0,0.7,0.0,naics,3,1,1,1
300201,0,0.0,0.0,0.0,0.6,0.24,naics,5,0,0,1
300391,1,0.0,0.0,0.0,0.7,0.03,naics,4,1,0,0
3004,0,0.0,0.0,0.0,0.4,0.0,naics,3,0,1,0
300429,1,0.9999999999933332,0.15,0.0,0.8,0.315,naics,2,1,1,1
300431,1,0.0,0.0,0.0,0.8,0.0,naics,2,1,1,1
300433,1,0.0,0.0,0.0,0.7,0.0,naics,4,1,1,1
300458,0,0.0,0.0,0.0,0.5,0.0,naics,5,0,0,1
300558,0,0.0,0.0,0.0,0.4,0.0,naics,1,0,0,1
300585,1,0.0,0.0,0.0,0.6,0.0,naics,3,1,1,1
300619,0,0.0,0.0,0.0,0.4,0.075,naics,3,0,0,1
300629,1,0.0,0.0,0.0,0.7,0.0,naics,3,1,1,1
300651,1,0.0,0.0,0.0,0.7,0.0,naics,4,1,1,1
300705,1,0.0,0.0,0.0,0.5,0.0,naics,4,1,1,1
300716,0,0.0,0.0,0.0,0.6,0.0,naics,4,0,1,0
3008,1,0.0,0.0,0.0,0.7,0.0,naics,2,1,0,0
300977,1,0.0,0.0,0.0,0.7,0.0,naics,3,1,1,1
301073,1,0.9999999999966668,0.3,0.0,0.4,0.15,naics,2,1,0,0
301099,0,0.0,0.0,0.0,0.6,0.155,naics,5,0,0,1
301232,0,0.0,0.0,0.0,0.3,0.0,naics,3,0,1,0
301304,1,0.0,0.0,0.0,0.2,0.0,naics,2,1,0,0
301319,1,0.0,0.0,0.0,0.4,0.0,naics,1,1,0,0
301333,1,0.0,0.0,0.0,0.6,0.0,naics,5,1,1,1
301355,0,0.0,0.0,0.0,0.8,0.0,naics,4,0,0,1
301424,1,0.0,0.0,0.0,0.7,0.0,naics,4,1,1,1
301444,1,0.0,0.0,0.0,0.7,0.0,naics,5,1,1,1
301452,1,0.0,0.0,0.0,0.5,0.34,naics,3,1,0,0
3015,1,0.0,0.0,0.0,0.5,0.0,naics,5,1,1,1
301558,1,0.0,0.0,0.0,0.6,0.0,naics,3,1,1,1
301575,0,0.0,0.0,0.0,0.3,0.075,naics,3,0,0,1
30160,1,0.0,0.0,0.0,0.3,0.0,naics,4,1,0,0
301855,1,0.0,0.0,0.0,0.7,0.0,naics,1,1,0,0
301875,1,0.0,0.0,0.0,0.6,0.0,naics,1,1,1,1
301883,1,0.0,0.0,0.0,0.5,0.0,naics,5,1,1,1
302227,0,0.0,0.0,0.0,0.5,0.045,naics,1,0,1,0
302234,1,0.0,0.0,0.0,0.7,0.0,naics,5,1,1,1
302290,0,0.0,0.0,0.0,0.5,0.0,naics,4,0,0,1
303,0,0.0,0.0,0.0,0.5,0.0,naics,5,0,1,0
303035,1,0.0,0.0,0.0,0.7,0.0,naics,4,1,0,0
303045,0,-0.9999999999933332,0.0,0.15,0.8,0.1916666666666666,naics,3,0,0,1
303182,1,0.0,0.0,0.0,0.8,0.165,naics,4,1,0,0
303222,1,-0.9999999999933332,0.0,0.15,0.9,0.12,naics,2,1,0,0
303231,1,0.0,0.0,0.0,0.5,0.03,naics,3,1,0,0
303425,0,0.0,0.0,0.0,0.6,0.0,naics,2,0,1,0
303610,0,0.0,0.3,0.3,0.3,0.2699999999999999,naics,4,0,0,1
303640,0,-0.9999999999975,0.0,0.4,0.4,0.3349999999999999,naics,1,0,0,1
304050,0,0.0,0.0,0.0,0.7,0.0,naics,1,0,0,1
304081,1,0.0,0.0,0.0,0.7,0.0,naics,2,1,0,0
3043,1,0.0,0.0,0.0,0.6,0.06,naics,1,1,1,1
304705,0,-0.9999999999966668,0.0,0.3,0.6,0.21,naics,1,0,0,1
30484,0,0.0,0.0,0.0,0.7,0.0,naics,4,0,0,1
3084,1,0.0,0.0,0.0,0.1,0.0,naics,1,1,0,0
3147,0,0.9999999999933332,0.15,0.0,0.3,0.21,naics,2,0,0,1
3160,1,0.0,0.0,0.0,0.5,0.0,naics,5,1,0,0
3164,1,0.0,0.0,0.0,0.6,0.0,naics,3,1,1,1
317,1,0.0,0.0,0.0,0.6,0.0,naics,1,1,1,1
32,0,0.0,0.0,0.0,0.6,0.075,naics,1,0,0,1
3214,0,0.0,0.0,0.0,0.8,0.0,naics,5,0,0,1
3221,1,0.9999999999933332,0.15,0.0,0.4,0.1549999999999999,naics,4,1,0,0
32423,1,0.0,0.0,0.0,0.3,0.0,naics,5,1,0,0
3257,1,0.0,0.0,0.0,0.4,0.0,naics,1,1,1,1
32579,1,0.0,0.0,0.0,0.4,0.015,naics,3,1,0,0
3260,1,0.0,0.0,0.0,0.6,0.015,naics,2,1,1,1
32765,0,0.0,0.0,0.0,0.7,0.0,naics,5,0,0,1
32784,0,0.0,0.0,0.0,0.4,0.0,naics,1,0,1,0
32790,0,0.0,0.0,0.0,0.6,0.0,naics,5,0,1,0
32798,0,0.0,0.0,0.0,0.4,0.0,naics,3,0,1,0
3285,1,0.0,0.0,0.0,0.6,0.0,naics,2,1,0,0
32943,0,0.0,0.0,0.0,0.2,0.0,naics,3,0,1,0
32994,0,0.0,0.0,0.0,0.8,0.0,naics,1,0,0,1
3313,1,0.0,0.0,0.0,0.6,0.0,naics,5,1,0,0
332,1,0.0,0.0,0.0,0.8,0.0,naics,2,1,1,1
33258,0,0.0,0.0,0.0,0.4,0.0,naics,2,0,1,0
3329,0,0.0,0.0,0.0,0.4,0.0,naics,5,0,1,0
33311,1,-0.9999999999933332,0.0,0.15,0.9,0.12,naics,1,1,0,0
33360,0,0.0,0.0,0.0,0.6,0.06,naics,1,0,1,0
335,1,0.0,0.0,0.0,0.4,0.0,naics,1,1,1,1
33559,0,0.0,0.0,0.0,0.8,0.06,naics,1,0,0,1
33645,0,0.0,0.0,0.0,0.6,0.0,naics,5,0,0,1
3365,1,0.0,0.0,0.0,0.3,0.0,naics,1,1,0,0
33660,0,0.0,0.0,0.0,0.5,0.0,naics,4,0,0,1
33742,0,0.0,0.0,0.0,0.5,0.0,naics,5,0,0,1
33767,1,-0.9999999999933332,0.0,0.15,0.9,0.1349999999999999,naics,3,1,0,0
33805,0,0.0,0.0,0.0,0.7,0.0,naics,4,0,0,1
33868,0,0.0,0.0,0.0,0.5,0.0,naics,5,0,0,1
339,1,0.0,0.0,0.0,0.5,0.0,naics,2,1,0,0
3408,0,0.0,0.0,0.0,0.3,0.0,naics,5,0,1,0
34090,1,-0.9999999999933332,0.0,0.15,0.7,0.225,naics,2,1,1,1
34100,1,0.0,0.0,0.0,0.5,0.0,naics,4,1,1,1
34148,1,0.0,0.0,0.0,0.6,0.0,naics,4,1,1,1
34150,1,0.0,0.0,0.0,0.7,0.0,naics,5,1,1,1
34210,0,0.0,0.0,0.0,0.7,0.0,naics,2,0,0,1
34265,0,0.0,0.0,0.0,0.2,0.0,naics,2,0,1,0
3431,0,0.0,0.0,0.0,0.9,0.015,naics,1,0,0,1
34320,1,0.0,0.0,0.0,0.5,0.0,naics,5,1,1,1
34324,1,0.0,0.0,0.0,0.5,0.105,naics,5,1,0,0
34358,0,0.0,0.0,0.0,0.7,0.0,naics,2,0,0,1
344,1,0.0,0.0,0.0,0.8,0.0,naics,1,1,1,1
34416,1,0.0,0.0,0.0,0.3,0.03,naics,4,1,0,0
34519,1,0.0,0.0,0.0,0.6,0.045,naics,2,1,0,0
3453,0,0.0,0.0,0.0,0.1,0.0,naics,3,0,0,1
34557,0,0.0,0.0,0.0,0.5,0.0,naics,5,0,1,0
34564,1,0.0,0.0,0.0,0.8,0.015,naics,4,1,1,1
3459,1,0.0,0.0,0.0,0.6,0.0,naics,4,1,0,0
34612,1,0.0,0.0,0.0,0.5,0.0,naics,4,1,1,1
34618,0,-0.9999999999933332,0.0,0.15,0.5,0.165,naics,1,0,0,1
34668,0,0.9999999999933332,0.15,0.0,0.6,0.21,naics,2,0,1,0
3470,0,0.0,0.0,0.0,0.5,0.0,naics,5,0,1,0
3471,1,0.0,0.0,0.0,1.0,0.0,naics,5,1,1,1
34713,0,0.0,0.0,0.0,0.5,0.0,naics,1,0,0,1
34718,0,0.0,0.0,0.0,0.8,0.0,naics,5,0,0,1
34819,0,0.0,0.0,0.0,0.6,0.0,naics,4,0,1,0
34853,0,0.0,0.0,0.0,0.6,0.0,naics,1,0,0,1
349,1,0.0,0.0,0.0,0.4,0.0,naics,2,1,1,1
3491,1,0.0,0.0,0.0,0.6,0.0,naics,4,1,1,1
3495,0,0.0,0.0,0.0,0.7,0.0,naics,2,0,0,1
3499,1,0.0,0.0,0.0,0.6,0.0,naics,5,1,0,0
351,1,0.0,0.0,0.0,0.6,0.0,naics,4,1,1,1
3517,0,0.0,0.0,0.0,0.6,0.0,naics,1,0,1,0
35185,0,0.0,0.0,0.0,0.7,0.075,naics,3,0,1,0
352,0,0.0,0.0,0.0,0.3,0.0,naics,4,0,0,1
35301,1,0.0,0.0,0.0,0.6,0.0,naics,5,1,1,1
35322,0,0.0,0.0,0.0,0.7,0.0,naics,1,0,0,1
35331,0,0.0,0.0,0.0,0.6,0.0,naics,2,0,0,1
354,1,0.0,0.0,0.0,0.7,0.0,naics,5,1,1,1
355,0,0.0,0.0,0.0,0.2,0.0,naics,4,0,1,0
35573,1,0.0,0.0,0.0,0.6,0.0,naics,4,1,1,1
35691,0,0.0,0.0,0.0,0.7,0.0,naics,4,0,0,1
3577,0,-0.9999999999933332,0.0,0.15,0.7,0.12,naics,2,0,1,0
36330,1,0.0,0.0,0.0,0.8,0.03,naics,5,1,0,0
36332,1,-0.9999999999933332,0.0,0.15,0.7,0.12,naics,5,1,0,0
36333,1,0.0,0.0,0.0,0.9,0.0,naics,2,1,1,1
3634,0,0.0,0.0,0.0,0.3,0.0,naics,1,0,1,0
36340,0,0.0,0.0,0.0,0.8,0.0,naics,1,0,0,1
36342,0,0.0,0.0,0.0,0.3,0.0,naics,3,0,1,0
36393,1,0.0,0.0,0.0,0.8,0.0,naics,5,1,0,0
36414,1,0.0,0.0,0.0,0.9,0.0,naics,3,1,1,1
36442,1,0.0,0.0,0.0,0.8,0.0,naics,2,1,1,1
36458,0,0.0,0.0,0.0,0.8,0.0,naics,1,0,1,0
365,0,0.0,0.0,0.0,0.9,0.0,naics,1,0,0,1
36533,1,0.0,0.0,0.0,0.4,0.075,naics,5,1,0,0
36534,0,0.0,0.0,0.0,0.4,0.0,naics,5,0,0,1
36546,0,0.0,0.0,0.0,0.3,0.0,naics,3,0,1,0
36549,1,0.0,0.0,0.0,0.9,0.0,naics,3,1,1,1
36561,0,0.0,0.0,0.0,0.5,0.0,naics,4,0,1,0
36562,1,0.0,0.0,0.0,1.0,0.0,naics,3,1,1,1
36565,0,0.0,0.0,0.0,0.6,0.0,naics,1,0,0,1
36574,1,0.0,0.0,0.0,0.6,0.0,naics,1,1,1,1
36590,1,0.0,0.0,0.0,0.5,0.045,naics,4,1,0,0
36599,0,0.0,0.0,0.0,0.6,0.0,naics,1,0,0,1
36606,1,0.0,0.0,0.0,0.1,0.0,naics,2,1,0,0
36622,0,0.0,0.0,0.0,0.9,0.03,naics,3,0,0,1
36666,0,0.0,0.0,0.0,0.9,0.03,naics,1,0,0,1
36678,1,0.0,0.0,0.0,0.6,0.0,naics,5,1,0,0
36681,0,0.0,0.0,0.0,0.3,0.0,naics,2,0,1,0
36735,0,0.0,0.0,0.0,0.7,0.0,naics,3,0,1,0
36836,0,0.0,0.0,0.0,0.5,0.0,naics,3,0,1,0
36838,1,-0.9999999999933332,0.0,0.15,0.8,0.075,naics,3,1,1,1
36882,1,0.0,0.0,0.0,0.5,0.06,naics,4,1,0,0
36887,0,0.0,0.0,0.0,0.5,0.0,naics,2,0,0,1
36931,1,0.0,0.0,0.0,0.5,0.0,naics,2,1,1,1
36964,1,0.0,0.0,0.0,0.7,0.0,naics,4,1,0,0
3697,1,0.0,0.0,0.0,0.2,0.0,naics,5,1,1,1
370,0,0.0,0.0,0.0,0.4,0.0,naics,5,0,1,0
37046,0,0.0,0.0,0.0,0.6,0.0,naics,4,0,0,1
37076,0,0.0,0.0,0.0,0.1,0.0,naics,1,0,1,0
37116,1,0.0,0.0,0.0,0.7,0.0,naics,2,1,1,1
37126,0,-0.9999999999966668,0.0,0.3,0.5,0.395,naics,2,0,1,0
37129,1,0.0,0.0,0.0,0.6,0.105,naics,4,1,0,0
37148,1,0.0,0.0,0.0,0.7,0.03,naics,4,1,1,1
37236,0,0.0,0.0,0.0,0.7,0.2199999999999999,naics,4,0,0,1
37260,0,0.0,0.3,0.3,0.6,0.2999999999999999,naics,3,0,0,1
373,1,0.0,0.0,0.0,0.3,0.015,naics,2,1,0,0
37341,0,0.0,0.0,0.0,0.7,0.0,naics,2,0,0,1
37371,1,0.0,0.0,0.0,0.6,0.0,naics,4,1,1,1
37540,1,0.0,0.0,0.0,0.7,0.0,naics,2,1,1,1
37556,1,0.0,0.0,0.0,0.7,0.045,naics,5,1,1,1
37716,1,0.0,0.0,0.0,0.7,0.0,naics,4,1,0,0
3774,1,0.0,0.0,0.0,0.8,0.0,naics,2,1,1,1
380,0,0.0,0.0,0.0,0.4,0.0,naics,5,0,1,0
38147,0,0.0,0.0,0.0,0.7,0.2449999999999999,naics,4,0,0,1
38207,1,0.0,0.0,0.0,0.2,0.0,naics,2,1,0,0
38240,1,0.0,0.0,0.0,0.5,0.0,naics,4,1,1,1
38354,1,0.0,0.0,0.0,0.7,0.0,naics,4,1,1,1
38403,1,0.0,0.0,0.0,0.4,0.0,naics,4,1,1,1
38552,0,0.0,0.0,0.0,0.4,0.0,naics,5,0,0,1
38559,0,0.0,0.15,0.15,0.6,0.1349999999999999,naics,2,0,1,0
3856,0,0.0,0.0,0.0,0.9,0.0,naics,3,0,0,1
38565,1,0.0,0.0,0.0,0.1,0.0,naics,2,1,1,1
38617,1,0.0,0.0,0.0,0.3,0.015,naics,2,1,0,0
38621,1,0.0,0.0,0.0,0.5,0.0,naics,2,1,0,0
38640,1,0.0,0.0,0.0,0.6,0.13,naics,2,1,0,0
38737,0,0.0,0.0,0.0,0.6,0.0,naics,2,0,0,1
38745,1,0.0,0.0,0.0,0.9,0.0,naics,5,1,1,1
388,1,0.0,0.0,0.0,0.7,0.0,naics,5,1,0,0
38888,1,0.0,0.0,0.0,0.5,0.0,naics,3,1,1,1
3904,0,0.0,0.0,0.0,0.9,0.03,naics,4,0,0,1
39098,1,0.0,0.0,0.0,0.5,0.0,naics,2,1,0,0
39128,0,0.0,0.0,0.0,0.6,0.0,naics,5,0,1,0
39199,1,0.0,0.0,0.0,0.5,0.0,naics,3,1,1,1
39453,1,0.0,0.0,0.0,0.3,0.09,naics,4,1,0,0
39508,0,0.0,0.0,0.0,0.7,0.0,naics,3,0,0,1
39545,0,0.0,0.0,0.0,0.5,0.0,naics,2,0,1,0
3955,0,0.0,0.0,0.0,0.1,0.0,naics,4,0,1,0
3974,0,0.0,0.0,0.0,0.3,0.06,naics,1,0,1,0
398,1,0.0,0.0,0.0,0.6,0.18,naics,5,1,0,0
39825,1,0.0,0.3,0.3,0.4,0.2699999999999999,naics,4,1,0,0
39957,0,0.0,0.0,0.0,0.7,0.0,naics,4,0,1,0
40,0,0.0,0.0,0.0,0.7,0.0,naics,2,0,0,1
400,1,0.0,0.0,0.0,0.6,0.0,naics,5,1,0,0
400084,1,0.0,0.0,0.0,0.8,0.0,naics,5,1,1,1
400092,0,0.0,0.0,0.0,0.9,0.0,naics,1,0,0,1
400151,0,0.0,0.0,0.0,0.9,0.0,naics,1,0,0,1
400160,1,0.0,0.0,0.0,0.7,0.075,naics,3,1,0,0
4004,1,0.0,0.0,0.0,0.6,0.105,naics,5,1,0,0
400548,0,0.0,0.0,0.0,0.6,0.0,naics,3,0,1,0
400648,1,0.0,0.0,0.0,0.7,0.0,naics,5,1,1,1
400672,1,0.0,0.0,0.0,0.6,0.015,naics,4,1,1,1
400718,0,0.0,0.0,0.0,0.4,0.075,naics,1,0,1,0
400777,1,0.0,0.0,0.0,0.5,0.0,naics,5,1,1,1
400786,0,0.0,0.0,0.0,0.5,0.0,naics,5,0,0,1
400882,1,0.0,0.0,0.0,0.5,0.0,naics,3,1,0,0
40092,0,0.0,0.0,0.0,0.6,0.075,naics,4,0,0,1
400964,1,0.0,0.0,0.0,0.2,0.0,naics,5,1,0,0
400980,1,0.0,0.0,0.0,0.6,0.0,naics,3,1,1,1
40104,1,0.0,0.0,0.0,0.7,0.0,naics,4,1,1,1
401069,1,0.0,0.0,0.0,0.6,0.0,naics,1,1,1,1
4011,0,0.0,0.0,0.0,0.2,0.0,naics,1,0,0,1
40112,1,0.0,0.0,0.0,0.9,0.0,naics,2,1,1,1
401162,0,0.0,0.0,0.0,0.3,0.0,naics,2,0,1,0
40117,1,0.0,0.0,0.0,0.3,0.0,naics,4,1,0,0
401179,1,0.0,0.0,0.0,1.0,0.0,naics,5,1,1,1
401276,1,0.0,0.0,0.0,0.5,0.0,naics,1,1,0,0
40146,1,0.0,0.0,0.0,0.4,0.0,naics,3,1,1,1
401526,1,0.0,0.0,0.0,0.6,0.0,naics,1,1,1,1
401609,0,0.0,0.0,0.0,0.9,0.03,naics,1,0,0,1
401738,1,0.0,0.0,0.0,0.5,0.0,naics,3,1,0,0
401797,0,0.0,0.0,0.0,0.6,0.0,naics,1,0,1,0
402053,0,0.0,0.0,0.0,0.1,0.0,naics,3,0,0,1
402074,0,0.0,0.0,0.0,0.7,0.045,naics,4,0,0,1
402144,0,0.0,0.0,0.0,0.4,0.0,naics,1,0,0,1
40215,1,0.0,0.0,0.0,0.9,0.0,naics,1,1,1,1
402255,0,0.0,0.0,0.0,0.8,0.03,naics,1,0,0,1
402280,0,0.0,0.0,0.0,0.3,0.03,naics,4,0,1,0
402304,1,0.0,0.0,0.0,0.6,0.245,naics,4,1,0,0
402361,1,0.0,0.0,0.0,0.7,0.0,naics,5,1,1,1
402480,1,0.0,0.0,0.0,0.8,0.0,naics,5,1,0,0
402652,0,0.0,0.0,0.0,0.3,0.0,naics,5,0,1,0
402731,1,0.0,0.0,0.0,0.9,0.0,naics,5,1,1,1
402868,0,0.0,0.0,0.0,0.3,0.0,naics,5,0,1,0
40294,0,0.0,0.0,0.0,0.5,0.0,naics,4,0,0,1
402981,0,0.0,0.0,0.0,0.5,0.0,naics,4,0,1,0
403,1,0.0,0.0,0.0,0.7,0.0,naics,5,1,1,1
403261,1,0.0,0.0,0.0,0.6,0.0,naics,4,1,1,1
403363,1,0.0,0.0,0.0,0.6,0.0,naics,1,1,1,1
403565,1,0.0,0.0,0.0,0.6,0.0,naics,3,1,1,1
40361,0,0.0,0.0,0.0,0.4,0.06,naics,3,0,0,1
40378,0,0.0,0.0,0.0,0.6,0.03,naics,2,0,1,0
4039,0,0.0,0.0,0.0,0.7,0.0,naics,3,0,0,1
403993,1,0.0,0.0,0.0,0.6,0.0,naics,2,1,0,0
404043,0,0.0,0.0,0.0,0.7,0.0,naics,3,0,0,1
404181,1,0.0,0.0,0.0,0.8,0.0,naics,4,1,0,0
404235,0,0.0,0.0,0.0,0.5,0.0,naics,5,0,0,1
404311,1,0.0,0.0,0.0,0.3,0.0,naics,5,1,0,0
40434,1,0.0,0.0,0.0,0.6,0.0,naics,3,1,1,1
404442,1,0.0,0.0,0.0,0.8,0.0,naics,4,1,1,1
404535,0,0.0,0.0,0.0,0.4,0.0,naics,2,0,1,0
404630,1,0.0,0.0,0.0,0.6,0.0,naics,3,1,1,1
404703,0,0.0,0.0,0.0,0.5,0.0,naics,5,0,0,1
404840,0,0.0,0.0,0.0,0.4,0.0,naics,1,0,1,0
40522,0,0.0,0.0,0.0,0.7,0.0,naics,4,0,0,1
40531,1,0.9999999999975,0.4,0.0,0.2,0.145,naics,3,1,1,1
405377,0,0.0,0.0,0.0,0.7,0.0,naics,3,0,0,1
405435,0,0.0,0.0,0.0,0.8,0.0,naics,2,0,0,1
405500,0,0.0,0.0,0.0,0.6,0.0,naics,5,0,0,1
405570,1,0.0,0.0,0.0,0.2,0.0,naics,5,1,0,0
405763,0,0.0,0.0,0.0,0.5,0.18,naics,5,0,0,1
40577,0,-0.9999999999933332,0.0,0.15,0.6,0.3299999999999999,naics,4,0,0,1
40595,1,0.0,0.0,0.0,0.5,0.0,naics,5,1,1,1
405955,0,0.0,0.0,0.0,0.6,0.06,naics,1,0,1,0
406023,1,0.0,0.0,0.0,0.5,0.0,naics,1,1,0,0
406065,0,0.0,0.0,0.0,0.6,0.0,naics,2,0,0,1
406354,0,-0.53846153846071,0.15,0.5,0.8,0.3949999999999999,naics,3,0,0,1
406530,0,0.0,0.0,0.0,0.6,0.0,naics,2,0,1,0
40659,1,-0.9999999999966668,0.0,0.3,0.8,0.225,naics,2,1,1,1
406725,1,0.0,0.0,0.0,0.7,0.045,naics,4,1,0,0
40739,1,0.0,0.0,0.0,0.4,0.19,naics,5,1,0,0
408,1,0.0,0.0,0.0,0.7,0.03,naics,2,1,1,1
40882,0,0.0,0.0,0.0,0.8,0.0,naics,1,0,0,1
40884,0,0.0,0.0,0.0,0.7,0.0,naics,2,0,0,1
40966,1,0.9999999999975,0.4,0.0,0.8,0.3199999999999999,naics,4,1,0,0
40975,1,0.0,0.0,0.0,0.5,0.3550000000000001,naics,5,1,0,0
41011,0,0.0,0.0,0.0,0.5,0.1816666666666666,naics,3,0,0,1
41023,0,0.0,0.0,0.0,0.8,0.0,naics,4,0,1,0
4108,1,0.0,0.0,0.0,0.9,0.0,naics,2,1,0,0
41170,1,0.0,0.0,0.0,0.6,0.0,naics,1,1,0,0
41254,0,0.0,0.0,0.0,0.7,0.0,naics,2,0,1,0
41259,0,0.0,0.0,0.0,0.6,0.0,naics,3,0,1,0
413,1,0.0,0.0,0.0,0.4,0.0,naics,4,1,0,0
41305,1,0.0,0.0,0.0,0.5,0.0,naics,4,1,1,1
41310,0,0.0,0.0,0.0,0.7,0.045,naics,5,0,0,1
4136,1,0.0,0.0,0.0,0.6,0.0,naics,5,1,0,0
41382,1,0.0,0.0,0.0,0.5,0.1649999999999999,naics,3,1,1,1
41526,1,0.0,0.0,0.0,0.7,0.0,naics,4,1,1,1
41534,0,0.0,0.0,0.0,0.6,0.0,naics,1,0,0,1
41535,1,0.0,0.0,0.0,0.6,0.0,naics,3,1,1,1
41596,1,0.9999999999933332,0.15,0.0,0.1,0.03,naics,4,1,0,0
41607,1,0.0,0.0,0.0,0.4,0.0,naics,5,1,0,0
41641,1,0.0,0.0,0.0,0.2,0.0,naics,4,1,0,0
41642,1,0.0,0.0,0.0,0.3,0.0,naics,1,1,0,0
41685,1,0.0,0.0,0.0,0.4,0.09,naics,4,1,0,0
41732,0,0.0,0.0,0.0,0.8,0.015,naics,5,0,0,1
41807,0,0.0,0.0,0.0,0.7,0.0,naics,1,0,0,1
41842,0,0.0,0.0,0.0,0.7,0.03,naics,5,0,0,1
4187,0,0.0,0.0,0.0,0.4,0.0,naics,4,0,1,0
41889,0,0.0,0.0,0.0,0.4,0.0,naics,5,0,1,0
42038,1,0.0,0.0,0.0,0.9,0.0,naics,4,1,1,1
4206,0,0.0,0.0,0.0,0.6,0.0,naics,3,0,1,0
4209,0,0.0,0.0,0.0,0.6,0.0,naics,4,0,0,1
421,1,0.0,0.0,0.0,0.6,0.0,naics,3,1,1,1
42139,0,0.0,0.0,0.0,0.6,0.075,naics,5,0,0,1
42193,0,0.0,0.0,0.0,0.7,0.0,naics,4,0,0,1
42276,0,0.0,0.0,0.0,0.7,0.0,naics,3,0,0,1
42330,0,0.9999999999933332,0.15,0.0,0.4,0.12,naics,4,0,0,1
42350,1,0.0,0.0,0.0,0.5,0.0,naics,2,1,0,0
42441,1,0.0,0.0,0.0,0.4,0.075,naics,3,1,1,1
42529,1,0.0,0.0,0.0,0.9,0.0,naics,1,1,1,1
42548,1,0.0,0.0,0.0,0.6,0.0,naics,1,1,0,0
4256,0,0.0,0.0,0.0,0.5,0.0,naics,4,0,0,1
42729,0,0.0,0.0,0.0,0.6,0.0,naics,2,0,0,1
42836,0,0.0,0.0,0.0,0.7,0.09,naics,5,0,0,1
42893,1,0.0,0.0,0.0,0.5,0.0,naics,4,1,1,1
4295,0,0.0,0.0,0.0,0.2,0.0,naics,3,0,1,0
4304,1,0.0,0.0,0.0,0.6,0.135,naics,5,1,1,1
43298,0,0.0,0.0,0.0,0.7,0.0,naics,1,0,0,1
43391,0,-0.9999999999933332,0.0,0.15,0.6,0.18,naics,1,0,1,0
4352,0,-0.9999999999933332,0.0,0.15,1.0,0.045,naics,2,0,0,1
43608,0,0.0,0.0,0.0,0.4,0.15,naics,5,0,1,0
43804,1,0.0,0.0,0.0,0.7,0.0,naics,1,1,0,0
43808,0,0.9999999999933332,0.15,0.0,0.5,0.15,naics,4,0,0,1
43809,1,0.0,0.0,0.0,0.6,0.0,naics,1,1,1,1
43976,1,0.0,0.0,0.0,0.6,0.0,naics,1,1,1,1
43999,0,0.0,0.0,0.0,0.7,0.03,naics,1,0,0,1
440,1,0.0,0.0,0.0,0.5,0.0,naics,5,1,1,1
44231,0,0.0,0.0,0.0,0.6,0.075,naics,1,0,1,0
4432,0,0.0,0.0,0.0,0.7,0.0,naics,5,0,1,0
44353,0,0.0,0.0,0.0,0.6,0.06,naics,5,0,0,1
44384,1,0.0,0.0,0.0,0.4,0.0,naics,2,1,1,1
44398,1,0.0,0.0,0.0,0.6,0.0,naics,3,1,1,1
44403,1,0.0,0.0,0.0,0.4,0.0,naics,4,1,0,0
44530,0,0.0,0.0,0.0,0.6,0.0,naics,1,0,1,0
44552,1,0.0,0.0,0.0,0.9,0.015,naics,2,1,1,1
44582,0,0.0,0.0,0.0,0.5,0.0,naics,5,0,1,0
44685,1,0.0,0.0,0.0,0.5,0.0,naics,2,1,0,0
4472,0,0.0,0.0,0.0,0.4,0.0,naics,2,0,0,1
44773,0,0.0,0.0,0.0,0.5,0.03,naics,3,0,0,1
44827,1,0.0,0.0,0.0,0.7,0.0,naics,3,1,0,0
44933,0,0.0,0.0,0.0,0.4,0.18,naics,4,0,1,0
45036,1,0.0,0.0,0.0,0.6,0.0,naics,4,1,1,1
45086,1,0.0,0.0,0.0,0.4,0.0,naics,2,1,0,0
45138,1,0.0,0.0,0.0,0.6,0.03,naics,3,1,1,1
45292,0,0.0,0.0,0.0,0.7,0.0,naics,5,0,0,1
45311,1,-0.9999999999933332,0.0,0.15,0.8,0.075,naics,3,1,0,0
4533,1,0.0,0.0,0.0,0.6,0.12,naics,1,1,0,0
45354,0,0.0,0.0,0.0,0.1,0.0,naics,5,0,0,1
454,1,0.0,0.0,0.0,0.4,0.0,naics,1,1,1,1
45508,0,-0.9999999999966668,0.0,0.3,0.6,0.2699999999999999,naics,5,0,0,1
45573,1,0.0,0.0,0.0,0.6,0.0,naics,3,1,1,1
45586,1,0.0,0.0,0.0,0.6,0.03,naics,4,1,1,1
4559,0,0.0,0.0,0.0,0.5,0.0,naics,2,0,1,0
45643,1,0.0,0.0,0.0,0.6,0.0,naics,1,1,0,0
45719,0,-0.9999999999966668,0.0,0.3,0.5,0.4366666666666666,naics,5,0,0,1
4580,1,0.0,0.0,0.0,0.5,0.19,naics,5,1,0,0
45914,1,0.0,0.3,0.3,0.6,0.35,naics,3,1,0,0
46007,0,0.0,0.0,0.0,0.6,0.0,naics,1,0,0,1
46098,0,0.0,0.0,0.0,0.2,0.0,naics,2,0,1,0
46102,0,-0.9999999999933332,0.0,0.15,0.4,0.225,naics,3,0,0,1
4620,0,0.0,0.0,0.0,0.9,0.03,naics,2,0,0,1
46378,1,0.0,0.0,0.0,0.7,0.0,naics,5,1,0,0
464,1,0.0,0.0,0.0,0.9,0.0,naics,5,1,1,1
46521,0,0.0,0.0,0.0,0.7,0.03,naics,2,0,0,1
46557,0,0.0,0.0,0.0,0.9,0.0,naics,2,0,0,1
46599,1,0.0,0.0,0.0,0.7,0.0,naics,1,1,0,0
466,0,0.0,0.0,0.0,0.5,0.0,naics,5,0,0,1
46600,1,0.3333333333325926,0.3,0.15,0.4,0.22,naics,4,1,1,1
46703,0,0.0,0.3,0.3,0.4,0.3199999999999999,naics,5,0,1,0
46775,1,0.0,0.0,0.0,0.6,0.0,naics,1,1,0,0
46796,1,0.0,0.0,0.0,0.4,0.0,naics,1,1,1,1
46811,1,0.0,0.0,0.0,0.1,0.0,naics,1,1,0,0
46875,0,0.0,0.0,0.0,0.4,0.0,naics,4,0,0,1
47008,0,0.0,0.0,0.0,0.6,0.0,naics,1,0,0,1
4703,0,0.0,0.0,0.0,0.6,0.0,naics,5,0,0,1
47131,1,0.0,0.0,0.0,0.5,0.0,naics,3,1,0,0
473,1,0.0,0.0,0.0,1.0,0.015,naics,2,1,1,1
47303,1,0.0,0.0,0.0,0.5,0.0,naics,1,1,0,0
47348,0,-0.0434782608695273,0.55,0.6,0.7,0.5650000000000001,naics,5,0,0,1
47391,1,0.0,0.0,0.0,0.6,0.0,naics,4,1,0,0
47480,0,0.0,0.0,0.0,0.7,0.045,naics,5,0,1,0
47584,0,0.0,0.0,0.0,0.5,0.045,naics,5,0,0,1
47590,1,0.6249999999992187,0.65,0.15,0.3,0.5883333333333333,naics,2,1,0,0
476,0,0.0,0.0,0.0,0.2,0.0,naics,1,0,0,1
477,1,0.0,0.0,0.0,0.3,0.0,naics,5,1,1,1
4774,1,0.0,0.0,0.0,0.6,0.0,naics,4,1,0,0
47744,1,0.0,0.0,0.0,0.5,0.0,naics,1,1,1,1
47806,0,0.0,0.0,0.0,0.5,0.0,naics,4,0,0,1
4781,1,0.0,0.0,0.0,0.5,0.0,naics,5,1,1,1
47832,1,0.0,0.0,0.0,0.5,0.045,naics,2,1,0,0
4786,0,0.0,0.0,0.0,0.6,0.0,naics,1,0,1,0
4788,1,0.0,0.0,0.0,0.4,0.0,naics,4,1,0,0
47899,0,0.0,0.0,0.0,0.7,0.0,naics,2,0,0,1
47936,1,0.0,0.0,0.0,0.5,0.0,naics,4,1,1,1
480,0,0.0,0.0,0.0,0.4,0.0,naics,5,0,1,0
4805,1,0.0,0.0,0.0,0.5,0.0,naics,4,1,1,1
48170,1,0.0,0.0,0.0,0.8,0.0,naics,2,1,0,0
48263,0,0.0,0.0,0.0,0.9,0.0,naics,5,0,0,1
48286,0,0.0,0.0,0.0,0.3,0.0,naics,2,0,1,0
483,1,0.0,0.0,0.0,0.7,0.03,naics,4,1,1,1
4839,1,0.0,0.0,0.0,0.9,0.0,naics,2,1,1,1
48521,0,0.0,0.0,0.0,0.4,0.0,naics,4,0,0,1
48537,0,0.9999999999933332,0.15,0.0,0.8,0.105,naics,4,0,0,1
48630,0,0.0,0.0,0.0,0.6,0.0,naics,1,0,1,0
4882,0,0.0,0.0,0.0,0.7,0.0,naics,5,0,0,1
48855,0,0.0,0.0,0.0,0.7,0.0,naics,1,0,0,1
489,1,0.0,0.0,0.0,0.5,0.0,naics,4,1,1,1
48909,1,0.0,0.0,0.0,0.5,0.0,naics,3,1,1,1
4892,1,0.0,0.0,0.0,0.6,0.0,naics,3,1,1,1
48961,1,0.0,0.0,0.0,0.7,0.015,naics,2,1,0,0
48995,1,0.0,0.0,0.0,0.7,0.0,naics,4,1,1,1
49,1,0.0,0.0,0.0,0.3,0.0,naics,5,1,0,0
49072,1,0.0,0.0,0.0,0.5,0.0,naics,2,1,1,1
49330,1,0.0,0.0,0.0,0.9,0.0,naics,1,1,1,1
49498,0,0.0,0.0,0.0,0.9,0.03,naics,4,0,0,1
49921,0,0.0,0.0,0.0,0.6,0.045,naics,5,0,0,1
500033,0,0.0,0.0,0.0,0.9,0.0,naics,2,0,0,1
500042,1,0.0,0.0,0.0,0.5,0.0,naics,1,1,1,1
500056,1,0.0,0.0,0.0,0.7,0.0,naics,3,1,1,1
500063,1,0.0,0.0,0.0,0.2,0.0,naics,4,1,0,0
500066,1,-0.9999999999933332,0.0,0.15,0.7,0.075,naics,2,1,0,0
500076,0,0.0,0.0,0.0,0.7,0.0,naics,1,0,0,1
500183,1,0.0,0.0,0.0,0.3,0.0,naics,4,1,1,1
500184,1,0.0,0.0,0.0,0.8,0.0,naics,3,1,0,0
500205,1,0.0,0.0,0.0,0.7,0.0,naics,4,1,1,1
500206,0,0.0,0.0,0.0,0.6,0.0,naics,5,0,0,1
500291,0,0.0,0.0,0.0,0.5,0.0,naics,2,0,0,1
500332,0,0.0,0.0,0.0,0.8,0.0,naics,4,0,0,1
500444,0,0.0,0.0,0.0,0.8,0.0,naics,5,0,0,1
500829,1,0.0,0.0,0.0,0.5,0.0,naics,4,1,1,1
501467,1,-0.9999999999933332,0.0,0.15,0.8,0.075,naics,1,1,0,0
501625,0,0.0,0.0,0.0,0.5,0.0,naics,5,0,0,1
502,0,0.0,0.0,0.0,0.5,0.0,naics,4,0,1,0
502425,1,0.0,0.0,0.0,0.7,0.0,naics,3,1,0,0
503011,1,0.0,0.0,0.0,0.6,0.0,naics,2,1,1,1
503406,1,0.0,0.0,0.0,0.6,0.0,naics,1,1,0,0
5043,0,0.0,0.0,0.0,0.4,0.0,naics,2,0,0,1
506,0,0.0,0.0,0.0,0.6,0.18,naics,5,0,0,1
5091,0,0.0,0.0,0.0,0.1,0.0,naics,2,0,1,0
5093,0,0.0,0.0,0.0,0.7,0.18,naics,5,0,0,1
51,1,0.0,0.0,0.0,0.3,0.0,naics,5,1,0,0
510,1,-0.3333333333325926,0.15,0.3,0.7,0.24,naics,5,1,0,0
5106,1,0.0,0.0,0.0,0.5,0.0,naics,3,1,1,1
5126,0,0.0,0.0,0.0,0.4,0.0,naics,1,0,1,0
5172,0,-0.9999999999933332,0.0,0.15,0.9,0.09,naics,5,0,0,1
5227,0,0.0,0.0,0.0,0.5,0.0,naics,5,0,1,0
5234,0,0.0,0.0,0.0,0.5,0.0,naics,1,0,0,1
5307,1,0.0,0.0,0.0,0.4,0.0,naics,5,1,1,1
5320,0,-0.9999999999933332,0.0,0.15,1.0,0.045,naics,5,0,0,1
5366,1,0.0,0.0,0.0,0.5,0.0,naics,1,1,1,1
547,1,0.0,0.0,0.0,0.4,0.0,naics,1,1,0,0
548,1,0.0,0.0,0.0,0.1,0.0,naics,1,1,0,0
5514,0,0.0,0.0,0.0,0.2,0.03,naics,5,0,0,1
555,0,0.0,0.0,0.0,0.6,0.03,naics,4,0,0,1
5562,0,0.0,0.15,0.15,0.6,0.1349999999999999,naics,3,0,0,1
5575,1,-0.9999999999933332,0.0,0.15,0.5,0.12,naics,5,1,0,0
557722,0,0.0,0.0,0.0,0.6,0.0,naics,3,0,1,0
5581,1,0.0,0.0,0.0,0.4,0.06,naics,4,1,0,0
558960,0,0.0,0.0,0.0,0.5,0.105,naics,5,0,0,1
559064,0,0.0,0.0,0.0,0.1,0.0,naics,4,0,1,0
559383,1,0.0,0.0,0.0,0.4,0.0,naics,3,1,1,1
559397,0,0.0,0.0,0.0,0.6,0.0,naics,1,0,0,1
560,0,0.0,0.0,0.0,0.9,0.0,naics,2,0,0,1
560075,0,0.0,0.0,0.0,0.6,0.03,naics,5,0,0,1
560077,0,-0.9999999999933332,0.0,0.15,0.7,0.09,naics,3,0,1,0
560541,0,0.0,0.0,0.0,0.7,0.0,naics,1,0,1,0
562,1,0.0,0.0,0.0,0.6,0.0,naics,3,1,1,1
562018,0,0.0,0.0,0.0,0.6,0.03,naics,3,0,0,1
564842,0,0.0,0.0,0.0,0.5,0.15,naics,3,0,0,1
567,1,0.0,0.0,0.0,0.7,0.0,naics,3,1,0,0
5731,1,0.0,0.0,0.0,0.5,0.0,naics,5,1,1,1
5757,0,0.0,0.0,0.0,0.7,0.015,naics,1,0,0,1
577,1,-0.9999999999975,0.0,0.4,1.0,0.15,naics,2,1,0,0
581,0,0.0,0.0,0.0,0.4,0.0,naics,3,0,0,1
5837,1,0.0,0.0,0.0,0.7,0.0,naics,1,1,1,1
5838,1,0.0,0.0,0.0,0.5,0.0,naics,2,1,0,0
587,1,-0.9999999999933332,0.0,0.15,0.4,0.1349999999999999,naics,5,1,0,0
59,0,0.0,0.0,0.0,0.8,0.0,naics,5,0,0,1
5920,1,0.0,0.0,0.0,0.5,0.045,naics,3,1,1,1
598,0,0.0,0.0,0.0,0.7,0.0,naics,2,0,0,1
6011,0,0.0,0.0,0.0,0.7,0.0,naics,3,0,0,1
6076,0,0.0,0.0,0.0,0.3,0.0,naics,2,0,1,0
608,1,0.0,0.0,0.0,0.7,0.0,naics,2,1,0,0
626,0,-0.3333333333325926,0.15,0.3,0.9,0.2249999999999999,naics,4,0,0,1
6278,0,0.0,0.0,0.0,0.4,0.0,naics,4,0,0,1
633,1,0.0,0.0,0.0,0.3,0.12,naics,4,1,0,0
6392,0,0.0,0.0,0.0,0.7,0.015,naics,1,0,0,1
6418,1,-0.9999999999975,0.0,0.4,0.6,0.215,naics,2,1,1,1
646,1,0.0,0.0,0.0,0.6,0.0,naics,1,1,0,0
6482,0,0.0,0.0,0.0,0.5,0.0,naics,3,0,1,0
650,1,0.0,0.0,0.0,0.3,0.0,naics,2,1,0,0
6517,0,0.0,0.0,0.0,0.6,0.0,naics,3,0,1,0
6576,1,0.0,0.0,0.0,0.2,0.045,naics,3,1,0,0
6584,0,0.0,0.15,0.15,0.4,0.1349999999999999,naics,3,0,1,0
6615,1,0.0,0.0,0.0,0.6,0.0,naics,2,1,1,1
6626,0,0.9999999999966668,0.3,0.0,0.5,0.24,naics,1,0,0,1
6632,0,0.0,0.0,0.0,0.6,0.0,naics,2,0,0,1
6712,1,0.0,0.0,0.0,0.6,0.0,naics,2,1,0,0
684,1,0.0,0.0,0.0,0.5,0.045,naics,1,1,1,1
686,1,0.0,0.0,0.0,0.8,0.0,naics,5,1,0,0
6892,0,0.0,0.0,0.0,0.5,0.015,naics,3,0,1,0
691,1,0.0,0.0,0.0,0.1,0.0,naics,1,1,1,1
692,0,0.0,0.0,0.0,0.5,0.0,naics,4,0,1,0
6920,1,-0.9999999999933332,0.0,0.15,0.6,0.12,naics,4,1,0,0
6954,1,0.0,0.0,0.0,0.4,0.0,naics,4,1,0,0
698,1,0.0,0.0,0.0,0.6,0.03,naics,3,1,1,1
702,1,0.0,0.0,0.0,1.0,0.0,naics,5,1,1,1
712,1,0.0,0.0,0.0,0.4,0.0,naics,3,1,1,1
714,1,0.0,0.0,0.0,0.2,0.0,naics,5,1,0,0
7159,1,0.0,0.0,0.0,0.3,0.0,naics,2,1,1,1
720,1,0.0,0.0,0.0,0.3,0.03,naics,3,1,1,1
721,1,0.0,0.0,0.0,0.9,0.0,naics,5,1,1,1
733,1,0.0,0.0,0.0,0.5,0.0,naics,3,1,1,1
7339,0,0.0,0.0,0.0,0.8,0.0,naics,2,0,0,1
7342,0,0.0,0.0,0.0,0.5,0.0,naics,5,0,0,1
7370,1,0.0,0.0,0.0,0.5,0.0,naics,5,1,1,1
740,0,0.0,0.0,0.0,0.4,0.0,naics,1,0,0,1
7511,0,0.0,0.0,0.0,0.7,0.0,naics,5,0,0,1
752,1,0.0,0.0,0.0,0.5,0.0,naics,4,1,0,0
7527,0,-0.9999999999933332,0.0,0.15,0.7,0.2599999999999999,naics,1,0,0,1
7557,1,0.0,0.0,0.0,0.3,0.045,naics,5,1,0,0
770,0,0.0,0.0,0.0,0.7,0.0,naics,5,0,0,1
778,1,0.0,0.0,0.0,0.4,0.0,naics,1,1,1,1
779,0,0.0,0.0,0.0,0.3,0.0,naics,5,0,0,1
78,1,0.0,0.0,0.0,0.5,0.0,naics,4,1,1,1
7818,1,0.0,0.0,0.0,0.3,0.03,naics,5,1,0,0
7952,0,0.0,0.0,0.0,0.6,0.0,naics,3,0,1,0
7981,1,0.0,0.0,0.0,0.6,0.015,naics,4,1,1,1
7986,0,0.0,0.0,0.0,0.5,0.075,naics,2,0,0,1
811,0,0.0,0.0,0.0,0.6,0.0,naics,1,0,0,1
8110,0,0.0,0.0,0.0,0.6,0.0,naics,4,0,1,0
8148,0,-0.9999999999933332,0.0,0.15,0.9,0.045,naics,1,0,0,1
817,0,0.0,0.0,0.0,0.5,0.24,naics,3,0,1,0
821,0,0.0,0.0,0.0,0.7,0.0,naics,1,0,0,1
825,1,0.0,0.0,0.0,0.9,0.0,naics,3,1,1,1
8302,0,0.0,0.0,0.0,0.2,0.09,naics,5,0,1,0
8403,0,0.0,0.0,0.0,0.9,0.0,naics,3,0,0,1
842,0,0.0,0.0,0.0,0.3,0.0,naics,4,0,0,1
8488,0,0.0,0.0,0.0,0.8,0.0,naics,4,0,0,1
8499,0,0.0,0.0,0.0,0.9,0.0,naics,5,0,0,1
8690,0,0.0,0.0,0.0,0.7,0.0699999999999999,naics,3,0,0,1
870,1,0.0,0.0,0.0,0.6,0.0,naics,4,1,1,1
8705,0,0.0,0.0,0.0,0.7,0.0,naics,4,0,0,1
8729,0,0.0,0.0,0.0,0.4,0.0,naics,2,0,0,1
8735,1,0.0,0.0,0.0,0.4,0.06,naics,3,1,1,1
8758,1,0.0,0.0,0.0,0.6,0.0,naics,1,1,1,1
8800,0,0.0,0.0,0.0,0.6,0.0,naics,5,0,1,0
8901,1,0.0,0.0,0.0,0.4,0.0,naics,3,1,1,1
8918,1,0.0,0.0,0.0,0.8,0.0,naics,3,1,1,1
895,1,0.0,0.0,0.0,0.3,0.03,naics,5,1,0,0
898,1,0.0,0.0,0.0,0.4,0.0,naics,4,1,0,0
899,0,0.0,0.0,0.0,0.9,0.0,naics,2,0,0,1
901,0,0.0,0.0,0.0,0.7,0.06,naics,3,0,1,0
9022,0,0.0,0.0,0.0,0.3,0.0,naics,1,0,1,0
904,0,0.0,0.0,0.0,0.6,0.075,naics,1,0,0,1
907,1,0.0,0.0,0.0,0.8,0.0,naics,2,1,1,1
908,1,0.0,0.0,0.0,0.5,0.29,naics,1,1,0,0
9120,1,0.0,0.0,0.0,0.5,0.0,naics,2,1,0,0
9148,0,0.0,0.0,0.0,0.5,0.0,naics,4,0,0,1
9151,0,0.0,0.0,0.0,0.4,0.045,naics,4,0,0,1
922,0,0.0,0.0,0.0,0.6,0.06,naics,1,0,1,0
9325,1,0.0,0.0,0.0,0.4,0.045,naics,3,1,0,0
9388,1,0.0,0.0,0.0,0.6,0.0,naics,2,1,1,1
9415,0,0.0,0.0,0.0,0.7,0.03,naics,3,0,0,1
944,0,0.0,0.0,0.0,0.4,0.015,naics,3,0,1,0
945,1,0.0,0.0,0.0,0.5,0.0,naics,5,1,0,0
9489,1,0.0,0.0,0.0,0.6,0.045,naics,2,1,0,0
9548,0,0.0,0.0,0.0,0.6,0.0,naics,1,0,1,0
955,1,0.0,0.0,0.0,0.6,0.21,naics,4,1,1,1
967,1,0.0,0.0,0.0,0.9,0.0,naics,2,1,1,1
97,1,0.0,0.0,0.0,0.8,0.0,naics,4,1,1,1
9715,1,0.0,0.0,0.0,1.0,0.0,naics,1,1,1,1
974,1,0.0,0.0,0.0,0.5,0.0,naics,5,1,1,1
982,1,0.0,0.0,0.0,0.6,0.0,naics,1,1,1,1
983,0,0.0,0.0,0.0,0.9,0.0,naics,2,0,0,1
9882,0,0.0,0.0,0.0,0.4,0.0,naics,5,0,0,1
9912,1,0.0,0.0,0.0,0.4,0.0,naics,2,1,1,1
9941,1,0.0,0.0,0.0,0.7,0.0,naics,3,1,1,1
9974,1,0.0,0.0,0.0,0.7,0.0,naics,1,1,1,1
9997,1,0.0,0.0,0.0,0.9,0.0,naics,5,1,1,1
1000013,1,0.0,0.5,0.5,0.5,0.5242708921432495,hs,1,1,0,0
1000074,1,0.0,0.5,0.5,0.3,0.6000000238418579,hs,5,1,0,0
1000129,0,0.0506912287462861,0.2374999970197677,0.2145833373069763,0.5,0.2388541400432586,hs,3,0,1,0
1000147,0,0.0260521074830308,0.3555555641651153,0.3375000059604645,0.6,0.3376389145851135,hs,4,0,1,0
1000232,0,0.0497066744821071,0.7083333134651184,0.6412500143051147,0.5,0.6351389288902283,hs,1,0,0,1
1000240,0,0.0262123180395084,0.4350000023841858,0.4127777814865112,0.3,0.4539920687675476,hs,4,0,1,0
1000337,1,0.029362542986242,0.402738094329834,0.3797619044780731,0.5,0.380912721157074,hs,3,1,0,0
1000340,1,0.0,0.5333333611488342,0.5333333611488342,0.5,0.5333333611488342,hs,2,1,0,0
10006,0,0.0,0.2750000059604645,0.2750000059604645,0.5,0.3633154630661011,hs,1,0,0,1
1000711,1,-0.012244886519846,0.5041666626930237,0.5166666507720947,0.8,0.4668749868869781,hs,2,1,1,1
1000832,1,-0.9999999999963636,0.0,0.2750000059604645,0.8,0.2291666567325592,hs,5,1,1,1
1000872,0,0.0394451356619211,0.4163194298744201,0.3847222328186035,0.6,0.4364791810512543,hs,2,0,1,0
1000951,0,0.0,0.7666666507720947,0.7666666507720947,0.3,0.7419246435165405,hs,3,0,0,1
1001039,1,0.0,0.2750000059604645,0.2750000059604645,0.5,0.2597916722297668,hs,5,1,1,1
1001040,1,0.0,0.5166666507720947,0.5166666507720947,0.5,0.4704166948795318,hs,3,1,1,1
1001049,1,0.0141643429720001,0.596666693687439,0.5799999833106995,0.5,0.5500634908676147,hs,4,1,1,1
1001056,1,0.12087912001531,0.8500000238418579,0.6666666865348816,0.1,0.8156110644340515,hs,2,1,0,0
1001095,0,0.0,0.0,0.0,0.4,0.174166664481163,hs,3,0,1,0
1001192,1,0.0065531110558468,0.5333333611488342,0.5263888835906982,0.6,0.4814007878303528,hs,2,1,1,1
1001305,0,0.0886998806052415,0.746666669845581,0.625,0.7,0.6796666979789734,hs,3,0,0,1
1001307,0,0.0102766815046213,0.4437499940395355,0.4347222149372101,0.3,0.4039543569087982,hs,4,0,1,0
1001436,1,0.0,0.4895833432674408,0.4895833432674408,0.5,0.4406250119209289,hs,4,1,0,0
1001493,0,0.0,0.125,0.125,0.5,0.140625,hs,1,0,1,0
1001682,0,0.0,0.5364583134651184,0.5364583134651184,0.5,0.5210069417953491,hs,3,0,1,0
1001716,1,0.0387596883106279,0.4466666579246521,0.4133333265781402,0.8,0.4167916774749756,hs,1,1,1,1
1001755,0,-0.0428726820412903,0.4363095164299011,0.4753968119621277,0.6,0.4491964280605316,hs,2,0,0,1
1001772,1,0.0,0.125,0.125,0.7,0.1124999970197677,hs,4,1,1,1
1001778,0,-0.1508491536328968,0.3541666567325592,0.4799999892711639,0.6,0.4614931046962738,hs,3,0,1,0
1001792,0,-0.1187214721855948,0.3216666579246521,0.4083333313465118,0.4,0.391948401927948,hs,2,0,0,1
1001829,1,0.0,0.4440476298332214,0.4440476298332214,0.3,0.4605317711830139,hs,3,1,0,0
1001837,1,0.0177095748622085,0.5387499928474426,0.5199999809265137,0.2,0.547333300113678,hs,4,1,0,0
1001927,1,0.0212766135532076,0.800000011920929,0.7666666507720947,0.4,0.7824662923812866,hs,4,1,0,0
1001959,0,0.0,0.4633333384990692,0.4633333384990692,0.6,0.4462777972221374,hs,5,0,0,1
1002046,1,0.1724137794951581,0.1770833283662796,0.125,0.4,0.1547916680574417,hs,3,1,1,1
1002124,1,-0.2053571539044446,0.2966666519641876,0.449999988079071,0.9,0.3760555386543274,hs,1,1,1,1
1002184,1,0.0525824342517343,0.402738094329834,0.3625000119209289,0.6,0.3826487958431244,hs,4,1,1,1
1002348,0,-0.0718336351235311,0.3507142961025238,0.4050000011920929,0.7,0.3992589116096496,hs,3,0,0,1
1002417,1,0.0163934272452083,0.2583333253860473,0.25,0.4,0.2316666543483734,hs,1,1,1,1
1002449,1,0.0,0.2750000059604645,0.2750000059604645,0.8,0.2650000154972076,hs,3,1,1,1
1002639,0,0.0,0.2750000059604645,0.2750000059604645,0.7,0.304583340883255,hs,2,0,0,1
1002642,0,0.0,0.1666666716337204,0.1666666716337204,0.5,0.1779166758060455,hs,5,0,1,0
1002643,0,-0.999999999992,0.0,0.125,0.1,0.2052083313465118,hs,3,0,1,0
1002672,0,0.0,0.4166666567325592,0.4166666567325592,0.6,0.387499988079071,hs,3,0,1,0
1002796,1,0.0,0.0,0.0,0.7,0.0375000014901161,hs,2,1,1,1
1002841,0,0.0,0.4652777910232544,0.4652777910232544,0.7,0.4936944544315338,hs,1,0,0,1
1002916,0,0.0019768448629068,0.6159722208976746,0.6135416626930237,0.6,0.6576040983200073,hs,5,0,0,1
1002943,0,0.0,0.5770833492279053,0.5770833492279053,0.6,0.5719305872917175,hs,1,0,0,1
1002971,1,0.0,0.5,0.5,0.4,0.5,hs,1,1,0,0
1003026,0,0.0,0.5,0.5,0.5,0.449999988079071,hs,4,0,0,1
10031,0,0.0,0.3083333373069763,0.3083333373069763,0.4,0.3937599062919616,hs,4,0,1,0
1003407,1,-0.0151188069126359,0.4749999940395355,0.4895833432674408,0.6,0.4949999749660492,hs,5,1,1,1
1003418,0,-0.0175438675743496,0.1944444477558136,0.2013888955116272,0.5,0.2059722393751144,hs,1,0,1,0
1003498,1,0.0,0.0,0.0,0.6,0.174166664481163,hs,1,1,1,1
1003655,0,-0.0059171542538165,0.1749999970197677,0.1770833283662796,0.5,0.1805555522441864,hs,3,0,0,1
1003719,1,0.0,0.2750000059604645,0.2750000059604645,0.7,0.4238541722297668,hs,1,1,1,1
1003749,0,0.0,0.0,0.0,0.9,0.0,hs,4,0,0,1
1003914,1,0.0,0.375,0.375,0.6,0.3704861104488373,hs,4,1,1,1
1004001,1,0.0440251749624542,0.518750011920929,0.4749999940395355,0.2,0.5061249732971191,hs,4,1,0,0
1004017,1,-0.0238952530387144,0.5325000286102295,0.558571457862854,0.5,0.5127549767494202,hs,2,1,0,0
1004051,1,-0.0101420168068249,0.4357142746448517,0.4446428716182709,0.5,0.4246547818183899,hs,2,1,1,1
1004178,1,0.0,0.2883333265781402,0.2883333265781402,0.2,0.3336527943611145,hs,5,1,0,0
1004347,0,-0.1265059903528268,0.3020833432674408,0.3895833194255829,0.6,0.3828125,hs,1,0,1,0
1004428,1,-0.0727316957000373,0.7563492059707642,0.875,0.6,0.8134682774543762,hs,4,1,0,0
1004472,1,0.0,0.5,0.5,0.5,0.481249988079071,hs,4,1,1,1
1004524,0,0.0239999992675597,0.6666666865348816,0.6354166865348816,0.6,0.6084781885147095,hs,2,0,0,1
1004720,0,-0.0921052676983177,0.4312500059604645,0.518750011920929,0.6,0.5016666650772095,hs,1,0,0,1
1004898,1,0.0,0.0,0.0,0.4,0.1118333339691162,hs,1,1,1,1
1004946,1,0.0,0.2145833373069763,0.2145833373069763,0.5,0.2092658579349517,hs,1,1,0,0
1004964,1,0.0,0.5,0.5,0.6,0.5404166579246521,hs,5,1,1,1
1005117,1,0.0152114820607976,0.4833333194255829,0.4688492119312286,0.7,0.4355039596557617,hs,2,1,1,1
1005122,0,-0.1315789176484454,0.2750000059604645,0.3583333194255829,0.4,0.3337500095367431,hs,3,0,1,0
1005154,1,0.0,0.5770833492279053,0.5770833492279053,0.6,0.5448957681655884,hs,4,1,1,1
1005222,0,-0.0216358649989465,0.4598214328289032,0.4801587164402008,0.5,0.5040653944015503,hs,3,0,1,0
1005225,1,0.0828471430598839,0.3222222328186035,0.2729166746139526,0.5,0.3035417199134826,hs,3,1,1,1
1005458,0,0.0,0.550000011920929,0.550000011920929,0.8,0.6412500143051147,hs,1,0,0,1
1005547,0,-0.1640625199177419,0.3566666543483734,0.496666669845581,1.0,0.4061110913753509,hs,1,0,0,1
1005659,1,0.4915254319471155,0.550000011920929,0.1875,0.7,0.7506250143051147,hs,2,1,0,0
1005690,0,0.0,0.0,0.0,0.5,0.0625,hs,2,0,1,0
1005734,1,0.0,0.4350000023841858,0.4350000023841858,0.7,0.3967360854148865,hs,2,1,1,1
1005799,1,0.1851851819144228,0.4000000059604645,0.2750000059604645,0.5,0.3600000441074371,hs,4,1,1,1
1005875,1,0.0152751131328043,0.6791666746139526,0.658730149269104,0.9,0.6204077005386353,hs,3,1,1,1
1005886,0,-0.4002828876846269,0.2355555593967437,0.550000011920929,0.3,0.5185555815696716,hs,1,0,0,1
1005960,0,0.0792079186885214,0.605555534362793,0.5166666507720947,0.3,0.5177778005599976,hs,2,0,1,0
1005974,0,-0.999999999998182,0.0,0.550000011920929,0.9,0.3827083110809326,hs,5,0,0,1
1005984,0,0.0,0.125,0.125,0.4,0.1187499985098838,hs,4,0,1,0
1006098,1,-0.0481586260028731,0.6666666865348816,0.7341269850730896,0.6,0.7865971326828003,hs,1,1,0,0
10061,1,0.0,0.2666666805744171,0.2666666805744171,0.6,0.2660277783870697,hs,3,1,1,1
1006100,0,0.6296296361696728,0.550000011920929,0.125,0.5,0.4525000154972076,hs,4,0,0,1
1006171,0,-0.0680251667350674,0.3702380955219269,0.4242857098579407,0.5,0.4537936151027679,hs,5,0,0,1
1006187,0,0.0,0.4895833432674408,0.4895833432674408,0.3,0.5956944823265076,hs,3,0,0,1
1006318,0,0.3212669800405802,0.2433333396911621,0.125,0.4,0.2637916505336761,hs,5,0,1,0
1006378,0,0.0211640011405911,0.3216666579246521,0.3083333373069763,0.5,0.345878005027771,hs,2,0,0,1
1006383,0,0.0,0.0,0.0,0.4,0.2793332934379577,hs,2,0,0,1
1006409,1,0.2394366216098756,0.550000011920929,0.3375000059604645,0.4,0.4669792056083679,hs,5,1,0,0
1006411,1,0.005128224690751,0.612500011920929,0.606249988079071,0.2,0.7241944074630737,hs,5,1,0,0
1006461,1,0.0,0.375,0.375,0.6,0.3506944477558136,hs,4,1,1,1
1006742,1,0.0,0.0,0.0,0.5,0.0625,hs,1,1,1,1
1006905,1,0.1329479744885865,0.4083333313465118,0.3125,0.3,0.3829166889190674,hs,4,1,0,0
1006935,0,-0.0594227184264258,0.5770833492279053,0.6499999761581421,0.4,0.57865971326828,hs,2,0,1,0
1007014,0,-0.02941174131774,0.6547619104385376,0.6944444179534912,0.7,0.6206547617912292,hs,5,0,1,0
1007077,1,0.0,0.5,0.5,0.6,0.481249988079071,hs,1,1,1,1
1007109,1,0.0,0.2750000059604645,0.2750000059604645,0.8,0.2650000154972076,hs,4,1,1,1
1007111,0,0.0,0.2750000059604645,0.2750000059604645,0.7,0.2475000172853469,hs,2,0,0,1
1007116,0,-0.2085889536225966,0.3583333194255829,0.5472221970558167,0.6,0.4771874845027923,hs,5,0,1,0
1007323,1,-0.0303030014037865,0.6666666865348816,0.7083333134651184,0.6,0.6832500100135803,hs,2,1,0,0
1007368,1,0.0,0.0,0.0,0.5,0.1140416637063026,hs,5,1,1,1
1007425,1,-0.2487135518627152,0.3650000095367431,0.6066666841506958,0.6,0.558555543422699,hs,2,1,0,0
1007449,1,0.0,0.125,0.125,0.3,0.3594821393489837,hs,3,1,0,0
1007540,0,-0.1983002605555138,0.3930555582046509,0.5874999761581421,0.9,0.5093055963516235,hs,1,0,0,1
1007665,1,0.0,0.2583333253860473,0.2583333253860473,0.6,0.2324999868869781,hs,4,1,1,1
1007667,0,0.0393012917124915,0.7083333134651184,0.6547619104385376,0.6,0.7719284892082214,hs,1,0,0,1
1007756,0,0.0,0.25,0.25,0.5,0.273541659116745,hs,5,0,1,0
1007828,1,0.0615835602434506,0.7541666626930237,0.6666666865348816,0.3,0.6959663033485413,hs,5,1,1,1
1007876,0,-0.999999999998182,0.0,0.550000011920929,0.9,0.3827083110809326,hs,2,0,0,1
1007922,0,0.5663157727349386,0.7749999761581421,0.2145833373069763,0.4,0.5852082967758179,hs,3,0,0,1
1008009,0,0.0,0.1666666716337204,0.1666666716337204,0.5,0.1499999910593032,hs,2,0,1,0
1008116,1,0.0,0.5,0.5,0.5,0.5242708921432495,hs,3,1,1,1
1008150,1,-0.10204081434037,0.2750000059604645,0.3375000059604645,0.6,0.324583351612091,hs,3,1,1,1
1008152,1,-0.19999999999936,0.125,0.1875,0.3,0.1918749958276748,hs,3,1,1,1
1008184,0,0.0847914025450311,0.8395833373069763,0.7083333134651184,0.6,0.7500059604644775,hs,3,0,0,1
1008223,1,-0.0078740194730818,0.4375,0.4444444477558136,0.4,0.4090277552604675,hs,1,1,1,1
1008329,0,0.0,0.25,0.25,0.8,0.2620833218097687,hs,3,0,0,1
1008550,0,0.4146341599563064,0.3020833432674408,0.125,0.5,0.4178749918937683,hs,3,0,1,0
1008742,0,0.0,0.5,0.5,0.8,0.449999988079071,hs,3,0,0,1
1008802,0,0.0078625876271482,0.385740727186203,0.3797222077846527,0.4,0.3970185220241546,hs,4,0,1,0
1008867,1,-0.0156472519060513,0.4119047522544861,0.4250000119209289,0.7,0.3986745774745941,hs,3,1,1,1
1008898,0,0.0,0.0,0.0,0.5,0.1416666656732559,hs,4,0,0,1
1008936,1,0.0,0.0,0.0,0.7,0.0750000029802322,hs,4,1,0,0
1009175,0,-0.0711297127476577,0.3083333373069763,0.3555555641651153,0.5,0.360506922006607,hs,1,0,0,1
1009190,1,-0.9999999999963636,0.0,0.2750000059604645,0.8,0.2291666567325592,hs,5,1,1,1
1009253,0,-0.5833333291931496,0.125,0.4749999940395355,0.7,0.4208333492279053,hs,5,0,0,1
1009258,0,0.0242214495876188,0.5138888955116272,0.4895833432674408,0.5,0.5224167108535767,hs,3,0,1,0
1009400,1,0.0,0.5333333611488342,0.5333333611488342,0.4,0.4800000190734863,hs,5,1,0,0
1009443,1,0.0,0.3666666746139526,0.3666666746139526,0.3,0.4339166581630707,hs,1,1,0,0
1009510,1,0.0,0.5166666507720947,0.5166666507720947,0.6,0.4941666722297668,hs,2,1,1,1
1009555,0,-0.5128940011289888,0.1770833283662796,0.550000011920929,0.7,0.3946875035762787,hs,2,0,0,1
1009598,0,0.0,0.5166666507720947,0.5166666507720947,0.2,0.51666659116745,hs,4,0,1,0
10096,0,-0.0143266542589119,0.4777777791023254,0.4916666746139526,0.6,0.4619444906711578,hs,3,0,0,1
1009617,0,-0.411764694882003,0.1875,0.449999988079071,0.5,0.4089999794960022,hs,1,0,0,1
1009631,0,-0.0251107801189576,0.6875,0.7229166626930237,0.6,0.6825000047683716,hs,3,0,0,1
1009677,1,-0.999999999996,0.0,0.25,0.8,0.0968749970197677,hs,4,1,1,1
1009974,1,0.0328022851073016,0.3826389014720917,0.3583333194255829,0.3,0.3668055534362793,hs,1,1,1,1
1010126,0,0.0116279121989811,0.3020833432674408,0.2951388955116272,0.5,0.312678575515747,hs,4,0,1,0
1010148,0,-0.1244373631320432,0.418749988079071,0.5377777814865112,0.5,0.4899722039699554,hs,3,0,1,0
1010297,0,0.024102324141348,0.4337500035762787,0.4133333265781402,0.1,0.4003114700317383,hs,2,0,1,0
1010299,0,0.0399999957084297,0.5777778029441833,0.5333333611488342,0.5,0.6091943979263306,hs,2,0,1,0
1010301,0,0.0495049199943986,0.2944444417953491,0.2666666805744171,0.6,0.2876389026641845,hs,4,0,1,0
1010302,0,0.0,0.5166666507720947,0.5166666507720947,0.5,0.4704166948795318,hs,5,0,1,0
1010323,0,0.019550662947504,0.6065972447395325,0.5833333134651184,0.3,0.573881983757019,hs,4,0,1,0
1010563,0,-0.1999999856944054,0.1666666716337204,0.25,0.4,0.270187497138977,hs,5,0,1,0
1010792,0,0.0,0.0,0.0,0.6,0.0,hs,4,0,0,1
1010919,0,0.0303030014037865,0.7083333134651184,0.6666666865348816,0.8,0.6686111092567444,hs,2,0,0,1
1011316,0,0.1067961004588751,0.6785714030265808,0.5476190447807312,0.7,0.6654760837554932,hs,5,0,0,1
1011497,0,0.1428571291721738,0.3555555641651153,0.2666666805744171,0.3,0.2944444715976715,hs,1,0,1,0
1011611,0,-0.1126279740173282,0.5416666865348816,0.6791666746139526,1.0,0.5526667237281799,hs,5,0,0,1
1011777,0,0.1949152590528422,0.4699999988079071,0.3166666626930237,0.4,0.4028124809265136,hs,4,0,0,1
1011927,0,0.0,0.4895833432674408,0.4895833432674408,0.5,0.4406250119209289,hs,1,0,1,0
1011928,0,0.0635451375407307,0.4416666626930237,0.3888888955116272,0.4,0.3983055055141449,hs,1,0,0,1
1012171,0,0.0392817169040148,0.4822916686534881,0.4458333253860473,0.4,0.4477778077125549,hs,5,0,1,0
1012179,0,0.0,0.2750000059604645,0.2750000059604645,0.7,0.2475000172853469,hs,2,0,0,1
1012205,0,0.0,0.1666666716337204,0.1666666716337204,0.5,0.1499999910593032,hs,3,0,1,0
1012290,1,0.0399999759673785,0.7222222089767456,0.6666666865348816,0.4,0.6543055772781372,hs,3,1,1,1
1012712,0,0.019550662947504,0.6065972447395325,0.5833333134651184,0.5,0.5704414248466492,hs,4,0,1,0
1012770,0,0.0,0.125,0.125,0.3,0.1458333432674408,hs,3,0,1,0
1012821,0,0.0,0.4133333265781402,0.4133333265781402,0.5,0.3912222385406494,hs,4,0,1,0
1013219,0,0.0,0.5770833492279053,0.5770833492279053,0.4,0.5940138697624207,hs,5,0,1,0
1013353,1,0.0,0.550000011920929,0.550000011920929,0.6,0.8187500238418579,hs,3,1,0,0
10135,1,0.0,0.2708333432674408,0.2708333432674408,0.4,0.2717013955116272,hs,1,1,1,1
10188,0,0.0156056502686001,0.4270833432674408,0.413958340883255,0.4,0.383062481880188,hs,3,0,1,0
10263,0,0.0384167541145303,0.5575000047683716,0.5162500143051147,0.5,0.5625297427177429,hs,3,0,0,1
10282,1,-0.1404011631614428,0.5,0.6633333563804626,0.6,0.6048809289932251,hs,2,1,0,0
1033,1,-0.10204081434037,0.2750000059604645,0.3375000059604645,0.6,0.3500000238418579,hs,3,1,1,1
10334,0,0.0,0.125,0.125,0.2,0.1554166823625564,hs,3,0,1,0
10351,1,0.0417193482057556,0.4904761910438537,0.4511904716491699,0.6,0.4549106657505035,hs,5,1,1,1
1037,1,-0.6842105263152133,0.1875,1.0,1.0,0.6003125309944153,hs,2,1,0,0
104,0,-0.272226037138202,0.2750000059604645,0.4807291626930237,0.7,0.4145728945732116,hs,2,0,0,1
1042,1,0.0112359604740816,0.3125,0.3055555522441864,0.5,0.2986805438995361,hs,3,1,1,1
10484,0,0.0,0.125,0.125,0.4,0.1124999970197677,hs,1,0,1,0
1049,0,-0.0535987670348252,0.2145833373069763,0.2388888895511627,0.5,0.2551527619361877,hs,4,0,1,0
1056,0,0.0,0.5874999761581421,0.5874999761581421,0.3,0.5287500619888306,hs,2,0,1,0
1059,1,0.0,0.4895833432674408,0.4895833432674408,0.7,0.4427083134651184,hs,1,1,1,1
10600,1,0.1008303584745289,0.4833333194255829,0.3947916626930237,0.5,0.4370694160461426,hs,5,1,0,0
10630,1,0.0,0.5166666507720947,0.5166666507720947,0.3,0.4649999737739563,hs,5,1,0,0
107,1,-0.999999999996,0.0,0.25,0.8,0.0968749970197677,hs,4,1,1,1
10780,0,0.0041493735910493,0.8066666722297668,0.800000011920929,0.5,0.7713056206703186,hs,4,0,0,1
10790,0,-0.0092879166469699,0.6666666865348816,0.6791666746139526,0.5,0.6324008107185364,hs,1,0,0,1
108,1,0.0,0.4166666567325592,0.4166666567325592,0.5,0.4208333492279053,hs,1,1,1,1
1084,0,0.0,0.0,0.0,0.4,0.3962499797344208,hs,3,0,0,1
10878,1,-0.9999999999984,0.0,0.625,0.7,0.6489583253860474,hs,4,1,0,0
10884,1,-0.0148833714028977,0.5837500095367432,0.6013888716697693,0.5,0.5664652585983276,hs,3,1,1,1
10886,1,0.1428571574537087,0.1666666716337204,0.125,0.3,0.1385416686534881,hs,1,1,1,1
10897,1,0.0,0.5625,0.5625,0.4,0.7003124952316284,hs,1,1,0,0
109,1,0.0,0.3666666746139526,0.3666666746139526,0.8,0.3300000131130218,hs,3,1,1,1
10930,0,0.1187084446104551,0.4090277850627899,0.3222222328186035,0.2,0.3673611283302307,hs,4,0,1,0
10943,0,0.0,0.4194444417953491,0.4194444417953491,0.3,0.4100267887115478,hs,4,0,1,0
10967,1,0.0890550291998517,0.5562499761581421,0.4652777910232544,0.7,0.6550347208976746,hs,5,1,1,1
10993,1,0.0,0.1666666716337204,0.1666666716337204,0.5,0.1499999910593032,hs,5,1,1,1
110041,0,-0.4690265576343047,0.1875,0.518750011920929,0.8,0.3920833468437195,hs,1,0,0,1
110058,0,-0.0387597088343205,0.5166666507720947,0.5583333373069763,0.4,0.5340138673782349,hs,3,0,1,0
110069,0,0.0,0.4761904776096344,0.4761904776096344,0.8,0.4285714626312256,hs,5,0,0,1
110086,0,-0.3045563368172444,0.3020833432674408,0.5666666626930237,0.9,0.4280208051204681,hs,2,0,0,1
110095,0,-0.1408717643600416,0.5666666626930237,0.7524999976158142,0.9,0.5853750109672546,hs,2,0,1,0
110121,1,0.0029411841738151,0.4736111164093017,0.4708333313465118,0.5,0.4812996387481689,hs,1,1,1,1
110175,1,-0.0122850179846287,0.5583333373069763,0.5722222328186035,0.4,0.5252777934074402,hs,5,1,1,1
110238,1,-0.0247677780908816,0.3937500119209289,0.4137499928474426,0.2,0.4379791617393493,hs,5,1,0,0
110259,1,0.0,0.3666666746139526,0.3666666746139526,0.5,0.335416704416275,hs,3,1,1,1
110270,1,0.0,0.5,0.5,0.7,0.4583333134651184,hs,1,1,1,1
110333,1,0.0,0.0,0.0,0.6,0.1266666650772094,hs,2,1,1,1
110361,1,0.2222222369390896,0.4124999940395355,0.262499988079071,0.2,0.3702638745307922,hs,4,1,0,0
110432,1,-0.0303030016426048,0.3666666746139526,0.3895833194255829,0.5,0.3506249785423279,hs,3,1,0,0
110441,0,0.0,0.5166666507720947,0.5166666507720947,0.7,0.4649999737739563,hs,4,0,1,0
1105,0,-0.0322580801460297,0.4166666567325592,0.4444444477558136,0.5,0.4831805229187011,hs,1,0,1,0
110520,0,-0.0163934411812784,0.6666666865348816,0.6888889074325562,0.5,0.6640118956565857,hs,3,0,1,0
110603,0,0.0633213548646641,0.5562499761581421,0.4900000095367431,0.4,0.505726158618927,hs,1,0,1,0
110658,1,-0.9999999999953396,0.0,0.2145833373069763,0.5,0.2443749904632568,hs,1,1,0,0
110809,1,-0.0663723236076148,0.3671296238899231,0.4193286895751953,0.5,0.4286332726478576,hs,4,1,1,1
110858,1,0.0228310506259812,0.699999988079071,0.668749988079071,0.5,0.7655277848243713,hs,5,1,0,0
110904,0,0.0,0.3666666746139526,0.3666666746139526,0.6,0.3452777862548828,hs,4,0,0,1
111001,0,0.3333333333329293,0.550000011920929,0.2750000059604645,0.6,0.6056250333786011,hs,2,0,0,1
11101,1,-0.0142700665941439,0.5345237851142883,0.550000011920929,0.6,0.4934523999691009,hs,2,1,1,1
111020,0,0.0,0.5166666507720947,0.5166666507720947,0.5,0.4649999737739563,hs,5,0,0,1
111057,0,0.0,0.6133333444595337,0.6133333444595337,0.7,0.5806805491447449,hs,2,0,0,1
111123,1,0.0,0.4458333253860473,0.4458333253860473,0.4,0.4012499451637268,hs,1,1,0,0
111124,0,0.0210970449809077,0.5377777814865112,0.5155555605888367,0.5,0.4884166717529297,hs,4,0,1,0
111182,0,0.0,0.0,0.0,0.6,0.0,hs,4,0,0,1
111209,1,0.0,0.125,0.125,0.5,0.125,hs,5,1,0,0
11122,1,-0.0409913943485324,0.6986111402511597,0.7583333253860474,0.6,0.6733472347259521,hs,5,1,0,0
111236,1,0.0,0.6666666865348816,0.6666666865348816,0.3,0.625,hs,4,1,0,0
111264,0,0.0158730386996676,0.4000000059604645,0.387499988079071,0.4,0.363819420337677,hs,3,0,0,1
111265,1,0.0,0.0,0.0,0.4,0.1118333339691162,hs,1,1,1,1
111274,1,0.0,0.2750000059604645,0.2750000059604645,0.4,0.3587916493415832,hs,2,1,0,0
111354,1,0.0,0.1770833283662796,0.1770833283662796,0.4,0.3447916507720947,hs,3,1,0,0
111432,1,0.0,0.3666666746139526,0.3666666746139526,0.6,0.3540555238723755,hs,2,1,1,1
111457,0,0.0,0.2750000059604645,0.2750000059604645,0.4,0.2597916722297668,hs,1,0,1,0
11146,1,-0.0093458123847986,0.5520833134651184,0.5625,0.7,0.5052083134651184,hs,1,1,1,1
111486,0,-0.5652173822894297,0.125,0.449999988079071,0.5,0.3994166254997253,hs,3,0,0,1
111489,0,0.0,0.0,0.0,0.6,0.0,hs,1,0,0,1
111492,1,0.0,0.375,0.375,0.4,0.3593055605888366,hs,1,1,1,1
111504,0,-0.1710625204937145,0.4583333432674408,0.6474999785423279,0.7,0.569118082523346,hs,4,0,1,0
111505,1,0.0,0.3666666746139526,0.3666666746139526,0.3,0.3452777862548828,hs,1,1,0,0
111514,1,0.0,0.473333328962326,0.473333328962326,0.6,0.4425000250339508,hs,2,1,0,0
111526,0,-0.4594594664246771,0.125,0.3375000059604645,0.5,0.2653958201408386,hs,4,0,1,0
111597,0,0.0,0.0,0.0,0.6,0.0,hs,4,0,0,1
111624,1,-0.025550306330816,0.4918650686740875,0.5176587104797363,0.6,0.4734255671501159,hs,2,1,1,1
111661,0,-0.0306021711164385,0.3507142961025238,0.3728571534156799,0.6,0.4242618978023529,hs,2,0,0,1
11168,0,0.0,0.125,0.125,0.5,0.2416666746139526,hs,4,0,0,1
111719,1,0.0,0.125,0.125,0.4,0.1833333224058151,hs,3,1,0,0
111723,1,-0.0180780037082843,0.4300000071525574,0.4458333253860473,0.3,0.3996666371822357,hs,3,1,0,0
111747,1,0.0487565556574462,0.4451389014720917,0.4037500023841858,0.5,0.4060694575309753,hs,5,1,1,1
111808,1,0.0746269007253199,0.6000000238418579,0.5166666507720947,0.2,0.585254967212677,hs,2,1,1,1
111864,1,-0.0724637485856242,0.2666666805744171,0.3083333373069763,0.7,0.3136111497879028,hs,5,1,1,1
11188,0,0.0641509385072716,0.5874999761581421,0.5166666507720947,0.3,0.534166693687439,hs,2,0,1,0
111883,1,0.3333333333329293,0.550000011920929,0.2750000059604645,0.3,0.5521875619888306,hs,2,1,0,0
111892,1,-0.0476190374821749,0.800000011920929,0.8799999952316284,0.6,0.7918928861618042,hs,2,1,0,0
111901,0,0.0,0.5,0.5,0.7,0.5,hs,1,0,0,1
111903,0,-0.0769230599938757,0.5,0.5833333134651184,0.8,0.5195000171661377,hs,4,0,0,1
111919,0,0.0113207890071494,0.6700000166893005,0.6549999713897705,0.5,0.6347162127494812,hs,4,0,0,1
111942,1,0.0430463546095943,0.3937500119209289,0.3612500131130218,0.3,0.4002256989479065,hs,1,1,0,0
111974,0,0.0,0.2883333265781402,0.2883333265781402,0.6,0.4318234026432037,hs,2,0,0,1
112,1,0.0,0.1666666716337204,0.1666666716337204,0.2,0.1499999910593032,hs,3,1,1,1
112043,1,-0.1999999821183071,0.2666666805744171,0.4000000059604645,0.9,0.3478749990463257,hs,1,1,1,1
112044,0,0.0,0.25,0.25,0.5,0.3346111178398132,hs,5,0,0,1
112106,1,0.0107527086811569,0.4895833432674408,0.4791666567325592,0.5,0.5026805400848389,hs,5,1,1,1
112186,1,-0.0085959800825143,0.3604166805744171,0.3666666746139526,0.7,0.3513472378253937,hs,5,1,1,1
112200,0,-0.008008794956187,0.4024305641651153,0.4089285731315613,0.3,0.3893650472164154,hs,5,0,1,0
112213,1,0.0395480351555939,0.6133333444595337,0.5666666626930237,0.3,0.5653888583183289,hs,3,1,1,1
112255,0,-0.2307692378226798,0.25,0.4000000059604645,0.6,0.4207857251167297,hs,4,0,0,1
11228,1,0.0,0.5,0.5,0.4,0.4821458458900451,hs,4,1,0,0
112282,1,0.0,0.0,0.0,0.3,0.0354166701436042,hs,2,1,1,1
112372,0,0.0303030016426048,0.3895833194255829,0.3666666746139526,0.6,0.5156250596046448,hs,2,0,0,1
112417,1,0.0,0.5476190447807312,0.5476190447807312,0.4,0.5334821939468384,hs,2,1,0,0
112452,0,-0.0630630286963119,0.2708333432674408,0.3072916567325592,0.3,0.3421874642372131,hs,1,0,0,1
112572,1,0.2215930113352434,0.4943452477455139,0.3149999976158142,0.5,0.485922634601593,hs,3,1,1,1
112658,1,0.0,0.2750000059604645,0.2750000059604645,0.3,0.2475000172853469,hs,3,1,0,0
112674,1,0.0240295777939036,0.3847222328186035,0.3666666746139526,0.5,0.382847249507904,hs,3,1,1,1
11275,1,0.0,0.2750000059604645,0.2750000059604645,0.4,0.277708351612091,hs,5,1,0,0
112774,0,-0.4401244184563848,0.1875,0.4822916686534881,0.9,0.3662500083446502,hs,1,0,0,1
112784,0,0.0,0.3683333396911621,0.3683333396911621,0.5,0.3314999938011169,hs,1,0,0,1
112792,0,0.045804607493697,0.3583333194255829,0.3269444406032562,0.4,0.3398125171661377,hs,5,0,1,0
112795,0,0.0,0.125,0.125,0.5,0.1833333224058151,hs,4,0,0,1
112829,1,-0.0724637485856242,0.2666666805744171,0.3083333373069763,0.7,0.313611090183258,hs,2,1,1,1
112840,0,-0.0733695716608505,0.3552083373069763,0.4114583432674408,0.6,0.4095069468021393,hs,3,0,0,1
112867,1,0.999999999996,0.25,0.0,0.6,0.2722916603088379,hs,5,1,1,1
113030,1,0.0,0.1833333373069763,0.1833333373069763,0.4,0.1650000065565109,hs,2,1,1,1
113037,0,0.0,0.5,0.5,0.6,0.449999988079071,hs,5,0,0,1
113045,0,-0.0187500271014732,0.6541666388511658,0.6791666746139526,0.7,0.6266250610351562,hs,4,0,0,1
113064,1,0.0,0.1666666716337204,0.1666666716337204,0.3,0.2125000208616256,hs,5,1,1,1
113089,0,-0.0285343855601522,0.4458333253860473,0.4720238149166107,0.4,0.450126975774765,hs,1,0,1,0
113116,1,0.0833333526495606,0.4875000119209289,0.4124999940395355,0.4,0.4425555765628814,hs,4,1,0,0
113143,1,0.0,0.2708333432674408,0.2708333432674408,0.5,0.2437500059604644,hs,3,1,1,1
113160,1,0.0,0.4166666567325592,0.4166666567325592,0.4,0.4003471732139587,hs,4,1,1,1
113189,1,-0.0222126464027779,0.6297222375869751,0.6583333611488342,0.5,0.6785356998443604,hs,1,1,1,1
113238,1,-0.0724637485856242,0.2666666805744171,0.3083333373069763,0.7,0.2874999940395355,hs,3,1,1,1
113282,0,0.0,0.6133333444595337,0.6133333444595337,0.7,0.5519999265670776,hs,5,0,0,1
113288,1,0.0,0.2750000059604645,0.2750000059604645,0.2,0.2475000172853469,hs,2,1,0,0
113293,1,0.0149253587941332,0.2833333313465118,0.2750000059604645,0.7,0.3481458723545074,hs,5,1,1,1
113373,1,0.0,0.1666666716337204,0.1666666716337204,0.3,0.21875,hs,5,1,1,1
113381,1,-0.0220048808538817,0.625,0.653124988079071,0.5,0.7628472447395325,hs,3,1,0,0
113435,0,0.0,0.25,0.25,0.7,0.449999988079071,hs,2,0,0,1
113475,0,-0.0232558332951145,0.1749999970197677,0.1833333373069763,0.5,0.1806250065565109,hs,3,0,0,1
113479,0,0.0,0.5,0.5,0.4,0.5456250309944153,hs,5,0,1,0
113488,0,0.0208728454447472,0.4483333230018616,0.4300000071525574,0.6,0.3998332917690277,hs,1,0,0,1
113586,1,0.0,0.5,0.5,0.7,0.4749999940395355,hs,4,1,1,1
113612,0,0.0,0.625,0.625,0.5,0.6554375290870667,hs,5,0,1,0
113613,0,0.0,0.4933333396911621,0.4933333396911621,0.5,0.4751110970973968,hs,3,0,0,1
113623,1,-0.1208791116658826,0.5,0.637499988079071,0.5,0.6054166555404663,hs,4,1,0,0
113693,0,0.0156919067660655,0.6180555820465088,0.5989583134651184,0.4,0.5649744272232056,hs,3,0,1,0
113702,0,0.0,0.0,0.0,0.6,0.0,hs,4,0,0,1
113727,0,0.0,0.0,0.0,0.4,0.3962499797344208,hs,2,0,0,1
113732,1,-0.0338332672297386,0.5770833492279053,0.6175000071525574,0.9,0.5487638711929321,hs,2,1,1,1
113735,1,0.0,0.3683333396911621,0.3683333396911621,0.6,0.4436527788639068,hs,2,1,0,0
113881,1,0.0021692108256122,0.550000011920929,0.5476190447807312,0.3,0.5164087414741516,hs,1,1,1,1
113975,1,0.1235067353085725,0.8816964030265808,0.6878471970558167,0.3,0.7533888816833496,hs,3,1,0,0
114,1,0.0,0.125,0.125,0.7,0.1124999970197677,hs,5,1,1,1
114001,0,0.1062259675306143,0.4997222125530243,0.4037500023841858,0.2,0.4500693678855896,hs,2,0,1,0
114027,0,-0.2559899375691389,0.3072916567325592,0.518750011920929,0.7,0.4356448054313659,hs,2,0,0,1
114111,1,0.0,0.4458333253860473,0.4458333253860473,0.2,0.4540625214576721,hs,5,1,0,0
114116,0,-0.0052877310303794,0.6662499904632568,0.6733333468437195,0.8,0.6877778172492981,hs,2,0,0,1
114128,1,0.0526315701414376,0.375,0.3375000059604645,0.3,0.3449999988079071,hs,5,1,1,1
114139,0,-0.0413512079612665,0.3810185194015503,0.4138889014720917,0.5,0.394444078207016,hs,1,0,1,0
114161,1,-0.1625344384912412,0.3619047701358795,0.5023809671401978,0.5,0.4775853157043457,hs,2,1,1,1
114197,1,0.3178807777619569,0.4145833253860473,0.2145833373069763,0.5,0.5849999785423279,hs,2,1,0,0
114264,1,0.0909091027314007,0.5,0.4166666567325592,0.6,0.4568472504615783,hs,3,1,0,0
114364,0,0.1753183247084206,1.0,0.7016666531562805,0.3,0.8448541760444641,hs,3,0,0,1
114396,1,-0.0659340535178222,0.2833333313465118,0.3233333230018616,0.7,0.3388472199440002,hs,4,1,1,1
114447,0,-0.1149825858071153,0.793749988079071,1.0,0.6,0.8686607480049133,hs,4,0,0,1
114453,1,0.9999999999979732,0.4933333396911621,0.0,0.7,0.441625028848648,hs,4,1,0,0
114460,1,0.1891891996378923,0.1833333373069763,0.125,0.3,0.1683333367109298,hs,2,1,1,1
114474,0,0.026824714001854,0.3810185194015503,0.3611111044883728,0.5,0.3501610159873962,hs,1,0,1,0
114532,1,0.0434782494967797,0.3566666543483734,0.3269444406032562,0.4,0.3444236516952514,hs,5,1,1,1
114553,1,-0.0643274653222865,0.6666666865348816,0.7583333253860474,0.4,0.6960694789886475,hs,3,1,0,0
114572,1,-0.0149253590753237,0.4675000011920929,0.4816666543483734,0.7,0.4562261700630188,hs,1,1,1,1
114583,1,-0.0515334528082009,0.4735416769981384,0.5249999761581421,0.4,0.4846319258213043,hs,4,1,1,1
114628,0,-0.0400000183104697,0.25,0.2708333432674408,0.5,0.3738124966621399,hs,2,0,0,1
11471,1,0.0,0.1666666716337204,0.1666666716337204,0.4,0.2243611067533493,hs,1,1,1,1
114718,1,-0.1851851819144228,0.2750000059604645,0.4000000059604645,0.8,0.3371875286102295,hs,1,1,1,1
114743,1,0.2673992426863726,0.2883333265781402,0.1666666716337204,0.1,0.2645555734634399,hs,2,1,0,0
114761,1,0.0386740268613393,0.3263888955116272,0.3020833432674408,0.3,0.2987916469573974,hs,1,1,1,1
114825,0,-0.4910179834342714,0.1770833283662796,0.518750011920929,0.8,0.3962500095367431,hs,2,0,0,1
114863,0,-0.1304347645807119,0.5,0.6499999761581421,0.7,0.5667708516120911,hs,5,0,0,1
114876,1,0.0,0.5770833492279053,0.5770833492279053,0.4,0.5193750262260437,hs,1,1,0,0
114890,1,-0.0126582610838077,0.324999988079071,0.3333333432674408,0.4,0.3024305701255798,hs,4,1,1,1
114903,0,-0.0306153311200292,0.6662499904632568,0.7083333134651184,0.7,0.6385694742202759,hs,3,0,0,1
1150,0,0.0,0.3020833432674408,0.3020833432674408,0.7,0.2891666889190674,hs,5,0,1,0
11513,1,-0.0731373698788823,0.5649999976158142,0.6541666388511658,0.8,0.5839652419090271,hs,1,1,0,0
115248,1,0.0,0.0,0.0,0.4,0.0,hs,3,1,0,0
115255,0,0.0588235294117093,0.5625,0.5,0.4,0.5184166431427002,hs,5,0,0,1
1153,0,0.0,0.0,0.0,0.9,0.0,hs,4,0,0,1
115309,1,-0.0537634276284521,0.3666666746139526,0.4083333313465118,0.3,0.3804722130298614,hs,2,1,1,1
11545,0,0.0,0.0,0.0,0.3,0.0750000029802322,hs,5,0,0,1
1158,1,-0.0101010094624433,0.4666666686534881,0.4761904776096344,0.6,0.4599152207374573,hs,2,1,1,1
115823,1,0.10204081434037,0.3375000059604645,0.2750000059604645,0.5,0.3508854210376739,hs,2,1,1,1
116010,1,-0.0115830000674169,0.2666666805744171,0.2729166746139526,0.4,0.2981249690055847,hs,2,1,1,1
116084,0,0.0183875557884176,0.75,0.7229166626930237,0.3,0.6881250143051147,hs,5,0,0,1
11621,0,-0.230769217943971,0.550000011920929,0.8799999952316284,0.4,0.831000030040741,hs,2,0,0,1
11622,1,-0.0103509161392557,0.4666666686534881,0.4764285683631897,0.5,0.4450277686119079,hs,3,1,1,1
116250,1,0.0,0.5,0.5,0.3,0.449999988079071,hs,2,1,0,0
116435,0,0.0,0.5,0.5,0.5,0.449999988079071,hs,3,0,0,1
117587,1,0.0,0.0,0.0,0.5,0.0625,hs,4,1,1,1
117628,0,0.2025316431817398,0.4749999940395355,0.3149999976158142,0.6,0.4407708048820495,hs,3,0,0,1
117747,0,0.1028037055191513,0.3277777731418609,0.2666666805744171,0.2,0.2893650531768799,hs,5,0,1,0
117867,0,0.0,0.0,0.0,0.5,0.0625,hs,2,0,1,0
117906,1,0.0,0.3059523701667785,0.3059523701667785,0.2,0.2848412692546844,hs,2,1,1,1
117907,1,0.0,0.4166666567325592,0.4166666567325592,0.5,0.3750000298023224,hs,5,1,0,0
117908,1,0.1351469063639971,0.5433333516120911,0.413958340883255,0.4,0.4824196398258209,hs,3,1,1,1
117909,1,-0.999999999992,0.0,0.125,0.7,0.1658333241939544,hs,5,1,1,1
117910,0,0.0493827122337493,0.4047619104385376,0.3666666746139526,0.4,0.3551270067691803,hs,1,0,1,0
117911,0,0.0,0.7083333134651184,0.7083333134651184,0.6,0.6437499523162842,hs,1,0,1,0
118,1,-0.999999999996,0.0,0.25,0.8,0.0968749970197677,hs,5,1,1,1
118044,1,0.999999999992,0.125,0.0,0.5,0.1416666656732559,hs,3,1,0,0
118054,0,-0.0302506812485978,0.3895833194255829,0.4138889014720917,0.6,0.4169444441795349,hs,5,0,1,0
118092,0,-0.0604332794226909,0.6866666674613953,0.7749999761581421,1.0,0.6750000715255737,hs,1,0,0,1
118120,0,-0.9999999999957896,0.0,0.2374999970197677,0.1,0.3016666769981384,hs,2,0,1,0
118137,0,0.0,0.0,0.0,0.9,0.0,hs,5,0,0,1
118150,1,0.0,0.4458333253860473,0.4458333253860473,0.8,0.4083958268165588,hs,5,1,1,1
118155,0,0.0295748596571421,0.4973214268684387,0.46875,0.4,0.4552966654300689,hs,2,0,0,1
1182,1,0.0,0.25,0.25,0.7,0.2249999940395355,hs,2,1,1,1
11825,1,0.0,0.5,0.5,0.7,0.449999988079071,hs,3,1,0,0
118321,1,0.0,0.5,0.5,0.9,0.48458331823349,hs,5,1,1,1
118351,1,0.0,0.2374999970197677,0.2374999970197677,0.8,0.2729166448116302,hs,1,1,1,1
118352,1,0.0,0.550000011920929,0.550000011920929,0.5,0.6018750071525574,hs,2,1,0,0
118399,1,0.1891891996381991,0.3666666746139526,0.25,0.4,0.4402202069759369,hs,3,1,1,1
118402,0,0.0,0.1770833283662796,0.1770833283662796,0.5,0.1848611086606979,hs,5,0,0,1
118466,1,0.0,0.0,0.0,0.7,0.050000000745058,hs,1,1,1,1
118568,1,0.0,0.4833333194255829,0.4833333194255829,0.6,0.496011883020401,hs,4,1,1,1
118654,1,0.0,0.4895833432674408,0.4895833432674408,0.6,0.4473958015441894,hs,2,1,1,1
118701,0,0.319334671908443,0.7766666412353516,0.4006944298744201,0.4,0.7375674247741699,hs,1,0,0,1
118726,1,-0.0240295777939036,0.3666666746139526,0.3847222328186035,0.5,0.3831944465637207,hs,3,1,1,1
118730,1,0.0,0.5583333373069763,0.5583333373069763,0.6,0.512541651725769,hs,5,1,1,1
118768,0,0.0,0.3683333396911621,0.3683333396911621,0.6,0.3931944370269775,hs,5,0,1,0
118818,1,0.0476190703255245,0.4583333432674408,0.4166666567325592,0.4,0.4029761850833893,hs,4,1,1,1
118891,1,0.0,0.5333333611488342,0.5333333611488342,0.4,0.4800000190734863,hs,5,1,0,0
1190,1,0.0,0.125,0.125,0.5,0.1463333368301391,hs,5,1,1,1
119034,0,-0.0958904149854103,0.550000011920929,0.6666666865348816,0.3,0.7694166898727417,hs,3,0,0,1
119046,1,0.999999999997757,0.4458333253860473,0.0,0.6,0.3962499797344208,hs,4,1,0,0
119051,1,0.0227361655676798,0.603935182094574,0.5770833492279053,0.4,0.5638310313224792,hs,4,1,1,1
119135,1,0.0,0.59375,0.59375,0.6,0.5442222356796265,hs,2,1,1,1
119216,0,0.0,0.6133333444595337,0.6133333444595337,0.6,0.573125958442688,hs,3,0,1,0
119220,0,0.0,0.5249999761581421,0.5249999761581421,0.4,0.4881250262260437,hs,3,0,0,1
119338,0,0.0,0.6666666865348816,0.6666666865348816,0.5,0.5999999642372131,hs,2,0,0,1
119378,1,0.0349075647239281,0.5249999761581421,0.4895833432674408,0.5,0.4695833623409271,hs,5,1,1,1
119511,1,-0.0080896091616469,0.5534722208976746,0.5625,0.5,0.5053472518920898,hs,5,1,0,0
119644,0,0.59999999999904,0.5,0.125,0.2,0.3783333301544189,hs,2,0,1,0
1197,1,0.0570528748999927,0.6291666626930237,0.5612499713897705,0.4,0.5614079833030701,hs,2,1,1,1
119878,0,0.0,0.1666666716337204,0.1666666716337204,0.5,0.1666666567325592,hs,3,0,1,0
119917,1,0.0,0.2583333253860473,0.2583333253860473,0.3,0.258333295583725,hs,3,1,1,1
11994,0,0.0158730347950829,0.190476194024086,0.184523805975914,0.6,0.1708333194255828,hs,3,0,1,0
119945,1,0.1395348750169745,0.4083333313465118,0.3083333373069763,0.2,0.4248135089874267,hs,2,1,0,0
119951,0,0.0,0.1666666716337204,0.1666666716337204,0.5,0.168194442987442,hs,1,0,1,0
120004,0,0.0,0.4958333373069763,0.4958333373069763,0.6,0.4664444029331207,hs,5,0,1,0
120055,0,0.0,0.4166666567325592,0.4166666567325592,0.5,0.4166666865348816,hs,2,0,1,0
120069,1,0.0,0.4166666567325592,0.4166666567325592,0.3,0.4067360758781433,hs,3,1,0,0
120127,1,-0.0313901179598228,0.5625,0.5989583134651184,0.6,0.6003273725509644,hs,3,1,1,1
12016,1,-0.0396825371482813,0.4033333361148834,0.4366666674613952,0.7,0.3878889083862304,hs,1,1,1,1
120275,0,0.0,0.3583333194255829,0.3583333194255829,0.4,0.3694120347499847,hs,1,0,1,0
1203,0,0.0,0.4933333396911621,0.4933333396911621,0.6,0.4577202200889587,hs,1,0,0,1
120312,0,-0.0029673476762841,0.6666666865348816,0.670634925365448,0.4,0.6929524540901184,hs,4,0,1,0
120327,1,0.0,0.4166666567325592,0.4166666567325592,0.6,0.3750000298023224,hs,3,1,1,1
120487,0,0.0,0.2750000059604645,0.2750000059604645,0.3,0.3204167187213897,hs,4,0,1,0
120505,1,-0.0174326415268468,0.4305555522441864,0.4458333253860473,0.6,0.4443055093288421,hs,2,1,0,0
120560,0,0.0,0.5,0.5,0.6,0.5792707800865173,hs,2,0,1,0
120733,1,-0.0239234454127123,0.637499988079071,0.668749988079071,0.7,0.6039583086967468,hs,3,1,0,0
120784,1,0.0196205310201405,0.6549999713897705,0.6297916769981384,0.4,0.7166181206703186,hs,5,1,0,0
120852,0,0.1999999856944054,0.25,0.1666666716337204,0.7,0.4116666913032532,hs,5,0,0,1
120910,1,0.0,0.2761904895305633,0.2761904895305633,0.5,0.3014444708824157,hs,4,1,1,1
120938,0,-0.1851851819144228,0.2750000059604645,0.4000000059604645,0.7,0.3475000262260437,hs,2,0,0,1
121010,1,0.0,0.2145833373069763,0.2145833373069763,0.8,0.207708328962326,hs,3,1,1,1
1211,1,0.0,0.3333333432674408,0.3333333432674408,0.5,0.3190416693687439,hs,2,1,1,1
121215,1,0.0,0.0,0.0,0.7,0.0895833373069763,hs,2,1,1,1
121377,1,0.0121317197994208,0.648888885974884,0.6333333253860474,0.6,0.6612777709960938,hs,2,1,1,1
12139,0,-0.1951219384544009,0.2750000059604645,0.4083333313465118,0.5,0.3953243792057037,hs,1,0,0,1
121423,0,0.0,0.4933333396911621,0.4933333396911621,0.6,0.4619768559932709,hs,2,0,1,0
12144,1,0.0,0.125,0.125,0.5,0.1124999970197677,hs,3,1,0,0
121507,1,0.0228690011047424,0.512499988079071,0.4895833432674408,0.9,0.4728125035762787,hs,5,1,1,1
121556,1,0.0,0.4458333253860473,0.4458333253860473,0.1,0.4012499451637268,hs,3,1,0,0
121588,0,-0.4910179834342714,0.1770833283662796,0.518750011920929,0.8,0.3843749761581421,hs,5,0,0,1
121734,0,0.0,0.1666666716337204,0.1666666716337204,0.4,0.1499999910593032,hs,2,0,1,0
121867,1,0.0149253591128193,0.7083333134651184,0.6875,0.6,0.6375000476837158,hs,4,1,1,1
121877,1,0.0293819769839733,0.4703703820705414,0.4435185194015503,0.4,0.5049123764038086,hs,3,1,1,1
121954,1,-0.334862361992595,0.3020833432674408,0.606249988079071,0.4,0.51520836353302,hs,2,1,0,0
121979,1,0.0,0.6666666865348816,0.6666666865348816,0.4,0.7038888931274414,hs,5,1,0,0
122233,1,0.0,0.5,0.5,0.4,0.4562500119209289,hs,1,1,0,0
122287,1,0.071991561079756,0.7083333134651184,0.613194465637207,0.0,0.589263916015625,hs,2,1,0,0
1224,0,0.0395480650634999,0.5111111402511597,0.4722222089767456,0.4,0.4964444637298584,hs,2,0,1,0
122439,0,0.0,0.3583333194255829,0.3583333194255829,0.6,0.4830574989318847,hs,3,0,0,1
1225,0,0.0471950319597158,0.4900000095367431,0.4458333253860473,0.6,0.4476458430290222,hs,4,0,0,1
122532,0,0.0,0.5,0.5,0.9,0.5571874976158142,hs,2,0,0,1
122542,0,0.0,0.2750000059604645,0.2750000059604645,0.7,0.2866666913032532,hs,5,0,0,1
122579,0,0.0,0.125,0.125,0.2,0.125,hs,1,0,1,0
122612,1,-0.9999999999984,0.0,0.625,0.7,0.6489583253860474,hs,5,1,0,0
122646,1,0.0,0.125,0.125,0.6,0.1520833373069763,hs,2,1,1,1
122678,1,0.0,0.4166666567325592,0.4166666567325592,0.8,0.3750000298023224,hs,4,1,1,1
122685,1,0.0,0.3583333194255829,0.3583333194255829,0.6,0.3729166388511657,hs,4,1,1,1
1227,1,0.0,0.3583333194255829,0.3583333194255829,0.8,0.3733819127082824,hs,3,1,1,1
12272,0,0.19999999999936,0.1875,0.125,0.2,0.1950000077486038,hs,5,0,1,0
122746,1,-0.0052356270333913,0.6597222089767456,0.6666666865348816,0.4,0.5993055105209351,hs,5,1,1,1
122881,1,0.0,0.4483333230018616,0.4483333230018616,0.4,0.4034999907016754,hs,2,1,0,0
1229,0,0.0,0.1666666716337204,0.1666666716337204,0.7,0.1868749856948852,hs,4,0,1,0
122915,1,0.0,0.2583333253860473,0.2583333253860473,0.7,0.258333295583725,hs,2,1,1,1
122929,0,0.0,0.3666666746139526,0.3666666746139526,0.7,0.3300000131130218,hs,4,0,0,1
122941,0,-0.1428571574537087,0.125,0.1666666716337204,0.7,0.1966666579246521,hs,2,0,1,0
122962,0,-0.156771222040783,0.5266666412353516,0.7225000262260437,0.5,0.6992460489273071,hs,2,0,0,1
123054,1,0.0,0.1666666716337204,0.1666666716337204,0.2,0.1523809432983398,hs,4,1,1,1
123060,0,0.0,0.5,0.5,0.5,0.481249988079071,hs,4,0,1,0
123065,0,0.0,0.0,0.0,0.3,0.0375000014901161,hs,2,0,1,0
123077,1,0.0,0.3430555462837219,0.3430555462837219,0.5,0.3108333647251129,hs,1,1,0,0
1232,1,-0.263803689595438,0.125,0.2145833373069763,0.6,0.2635416686534881,hs,4,1,0,0
123230,1,0.0,0.0,0.0,0.7,0.0375000014901161,hs,4,1,1,1
123248,0,0.0139416894248607,0.4761904776096344,0.4630952477455139,0.5,0.4380291104316711,hs,1,0,0,1
123420,0,0.0,0.125,0.125,0.3,0.139583334326744,hs,1,0,1,0
1239,1,-0.0943396192463001,0.3000000119209289,0.3625000119209289,0.8,0.3431944251060486,hs,2,1,1,1
124024,0,0.0138029646773959,0.3169642984867096,0.3083333373069763,0.6,0.2967440485954284,hs,3,0,1,0
124373,1,-0.0375275777566149,0.6228571534156799,0.6714285612106323,0.6,0.6037142872810364,hs,1,1,1,1
1244,1,0.0,0.25,0.25,0.3,0.3310416936874389,hs,3,1,1,1
12451,0,0.0,0.2145833373069763,0.2145833373069763,0.7,0.242847204208374,hs,4,0,1,0
124532,1,-0.0298660959509814,0.280357152223587,0.2976190447807312,0.6,0.2936786115169525,hs,1,1,1,1
124554,1,0.0,0.3583333194255829,0.3583333194255829,0.6,0.4255624711513519,hs,1,1,1,1
124612,0,0.0537634276284521,0.4083333313465118,0.3666666746139526,0.2,0.387499988079071,hs,4,0,1,0
124642,0,0.0,0.2750000059604645,0.2750000059604645,0.5,0.3447916507720947,hs,5,0,0,1
1247,1,0.0,0.5770833492279053,0.5770833492279053,0.3,0.5502430200576782,hs,5,1,0,0
124729,1,0.0,0.4166666567325592,0.4166666567325592,0.6,0.3900000154972076,hs,5,1,1,1
124758,1,-0.0322580801460297,0.4166666567325592,0.4444444477558136,0.8,0.3935019671916961,hs,1,1,1,1
124867,0,0.0,0.449999988079071,0.449999988079071,0.4,0.4663888812065124,hs,2,0,1,0
124973,1,0.0,0.262499988079071,0.262499988079071,0.4,0.2543402910232544,hs,5,1,1,1
124978,0,-0.0299677692523376,0.6627976298332214,0.7037500143051147,0.6,0.6323869824409485,hs,4,0,1,0
125013,1,0.0,0.3020833432674408,0.3020833432674408,0.8,0.2791180610656738,hs,5,1,1,1
125032,0,0.0,0.4166666567325592,0.4166666567325592,0.4,0.3833333253860473,hs,3,0,1,0
125156,0,0.0,0.0,0.0,0.9,0.0,hs,3,0,0,1
1252,1,0.0,0.2374999970197677,0.2374999970197677,0.3,0.3467361032962799,hs,2,1,0,0
125274,1,0.012861709573583,0.3499999940395355,0.3411111235618591,0.6,0.3372708261013031,hs,2,1,1,1
125290,1,0.1477272825406697,0.6733333468437195,0.5,0.4,0.6474374532699585,hs,3,1,0,0
125400,1,0.0069225859703275,0.3333333432674408,0.3287500143051147,0.2,0.2995416522026062,hs,3,1,1,1
12578,1,0.0067719833128037,0.663690447807312,0.6547619104385376,0.4,0.6168402433395386,hs,1,1,1,1
126416,1,0.0,0.75,0.75,0.6,0.6990277767181396,hs,2,1,1,1
126418,1,0.0242214495876188,0.5138888955116272,0.4895833432674408,0.4,0.520520806312561,hs,5,1,1,1
126485,1,0.0,0.5,0.5,0.6,0.5,hs,2,1,0,0
126572,1,0.0,0.4166666567325592,0.4166666567325592,0.5,0.3805555701255798,hs,4,1,1,1
126671,1,0.1031822793561451,0.6355555653572083,0.5166666507720947,0.3,0.5778610706329346,hs,2,1,0,0
126866,0,-0.1185410070025068,0.3020833432674408,0.3833333253860473,0.7,0.3492361009120941,hs,1,0,1,0
126971,0,0.0,0.2708333432674408,0.2708333432674408,0.7,0.2437500059604644,hs,3,0,1,0
127324,1,-0.0184722806305833,0.3900793790817261,0.4047619104385376,0.7,0.3686190247535705,hs,2,1,1,1
127353,0,0.0,0.5333333611488342,0.5333333611488342,0.5,0.4877499938011169,hs,5,0,1,0
12738,0,0.0,0.5,0.5,0.3,0.559166669845581,hs,2,0,1,0
127507,0,0.0,0.5770833492279053,0.5770833492279053,0.5,0.5493403077125549,hs,4,0,1,0
127574,1,0.0,0.4458333253860473,0.4458333253860473,0.7,0.4181250035762787,hs,2,1,1,1
12768,0,-0.0507364722546938,0.3020833432674408,0.3343749940395355,0.5,0.3296875059604645,hs,1,0,1,0
127680,0,0.0588235294117093,0.5625,0.5,0.3,0.5099374651908875,hs,2,0,0,1
127731,0,0.0,0.3683333396911621,0.3683333396911621,0.6,0.3581666946411133,hs,3,0,1,0
127803,1,0.0,0.125,0.125,0.5,0.2175000011920929,hs,3,1,1,1
127815,1,-0.1111111111110123,0.5,0.625,0.2,0.6515625715255737,hs,3,1,0,0
127884,0,-0.0332225904739376,0.3233333230018616,0.3455555438995361,0.4,0.3238263726234436,hs,4,0,1,0
127955,0,0.0,0.2750000059604645,0.2750000059604645,0.7,0.2475000172853469,hs,3,0,0,1
127969,1,-0.0059171542538291,0.699999988079071,0.7083333134651184,0.4,0.6366667151451111,hs,4,1,0,0
127976,0,0.9999999999974332,0.3895833194255829,0.0,0.3,0.441625028848648,hs,3,0,0,1
128204,1,0.0793650490895833,0.3541666567325592,0.3020833432674408,0.6,0.3390277922153473,hs,3,1,1,1
128219,1,0.032258068959571,0.4466666579246521,0.418749988079071,0.4,0.4019861221313476,hs,5,1,1,1
128227,0,0.0,0.0,0.0,0.7,0.0354166701436042,hs,4,0,1,0
1283,1,-0.0357142845738524,0.449999988079071,0.4833333194255829,0.7,0.4195833206176758,hs,2,1,1,1
128321,0,0.0,0.2958333194255829,0.2958333194255829,0.4,0.3296007215976715,hs,3,0,1,0
128451,0,0.0071942728738263,0.7333333492279053,0.7228571176528931,0.6,0.7317579984664917,hs,4,0,1,0
128636,1,0.0,0.4119047522544861,0.4119047522544861,0.4,0.4119047522544861,hs,3,1,0,0
128646,0,0.0,0.25,0.25,0.8,0.2750000059604645,hs,5,0,0,1
128647,0,0.0,0.6333333253860474,0.6333333253860474,0.3,0.5699999332427979,hs,1,0,1,0
12868,0,0.0,0.4166666567325592,0.4166666567325592,0.6,0.3750000298023224,hs,2,0,0,1
128912,1,0.19999999999968,0.375,0.25,0.4,0.3290952444076538,hs,3,1,0,0
129,1,0.0,0.2708333432674408,0.2708333432674408,0.2,0.2593750059604645,hs,1,1,1,1
1290,1,0.0,0.3269444406032562,0.3269444406032562,0.4,0.3012777864933014,hs,1,1,1,1
129001,0,0.0,0.0,0.0,0.5,0.1416666656732559,hs,1,0,0,1
12918,0,-0.0482528956253479,0.6355555653572083,0.699999988079071,0.9,0.6775138974189758,hs,3,0,0,1
12930,1,0.0076335912872989,0.4583333432674408,0.4513888955116272,0.4,0.4254860877990722,hs,1,1,1,1
129383,1,-0.9999999999963636,0.0,0.2750000059604645,0.8,0.2291666567325592,hs,2,1,1,1
129409,1,0.0,0.6133333444595337,0.6133333444595337,0.4,0.6178094744682312,hs,1,1,0,0
129433,1,0.0,0.1666666716337204,0.1666666716337204,0.3,0.1593749970197677,hs,4,1,1,1
129458,0,0.0207468682631086,0.512499988079071,0.4916666746139526,0.4,0.4907499849796295,hs,5,0,1,0
129484,1,-0.0287839256770502,0.4897222220897674,0.518750011920929,0.7,0.4655496180057525,hs,4,1,1,1
129485,1,0.0116395202501195,0.4225000143051147,0.4127777814865112,0.4,0.3815000057220459,hs,2,1,1,1
129488,0,0.0,0.2666666805744171,0.2666666805744171,0.8,0.2660416662693023,hs,5,0,0,1
1295,0,-0.0943396130927237,0.2666666805744171,0.3222222328186035,0.6,0.2968750298023224,hs,2,0,1,0
129572,0,-0.0115830000674169,0.2666666805744171,0.2729166746139526,0.7,0.2973611056804657,hs,5,0,1,0
12962,0,-0.0495049199943986,0.2666666805744171,0.2944444417953491,0.8,0.2948055863380432,hs,4,0,0,1
129647,0,0.3239436710522037,0.4895833432674408,0.25,0.6,0.4622916579246521,hs,1,0,0,1
129817,1,-0.0584276618288053,0.6412500143051147,0.7208333611488342,0.8,0.6634652614593506,hs,1,1,0,0
129888,0,0.0,0.0,0.0,0.5,0.0274999998509883,hs,1,0,0,1
12994,1,0.0,0.0,0.0,0.1,0.0,hs,1,1,0,0
13007,0,0.0476190435642419,0.3666666746139526,0.3333333432674408,0.4,0.3989999890327453,hs,3,0,1,0
130215,0,-0.0086139234144354,0.6028571724891663,0.6133333444595337,0.7,0.601805567741394,hs,2,0,0,1
130329,1,0.0,0.75,0.75,0.2,0.6937500238418579,hs,2,1,0,0
130386,0,0.0091590493418487,0.7214285731315613,0.7083333134651184,0.6,0.6573511958122253,hs,4,0,0,1
130411,0,0.0,0.0,0.0,0.7,0.1566666662693023,hs,1,0,0,1
130543,0,0.0,0.3972222208976745,0.3972222208976745,0.5,0.3632103204727173,hs,5,0,1,0
130577,1,0.0,0.6666666865348816,0.6666666865348816,0.3,0.5999999642372131,hs,1,1,0,0
131,1,0.0,0.5333333611488342,0.5333333611488342,0.2,0.4800000190734863,hs,3,1,1,1
131165,1,-0.999999999998,0.0,0.5,0.7,0.4233333170413971,hs,4,1,0,0
131291,0,0.0,0.5,0.5,0.5,0.449999988079071,hs,2,0,0,1
13134,1,0.0,0.4000000059604645,0.4000000059604645,0.3,0.374895840883255,hs,5,1,1,1
13138,1,0.0,0.125,0.125,0.6,0.1458333432674408,hs,3,1,1,1
131429,0,0.0,0.3020833432674408,0.3020833432674408,0.4,0.3726388812065124,hs,3,0,1,0
13150,0,0.0,0.125,0.125,0.7,0.1124999970197677,hs,2,0,0,1
131583,0,0.0,0.2583333253860473,0.2583333253860473,0.8,0.2324999868869781,hs,2,0,1,0
131702,0,0.0,0.2708333432674408,0.2708333432674408,0.4,0.2527083456516266,hs,3,0,1,0
131747,1,-0.999999999996,0.0,0.25,0.8,0.2783333361148834,hs,4,1,1,1
131882,1,-0.1071107076521004,0.4133333265781402,0.512499988079071,0.8,0.4622916579246521,hs,3,1,0,0
131954,0,0.0,0.3375000059604645,0.3375000059604645,0.5,0.3231944739818573,hs,2,0,1,0
132028,0,0.075630230213611,0.6399999856948853,0.550000011920929,0.8,0.6427500247955322,hs,5,0,0,1
132050,1,0.0,0.4483333230018616,0.4483333230018616,0.8,0.4090555310249328,hs,2,1,1,1
132091,1,0.0387597088343205,0.5583333373069763,0.5166666507720947,0.6,0.4953472018241882,hs,1,1,1,1
132157,0,-0.0134490312398471,0.4511904716491699,0.4634920656681061,0.6,0.4320436418056488,hs,5,0,1,0
132221,1,0.0,0.1666666716337204,0.1666666716337204,0.5,0.1499999910593032,hs,3,1,1,1
132233,1,0.0,0.5333333611488342,0.5333333611488342,0.5,0.4800000190734863,hs,1,1,1,1
132258,1,0.0,0.449999988079071,0.449999988079071,0.4,0.4268750250339508,hs,1,1,1,1
132301,1,0.0,0.2883333265781402,0.2883333265781402,0.3,0.2883333563804626,hs,3,1,0,0
132303,1,0.0,0.4375,0.4375,0.5,0.4234325289726257,hs,3,1,1,1
132304,1,0.0535987670348252,0.2388888895511627,0.2145833373069763,0.2,0.2328472137451172,hs,5,1,1,1
132305,1,0.0,0.375,0.375,0.7,0.3375000059604645,hs,5,1,1,1
132316,1,-0.0531594552651703,0.2809523940086365,0.3125,0.5,0.2757619023323059,hs,2,1,1,1
132352,0,0.018315033670218,0.4633333384990692,0.4466666579246521,0.6,0.4895277917385101,hs,5,0,0,1
132360,0,-0.037937037134349,0.5388888716697693,0.5813888907432556,0.7,0.5287222862243652,hs,2,0,0,1
132363,0,-0.0487935956039489,0.4927777647972107,0.5433333516120911,0.7,0.4948888719081878,hs,3,0,0,1
132371,1,-0.0857142536006164,0.2666666805744171,0.3166666626930237,0.9,0.3850416839122772,hs,2,1,1,1
132408,1,0.0,0.2708333432674408,0.2708333432674408,0.4,0.2575694322586059,hs,4,1,1,1
132436,0,-0.2921959770092995,0.2708333432674408,0.4944444298744201,0.9,0.3817430734634399,hs,3,0,0,1
132440,0,0.1394658665535439,0.4000000059604645,0.3020833432674408,0.2,0.3418750166893005,hs,4,0,1,0
132441,1,0.0,0.3020833432674408,0.3020833432674408,0.7,0.3192708492279053,hs,3,1,1,1
132446,1,0.0,0.3895833194255829,0.3895833194255829,0.4,0.3579166531562805,hs,2,1,0,0
132464,1,0.0,0.550000011920929,0.550000011920929,0.6,0.7586250305175781,hs,3,1,0,0
132477,0,-0.0169874994140635,0.5425000190734863,0.5612499713897705,0.6,0.575374960899353,hs,1,0,0,1
132479,1,0.0,0.1770833283662796,0.1770833283662796,0.3,0.1593750119209289,hs,5,1,1,1
132586,0,-0.1428571574537087,0.125,0.1666666716337204,0.7,0.2086458206176757,hs,5,0,1,0
132703,1,0.0381679581036331,0.2833333313465118,0.262499988079071,0.5,0.325041651725769,hs,3,1,1,1
132708,1,0.0352941154195814,0.4888888895511627,0.4555555582046509,0.1,0.4530555307865143,hs,1,1,0,0
132867,1,-0.0019569732941396,0.3541666567325592,0.3555555641651153,0.5,0.4210972189903259,hs,3,1,0,0
132884,1,0.0,0.4133333265781402,0.4133333265781402,0.5,0.3720000386238098,hs,2,1,1,1
13316,1,-0.0052356270333913,0.6597222089767456,0.6666666865348816,0.3,0.5993055105209351,hs,2,1,0,0
133318,1,0.0361067429890298,0.7333333492279053,0.6822222471237183,0.6,0.6548889875411987,hs,3,1,1,1
133405,0,0.0,0.4895833432674408,0.4895833432674408,0.5,0.4406250119209289,hs,2,0,0,1
133712,0,-0.0102827834840375,0.7333333492279053,0.7485714554786682,0.5,0.6848570704460144,hs,3,0,1,0
133741,0,0.9999999999980644,0.5166666507720947,0.0,0.3,0.4262499809265136,hs,4,0,1,0
133795,1,-0.1899692518725682,0.4755555689334869,0.6986111402511597,0.5,0.6200833916664124,hs,3,1,0,0
13393,1,-0.0769230705744403,0.1666666716337204,0.1944444477558136,0.5,0.3249008059501648,hs,1,1,1,1
133966,0,0.1194528555474372,0.5236607193946838,0.4119047522544861,0.8,0.5873264074325562,hs,3,0,0,1
133992,1,0.0,0.5770833492279053,0.5770833492279053,0.2,0.5193750262260437,hs,5,1,0,0
134,1,0.0126582722578947,0.5333333611488342,0.5199999809265137,0.4,0.4786666333675384,hs,1,1,0,0
134161,0,0.0159099934188823,0.519444465637207,0.5031746029853821,0.4,0.5397619009017944,hs,5,0,0,1
1342,1,0.0,0.5333333611488342,0.5333333611488342,0.5,0.496666669845581,hs,4,1,1,1
134202,1,-0.1851851819144228,0.2750000059604645,0.4000000059604645,0.3,0.3875000476837158,hs,1,1,0,0
134458,0,0.0,0.5770833492279053,0.5770833492279053,0.4,0.5193750262260437,hs,2,0,1,0
134550,1,0.0,0.5,0.5,0.5,0.449999988079071,hs,5,1,0,0
134575,0,-0.0021977843703903,0.6305555701255798,0.6333333253860474,0.6,0.5818333029747009,hs,4,0,1,0
134715,0,0.0,0.2666666805744171,0.2666666805744171,0.4,0.2400000095367431,hs,4,0,0,1
1348,1,-0.106634521261522,0.3673610985279083,0.4550595283508301,0.5,0.4672420918941498,hs,3,1,1,1
134929,0,0.0,0.2708333432674408,0.2708333432674408,0.7,0.2437500059604644,hs,5,0,1,0
13504,0,0.0,0.5166666507720947,0.5166666507720947,0.3,0.4804629683494568,hs,2,0,1,0
135136,0,-0.1405650777247579,0.3422222137451172,0.4541666805744171,0.9,0.3646944463253021,hs,2,0,0,1
135197,1,0.0466321253123959,0.6733333468437195,0.6133333444595337,0.3,0.7555555701255798,hs,4,1,0,0
135557,0,-0.2615384399534593,0.2666666805744171,0.4555555582046509,0.9,0.343916654586792,hs,3,0,0,1
135580,0,0.0624999860301142,0.7083333134651184,0.625,0.4,0.7363333702087402,hs,3,0,0,1
135600,0,-0.0537236016578097,0.7094444632530212,0.7900000214576721,0.6,0.7294166684150696,hs,4,0,0,1
135804,1,-0.0076335912872989,0.4513888955116272,0.4583333432674408,0.3,0.4118055403232574,hs,2,1,1,1
135827,1,0.0,0.25,0.25,0.3,0.2249999940395355,hs,2,1,0,0
135899,0,-0.0871369196086347,0.3666666746139526,0.4366666674613952,0.6,0.3803194463253021,hs,2,0,0,1
1359,1,-0.1578947219819727,0.2666666805744171,0.3666666746139526,0.8,0.2860416769981384,hs,2,1,1,1
13590,1,0.0,0.4166666567325592,0.4166666567325592,0.4,0.3854166865348816,hs,4,1,1,1
136080,1,-0.0170511728167035,0.4083333313465118,0.4225000143051147,0.7,0.3852708339691162,hs,2,1,1,1
136171,1,-0.0112957177444317,0.5166666507720947,0.5284722447395325,0.7,0.4891567826271057,hs,4,1,1,1
136241,1,0.0,0.449999988079071,0.449999988079071,0.9,0.4215277731418609,hs,2,1,1,1
136473,0,0.0,0.3666666746139526,0.3666666746139526,0.7,0.3452777862548828,hs,5,0,0,1
136499,1,0.0,0.5166666507720947,0.5166666507720947,0.4,0.4649999737739563,hs,5,1,0,0
136511,0,0.0,0.6666666865348816,0.6666666865348816,0.6,0.5999999642372131,hs,1,0,0,1
136577,0,0.0636550486744262,0.4625000059604645,0.4071428477764129,0.6,0.4412499964237213,hs,1,0,1,0
136650,0,-0.005291025581376,0.5874999761581421,0.59375,0.4,0.5335416793823242,hs,1,0,1,0
13669,1,0.0,0.125,0.125,0.5,0.1463333368301391,hs,5,1,1,1
1367,0,-0.0079280128135982,0.4822916686534881,0.4900000095367431,0.7,0.4573680758476257,hs,5,0,1,0
136716,1,-0.0328282881191359,0.3989583253860473,0.4260416626930237,0.4,0.4860625267028808,hs,5,1,0,0
136756,1,0.6780683949992612,0.8687499761581421,0.1666666716337204,0.3,0.6636250019073486,hs,1,1,0,0
136873,0,0.0,0.2145833373069763,0.2145833373069763,0.5,0.3392360806465149,hs,1,0,0,1
1370,0,0.0,0.125,0.125,0.5,0.140625,hs,5,0,1,0
1371,1,0.0909091027314007,0.5,0.4166666567325592,0.2,0.4386805593967438,hs,5,1,1,1
137102,0,0.5348837180282326,0.550000011920929,0.1666666716337204,0.7,0.418333351612091,hs,3,0,0,1
137299,1,0.0,0.3666666746139526,0.3666666746139526,0.7,0.3466666638851166,hs,3,1,1,1
137327,1,-0.999999999996,0.0,0.25,0.8,0.0968749970197677,hs,4,1,1,1
137361,0,0.0,0.0,0.0,0.6,0.0,hs,3,0,0,1
137364,0,0.0419161692034014,0.3625000119209289,0.3333333432674408,0.3,0.3435277342796325,hs,3,0,1,0
137403,0,-0.0412147493642938,0.3683333396911621,0.4000000059604645,0.4,0.4089305400848388,hs,1,0,0,1
137439,1,-0.0208704207950477,0.4138392806053161,0.4314814805984497,0.5,0.4011140763759613,hs,3,1,1,1
137600,0,-0.0191082787313383,0.7333333492279053,0.761904776096344,0.6,0.747041642665863,hs,2,0,0,1
137728,1,0.0,0.0,0.0,0.4,0.1118333339691162,hs,2,1,1,1
13774,0,0.1478260999364336,0.550000011920929,0.4083333313465118,0.4,0.87627774477005,hs,4,0,0,1
137962,1,-0.99999999999625,0.0,0.2666666805744171,0.6,0.1854166686534881,hs,5,1,1,1
138035,1,0.0,0.2750000059604645,0.2750000059604645,0.3,0.2475000172853469,hs,1,1,0,0
13805,0,-0.5639534805135472,0.125,0.4483333230018616,0.5,0.4148333072662353,hs,4,0,0,1
138091,0,0.0,0.125,0.125,0.5,0.1124999970197677,hs,2,0,0,1
138092,0,0.0,0.0,0.0,0.3,0.0895833373069763,hs,2,0,1,0
138132,1,0.0229425243530884,0.449999988079071,0.4298148155212402,0.6,0.4121004939079284,hs,1,1,1,1
138158,0,0.0,0.4047619104385376,0.4047619104385376,0.5,0.3642856478691101,hs,2,0,1,0
1382,1,-0.0196078465217508,0.3385416567325592,0.3520833253860473,0.5,0.3390625119209289,hs,4,1,1,1
13820,1,-0.0397527203546253,0.5547618865966797,0.6006944179534912,0.4,0.6075099110603333,hs,3,1,1,1
138224,1,0.0,0.4166666567325592,0.4166666567325592,0.5,0.3750000298023224,hs,2,1,1,1
138251,0,0.0,0.5,0.5,0.4,0.449999988079071,hs,5,0,0,1
138255,0,0.0440708678381735,0.4787499904632568,0.4383333325386047,0.1,0.4354345202445984,hs,5,0,1,0
138339,0,-0.1147540845206262,0.5625,0.7083333134651184,1.0,0.5887500047683716,hs,1,0,0,1
138377,1,0.023668616514451,0.5766666531562805,0.550000011920929,0.2,0.6267797350883484,hs,3,1,0,0
138388,0,-0.0622710526739407,0.2666666805744171,0.3020833432674408,0.8,0.2755208313465118,hs,3,0,0,1
138564,1,0.0,0.0,0.0,0.7,0.0375000014901161,hs,3,1,1,1
138604,0,0.0586011057934372,0.5833333134651184,0.518750011920929,0.3,0.5127678513526917,hs,4,0,1,0
13866,1,0.0,0.5,0.5,0.7,0.4625000059604645,hs,4,1,0,0
138673,1,0.0,0.1666666716337204,0.1666666716337204,0.5,0.1666666567325592,hs,3,1,0,0
1387,1,0.0,0.0,0.0,0.5,0.0625,hs,2,1,1,1
138715,0,0.0649788772003033,0.6572916507720947,0.5770833492279053,0.5,0.6600555181503296,hs,2,0,0,1
138814,0,-0.9999999999963636,0.0,0.2750000059604645,0.5,0.2238333523273468,hs,1,0,1,0
138897,0,0.0,0.0,0.0,0.4,0.1266666650772094,hs,2,0,1,0
139033,0,0.0782997946142347,0.2510416805744171,0.2145833373069763,0.5,0.2785416543483734,hs,2,0,0,1
13904,1,-0.0300000165402666,0.6466666460037231,0.6866666674613953,0.3,0.655333399772644,hs,3,1,1,1
139058,1,0.0,0.5166666507720947,0.5166666507720947,0.5,0.4649999737739563,hs,5,1,0,0
139111,0,-0.1474597483843747,0.3583333194255829,0.4822916686534881,0.7,0.484687477350235,hs,5,0,0,1
13923,1,-0.0481430578402525,0.2883333265781402,0.3174999952316284,0.6,0.3075277805328369,hs,3,1,1,1
139374,0,0.0,0.4166666567325592,0.4166666567325592,0.8,0.3750000298023224,hs,4,0,0,1
139378,1,0.0,0.125,0.125,0.5,0.1124999970197677,hs,4,1,1,1
13958,1,0.0227221864316979,0.4735416769981384,0.4524999856948852,0.4,0.4406746029853821,hs,4,1,1,1
139632,1,0.0,0.2666666805744171,0.2666666805744171,0.6,0.2824999988079071,hs,3,1,1,1
1397,0,-0.0046511584581535,0.4458333253860473,0.449999988079071,0.6,0.4664583802223205,hs,3,0,0,1
139736,1,-0.0218167249724491,0.5871428847312927,0.6133333444595337,0.4,0.5662698149681091,hs,4,1,0,0
139738,0,0.0,0.3583333194255829,0.3583333194255829,0.5,0.3343333601951599,hs,4,0,1,0
139866,1,0.0,0.0,0.0,0.4,0.0,hs,4,1,0,0
1399,0,0.0,0.3895833194255829,0.3895833194255829,0.6,0.3656249940395355,hs,1,0,1,0
139983,1,-0.0112451738922975,0.7152777910232544,0.7315475940704346,0.7,0.6787450313568115,hs,1,1,1,1
139987,1,-0.0303030014037865,0.6666666865348816,0.7083333134651184,0.4,0.7317222356796265,hs,2,1,0,0
139988,0,0.0,0.5,0.5,0.5,0.449999988079071,hs,3,0,0,1
139989,1,0.0,0.125,0.125,0.5,0.1124999970197677,hs,5,1,1,1
140034,0,-0.0212601650224948,0.4395833313465118,0.4586805701255798,0.7,0.410027801990509,hs,3,0,1,0
140044,0,-0.999999999996,0.0,0.25,0.2,0.2954761981964111,hs,3,0,0,1
140048,1,0.0,0.125,0.125,0.5,0.1124999970197677,hs,5,1,1,1
140079,0,0.3326381554684582,0.4437499940395355,0.2222222238779068,0.4,0.3913888931274414,hs,1,0,1,0
1402,1,0.0,0.5,0.5,0.6,0.5375000238418579,hs,2,1,0,0
140209,0,-0.1147540845206262,0.5625,0.7083333134651184,0.4,0.6302291750907898,hs,2,0,0,1
140270,1,-0.9999999999963636,0.0,0.2750000059604645,0.8,0.2291666567325592,hs,1,1,1,1
140422,0,0.0,0.4458333253860473,0.4458333253860473,0.7,0.4012499451637268,hs,1,0,0,1
140439,0,0.0,0.0,0.0,0.7,0.0354166701436042,hs,2,0,1,0
140472,1,0.0,0.25,0.25,0.4,0.2440416514873504,hs,1,1,1,1
140582,0,-0.0561797776888129,0.5249999761581421,0.5874999761581421,0.6,0.5439444780349731,hs,3,0,0,1
140635,1,0.0,0.7333333492279053,0.7333333492279053,0.3,0.6600000262260437,hs,2,1,1,1
14065,0,-0.0100026602423656,0.5547618865966797,0.5659722089767456,0.4,0.5157076716423035,hs,4,0,0,1
1407,1,0.0,0.2750000059604645,0.2750000059604645,0.2,0.3375000357627868,hs,3,1,0,0
140709,0,-0.0299677692523376,0.6627976298332214,0.7037500143051147,0.6,0.6990535855293274,hs,2,0,1,0
140716,1,0.0,0.4047619104385376,0.4047619104385376,0.4,0.3662697970867157,hs,2,1,1,1
140761,0,0.0,0.1666666716337204,0.1666666716337204,0.5,0.1499999910593032,hs,4,0,1,0
140795,1,-0.0560000178527024,0.3277777731418609,0.3666666746139526,0.7,0.3851805627346039,hs,3,1,0,0
140814,0,0.19999999999936,0.1875,0.125,0.7,0.2061458379030227,hs,5,0,1,0
140818,0,0.033314521016479,0.3812499940395355,0.3566666543483734,0.3,0.4136250019073486,hs,1,0,0,1
140823,0,0.0224654476314671,0.4930555522441864,0.4713888764381408,0.5,0.4737003743648529,hs,1,0,1,0
140887,1,0.0211480588158355,0.5868055820465088,0.5625,0.3,0.5218531489372253,hs,2,1,1,1
140972,0,0.2964823865929686,0.3583333194255829,0.1944444477558136,0.4,0.300428569316864,hs,4,0,1,0
141025,0,0.0094637585556473,0.6666666865348816,0.6541666388511658,0.5,0.605555534362793,hs,3,0,1,0
14105,1,-0.0188679336949315,0.1805555522441864,0.1875,0.4,0.3430555462837219,hs,1,1,0,0
141109,0,-0.0585177359226539,0.34375,0.3864814937114715,0.6,0.3642919957637787,hs,4,0,0,1
141112,0,-0.1282653246040359,0.34375,0.444907397031784,0.7,0.4144173264503479,hs,1,0,0,1
141113,1,-0.0813975289243928,0.3619047701358795,0.4260416626930237,0.6,0.4304404854774475,hs,4,1,1,1
14115,0,-0.0189612352024278,0.4958333373069763,0.5149999856948853,0.7,0.4742797315120697,hs,2,0,0,1
14118,1,0.0062295993780709,0.4711111187934875,0.4652777910232544,0.2,0.4335297644138336,hs,1,1,1,1
1412,0,0.0,0.3666666746139526,0.3666666746139526,0.6,0.3300000131130218,hs,2,0,0,1
141459,0,0.1428571319089838,0.2222222238779068,0.1666666716337204,0.4,0.2762500047683716,hs,5,0,1,0
141472,1,0.0,0.4927777647972107,0.4927777647972107,0.3,0.4729166626930237,hs,3,1,0,0
141473,0,0.0177095748622085,0.5387499928474426,0.5199999809265137,0.7,0.4953749775886535,hs,5,0,0,1
141518,1,0.1784338769429771,0.3187499940395355,0.2222222238779068,0.5,0.3376388847827911,hs,2,1,1,1
141577,1,0.018315033670218,0.4633333384990692,0.4466666579246521,0.3,0.4895277917385101,hs,3,1,0,0
141638,1,0.0192194697489404,0.5485450029373169,0.5278571248054504,0.5,0.5653485059738159,hs,4,1,1,1
141745,0,0.0,0.125,0.125,0.4,0.1124999970197677,hs,5,0,1,0
141771,0,0.0395824200781421,0.4979166686534881,0.4600000083446502,0.3,0.5122847557067871,hs,3,0,1,0
141784,0,0.0,0.3666666746139526,0.3666666746139526,0.4,0.3605555295944214,hs,5,0,1,0
1418,1,0.0,0.4440476298332214,0.4440476298332214,0.8,0.4440476298332214,hs,3,1,1,1
141886,1,-0.115999995279173,0.3683333396911621,0.4650000035762787,0.8,0.371375024318695,hs,5,1,1,1
141895,1,-0.0635451375407307,0.3888888955116272,0.4416666626930237,0.6,0.3983055055141449,hs,1,1,0,0
141968,1,-0.0249520098214972,0.5644444227218628,0.5933333039283752,0.4,0.5490555167198181,hs,4,1,0,0
141996,1,0.001564966107175,0.6666666865348816,0.6645833253860474,0.5,0.5997916460037231,hs,2,1,0,0
142010,1,0.0,0.3020833432674408,0.3020833432674408,0.1,0.2928125262260437,hs,2,1,0,0
142052,0,0.0,0.2433333396911621,0.2433333396911621,0.4,0.3104652762413025,hs,1,0,1,0
142068,0,-0.0331588059438296,0.5770833492279053,0.6166666746139526,0.8,0.5528124570846558,hs,2,0,1,0
142085,1,0.0239999992675597,0.6666666865348816,0.6354166865348816,0.5,0.596666693687439,hs,5,1,1,1
142130,1,0.0,0.4933333396911621,0.4933333396911621,0.5,0.4863333106040954,hs,3,1,0,0
142209,0,0.0,0.0,0.0,0.7,0.0354166701436042,hs,2,0,1,0
142228,0,0.000943121227593,0.6633333563804626,0.6620833277702332,0.6,0.6440416574478149,hs,4,0,1,0
142371,1,-0.0691795252913102,0.4017857015132904,0.4615079462528229,0.6,0.6960000395774841,hs,4,1,0,0
142485,1,0.0,0.4633333384990692,0.4633333384990692,0.3,0.4477778077125549,hs,5,1,0,0
142544,0,0.0,0.125,0.125,0.8,0.1983333379030227,hs,4,0,0,1
142689,0,0.0,0.1666666716337204,0.1666666716337204,0.5,0.1499999910593032,hs,5,0,1,0
1427,1,0.0,0.6572916507720947,0.6572916507720947,0.4,0.6761249899864197,hs,5,1,1,1
142717,0,-0.0159883983856178,0.4701388776302337,0.4854166805744171,0.4,0.458270788192749,hs,4,0,1,0
142872,0,0.0,0.2750000059604645,0.2750000059604645,0.7,0.2475000172853469,hs,5,0,0,1
142905,1,0.0117187573850841,0.4625000059604645,0.4517857134342193,0.6,0.4298730492591858,hs,3,1,1,1
143242,0,0.1484098525539492,0.3385416567325592,0.2510416805744171,0.5,0.3271458148956299,hs,1,0,0,1
143252,0,0.0120160098871336,0.5263888835906982,0.5138888955116272,0.6,0.4927777647972107,hs,1,0,0,1
143273,0,-0.0561797776888129,0.5249999761581421,0.5874999761581421,0.8,0.5236111283302307,hs,4,0,1,0
143333,0,0.0,0.3666666746139526,0.3666666746139526,0.8,0.3300000131130218,hs,3,0,0,1
14356,0,0.0,0.5333333611488342,0.5333333611488342,0.6,0.4800000190734863,hs,1,0,0,1
1438,0,-0.1373679363753397,0.4677083194255829,0.6166666746139526,1.0,0.4969097077846527,hs,2,0,0,1
143845,1,0.0,0.4458333253860473,0.4458333253860473,0.3,0.4713541567325592,hs,1,1,0,0
144249,0,-0.0007794001799625,0.4451389014720917,0.4458333253860473,0.6,0.4011805057525635,hs,1,0,0,1
144341,0,0.0,0.6464285850524902,0.6464285850524902,0.7,0.5884881019592285,hs,4,0,0,1
14441,0,0.0650288715772204,0.511805534362793,0.4493055641651153,0.1,0.4640463292598724,hs,3,0,1,0
144621,0,0.0,0.6666666865348816,0.6666666865348816,0.6,0.5999999642372131,hs,1,0,0,1
144764,1,0.0,0.1770833283662796,0.1770833283662796,0.5,0.1593750119209289,hs,1,1,1,1
144799,1,0.0,0.2750000059604645,0.2750000059604645,0.2,0.2750000357627868,hs,3,1,0,0
1448,0,-0.0121317197994208,0.6333333253860474,0.648888885974884,0.4,0.597944438457489,hs,2,0,1,0
144836,1,0.0,0.7749999761581421,0.7749999761581421,0.1,0.6975000500679016,hs,3,1,0,0
144961,0,0.0,0.5,0.5,0.8,0.449999988079071,hs,4,0,0,1
145062,0,0.0,0.4458333253860473,0.4458333253860473,0.2,0.4095833301544189,hs,3,0,1,0
14513,1,0.0420168048285676,0.551111102104187,0.5066666603088379,0.4,0.4922778010368347,hs,4,1,0,0
145153,1,0.0,0.2750000059604645,0.2750000059604645,0.6,0.3333333134651184,hs,5,1,1,1
145172,1,0.0143266750469576,0.3687500059604645,0.3583333194255829,0.3,0.3545764088630676,hs,1,1,1,1
145332,1,0.1851851819144228,0.4000000059604645,0.2750000059604645,0.5,0.3545208573341369,hs,5,1,1,1
145499,1,0.0,0.5,0.5,0.7,0.5249999761581421,hs,1,1,1,1
14561,0,-0.0328022851073016,0.3583333194255829,0.3826389014720917,0.6,0.3661805689334869,hs,2,0,1,0
145639,0,0.0173831433122831,0.3878571391105652,0.3746031820774078,0.5,0.3512566089630127,hs,1,0,1,0
146,1,0.999999999996,0.25,0.0,0.7,0.2025000154972076,hs,2,1,1,1
146142,1,0.0,0.2750000059604645,0.2750000059604645,0.6,0.2516666650772095,hs,2,1,1,1
146356,1,0.0769230675179255,0.5249999761581421,0.449999988079071,0.1,0.4554861485958099,hs,5,1,1,1
146393,0,0.0,0.2750000059604645,0.2750000059604645,0.7,0.2750000357627868,hs,4,0,0,1
146414,1,0.0,0.3233333230018616,0.3233333230018616,0.6,0.3288135230541229,hs,1,1,1,1
146517,0,0.0,0.4895833432674408,0.4895833432674408,0.7,0.6088194847106934,hs,2,0,0,1
146726,1,0.0,0.2133333384990692,0.2133333384990692,0.4,0.2133333384990692,hs,2,1,1,1
146909,1,0.0,0.125,0.125,0.4,0.125,hs,1,1,0,0
14697,0,0.0,0.0,0.0,0.3,0.050000000745058,hs,4,0,1,0
147,1,0.0,0.6666666865348816,0.6666666865348816,0.4,0.6269444823265076,hs,2,1,0,0
147021,1,0.0,0.7083333134651184,0.7083333134651184,0.4,0.6375000476837158,hs,3,1,1,1
14703,0,0.0,0.0,0.0,0.5,0.0274999998509883,hs,5,0,0,1
147030,0,0.0,0.0,0.0,0.6,0.0,hs,4,0,0,1
147089,0,0.0,0.0,0.0,0.3,0.0895833373069763,hs,4,0,1,0
14712,1,0.0,0.2583333253860473,0.2583333253860473,0.6,0.2324999868869781,hs,2,1,1,1
147149,1,0.0,0.5,0.5,0.5,0.46875,hs,1,1,1,1
147168,0,0.0,0.0,0.0,0.6,0.1243333369493484,hs,4,0,1,0
147169,0,-0.0305906440998434,0.567460298538208,0.6032738089561462,0.6,0.6003432869911194,hs,5,0,1,0
147283,1,0.0,0.5,0.5,0.5,0.5184166431427002,hs,4,1,0,0
147288,0,0.0226803906298858,0.4133333265781402,0.395000010728836,0.6,0.394159734249115,hs,2,0,0,1
147293,0,0.0,0.4958333373069763,0.4958333373069763,0.5,0.4462500214576721,hs,2,0,1,0
147314,1,0.0,0.1666666716337204,0.1666666716337204,0.3,0.1499999910593032,hs,3,1,1,1
147355,1,0.0,0.518750011920929,0.518750011920929,0.2,0.5437500476837158,hs,4,1,0,0
147373,0,0.0,0.125,0.125,0.4,0.1550000011920929,hs,2,0,1,0
147434,0,0.0,0.5,0.5,0.7,0.449999988079071,hs,1,0,0,1
147458,1,-0.0463193400441617,0.4714285731315613,0.5172222256660461,0.5,0.5364623069763184,hs,1,1,0,0
147515,0,-0.0139092632635311,0.5612499713897705,0.5770833492279053,0.4,0.5415922403335571,hs,3,0,1,0
147519,0,-0.0566893455501017,0.4457142949104309,0.4992857277393341,0.5,0.4551666676998138,hs,1,0,0,1
147532,0,0.0,0.3833333253860473,0.3833333253860473,0.5,0.3529603183269501,hs,5,0,1,0
147642,1,0.0086519395448107,0.5019444227218628,0.4933333396911621,0.3,0.5415178537368774,hs,3,1,0,0
147646,0,0.0547703292962294,0.4975000023841858,0.4458333253860473,0.0,0.4314583241939544,hs,3,0,1,0
147734,0,0.0650887568597625,0.699999988079071,0.6144444346427917,0.4,0.6417440176010132,hs,3,0,1,0
14778,1,0.0,0.5,0.5,0.4,0.4770833551883697,hs,1,1,0,0
147790,0,0.0,0.5166666507720947,0.5166666507720947,0.2,0.4837222099304199,hs,2,0,1,0
147795,1,0.0,0.375,0.375,0.3,0.3458333015441894,hs,1,1,1,1
147818,1,-0.999999999998,0.0,0.5,0.7,0.4233333170413971,hs,3,1,0,0
147819,1,-0.999999999998,0.0,0.5,0.7,0.4233333170413971,hs,1,1,1,1
147849,0,0.0,0.2145833373069763,0.2145833373069763,0.6,0.2387152910232544,hs,2,0,1,0
147905,1,-0.0050107426596893,0.4826388955116272,0.4875000119209289,0.4,0.4771825671195984,hs,3,1,1,1
147909,1,0.0,0.4933333396911621,0.4933333396911621,0.4,0.5099999904632568,hs,5,1,1,1
147975,0,0.4972067065887247,0.5583333373069763,0.1875,0.2,0.7176041603088379,hs,5,0,0,1
14801,0,0.0,0.1666666716337204,0.1666666716337204,0.3,0.2424305379390716,hs,5,0,1,0
148075,0,-0.018315033670218,0.4466666579246521,0.4633333384990692,0.6,0.4540277421474457,hs,3,0,0,1
14814,0,0.1028037055191513,0.3277777731418609,0.2666666805744171,0.3,0.2931250035762787,hs,2,0,1,0
148153,1,-0.199999982660176,0.2750000059604645,0.4124999940395355,0.4,0.4073333144187927,hs,3,1,0,0
148242,0,0.0119884429812903,0.8500000238418579,0.8298611044883728,0.5,0.7892500162124634,hs,3,0,0,1
148364,0,-0.1336898264814644,0.3375000059604645,0.4416666626930237,0.7,0.4564479291439056,hs,2,0,0,1
148409,0,0.0,0.6547619104385376,0.6547619104385376,0.6,0.6147539615631104,hs,1,0,0,1
148522,1,0.0,0.4166666567325592,0.4166666567325592,0.4,0.3750000298023224,hs,1,1,0,0
148621,0,0.1891891996381991,0.3666666746139526,0.25,0.5,0.4744166731834411,hs,1,0,0,1
14863,1,0.0,0.2750000059604645,0.2750000059604645,0.4,0.2607738375663757,hs,3,1,1,1
148630,1,0.0,0.1666666716337204,0.1666666716337204,0.4,0.1499999910593032,hs,1,1,1,1
148664,0,0.1111110846198615,0.2083333283662796,0.1666666716337204,0.4,0.2655555605888366,hs,1,0,1,0
148665,1,0.0,0.2750000059604645,0.2750000059604645,0.8,0.3958333432674408,hs,1,1,1,1
148666,1,0.5348837180282326,0.550000011920929,0.1666666716337204,0.2,0.4116666913032532,hs,1,1,0,0
148691,0,-0.0243902212093911,0.5,0.5249999761581421,0.5,0.5577648282051086,hs,5,0,0,1
148746,0,0.0487805143982058,0.4300000071525574,0.3899999856948852,0.3,0.4071249961853027,hs,3,0,1,0
148781,1,0.0725875003933006,0.6541666388511658,0.565625011920929,0.4,0.6969236135482788,hs,4,1,0,0
148790,0,0.0,0.5166666507720947,0.5166666507720947,0.6,0.4649999737739563,hs,4,0,0,1
148848,1,0.0,0.1666666716337204,0.1666666716337204,0.5,0.1516666710376739,hs,3,1,1,1
148887,1,0.0,0.1666666716337204,0.1666666716337204,0.2,0.418333351612091,hs,4,1,0,0
1489,0,0.0,0.5,0.5,0.6,0.4805555939674377,hs,1,0,0,1
148919,0,0.0,0.5,0.5,0.6,0.449999988079071,hs,1,0,0,1
148924,1,0.012442215701084,0.4944444298744201,0.4822916686534881,0.5,0.4857361316680908,hs,1,1,0,0
148995,0,-0.2909535401010038,0.3020833432674408,0.550000011920929,0.7,0.4667559564113617,hs,3,0,0,1
149014,1,0.0,0.0,0.0,0.6,0.2175000160932541,hs,5,1,1,1
149091,0,0.0,0.5770833492279053,0.5770833492279053,0.4,0.5266666412353516,hs,3,0,1,0
14915,0,0.0,0.0,0.0,0.5,0.0274999998509883,hs,3,0,1,0
149173,0,0.0,0.5,0.5,0.6,0.472916692495346,hs,4,0,1,0
149280,0,-0.0228012667889627,0.6666666865348816,0.6977777481079102,0.6,0.664513885974884,hs,1,0,0,1
149355,1,0.1428571574537087,0.1666666716337204,0.125,0.3,0.1572916805744171,hs,3,1,1,1
149363,1,0.085574596242404,0.4625000059604645,0.3895833194255829,0.7,0.4162569642066955,hs,2,1,0,0
149395,0,0.0,0.2374999970197677,0.2374999970197677,0.6,0.2359027564525604,hs,5,0,1,0
149466,1,0.0,0.125,0.125,0.4,0.1958333253860473,hs,1,1,0,0
149482,0,-0.0537570459966654,0.4424999952316284,0.4927777647972107,0.8,0.4372569620609283,hs,3,0,0,1
149484,0,-0.0484444336742281,0.4248015880584717,0.4680555462837219,0.6,0.4268600940704345,hs,2,0,0,1
149485,0,-0.0520680364348147,0.4742857217788696,0.5263888835906982,0.4,0.4743115305900574,hs,5,0,0,1
149486,1,0.2525693006635566,0.6982638835906982,0.4166666567325592,0.4,0.6619940996170044,hs,5,1,0,0
149490,1,-0.0450450659436054,0.2944444417953491,0.3222222328186035,0.6,0.3477500081062317,hs,2,1,1,1
149493,1,0.0006956979084628,0.4162037074565887,0.4156250059604645,0.3,0.4064051210880279,hs,2,1,0,0
149494,1,0.0315444703729941,0.4996031820774078,0.4690476059913635,0.4,0.4662579596042633,hs,2,1,0,0
149535,1,0.0353262863900583,0.4254629611968994,0.3964285850524902,0.4,0.4546683430671692,hs,5,1,0,0
149586,0,-0.0530930341558348,0.449999988079071,0.5004629492759705,0.8,0.4492992460727691,hs,3,0,0,1
149589,1,0.0370284810307062,0.4162037074565887,0.3864814937114715,0.3,0.3861746191978454,hs,1,1,0,0
149639,1,0.0045557799487131,0.5249999761581421,0.5202381014823914,0.5,0.4880505502223968,hs,5,1,0,0
149645,0,-0.0503317674221109,0.4074999988079071,0.4506944417953491,0.6,0.4209335446357727,hs,1,0,0,1
14968,1,0.0,0.3333333432674408,0.3333333432674408,0.3,0.3385694324970245,hs,5,1,1,1
149733,1,0.0,0.6666666865348816,0.6666666865348816,0.3,0.5999999642372131,hs,4,1,0,0
149735,0,-0.0435122004287938,0.3647321462631225,0.3979166746139526,0.6,0.3804444372653961,hs,3,0,0,1
149736,1,0.0156825411182997,0.4310185313224792,0.4177083373069763,0.3,0.4106712937355041,hs,3,1,0,0
149747,1,-0.0009941447547898,0.6480158567428589,0.6493055820465088,0.7,0.602857232093811,hs,1,1,1,1
149758,0,-0.0416422412314163,0.3647321462631225,0.3964285850524902,0.6,0.3857288360595703,hs,3,0,0,1
14979,0,-0.0164108368401186,0.6451388597488403,0.6666666865348816,0.7,0.6049582958221436,hs,1,0,0,1
149804,0,-0.052543807922453,0.3944444358348846,0.4381944537162781,0.6,0.3982639014720917,hs,2,0,1,0
149805,1,0.0415689269444841,0.5176587104797363,0.4763392806053161,0.4,0.4711332321166992,hs,1,1,0,0
149808,0,0.999999999996,0.25,0.0,0.5,0.2000000029802322,hs,1,0,0,1
150,1,0.0,0.2750000059604645,0.2750000059604645,0.6,0.2975000143051147,hs,4,1,1,1
1501,1,-0.999999999996,0.0,0.25,0.8,0.0968749970197677,hs,1,1,1,1
150139,0,-0.0426540439660401,0.5049999952316284,0.550000011920929,0.5,0.4882500171661377,hs,2,0,0,1
150145,0,0.0725975637049771,0.4437499940395355,0.3836805522441864,0.5,0.7206180691719055,hs,3,0,0,1
150169,1,0.0,0.5,0.5,0.6,0.449999988079071,hs,4,1,0,0
150170,1,0.0,0.5,0.5,0.5,0.449999988079071,hs,1,1,0,0
150171,1,0.0,0.2864583432674408,0.2864583432674408,0.5,0.2651736140251159,hs,5,1,1,1
15021,1,-0.0465549380545957,0.6222222447395325,0.6829861402511597,0.7,0.6166134476661682,hs,3,1,1,1
150253,1,0.0092879166469699,0.6791666746139526,0.6666666865348816,0.6,0.6319266557693481,hs,3,1,1,1
150271,0,0.0102072238148792,0.4860118925571441,0.4761904776096344,0.3,0.4527678489685058,hs,2,0,1,0
150308,1,0.1780821786939813,0.2388888895511627,0.1666666716337204,0.2,0.2067360877990722,hs,5,1,1,1
150338,0,0.0,0.4895833432674408,0.4895833432674408,0.5,0.541236162185669,hs,3,0,1,0
150360,0,0.0,0.4166666567325592,0.4166666567325592,0.4,0.3927777409553528,hs,1,0,1,0
150434,0,0.0075187897141641,0.5583333373069763,0.550000011920929,0.4,0.5118055939674377,hs,2,0,1,0
150438,0,0.0267379879230873,0.7523809671401978,0.7131944298744202,0.4,0.7457897067070007,hs,3,0,0,1
150444,1,0.0,0.125,0.125,0.7,0.1554166823625564,hs,3,1,1,1
150465,0,0.0,0.4895833432674408,0.4895833432674408,0.6,0.4661458134651184,hs,4,0,1,0
150469,1,-0.0405186566106188,0.4933333396911621,0.5350000262260437,0.7,0.4712499976158142,hs,1,1,1,1
150495,1,0.0,0.5166666507720947,0.5166666507720947,0.4,0.4649999737739563,hs,3,1,0,0
150546,0,0.1256830545558981,0.2145833373069763,0.1666666716337204,0.6,0.2354166507720947,hs,4,0,1,0
150555,1,0.0,0.3333333432674408,0.3333333432674408,0.4,0.3127777874469757,hs,3,1,1,1
150669,0,0.0,0.125,0.125,0.3,0.1984374821186065,hs,2,0,1,0
150728,1,0.0,0.5770833492279053,0.5770833492279053,0.6,0.5684375166893005,hs,5,1,0,0
15077,0,0.0,0.5770833492279053,0.5770833492279053,0.2,0.6278630495071411,hs,5,0,1,0
15079,1,0.0097719778638733,0.5166666507720947,0.5066666603088379,0.7,0.4765575528144836,hs,4,1,1,1
150878,1,0.0177935929472843,0.6355555653572083,0.6133333444595337,0.6,0.5846666097640991,hs,4,1,1,1
150928,0,-0.3333333333324444,0.125,0.25,0.3,0.2938541769981384,hs,1,0,0,1
150930,0,-0.0069329980832791,0.6266666650772095,0.6354166865348816,0.8,0.5797778367996216,hs,3,0,0,1
150937,0,0.0,0.4933333396911621,0.4933333396911621,0.6,0.4440000057220459,hs,5,0,0,1
150964,0,0.0506912287462861,0.2374999970197677,0.2145833373069763,0.5,0.2364235818386078,hs,5,0,1,0
150972,0,0.0,0.0,0.0,0.7,0.0354166701436042,hs,3,0,1,0
150976,1,0.0,0.0,0.0,0.6,0.174166664481163,hs,5,1,1,1
151,1,0.4594594664246771,0.3375000059604645,0.125,0.6,0.3816666603088379,hs,2,1,1,1
151001,0,-0.0769230705744403,0.1666666716337204,0.1944444477558136,0.6,0.1694643050432205,hs,2,0,1,0
151050,0,-0.0226364817448735,0.3822916746139526,0.4000000059604645,0.5,0.3655208349227905,hs,4,0,1,0
151116,0,0.2903225707210166,0.5,0.2750000059604645,0.5,0.5033333897590637,hs,3,0,0,1
15113,0,0.0,0.0,0.0,0.6,0.1243333369493484,hs,5,0,1,0
151155,0,-0.0543615717512269,0.3895833194255829,0.434374988079071,0.7,0.4140624403953552,hs,4,0,0,1
151181,0,0.1208791116658826,0.637499988079071,0.5,0.4,0.570062518119812,hs,4,0,0,1
151209,0,0.0,0.5166666507720947,0.5166666507720947,0.4,0.5274959802627563,hs,5,0,1,0
151253,0,-0.0140618874778484,0.4260416626930237,0.4381944537162781,0.4,0.4065903127193451,hs,1,0,1,0
151260,0,0.2561459298656217,0.550000011920929,0.3256944417953491,0.5,0.472569465637207,hs,1,0,0,1
151314,1,0.0,0.3583333194255829,0.3583333194255829,0.3,0.3837499618530273,hs,1,1,0,0
151319,0,-0.018315033670218,0.4466666579246521,0.4633333384990692,0.6,0.4986944198608398,hs,1,0,0,1
151320,0,0.0,0.7083333134651184,0.7083333134651184,0.8,0.6707985997200012,hs,5,0,0,1
151324,1,0.0,0.25,0.25,0.5,0.2249999940395355,hs,2,1,0,0
151334,0,0.0,0.2750000059604645,0.2750000059604645,0.7,0.2475000172853469,hs,4,0,0,1
151391,0,-0.0055782820157904,0.6963541507720947,0.7041666507720947,0.7,0.6572906374931335,hs,5,0,0,1
151423,1,0.0132599393981944,0.46875,0.4564814865589142,0.6,0.4843446314334869,hs,3,1,0,0
151470,0,0.0,0.5249999761581421,0.5249999761581421,0.5,0.4850000441074371,hs,4,0,0,1
151495,0,-0.0427698733361838,0.4895833432674408,0.5333333611488342,0.6,0.4860416948795318,hs,4,0,1,0
151545,1,0.0,0.5166666507720947,0.5166666507720947,0.1,0.477388858795166,hs,5,1,0,0
151557,0,0.0,0.375,0.375,0.5,0.3395833373069763,hs,1,0,1,0
151603,0,0.0,0.125,0.125,0.5,0.1618333309888839,hs,2,0,1,0
151621,0,-0.189863628450356,0.5550264716148376,0.8151785731315613,0.8,0.6836276650428772,hs,3,0,0,1
151655,0,-0.1856287440975894,0.5509259104728699,0.8020833134651184,0.8,0.7304457426071167,hs,2,0,0,1
151656,0,-0.1255610035401797,0.6088888645172119,0.7837499976158142,0.8,0.7559424638748169,hs,2,0,0,1
151740,1,0.08477219175112,0.8453124761581421,0.7131944298744202,0.3,0.7858675718307495,hs,4,1,0,0
151832,1,-0.0442477868636899,0.3375000059604645,0.3687500059604645,0.7,0.3312500119209289,hs,5,1,1,1
151866,1,0.0476190584316361,0.550000011920929,0.5,0.4,0.5388094782829285,hs,2,1,0,0
151893,1,0.0,0.0,0.0,0.4,0.0,hs,3,1,0,0
151943,1,0.0,0.125,0.125,0.5,0.1312499940395355,hs,4,1,1,1
15200,1,0.0,0.5,0.5,0.7,0.4583333134651184,hs,4,1,1,1
152036,0,0.0,0.5770833492279053,0.5770833492279053,0.7,0.5193750262260437,hs,3,0,1,0
152037,0,0.044699885445753,0.4260416626930237,0.3895833194255829,0.7,0.4403124749660492,hs,5,0,1,0
152040,1,-0.0043457018076064,0.3579861223697662,0.3611111044883728,0.5,0.3774107098579407,hs,3,1,0,0
152060,1,-0.0344827556439762,0.6666666865348816,0.7142857313156128,0.6,0.6541308760643005,hs,2,1,0,0
152079,0,-0.0246305536745056,0.4124999940395355,0.4333333373069763,0.9,0.4170555472373962,hs,4,0,0,1
152150,1,-0.0183486224986437,0.297222226858139,0.3083333373069763,0.4,0.3466111123561859,hs,3,1,0,0
152156,1,0.0,0.3666666746139526,0.3666666746139526,0.8,0.4594444334506988,hs,5,1,1,1
152186,0,-0.121803505805898,0.3452380895614624,0.4410052895545959,0.7,0.3992966115474701,hs,5,0,0,1
15219,1,0.0,0.6666666865348816,0.6666666865348816,0.5,0.5999999642372131,hs,1,1,0,0
152217,0,-0.0245322304876938,0.5236607193946838,0.550000011920929,0.8,0.6321874856948853,hs,1,0,0,1
1523,1,0.020645537968814,0.731249988079071,0.7016666531562805,0.7,0.7415208220481873,hs,4,1,0,0
152324,0,-0.1664212149186633,0.3930555582046509,0.550000011920929,0.9,0.4793055951595306,hs,4,0,0,1
152366,1,0.0,0.5,0.5,0.5,0.4736666679382324,hs,3,1,0,0
152367,0,-0.0018894661755176,0.8384920358657837,0.8416666388511658,0.4,0.8495637774467468,hs,2,0,0,1
152387,0,0.0,0.1666666716337204,0.1666666716337204,0.7,0.1868749856948852,hs,2,0,1,0
152388,0,-0.1813471282406098,0.4937500059604645,0.7124999761581421,0.7,0.6200694441795349,hs,2,0,0,1
152396,0,-0.0378912328144918,0.2433333396911621,0.262499988079071,0.9,0.3891666531562805,hs,4,0,0,1
15241,0,-0.0729782901685447,0.4895833432674408,0.5666666626930237,0.5,0.6085138916969299,hs,5,0,0,1
152439,0,0.0,0.0,0.0,0.6,0.0,hs,3,0,0,1
152441,0,0.0593781143991879,0.5885714292526245,0.5225926041603088,0.4,0.5890063047409058,hs,4,0,1,0
152614,0,0.0,0.5166666507720947,0.5166666507720947,0.5,0.4649999737739563,hs,1,0,0,1
152644,0,0.0863157959290668,0.4223214387893677,0.3552083373069763,0.4,0.430119901895523,hs,5,0,1,0
152651,0,-0.0023041618194607,0.5154761672019958,0.5178571343421936,0.6,0.5356923937797546,hs,2,0,1,0
152686,0,0.0,0.2708333432674408,0.2708333432674408,0.5,0.2712499797344208,hs,1,0,1,0
152715,0,0.0,0.5166666507720947,0.5166666507720947,0.6,0.4649999737739563,hs,2,0,0,1
152799,0,0.0,0.3233333230018616,0.3233333230018616,0.4,0.363777756690979,hs,4,0,1,0
15286,1,-0.4740099146565835,0.1770833283662796,0.4962500035762787,0.4,0.4467678666114807,hs,3,1,0,0
152870,0,-0.043034631869102,0.508055567741394,0.5537499785423279,0.7,0.550819456577301,hs,4,0,0,1
152962,0,0.0,0.5770833492279053,0.5770833492279053,0.7,0.5193750262260437,hs,2,0,0,1
152980,0,-0.0181818011575332,0.5625,0.5833333134651184,0.5,0.582652747631073,hs,1,0,0,1
152999,0,-0.0414634184635485,0.4366666674613952,0.4744444489479065,0.9,0.4653611183166504,hs,4,0,0,1
153,1,0.1505288668200937,0.5049999952316284,0.3728571534156799,0.2,0.4583481848239898,hs,3,1,0,0
15303,0,-0.10204081434037,0.2750000059604645,0.3375000059604645,0.6,0.4101041853427887,hs,3,0,0,1
153064,1,0.0392296762857143,0.5059027671813965,0.4677083194255829,0.1,0.4612291753292084,hs,2,1,0,0
153107,1,0.0,0.125,0.125,0.7,0.1554166823625564,hs,1,1,1,1
153113,0,-0.0769230599938757,0.5,0.5833333134651184,0.8,0.5408540964126587,hs,5,0,0,1
153119,0,0.0,0.2750000059604645,0.2750000059604645,0.4,0.2597916722297668,hs,2,0,1,0
153134,1,0.0666666534211343,0.6399999856948853,0.5600000023841858,0.2,0.5539999604225159,hs,1,1,0,0
153152,0,-0.029024850825014,0.4613095223903656,0.4888888895511627,0.6,0.4391171038150787,hs,5,0,1,0
153167,1,-0.0076335802840074,0.5416666865348816,0.550000011920929,0.2,0.4941666722297668,hs,3,1,0,0
153175,1,0.0,0.4933333396911621,0.4933333396911621,0.5,0.4639999866485595,hs,2,1,1,1
1532,0,0.0445205554950115,0.5648148059844971,0.5166666507720947,0.4,0.5637314915657043,hs,5,0,1,0
153201,1,-0.0034196423053118,0.7083333134651184,0.7131944298744202,0.7,0.6589066982269287,hs,2,1,1,1
153261,1,0.0,0.3666666746139526,0.3666666746139526,0.3,0.387499988079071,hs,2,1,1,1
153285,1,0.0,0.125,0.125,0.4,0.1437499970197677,hs,2,1,1,1
153306,0,-0.0806174969744013,0.5955555438995361,0.699999988079071,0.7,0.6726110577583313,hs,5,0,0,1
153325,0,0.0540205961087511,0.4437499940395355,0.3982639014720917,0.5,0.7389930486679077,hs,4,0,0,1
153447,1,0.0,0.4166666567325592,0.4166666567325592,0.5,0.5124961137771606,hs,5,1,1,1
153485,0,0.0,0.125,0.125,0.4,0.125,hs,3,0,0,1
153576,1,0.0272168431307188,0.609375,0.5770833492279053,0.4,0.5747569799423218,hs,2,1,1,1
153595,0,0.0769230705746001,0.7777777910232544,0.6666666865348816,0.5,0.7104623317718506,hs,3,0,0,1
15361,0,0.0379746781959875,0.512499988079071,0.4749999940395355,0.7,0.4604761004447937,hs,4,0,0,1
153611,0,-0.1818213602381767,0.5425925850868225,0.7837499976158142,0.8,0.7331501245498657,hs,4,0,0,1
153619,0,-0.0174281578672171,0.6208333373069763,0.6428571343421936,0.5,0.5796467661857605,hs,5,0,1,0
153659,0,0.0183150010403797,0.5791666507720947,0.5583333373069763,0.3,0.5315635204315186,hs,1,0,1,0
153663,0,-0.1180509717557534,0.5425925850868225,0.6878471970558167,0.7,0.660180926322937,hs,4,0,0,1
153687,1,0.0,0.3666666746139526,0.3666666746139526,0.3,0.3300000131130218,hs,1,1,0,0
153719,1,0.0,0.5166666507720947,0.5166666507720947,0.6,0.4649999737739563,hs,1,1,0,0
153732,0,0.0,0.6133333444595337,0.6133333444595337,0.6,0.5519999265670776,hs,2,0,0,1
153755,0,0.0,0.0,0.0,0.6,0.0,hs,4,0,0,1
153783,0,0.0,0.1875,0.1875,0.6,0.194479152560234,hs,4,0,1,0
153824,0,-0.0238907716524303,0.7447916865348816,0.78125,0.4,0.7597569823265076,hs,3,0,0,1
153835,0,0.0476190435641739,0.1833333373069763,0.1666666716337204,0.6,0.6660555601119995,hs,5,0,0,1
153920,0,0.0,0.4458333253860473,0.4458333253860473,0.5,0.4012499451637268,hs,3,0,0,1
153942,0,0.0044749709844907,0.691428542137146,0.6852678656578064,0.7,0.6338121294975281,hs,4,0,0,1
154005,1,0.0,0.5,0.5,0.4,0.449999988079071,hs,2,1,0,0
154007,0,-0.1818213602381767,0.5425925850868225,0.7837499976158142,0.8,0.7331501245498657,hs,3,0,0,1
154121,1,0.0,0.4361111223697662,0.4361111223697662,0.5,0.4013426303863525,hs,3,1,0,0
154123,1,0.0,0.0,0.0,0.4,0.0,hs,4,1,0,0
154170,1,0.0,0.375,0.375,0.4,0.3534027636051178,hs,2,1,1,1
154177,1,0.0,0.262499988079071,0.262499988079071,0.4,0.258263885974884,hs,4,1,1,1
154217,1,-0.1147994349478307,0.3555555641651153,0.4477777779102325,0.1,0.4659722447395324,hs,4,1,0,0
154219,1,-0.0255930877086365,0.5433333516120911,0.5718749761581421,0.7,0.6169573664665222,hs,4,1,1,1
154234,0,-0.0339271523808236,0.4223214387893677,0.4519841372966766,0.4,0.4498802721500397,hs,1,0,1,0
154284,1,0.0,0.2666666805744171,0.2666666805744171,0.4,0.3024801611900329,hs,4,1,1,1
154298,1,0.0,0.5166666507720947,0.5166666507720947,0.5,0.4914583563804626,hs,3,1,1,1
154308,1,-0.0159026947334069,0.4870370328426361,0.5027777552604675,0.5,0.4535925984382629,hs,5,1,1,1
154310,1,0.0272537025880017,0.5104166865348816,0.4833333194255829,0.4,0.5143750905990601,hs,3,1,1,1
154325,0,0.0,0.5,0.5,0.5,0.5106874704360962,hs,3,0,1,0
154357,0,-0.0748815039922028,0.5809524059295654,0.675000011920929,0.7,0.6187915802001953,hs,4,0,0,1
154389,1,0.0,0.2708333432674408,0.2708333432674408,0.5,0.2437500059604644,hs,5,1,0,0
154405,1,-0.0516128993554961,0.612500011920929,0.6791666746139526,0.3,0.6936041712760925,hs,3,1,0,0
154431,0,-0.0338733314713917,0.4392857253551483,0.4700892865657806,0.7,0.477250337600708,hs,2,0,0,1
154435,0,0.0,0.4483333230018616,0.4483333230018616,0.5,0.4119721949100494,hs,3,0,1,0
154443,1,-0.999999999996,0.0,0.25,0.8,0.2783333361148834,hs,5,1,1,1
154444,0,0.0,0.550000011920929,0.550000011920929,0.7,0.6506547927856445,hs,4,0,0,1
154518,1,0.0,0.5,0.5,0.3,0.5512500405311584,hs,1,1,0,0
154595,0,-0.9999999999957896,0.0,0.2374999970197677,0.1,0.3016666769981384,hs,5,0,1,0
154616,0,0.0,0.0,0.0,0.3,0.050000000745058,hs,3,0,1,0
154641,1,0.0,0.5166666507720947,0.5166666507720947,0.5,0.51666659116745,hs,4,1,0,0
154658,0,0.0,0.2145833373069763,0.2145833373069763,0.5,0.2472916394472122,hs,4,0,1,0
15469,0,0.0588235294117093,0.5625,0.5,0.5,0.5142187476158142,hs,2,0,1,0
15470,1,-0.0977131073584745,0.3013888895511627,0.3666666746139526,0.7,0.3401388823986053,hs,4,1,0,0
1551,1,0.0,0.3066666722297668,0.3066666722297668,0.5,0.2912777960300445,hs,3,1,1,1
15540,0,0.0,0.4133333265781402,0.4133333265781402,0.5,0.3720000386238098,hs,1,0,0,1
15543,0,0.0709290764968607,0.5955555438995361,0.5166666507720947,0.3,0.5181666612625122,hs,4,0,1,0
15579,0,0.0,0.7333333492279053,0.7333333492279053,0.7,0.6600000262260437,hs,1,0,0,1
15605,1,0.0415512617128155,0.4476190507411957,0.4119047522544861,0.4,0.4314583241939544,hs,3,1,1,1
1562,1,0.5463137963493384,0.4260416626930237,0.125,0.5,0.445666640996933,hs,2,1,1,1
15620,0,-0.9999999999980368,0.0,0.5093749761581421,0.6,0.4841041564941406,hs,2,0,1,0
15680,1,-0.0078625876271482,0.3797222077846527,0.385740727186203,0.5,0.3583518862724304,hs,4,1,1,1
1572,1,0.0,0.5770833492279053,0.5770833492279053,0.6,0.5415624380111694,hs,5,1,1,1
15790,0,0.1186440497146866,0.34375,0.2708333432674408,0.4,0.3902430534362793,hs,2,0,1,0
1582,0,-0.0709583100181186,0.4409722089767456,0.5083333253860474,0.6,0.5119027495384216,hs,4,0,0,1
1591,1,0.0,0.5,0.5,0.5,0.4675833284854889,hs,2,1,1,1
1595,1,-0.0016739427037745,0.6212499737739563,0.6233333349227905,0.5,0.6437538862228394,hs,2,1,1,1
15998,1,-0.0105263056451158,0.4895833432674408,0.5,0.5,0.4846130907535553,hs,1,1,1,1
160,1,0.0134085926164317,0.5128571391105652,0.4992857277393341,0.3,0.4618571400642395,hs,5,1,0,0
16000,1,-0.1071428419375138,0.625,0.7749999761581421,0.6,0.7560000419616699,hs,3,1,0,0
1603,1,0.0259613533218852,0.7300000190734863,0.6930555701255798,0.6,0.6552639603614807,hs,3,1,0,0
1622,1,0.0074515363607766,0.3520833253860473,0.3468750119209289,0.5,0.3585118651390075,hs,1,1,1,1
16394,1,0.3356401196532016,0.5361111164093018,0.2666666805744171,0.2,0.4456041753292084,hs,3,1,0,0
16395,0,0.012244886519846,0.5166666507720947,0.5041666626930237,0.2,0.4668749868869781,hs,2,0,1,0
16396,1,0.0,0.2750000059604645,0.2750000059604645,0.4,0.2475000172853469,hs,1,1,0,0
16419,0,-0.0311492870382833,0.4697916805744171,0.5,0.6,0.4900000095367431,hs,2,0,0,1
1642,1,0.0,0.0,0.0,0.7,0.0375000014901161,hs,5,1,1,1
16420,1,0.3205574703180114,0.5263888835906982,0.2708333432674408,0.3,0.4300277829170227,hs,5,1,0,0
16421,1,-0.0432900401065153,0.3683333396911621,0.4016666710376739,0.3,0.371055543422699,hs,4,1,1,1
16424,0,0.0,0.2708333432674408,0.2708333432674408,0.7,0.2593750059604645,hs,4,0,1,0
16428,0,-0.1797556511630587,0.4895833432674408,0.7041666507720947,0.9,0.5721875429153442,hs,3,0,0,1
16433,1,0.0,0.2708333432674408,0.2708333432674408,0.6,0.2437500059604644,hs,4,1,1,1
16436,0,-0.2499999888233789,0.125,0.2083333283662796,0.5,0.2391458302736282,hs,2,0,1,0
16443,1,0.0,0.3583333194255829,0.3583333194255829,0.3,0.3531250059604645,hs,1,1,0,0
16454,1,-0.1000000238417579,0.449999988079071,0.550000011920929,0.5,0.487000048160553,hs,2,1,1,1
16456,1,0.0,0.2666666805744171,0.2666666805744171,0.4,0.2659721970558166,hs,5,1,1,1
16471,0,0.0,0.5,0.5,0.7,0.449999988079071,hs,2,0,0,1
16476,1,0.6296296361696728,0.550000011920929,0.125,0.6,0.8348214030265808,hs,1,1,0,0
1649,1,0.0,0.5,0.5,0.4,0.449999988079071,hs,1,1,0,0
16518,1,0.0,0.7333333492279053,0.7333333492279053,0.3,0.6600000262260437,hs,3,1,1,1
16529,1,0.0,0.2750000059604645,0.2750000059604645,0.6,0.3455208539962768,hs,4,1,1,1
16543,0,-0.9999999999980368,0.0,0.5093749761581421,0.6,0.4841041564941406,hs,3,0,1,0
16545,0,0.0,0.5166666507720947,0.5166666507720947,0.8,0.4816666543483734,hs,3,0,0,1
16553,1,0.0,0.5,0.5,0.4,0.5062500238418579,hs,3,1,0,0
16584,1,-0.1175828375904441,0.2885714173316955,0.3654761910438537,0.5,0.4063253998756408,hs,5,1,1,1
16587,1,0.0,0.5166666507720947,0.5166666507720947,0.5,0.4941666722297668,hs,5,1,1,1
16589,1,0.0701001398994282,0.3895833194255829,0.3385416567325592,0.6,0.3739166855812073,hs,5,1,1,1
16608,0,0.0,0.5249999761581421,0.5249999761581421,0.6,0.4995833337306976,hs,4,0,1,0
16619,0,0.0196186807331723,0.512499988079071,0.4927777647972107,0.6,0.4811111092567444,hs,4,0,1,0
1664,1,0.0,0.2666666805744171,0.2666666805744171,0.8,0.2400000095367431,hs,4,1,1,1
16657,1,-0.0173913186799643,0.4708333313465118,0.4875000119209289,0.5,0.4396746158599853,hs,2,1,1,1
16679,1,-0.0168869675361969,0.5579166412353516,0.5770833492279053,0.6,0.518375039100647,hs,2,1,1,1
16714,0,0.0,0.125,0.125,0.6,0.1124999970197677,hs,3,0,0,1
1681,0,-0.0622710526739407,0.2666666805744171,0.3020833432674408,0.8,0.2755208611488342,hs,2,0,0,1
16832,1,0.0,0.0,0.0,0.5,0.1140416637063026,hs,1,1,1,1
16835,1,-0.012244886519846,0.5041666626930237,0.5166666507720947,0.5,0.4649999737739563,hs,4,1,0,0
1684,0,0.0,0.5,0.5,0.8,0.449999988079071,hs,4,0,0,1
16841,1,0.0,0.5770833492279053,0.5770833492279053,0.5,0.5444096922874451,hs,2,1,1,1
16843,0,0.0,0.5,0.5,0.6,0.449999988079071,hs,2,0,0,1
16852,1,-0.0588235145621233,0.6666666865348816,0.75,0.7,0.703666627407074,hs,4,1,0,0
16880,1,0.1707317209324877,0.25,0.1770833283662796,0.6,0.2656944394111633,hs,2,1,1,1
16897,1,0.0,0.5166666507720947,0.5166666507720947,0.4,0.5178332924842834,hs,1,1,0,0
16898,1,0.0,0.5770833492279053,0.5770833492279053,0.6,0.5193750262260437,hs,1,1,0,0
169,1,-0.0153374307833572,0.4458333253860473,0.4597222208976745,0.6,0.4781111180782318,hs,3,1,1,1
16901,1,0.9999999999963636,0.2750000059604645,0.0,0.7,0.4262499809265136,hs,1,1,1,1
16911,1,-0.0927419520993013,0.4166666567325592,0.5018518567085266,0.8,0.4295462965965271,hs,2,1,1,1
16932,1,0.0,0.2883333265781402,0.2883333265781402,0.4,0.261722207069397,hs,4,1,1,1
1694,1,0.0704225181846284,0.3166666626930237,0.2750000059604645,0.3,0.3004166781902313,hs,5,1,1,1
16945,1,0.0476960508446655,0.675000011920929,0.6135416626930237,0.1,0.6070208549499512,hs,4,1,0,0
16946,1,0.1603053373983138,0.4749999940395355,0.34375,0.5,0.4533286988735199,hs,2,1,1,1
16958,0,0.0,0.7083333134651184,0.7083333134651184,0.6,0.6402778029441833,hs,3,0,1,0
16974,0,0.0365853307503343,0.3541666567325592,0.3291666805744171,0.4,0.3693875670433044,hs,1,0,1,0
16977,0,-0.0051813423497519,0.6399999856948853,0.6466666460037231,0.5,0.586513876914978,hs,2,0,1,0
17,1,0.04255318906087,0.4083333313465118,0.375,0.6,0.3884027600288391,hs,3,1,0,0
1701626,1,0.0131578823535925,0.5133333206176758,0.5,0.3,0.4829999804496765,hs,3,1,0,0
17028,1,0.1851851819144228,0.4000000059604645,0.2750000059604645,0.5,0.3592187166213989,hs,5,1,1,1
1703,1,-0.4882600843895697,0.1770833283662796,0.5149999856948853,0.4,0.5052797794342041,hs,1,1,0,0
1703251,0,0.0,0.5,0.5,0.2,0.46875,hs,4,0,1,0
1703708,0,0.0,0.4933333396911621,0.4933333396911621,0.6,0.5104444622993469,hs,5,0,1,0
1705832,0,0.0,0.4166666567325592,0.4166666567325592,0.7,0.3750000298023224,hs,3,0,0,1
1706,1,0.0613409084188196,0.5535714030265808,0.4895833432674408,0.3,0.4873988032341003,hs,4,1,1,1
1709175,0,0.0496613938082007,0.7749999761581421,0.7016666531562805,0.8,0.690166711807251,hs,3,0,0,1
1709299,0,0.0,0.1666666716337204,0.1666666716337204,0.5,0.1499999910593032,hs,3,0,1,0
17095,0,0.0,0.5166666507720947,0.5166666507720947,0.7,0.4649999737739563,hs,5,0,0,1
1709919,0,0.0105263056451158,0.5,0.4895833432674408,0.4,0.4846130907535553,hs,3,0,1,0
1710988,0,-0.062814080150087,0.4440476298332214,0.5035714507102966,0.4,0.5019841194152832,hs,4,0,1,0
1712,0,0.0,0.5,0.5,0.6,0.449999988079071,hs,3,0,1,0
17123,1,0.0,0.2750000059604645,0.2750000059604645,0.4,0.3063125014305115,hs,1,1,1,1
1712813,0,0.0,0.1666666716337204,0.1666666716337204,0.5,0.1499999910593032,hs,3,0,0,1
1714081,0,0.0084700441126041,0.5291666388511658,0.5202777981758118,0.3,0.4883968234062195,hs,3,0,1,0
1714192,0,-0.0607187074103034,0.3947916626930237,0.4458333253860473,0.7,0.4275000095367431,hs,4,0,1,0
1714699,0,0.0,0.4166666567325592,0.4166666567325592,0.6,0.3750000298023224,hs,5,0,0,1
1715217,0,0.0,0.4933333396911621,0.4933333396911621,0.5,0.5174583196640015,hs,1,0,1,0
1716726,1,0.0,0.0,0.0,0.3,0.0354166701436042,hs,5,1,1,1
1717197,0,-0.230769217943971,0.550000011920929,0.8799999952316284,0.4,0.831000030040741,hs,1,0,0,1
1717279,0,0.00296735627933,0.7041666507720947,0.699999988079071,0.3,0.6320832371711731,hs,4,0,1,0
1717604,0,0.0170648251209131,0.6898148059844971,0.6666666865348816,0.3,0.6256799101829529,hs,4,0,0,1
17182,1,-0.999999999998182,0.0,0.550000011920929,0.8,0.4399999976158142,hs,1,1,1,1
17219,1,-0.1018633356183727,0.4016666710376739,0.4927777647972107,0.6,0.5155695080757141,hs,4,1,0,0
1722444,0,-0.1111111111110123,0.5,0.625,0.3,0.6531190276145935,hs,1,0,0,1
1723597,0,0.0059880183098532,0.3499999940395355,0.3458333313465118,0.5,0.405708372592926,hs,1,0,0,1
1723662,0,0.0,0.125,0.125,0.5,0.1208333224058151,hs,5,0,1,0
1724211,0,-0.0436681186903543,0.2433333396911621,0.2655555605888366,0.7,0.3172777891159057,hs,4,0,0,1
1724401,1,0.1076922914401842,0.375,0.3020833432674408,0.3,0.3544444441795349,hs,2,1,0,0
17247,0,0.0,0.2708333432674408,0.2708333432674408,0.3,0.2708333134651184,hs,2,0,1,0
17259,0,0.0,0.637499988079071,0.637499988079071,0.6,0.5984225869178772,hs,3,0,1,0
1726,0,-0.0449101950125435,0.3797619044780731,0.4154762029647827,0.7,0.4152083396911621,hs,4,0,1,0
17289,0,0.0,0.5166666507720947,0.5166666507720947,0.2,0.5529762506484985,hs,5,0,1,0
17295,1,0.0,0.5,0.5,0.3,0.449999988079071,hs,5,1,1,1
17304,0,0.1448275725989775,0.4149999916553497,0.3100000023841858,0.4,0.3989444375038147,hs,2,0,1,0
17329,1,0.0400000183104697,0.2708333432674408,0.25,0.4,0.4750000536441803,hs,3,1,0,0
17345,1,0.0,0.3583333194255829,0.3583333194255829,0.3,0.3462846875190735,hs,1,1,1,1
17348,1,0.0,0.4483333230018616,0.4483333230018616,0.4,0.4290972352027893,hs,1,1,1,1
17358,1,0.0,0.3895833194255829,0.3895833194255829,0.5,0.356562465429306,hs,4,1,1,1
17362,1,0.1811414398662916,0.3966666758060455,0.2750000059604645,0.3,0.3705000281333923,hs,3,1,1,1
17376,1,0.0,0.4895833432674408,0.4895833432674408,0.5,0.5165277719497681,hs,1,1,1,1
17377,0,0.0,0.2708333432674408,0.2708333432674408,0.7,0.2593750059604645,hs,2,0,1,0
17395,1,-0.120783460085123,0.2885714173316955,0.3678571283817291,0.5,0.4440873265266418,hs,2,1,1,1
17430,1,0.0,0.5,0.5,0.7,0.45333331823349,hs,2,1,0,0
1744,0,0.0,0.3666666746139526,0.3666666746139526,0.4,0.3735277652740478,hs,4,0,1,0
17447,0,-0.999999999992,0.0,0.125,0.5,0.125,hs,4,0,1,0
17463,1,-0.0049689572781156,0.5562499761581421,0.5618055462837219,0.7,0.5108888745307922,hs,3,1,1,1
17468,0,-0.0514285725962917,0.5533333420753479,0.6133333444595337,0.5,0.5459999442100525,hs,5,0,0,1
17473,0,-0.0389610585644844,0.4933333396911621,0.5333333611488342,0.4,0.4950833320617676,hs,3,0,0,1
17484,1,0.0,0.5166666507720947,0.5166666507720947,0.5,0.5220833420753479,hs,3,1,1,1
17493,0,0.0,0.3895833194255829,0.3895833194255829,0.7,0.3506249785423279,hs,2,0,0,1
1751,1,0.0,0.3281745910644531,0.3281745910644531,0.6,0.3324761986732483,hs,1,1,1,1
17511,1,0.1282190046763919,0.4335416555404663,0.3350000083446502,0.2,0.4328750073909759,hs,5,1,0,0
17521,1,-0.1186440497146866,0.2708333432674408,0.34375,0.4,0.5,hs,3,1,0,0
17522,1,0.0,0.4833333194255829,0.4833333194255829,0.7,0.4538492262363434,hs,3,1,1,1
17527,1,-0.0909090909090247,0.625,0.75,0.8,0.6159999966621399,hs,4,1,0,0
17550,1,0.0,0.125,0.125,0.4,0.1531250029802322,hs,1,1,1,1
17553,1,0.0,0.0,0.0,0.6,0.2793332934379577,hs,1,1,0,0
17561,0,-0.0942870647051305,0.3385416567325592,0.4090277850627899,0.9,0.3968055844306946,hs,5,0,0,1
17564,0,0.0749250481993057,0.5604166388511658,0.4822916686534881,0.5,0.5200208425521851,hs,2,0,1,0
17569,1,0.0,0.5770833492279053,0.5770833492279053,0.4,0.5193750262260437,hs,3,1,0,0
1758,0,-0.017268440974757,0.4347222149372101,0.449999988079071,0.5,0.4149305820465088,hs,1,0,1,0
17605,0,-0.0228283168904473,0.5722222328186035,0.5989583134651184,0.6,0.6304860711097717,hs,4,0,0,1
1761,1,-0.0560000178527024,0.3277777731418609,0.3666666746139526,0.7,0.3957063555717468,hs,4,1,0,0
17644,1,0.0676691648452579,0.5916666388511658,0.5166666507720947,0.5,0.519736111164093,hs,1,1,0,0
17658,1,0.0,0.6666666865348816,0.6666666865348816,0.4,0.5999999642372131,hs,4,1,0,0
17685,0,-0.1994818583718778,0.2145833373069763,0.3215277791023254,0.5,0.3426041305065155,hs,1,0,1,0
17696,1,-0.0243902439024199,0.625,0.65625,0.5,0.8056249618530273,hs,5,1,0,0
17704,0,0.0,0.2708333432674408,0.2708333432674408,0.5,0.265625,hs,4,0,1,0
17729,0,0.0,0.7083333134651184,0.7083333134651184,0.7,0.6375000476837158,hs,5,0,1,0
17750,1,-0.0549450817206473,0.3583333194255829,0.4000000059604645,0.8,0.4308332800865173,hs,2,1,1,1
17758,0,0.0,0.4933333396911621,0.4933333396911621,0.4,0.4478333592414856,hs,3,0,1,0
17764,0,-0.0413983269551488,0.6512500047683716,0.7074999809265137,0.8,0.6195972561836243,hs,3,0,0,1
17776,1,0.0727762900928347,0.4145833253860473,0.3583333194255829,0.7,0.5339533686637878,hs,2,1,1,1
17780,0,0.0,0.5874999761581421,0.5874999761581421,0.5,0.5287500619888306,hs,3,0,0,1
17789,0,-0.0836363871864924,0.3499999940395355,0.4138889014720917,0.4,0.3875417113304138,hs,4,0,1,0
17808,1,0.0,0.125,0.125,0.5,0.1124999970197677,hs,1,1,1,1
17827,1,0.0,0.5,0.5,0.3,0.4668749868869781,hs,2,1,0,0
17837,0,-0.1601150217641913,0.2433333396911621,0.3361110985279083,0.7,0.4295694231986999,hs,5,0,0,1
17856,1,0.0,0.4033333361148834,0.4033333361148834,0.5,0.3830000162124634,hs,1,1,1,1
17908,1,0.0,0.2708333432674408,0.2708333432674408,0.2,0.2593750059604645,hs,1,1,1,1
17974,0,0.0588235145621233,0.75,0.6666666865348816,0.3,0.6506944894790649,hs,3,0,0,1
17989,0,0.0,0.5,0.5,0.4,0.4749999940395355,hs,5,0,1,0
17990,0,0.0,0.2433333396911621,0.2433333396911621,0.5,0.2190000116825103,hs,2,0,0,1
17995,1,0.0,0.3333333432674408,0.3333333432674408,0.3,0.2999999821186065,hs,5,1,1,1
18018,0,0.0,0.4166666567325592,0.4166666567325592,0.4,0.3750000298023224,hs,2,0,1,0
18019,1,-0.0018148889433274,0.859375,0.862500011920929,0.4,0.8474553823471069,hs,4,1,0,0
18023,1,-0.0310613221185073,0.4119791686534881,0.4383928477764129,0.3,0.3924850821495056,hs,4,1,1,1
18025,1,-0.0306211553596263,0.5770833492279053,0.6135416626930237,0.5,0.5829514265060425,hs,2,1,0,0
18029,0,0.0,0.0,0.0,0.7,0.1566666662693023,hs,3,0,0,1
18034,1,-0.0059473179216832,0.4875000119209289,0.4933333396911621,0.4,0.4958124756813049,hs,3,1,0,0
18036,0,0.0,0.0,0.0,0.7,0.0354166701436042,hs,1,0,1,0
1806,1,0.011402508168263,0.4927777647972107,0.4816666543483734,0.6,0.504236102104187,hs,4,1,1,1
1808,1,-0.004184096411441,0.4958333373069763,0.5,0.6,0.449583351612091,hs,2,1,1,1
18126,0,0.0,0.449999988079071,0.449999988079071,0.4,0.4195833206176758,hs,2,0,1,0
18128,0,0.0,0.0,0.0,0.5,0.0274999998509883,hs,5,0,0,1
18226,0,-0.111842115014824,0.375,0.4694444537162781,0.6,0.4039236009120941,hs,4,0,1,0
1825,0,0.0,0.5,0.5,0.9,0.449999988079071,hs,1,0,0,1
1827,0,0.0,0.5,0.5,0.8,0.449999988079071,hs,3,0,0,1
18345,0,0.0,0.5,0.5,0.8,0.449999988079071,hs,3,0,0,1
1839,1,0.0582524583659985,0.3633333444595337,0.3233333230018616,0.4,0.3221666514873504,hs,2,1,1,1
1844,1,0.1428571428568163,0.25,0.1875,0.5,0.2720833420753479,hs,4,1,0,0
18482,1,-0.0371990999398073,0.4888888895511627,0.5266666412353516,0.5,0.4894999861717224,hs,5,1,0,0
18483,1,0.0,0.4166666567325592,0.4166666567325592,0.6,0.3750000298023224,hs,1,1,0,0
18596,0,-0.0307665166740952,0.7569444179534912,0.8050000071525574,0.4,0.7552499771118164,hs,4,0,0,1
18662,0,-0.0341063989061,0.3687500059604645,0.3947916626930237,0.6,0.3588889241218567,hs,4,0,1,0
18668,1,0.0,0.5770833492279053,0.5770833492279053,0.3,0.5193750262260437,hs,1,1,0,0
18678,1,0.0541368529584906,0.3583333194255829,0.3215277791023254,0.4,0.3441666662693023,hs,4,1,1,1
18688,0,-0.0112359589261145,0.6844444274902344,0.699999988079071,0.6,0.7012499570846558,hs,1,0,0,1
18763,1,0.0,0.5,0.5,0.6,0.5192261934280396,hs,5,1,1,1
1877,1,-0.1866294992683689,0.2433333396911621,0.3549999892711639,0.7,0.36772221326828,hs,1,1,1,1
18794,0,-0.0190211559168732,0.637499988079071,0.6622222065925598,0.6,0.6034190058708191,hs,2,0,1,0
18800,1,0.0,0.4124999940395355,0.4124999940395355,0.5,0.475747674703598,hs,2,1,1,1
18801,1,0.0,0.3895833194255829,0.3895833194255829,0.5,0.3670833110809326,hs,5,1,1,1
18826,0,0.0129474582496143,0.4618055522441864,0.449999988079071,0.4,0.4801388680934906,hs,3,0,1,0
1886,1,-0.0813397296861014,0.5,0.5885416865348816,0.7,0.5445208549499512,hs,1,1,1,1
18884,0,-0.0818029965559424,0.2864583432674408,0.3375000059604645,0.6,0.3694394826889038,hs,1,0,1,0
1894,1,0.0,0.125,0.125,0.3,0.1124999970197677,hs,3,1,0,0
18941,0,-0.0666666825611497,0.3499999940395355,0.4000000059604645,0.9,0.4286111295223236,hs,5,0,0,1
18945,0,-0.0239999992675597,0.6354166865348816,0.6666666865348816,0.4,0.596666693687439,hs,4,0,1,0
18957,0,-0.0421491184936701,0.5744444727897644,0.625,0.9,0.5574444532394409,hs,1,0,0,1
1900,0,0.0335570478389571,0.481249988079071,0.449999988079071,0.2,0.4209305644035339,hs,1,0,1,0
19099,0,0.0742358152253385,0.3416666686534881,0.2944444417953491,0.5,0.3358194231986999,hs,4,0,1,0
19120,1,-0.0024449854233836,0.6800000071525574,0.6833333373069763,0.4,0.6463750600814819,hs,2,1,1,1
19121,1,0.0588235145621233,0.75,0.6666666865348816,0.5,0.7059444785118103,hs,4,1,0,0
19213,1,0.0,0.1666666716337204,0.1666666716337204,0.5,0.1666666567325592,hs,2,1,1,1
1925,0,0.0,0.0,0.0,0.9,0.0,hs,3,0,0,1
1928,0,0.395161280436619,0.2883333265781402,0.125,0.6,0.3594821393489837,hs,1,0,0,1
19373,0,0.0,0.1666666716337204,0.1666666716337204,0.4,0.1499999910593032,hs,5,0,1,0
19384,0,0.0651162583740671,0.3816666603088379,0.3350000083446502,0.7,0.3941250145435333,hs,5,0,0,1
194,1,0.0,0.4166666567325592,0.4166666567325592,0.6,0.4311508238315582,hs,1,1,1,1
19428,0,-0.0309278512054008,0.6266666650772095,0.6666666865348816,0.6,0.6680001020431519,hs,4,0,0,1
19460,0,-0.0612245046908359,0.7666666507720947,0.8666666746139526,0.7,0.8607500791549683,hs,1,0,0,1
19464,1,-0.0461538580041946,0.5166666507720947,0.5666666626930237,0.6,0.534166693687439,hs,5,1,1,1
19531,0,-0.023255847479065,0.5249999761581421,0.550000011920929,0.9,0.4925000071525574,hs,2,0,0,1
19542,0,0.0,0.5,0.5,0.7,0.449999988079071,hs,5,0,0,1
19571,1,0.0,0.125,0.125,0.4,0.1124999970197677,hs,5,1,0,0
19618,1,0.0,0.550000011920929,0.550000011920929,0.2,0.4950000345706939,hs,5,1,0,0
19753,1,0.0,0.2145833373069763,0.2145833373069763,0.5,0.2092658579349517,hs,2,1,0,0
19784,0,0.0540340408583369,0.4944444298744201,0.4437499940395355,0.0,0.4300764203071594,hs,4,0,1,0
19816,0,-0.115789513838821,0.5249999761581421,0.6625000238418579,0.8,0.5581110715866089,hs,1,0,0,1
1982,1,-0.0206100502997319,0.4124999940395355,0.4298610985279083,0.6,0.4423412382602691,hs,3,1,0,0
19951,0,0.0,0.5625,0.5625,0.5,0.5062500238418579,hs,5,0,0,1
1997,0,0.6296296361696728,0.550000011920929,0.125,0.4,0.445666640996933,hs,3,0,1,0
20092,1,0.0,0.3333333432674408,0.3333333432674408,0.4,0.3127777874469757,hs,4,1,1,1
201,1,0.0,0.4458333253860473,0.4458333253860473,0.5,0.4102083146572113,hs,1,1,1,1
20111,1,-0.1504424434266322,0.2666666805744171,0.3611111044883728,0.7,0.2956944406032562,hs,1,1,1,1
20157,1,0.0,0.5166666507720947,0.5166666507720947,0.5,0.4981666505336761,hs,2,1,1,1
20174,1,0.1044247778647107,0.5199999809265137,0.4216666519641876,0.3,0.4812916815280914,hs,5,1,0,0
20199,0,0.0,0.3404761850833893,0.3404761850833893,0.3,0.338968276977539,hs,1,0,1,0
20202,1,0.0582524583659985,0.3633333444595337,0.3233333230018616,0.4,0.3340000212192535,hs,4,1,1,1
20212,1,0.0,0.3666666746139526,0.3666666746139526,0.9,0.3591666519641876,hs,4,1,1,1
2034,0,0.0,0.3666666746139526,0.3666666746139526,0.6,0.3300000131130218,hs,4,0,0,1
2042,0,0.0325047842985534,0.449999988079071,0.4216666519641876,0.4,0.4232291579246521,hs,3,0,0,1
2049,1,-0.1092437126314793,0.2944444417953491,0.3666666746139526,0.3,0.3535694479942322,hs,5,1,1,1
205,1,0.0,0.2708333432674408,0.2708333432674408,0.6,0.2486111223697662,hs,1,1,1,1
2051,0,-0.0087489628533568,0.5451388955116272,0.5547618865966797,0.4,0.5980525612831116,hs,2,0,1,0
20548,0,0.0,0.4133333265781402,0.4133333265781402,0.7,0.4786249995231628,hs,3,0,0,1
20857,0,0.0303030014037865,0.7083333134651184,0.6666666865348816,0.4,0.6779028177261353,hs,4,0,0,1
2091,0,0.1125343127530083,0.7599999904632568,0.606249988079071,0.6,0.7559999823570251,hs,5,0,0,1
213000,1,0.0,0.3683333396911621,0.3683333396911621,0.2,0.3683333396911621,hs,2,1,0,0
2132,1,-0.2920065341932621,0.3013888895511627,0.550000011920929,0.6,0.4702083468437195,hs,4,1,0,0
213316,0,0.044373655465902,0.5244791507720947,0.4799107015132904,0.3,0.4684955179691314,hs,3,0,1,0
213367,1,0.0,0.25,0.25,0.3,0.25,hs,5,1,1,1
213510,1,-0.0257611411863032,0.4622222185134887,0.4866666793823242,0.6,0.4667778015136719,hs,3,1,0,0
213515,1,0.0,0.4166666567325592,0.4166666567325592,0.6,0.3750000298023224,hs,4,1,0,0
2137,1,0.0113339039581648,0.4833333194255829,0.4724999964237213,0.4,0.4479583203792572,hs,1,1,1,1
2138,1,0.0392817169040148,0.4822916686534881,0.4458333253860473,0.8,0.4462003707885742,hs,1,1,1,1
214,0,-0.1428571605503953,0.4124999940395355,0.550000011920929,0.9,0.4576250612735748,hs,5,0,0,1
2145,0,0.0,0.0,0.0,0.4,0.1266666650772094,hs,4,0,1,0
2157,1,0.0,0.375,0.375,0.6,0.3823015689849853,hs,2,1,1,1
215988,0,-0.3706293685300961,0.1875,0.4083333313465118,0.9,0.2833749949932098,hs,5,0,0,1
2166,1,0.0,0.6666666865348816,0.6666666865348816,0.5,0.6666666269302368,hs,2,1,0,0
21683,0,-0.5652173822894297,0.125,0.449999988079071,0.5,0.3994166254997253,hs,2,0,0,1
217155,1,0.0,0.3583333194255829,0.3583333194255829,0.4,0.3619791567325592,hs,4,1,1,1
21738,1,0.0,0.125,0.125,0.7,0.1124999970197677,hs,5,1,1,1
217405,0,-0.1549295916179459,0.4761904776096344,0.6507936716079712,0.5,0.7198015451431274,hs,5,0,0,1
217633,0,0.0,0.0,0.0,0.9,0.0,hs,3,0,0,1
21806,1,0.0,0.0,0.0,0.7,0.0375000014901161,hs,1,1,1,1
2183,1,0.0,0.25,0.25,0.4,0.2835312485694885,hs,1,1,1,1
21857,1,0.1428571574537087,0.1666666716337204,0.125,0.3,0.2076666802167892,hs,5,1,0,0
2195,0,0.0,0.125,0.125,0.4,0.2000000029802322,hs,5,0,1,0
21959,0,0.0,0.5583333373069763,0.5583333373069763,0.5,0.5672916769981384,hs,4,0,1,0
22105,0,0.0,0.2145833373069763,0.2145833373069763,0.6,0.2176041603088379,hs,1,0,1,0
22132,0,0.0,0.5,0.5,0.5,0.481249988079071,hs,2,0,0,1
22195,0,-0.1176470526360921,0.5,0.6333333253860474,0.7,0.5842361450195312,hs,2,0,0,1
22203,0,0.0,0.0,0.0,0.6,0.0,hs,1,0,0,1
22231,1,0.0,0.2864583432674408,0.2864583432674408,0.4,0.2578125,hs,3,1,1,1
222394,0,0.0,0.4166666567325592,0.4166666567325592,0.7,0.3791666626930237,hs,4,0,1,0
22276,0,0.263803689595438,0.2145833373069763,0.125,0.5,0.3541666567325592,hs,3,0,0,1
22288,1,-0.0466830475465578,0.3233333230018616,0.3549999892711639,0.4,0.3224454224109649,hs,1,1,1,1
22320,0,0.0319953233010523,0.6159722208976746,0.5777778029441833,0.5,0.5787361264228821,hs,5,0,0,1
22405,0,-0.999999999992,0.0,0.125,0.5,0.125,hs,5,0,1,0
2242,0,0.0,0.0,0.0,0.9,0.0,hs,1,0,0,1
2250,0,0.0398406347537938,0.4350000023841858,0.4016666710376739,0.6,0.4617360532283783,hs,4,0,0,1
2256,1,0.0,0.2708333432674408,0.2708333432674408,0.5,0.2437500059604644,hs,2,1,1,1
2258,1,0.0303030063954609,0.5059523582458496,0.4761904776096344,0.7,0.5137976408004761,hs,4,1,1,1
226,1,-0.999999999996,0.0,0.25,0.8,0.0968749970197677,hs,4,1,1,1
22613,1,0.0,0.0,0.0,0.7,0.050000000745058,hs,5,1,1,1
226675,1,0.0,0.125,0.125,0.5,0.1124999970197677,hs,5,1,0,0
226739,1,-0.1305335057609707,0.3989583253860473,0.518750011920929,0.6,0.4694444239139557,hs,5,1,1,1
2298,1,0.0,0.6666666865348816,0.6666666865348816,0.6,0.6919721961021423,hs,3,1,1,1
23,1,-0.1999999856944054,0.1666666716337204,0.25,0.9,0.1659722179174423,hs,2,1,1,1
230,1,-0.036235292406924,0.3555555641651153,0.3822916746139526,0.5,0.397775799036026,hs,1,1,0,0
23013,0,-0.0149253591128193,0.6875,0.7083333134651184,0.5,0.6354166865348816,hs,4,0,1,0
230426,0,0.1228070248819014,0.4000000059604645,0.3125,0.5,0.3631249666213989,hs,5,0,0,1
23046,0,-0.0871369196086347,0.3666666746139526,0.4366666674613952,0.6,0.3803194463253021,hs,5,0,0,1
23149,1,0.0,0.125,0.125,0.6,0.1520833373069763,hs,5,1,1,1
23166,1,-0.0303030016426048,0.3666666746139526,0.3895833194255829,0.5,0.387291669845581,hs,1,1,0,0
2319,1,-0.3684210684811905,0.125,0.2708333432674408,0.9,0.2113333493471145,hs,4,1,1,1
23229,0,-0.1428571428568163,0.1875,0.25,0.6,0.2512499690055847,hs,5,0,1,0
23234,1,-0.0597609666654696,0.3511904776096344,0.3958333432674408,0.8,0.3453055322170257,hs,1,1,1,1
232950,0,0.0,0.4166666567325592,0.4166666567325592,0.5,0.3895833194255829,hs,3,0,1,0
23352,0,-0.0040160605654411,0.5166666507720947,0.5208333134651184,0.3,0.5285138487815857,hs,3,0,0,1
2342,1,0.0,0.2750000059604645,0.2750000059604645,0.9,0.2750000357627868,hs,1,1,1,1
23464,1,0.024752486991965,0.4312500059604645,0.4104166626930237,0.3,0.3860417008399963,hs,3,1,1,1
234798,1,0.2392426890938555,0.625,0.3836805522441864,0.7,0.7107499837875366,hs,1,1,0,0
23494,1,-0.012442215701084,0.4822916686534881,0.4944444298744201,0.4,0.4490625262260437,hs,1,1,1,1
23502,0,-0.1265059903528268,0.3020833432674408,0.3895833194255829,0.5,0.461409717798233,hs,4,0,0,1
23512,0,0.0269749258077013,0.6662499904632568,0.6312500238418579,0.5,0.6134583353996277,hs,4,0,1,0
2352,0,0.0,0.125,0.125,0.4,0.1260416805744171,hs,3,0,1,0
235234,1,0.0,0.5,0.5,0.7,0.45333331823349,hs,5,1,1,1
23603,0,-0.1724137794951581,0.125,0.1770833283662796,0.5,0.1614583283662796,hs,3,0,1,0
2377,0,0.0,0.2750000059604645,0.2750000059604645,0.8,0.2744166851043701,hs,2,0,0,1
23880,0,-0.1171993852065115,0.3020833432674408,0.3822916746139526,0.7,0.363979160785675,hs,4,0,0,1
23882,0,-0.0476190404105644,0.375,0.4124999940395355,0.7,0.4154563844203949,hs,1,0,0,1
23893,1,0.0,0.0,0.0,0.7,0.050000000745058,hs,3,1,1,1
2392,1,0.0782997946142347,0.2510416805744171,0.2145833373069763,0.3,0.2373263835906982,hs,4,1,1,1
23950,0,-0.1707317351674205,0.3895833194255829,0.550000011920929,0.5,0.4639583528041839,hs,5,0,0,1
23983,1,0.0,0.4895833432674408,0.4895833432674408,0.7,0.4427083134651184,hs,5,1,1,1
2406,0,0.0303030014037204,0.1770833283662796,0.1666666716337204,0.5,0.1768749952316284,hs,2,0,0,1
24166,0,0.0,0.449999988079071,0.449999988079071,0.5,0.470073401927948,hs,1,0,0,1
2421,1,-0.1851851819144228,0.2750000059604645,0.4000000059604645,1.0,0.2834375202655792,hs,3,1,1,1
2422,0,-0.1724137794951581,0.125,0.1770833283662796,0.5,0.1614583283662796,hs,5,0,1,0
24236,1,0.0,0.5,0.5,0.4,0.449999988079071,hs,2,1,1,1
24358,0,0.0,0.5166666507720947,0.5166666507720947,0.5,0.4649999737739563,hs,4,0,0,1
2440,1,-0.0300429404131863,0.5649999976158142,0.6000000238418579,0.5,0.5503581762313843,hs,4,1,1,1
24417,1,0.0,0.4033333361148834,0.4033333361148834,0.7,0.3726111054420471,hs,4,1,1,1
2442,0,0.0,0.5625,0.5625,0.6,0.6327083110809326,hs,4,0,0,1
2453,1,0.0,0.3375000059604645,0.3375000059604645,0.4,0.323888897895813,hs,2,1,1,1
24539,1,0.0,0.0,0.0,0.7,0.050000000745058,hs,1,1,1,1
24618,0,0.0408444136714404,0.449999988079071,0.414682537317276,0.3,0.4652182459831238,hs,3,0,1,0
24623,0,0.0640394188644576,0.75,0.6597222089767456,0.2,0.6718055009841919,hs,5,0,0,1
2464,1,0.0190211559168732,0.6622222065925598,0.637499988079071,0.4,0.6056534647941589,hs,4,1,1,1
24667,1,-0.0678810764348842,0.5649999976158142,0.6472916603088379,0.7,0.5945515632629395,hs,3,1,0,0
24708,0,0.0,0.5,0.5,0.8,0.4937500059604645,hs,1,0,0,1
2475,0,0.0285714391874338,0.4124999940395355,0.3895833194255829,0.7,0.3735833168029785,hs,1,0,0,1
24759,0,-0.999999999996,0.0,0.25,0.6,0.2249999940395355,hs,1,0,0,1
248,0,0.0588235294117093,0.5625,0.5,0.7,0.5632291436195374,hs,1,0,0,1
2481,1,0.0,0.4895833432674408,0.4895833432674408,0.7,0.4406250119209289,hs,5,1,1,1
24813,1,-0.1510435229601019,0.4166666567325592,0.5649305582046509,0.6,0.5414136648178101,hs,2,1,1,1
24882,1,0.0,0.4895833432674408,0.4895833432674408,0.6,0.4565833210945129,hs,2,1,1,1
24891,1,-0.6842105263152133,0.1875,1.0,1.0,0.5922916531562805,hs,1,1,0,0
24944,1,0.0,0.125,0.125,0.6,0.139583334326744,hs,4,1,1,1
24967,0,-0.022086857486299,0.3566666543483734,0.3727777898311615,0.7,0.394569456577301,hs,5,0,0,1
25137,0,0.0,0.0,0.0,0.7,0.0354166701436042,hs,5,0,1,0
25145,1,0.19999999999936,0.1875,0.125,0.5,0.270458310842514,hs,5,1,1,1
25200,0,0.0,0.2750000059604645,0.2750000059604645,0.5,0.3447916805744171,hs,4,0,0,1
2522,1,-0.0529914269080094,0.5770833492279053,0.6416666507720947,0.9,0.5560346841812134,hs,2,1,1,1
25249,1,0.0127770675079873,0.6743055582046509,0.6572916507720947,0.9,0.6421180963516235,hs,3,1,1,1
2527,0,-0.2509090640481395,0.2145833373069763,0.3583333194255829,0.8,0.3537847399711609,hs,1,0,1,0
25411,1,0.999999999996,0.25,0.0,0.3,0.1566666662693023,hs,5,1,0,0
25433,0,-0.0554838741115236,0.3812499940395355,0.4260416626930237,0.4,0.4464791715145111,hs,5,0,0,1
254887,1,0.0036630211679506,0.4756944477558136,0.4722222089767456,0.4,0.4753125309944153,hs,5,1,1,1
255,0,0.0,0.3066666722297668,0.3066666722297668,0.4,0.3219444751739502,hs,4,0,1,0
255093,1,0.0,0.0,0.0,0.7,0.0895833373069763,hs,4,1,1,1
25518,0,-0.0092421487229232,0.7444444298744202,0.7583333253860474,0.3,0.7625555992126465,hs,1,0,0,1
256291,0,-0.0115830000674169,0.2666666805744171,0.2729166746139526,0.7,0.2706944346427917,hs,5,0,1,0
2572,1,0.0,0.3333333432674408,0.3333333432674408,0.7,0.2999999821186065,hs,5,1,1,1
258066,1,0.0322580617250219,0.3555555641651153,0.3333333432674408,0.4,0.362986147403717,hs,1,1,0,0
25807,0,-0.0729927350273706,0.4409722089767456,0.5104166865348816,0.1,0.7070833444595337,hs,3,0,0,1
258086,1,-0.0187500380677928,0.5233333110809326,0.5433333516120911,0.3,0.5231665968894958,hs,5,1,0,0
258522,0,0.0397112184622536,0.4000000059604645,0.3694444298744201,0.5,0.384464293718338,hs,5,0,0,1
25873,1,0.0159857999762749,0.5958333611488342,0.5770833492279053,0.6,0.5443124771118164,hs,5,1,1,1
25877,0,-0.0476190584315907,0.25,0.2750000059604645,0.5,0.2994583547115326,hs,1,0,1,0
25895,0,0.0387597088343205,0.5583333373069763,0.5166666507720947,0.5,0.5126111507415771,hs,3,0,1,0
259,0,-0.1336898264814644,0.3375000059604645,0.4416666626930237,0.7,0.4263437688350677,hs,2,0,0,1
2591,0,0.0,0.5166666507720947,0.5166666507720947,0.6,0.4649999737739563,hs,2,0,1,0
25913,1,-0.044699885445753,0.3895833194255829,0.4260416626930237,0.5,0.3836458325386047,hs,3,1,1,1
259152,1,0.0,0.25,0.25,0.4,0.2249999940395355,hs,5,1,1,1
25935,1,0.9999999999977144,0.4375,0.0,0.7,0.4072569906711578,hs,5,1,1,1
25951,0,0.0,0.2883333265781402,0.2883333265781402,0.6,0.2722440659999847,hs,2,0,1,0
25961,1,0.4594594664246771,0.3375000059604645,0.125,0.4,0.4525000154972076,hs,3,1,1,1
25967,1,0.1724137794951581,0.1770833283662796,0.125,0.8,0.1947916597127914,hs,1,1,1,1
26045,0,0.0,0.5333333611488342,0.5333333611488342,0.6,0.4822222590446472,hs,2,0,1,0
260938,1,0.0165037520154374,0.3671296238899231,0.3552083373069763,0.5,0.4522189199924469,hs,4,1,1,1
26245,1,-0.1077158169373966,0.2433333396911621,0.3020833432674408,0.4,0.3956131041049957,hs,1,1,1,1
2628,1,0.0,0.2666666805744171,0.2666666805744171,0.6,0.2538889050483703,hs,4,1,1,1
26339,0,0.0,0.3375000059604645,0.3375000059604645,0.2,0.3442187905311584,hs,2,0,1,0
26344,1,0.0,0.6666666865348816,0.6666666865348816,0.3,0.625,hs,1,1,0,0
264,1,0.0,0.0,0.0,0.3,0.0354166701436042,hs,4,1,1,1
2646,0,-0.0312500153667758,0.3229166567325592,0.34375,0.4,0.309374988079071,hs,2,0,1,0
26462,1,0.0,0.0,0.0,0.7,0.0375000014901161,hs,4,1,1,1
26548,1,0.0,0.125,0.125,0.5,0.1550000011920929,hs,4,1,1,1
2662,1,0.99999999999625,0.2666666805744171,0.0,0.5,0.2917500138282776,hs,1,1,1,1
26724,0,0.0,0.0,0.0,0.5,0.0274999998509883,hs,3,0,1,0
2687,1,0.0322580905659938,0.5333333611488342,0.5,0.5,0.5334374904632568,hs,2,1,1,1
26871,1,0.0588235294117093,0.5625,0.5,0.8,0.5401042103767395,hs,4,1,1,1
2690,1,-0.1249999916178156,0.1944444477558136,0.25,0.4,0.2413749992847442,hs,1,1,1,1
270,1,0.0,0.5770833492279053,0.5770833492279053,0.5,0.5786805748939514,hs,3,1,1,1
27023,0,-0.052631578947324,0.5625,0.625,0.8,0.5444999933242798,hs,3,0,1,0
27115,0,0.0,0.2750000059604645,0.2750000059604645,0.5,0.2565000057220459,hs,5,0,1,0
27121,0,0.999999999996,0.25,0.0,0.4,0.2722916603088379,hs,2,0,1,0
27142,1,0.0,0.5,0.5,0.7,0.45333331823349,hs,3,1,1,1
27159,0,-0.1470985254195253,0.5266666412353516,0.7083333134651184,0.6,0.7650774121284485,hs,1,0,0,1
27180,1,-0.0790774438148942,0.3105555474758148,0.3638888895511627,0.7,0.4205138683319092,hs,5,1,1,1
27256,0,0.0387597088343205,0.5583333373069763,0.5166666507720947,0.4,0.5233333110809326,hs,1,0,1,0
27306,0,-0.1428571574537087,0.125,0.1666666716337204,0.5,0.2352916449308395,hs,1,0,1,0
27348,0,-0.0449438188702087,0.7083333134651184,0.7749999761581421,0.4,0.7114583253860474,hs,4,0,0,1
2754,1,0.0,0.2666666805744171,0.2666666805744171,0.4,0.2455555498600006,hs,3,1,1,1
27561,0,0.0,0.4895833432674408,0.4895833432674408,0.7,0.4406250119209289,hs,1,0,0,1
27580,1,0.0,0.5625,0.5625,0.7,0.534583330154419,hs,4,1,1,1
27582,0,-0.044699885445753,0.3895833194255829,0.4260416626930237,0.3,0.4065069556236267,hs,4,0,1,0
2759,0,-0.0099010222699823,0.7083333134651184,0.7225000262260437,0.8,0.6592499017715454,hs,2,0,0,1
27665,1,0.0,0.125,0.125,0.7,0.125,hs,4,1,1,1
27688,0,0.0,0.125,0.125,0.4,0.1312499940395355,hs,2,0,1,0
2770,0,0.0,0.2708333432674408,0.2708333432674408,0.6,0.2517361044883728,hs,3,0,1,0
2780,1,0.0,0.4166666567325592,0.4166666567325592,0.6,0.49636110663414,hs,1,1,0,0
280,1,0.0,0.3583333194255829,0.3583333194255829,0.6,0.3297916352748871,hs,1,1,1,1
2832,1,0.0189182003099273,0.6638888716697693,0.6392360925674438,0.3,0.6825348138809204,hs,1,1,0,0
2833,0,0.0,0.6666666865348816,0.6666666865348816,0.4,0.6666666269302368,hs,4,0,0,1
284,1,0.0,0.2666666805744171,0.2666666805744171,0.5,0.3068849146366119,hs,2,1,1,1
2845,1,-0.0862068905716022,0.2355555593967437,0.2800000011920929,0.4,0.2619999945163727,hs,5,1,1,1
2846,0,0.0,0.0,0.0,0.3,0.0375000014901161,hs,1,0,1,0
287,1,0.0,0.1666666716337204,0.1666666716337204,0.4,0.2243611067533493,hs,1,1,1,1
28980,0,-0.4339622565113059,0.1666666716337204,0.422222226858139,0.6,0.3687123358249664,hs,2,0,0,1
2939,0,0.0,0.0,0.0,0.5,0.1140416637063026,hs,2,0,1,0
295,1,-0.0303030014037204,0.1666666716337204,0.1770833283662796,0.4,0.1921527683734893,hs,4,1,0,0
2954,1,-0.19999999999936,0.125,0.1875,0.3,0.1918749958276748,hs,5,1,1,1
2957,1,0.0,0.3333333432674408,0.3333333432674408,0.6,0.3190416693687439,hs,4,1,1,1
2988,1,-0.0018083424014293,0.574999988079071,0.5770833492279053,0.4,0.5191667675971985,hs,1,1,0,0
30,1,0.0,0.125,0.125,0.8,0.1124999970197677,hs,5,1,1,1
300008,1,-0.0339931226649864,0.5345237851142883,0.5721428394317627,0.7,0.5158981084823608,hs,1,1,1,1
300058,1,0.0,0.518750011920929,0.518750011920929,0.4,0.4696041643619537,hs,3,1,1,1
300201,0,-0.1046025299940993,0.4458333253860473,0.550000011920929,0.8,0.4912499785423279,hs,5,0,0,1
300391,1,0.0,0.0,0.0,0.5,0.0274999998509883,hs,4,1,0,0
3004,0,-0.0301567907429125,0.3190476298332214,0.3388888835906982,0.5,0.3081150650978088,hs,3,0,1,0
300429,1,0.1467429849153662,0.5562499761581421,0.4138889014720917,0.8,0.7228471636772156,hs,2,1,0,0
300431,1,0.0,0.4483333230018616,0.4483333230018616,0.7,0.4034999907016754,hs,2,1,1,1
300433,1,0.0,0.4166666567325592,0.4166666567325592,0.5,0.3750000298023224,hs,4,1,1,1
300458,0,0.0,0.1875,0.1875,0.7,0.1875,hs,5,0,1,0
300558,0,0.0,0.5,0.5,0.7,0.5,hs,1,0,0,1
300585,1,0.0457804760654769,0.4514285624027252,0.4119047522544861,0.7,0.4097856879234314,hs,3,1,1,1
300619,0,0.0,0.5,0.5,0.6,0.5,hs,3,0,0,1
300629,1,0.0,0.2883333265781402,0.2883333265781402,0.6,0.2707222104072571,hs,3,1,1,1
300651,1,0.0,0.3066666722297668,0.3066666722297668,0.5,0.2912777960300445,hs,4,1,1,1
300705,1,-0.0428472772854251,0.5770833492279053,0.6287500262260437,1.0,0.5490971803665161,hs,4,1,1,1
300716,0,0.0322580801460297,0.4444444477558136,0.4166666567325592,0.6,0.4275000095367431,hs,4,0,1,0
3008,1,0.0,0.2666666805744171,0.2666666805744171,0.6,0.2998611330986023,hs,2,1,1,1
300977,1,0.0121654439960726,0.3714285790920257,0.3625000119209289,0.4,0.3923929035663605,hs,3,1,1,1
301073,1,-0.0291261857815801,0.6666666865348816,0.7066666483879089,0.4,0.6747778058052063,hs,2,1,0,0
301099,0,0.0084033532631115,0.375,0.3687500059604645,0.5,0.4018749594688415,hs,5,0,0,1
301232,0,0.0,0.2864583432674408,0.2864583432674408,0.6,0.2772916555404663,hs,3,0,1,0
301304,1,0.0,0.6666666865348816,0.6666666865348816,0.5,0.6583333611488342,hs,2,1,0,0
301319,1,-0.278021979965098,0.3650000095367431,0.6461111307144165,0.6,0.5882777571678162,hs,1,1,1,1
301333,1,0.0,0.125,0.125,0.7,0.1124999970197677,hs,5,1,1,1
301355,0,-0.0669699336628264,0.6409721970558167,0.7329860925674438,0.8,0.6405439376831055,hs,4,0,1,0
301424,1,0.0,0.2883333265781402,0.2883333265781402,0.5,0.2707222402095794,hs,4,1,1,1
301444,1,0.0,0.4166666567325592,0.4166666567325592,0.6,0.3958333134651184,hs,5,1,1,1
301452,1,0.3333333333329293,0.550000011920929,0.2750000059604645,0.3,0.5918749570846558,hs,3,1,0,0
3015,1,0.0,0.4933333396911621,0.4933333396911621,0.3,0.4678333401679992,hs,5,1,1,1
301558,1,-0.0813397296861014,0.5,0.5885416865348816,0.7,0.5445208549499512,hs,3,1,1,1
301575,0,0.0,0.125,0.125,0.6,0.1124999970197677,hs,3,0,0,1
30160,1,0.0711036063029495,0.5722222328186035,0.4962500035762787,0.1,0.4826735854148865,hs,4,1,0,0
301855,1,0.0,0.3125,0.3125,0.6,0.28125,hs,1,1,1,1
301875,1,0.0,0.125,0.125,0.3,0.1124999970197677,hs,1,1,0,0
301883,1,0.0,0.4166666567325592,0.4166666567325592,0.6,0.3750000298023224,hs,5,1,0,0
302227,0,0.0,0.5625,0.5625,0.6,0.5625,hs,1,0,0,1
302234,1,0.0,0.125,0.125,0.8,0.1124999970197677,hs,5,1,1,1
302290,0,0.0,0.4000000059604645,0.4000000059604645,0.4,0.3600000441074371,hs,4,0,1,0
303,0,0.0,0.2750000059604645,0.2750000059604645,0.6,0.2537500262260437,hs,5,0,1,0
303035,1,0.0,0.125,0.125,0.4,0.1375000029802322,hs,4,1,1,1
303045,0,-0.1304347645807119,0.5,0.6499999761581421,0.7,0.5667708516120911,hs,3,0,0,1
303182,1,-0.9999999999963636,0.0,0.2750000059604645,0.6,0.4641667008399963,hs,4,1,0,0
303222,1,-0.1214953171069818,0.4895833432674408,0.625,0.5,0.6311666369438171,hs,2,1,0,0
303231,1,0.0,0.4933333396911621,0.4933333396911621,0.4,0.4440000057220459,hs,3,1,0,0
303425,0,0.0,0.125,0.125,0.5,0.1547916680574417,hs,2,0,1,0
303610,0,0.0,0.1833333373069763,0.1833333373069763,0.6,0.6852916479110718,hs,4,0,0,1
303640,0,-0.0588235294117093,0.5,0.5625,0.3,0.6626666784286499,hs,1,0,1,0
304050,0,-0.0510204327398942,0.5166666507720947,0.5722222328186035,0.7,0.5193055868148804,hs,1,0,1,0
304081,1,0.0,0.4166666567325592,0.4166666567325592,0.4,0.4486111104488373,hs,2,1,1,1
3043,1,-0.99999999999625,0.0,0.2666666805744171,0.6,0.1854166686534881,hs,1,1,1,1
304705,0,0.0449438188701178,0.1937499940395355,0.1770833283662796,0.6,0.6670972108840942,hs,1,0,0,1
30484,0,0.1427574114910539,0.487202376127243,0.3654761910438537,0.3,0.4242539405822754,hs,4,0,1,0
3084,1,0.0,0.0,0.0,0.1,0.0,hs,1,1,0,0
3147,0,0.0595610997964632,0.7511110901832581,0.6666666865348816,0.4,0.7029027938842773,hs,2,0,0,1
3160,1,0.2388797294779338,0.4476190507411957,0.2750000059604645,0.1,0.3603244125843048,hs,5,1,0,0
3164,1,-0.0400000183105081,0.5,0.5416666865348816,0.5,0.5467361211776733,hs,3,1,1,1
317,1,0.0,0.7083333134651184,0.7083333134651184,0.5,0.6375000476837158,hs,1,1,0,0
32,0,0.0702239044287965,0.5014285445213318,0.4356249868869781,0.2,0.4494712352752685,hs,1,0,1,0
3214,0,-0.0239234788167433,0.5099999904632568,0.5350000262260437,0.7,0.5449582934379578,hs,5,0,1,0
3221,1,0.0832393789233446,0.5147321224212646,0.4356249868869781,0.6,0.471285730600357,hs,4,1,1,1
32423,1,-0.0303030014037204,0.1666666716337204,0.1770833283662796,0.4,0.1956250220537185,hs,5,1,0,0
3257,1,0.0045454501120451,0.3683333396911621,0.3650000095367431,0.6,0.3366388976573944,hs,1,1,1,1
32579,1,0.0204081610310442,0.5555555820465088,0.5333333611488342,0.4,0.520027756690979,hs,3,1,0,0
3260,1,0.0,0.3333333432674408,0.3333333432674408,0.4,0.31700000166893,hs,2,1,1,1
32765,0,0.0,0.2708333432674408,0.2708333432674408,0.7,0.2509920597076416,hs,5,0,1,0
32784,0,0.0620331061563081,0.5885714292526245,0.5198147892951965,0.3,0.542234480381012,hs,1,0,1,0
32790,0,0.999999999996,0.25,0.0,0.3,0.2025000154972076,hs,5,0,1,0
32798,0,0.999999999996,0.25,0.0,0.5,0.2917500138282776,hs,3,0,1,0
3285,1,-0.1477272681090323,0.5625,0.7574999928474426,0.3,0.7313898801803589,hs,2,1,0,0
32943,0,0.0,0.5,0.5,0.7,0.4887499809265136,hs,3,0,0,1
32994,0,0.0,0.4458333253860473,0.4458333253860473,0.6,0.4012499451637268,hs,1,0,0,1
3313,1,0.0,0.125,0.125,0.7,0.1679166853427887,hs,5,1,1,1
332,1,-0.3333333333324444,0.125,0.25,0.9,0.140625,hs,2,1,1,1
33258,0,0.0,0.5166666507720947,0.5166666507720947,0.2,0.4752778112888336,hs,2,0,1,0
3329,0,0.0,0.125,0.125,0.5,0.1124999970197677,hs,5,0,1,0
33311,1,0.0,0.0,0.0,0.6,0.2793332934379577,hs,1,1,0,0
33360,0,0.0,0.449999988079071,0.449999988079071,0.7,0.4050000309944153,hs,1,0,0,1
335,1,0.0,0.2976190447807312,0.2976190447807312,0.5,0.267857164144516,hs,1,1,1,1
33559,0,-0.0743550759494668,0.6354166865348816,0.737500011920929,0.9,0.6481944918632507,hs,1,0,0,1
33645,0,0.0,0.4458333253860473,0.4458333253860473,0.6,0.4275000095367431,hs,5,0,0,1
3365,1,0.0,0.4166666567325592,0.4166666567325592,0.2,0.4080555438995361,hs,1,1,0,0
33660,0,0.0,0.3895833194255829,0.3895833194255829,0.5,0.4668749868869781,hs,4,0,0,1
33742,0,0.0,0.5,0.5,0.6,0.5529166460037231,hs,5,0,0,1
33767,1,0.0,0.5833333134651184,0.5833333134651184,0.5,0.536309540271759,hs,3,1,1,1
33805,0,0.0,0.5,0.5,0.5,0.542138934135437,hs,4,0,1,0
33868,0,0.0,0.125,0.125,0.5,0.1375000029802322,hs,5,0,1,0
339,1,0.0,0.4895833432674408,0.4895833432674408,0.6,0.4506666660308838,hs,2,1,1,1
3408,0,0.0,0.125,0.125,0.5,0.140625,hs,5,0,1,0
34090,1,-0.3750000093127568,0.25,0.550000011920929,0.5,0.5120000243186951,hs,2,1,0,0
34100,1,-0.0031890694796045,0.3798611164093017,0.3822916746139526,0.3,0.4308541715145111,hs,4,1,0,0
34148,1,0.3333333333324444,0.25,0.125,0.7,0.2377083301544189,hs,4,1,1,1
34150,1,0.0,0.4033333361148834,0.4033333361148834,0.7,0.3863611221313476,hs,5,1,1,1
34210,0,0.0,0.2750000059604645,0.2750000059604645,0.7,0.269097238779068,hs,2,0,1,0
34265,0,0.0,0.1770833283662796,0.1770833283662796,0.4,0.1593750119209289,hs,2,0,1,0
3431,0,-0.0108108007794523,0.3812499940395355,0.3895833194255829,0.4,0.3607291579246521,hs,1,0,1,0
34320,1,-0.0159453473980332,0.75,0.7743055820465088,0.6,0.7159721851348877,hs,5,1,0,0
34324,1,-0.0569105380918033,0.3020833432674408,0.3385416567325592,0.6,0.3269444108009338,hs,5,1,1,1
34358,0,0.0,0.5166666507720947,0.5166666507720947,0.7,0.5108333826065063,hs,2,0,0,1
344,1,0.0,0.2666666805744171,0.2666666805744171,0.8,0.2476388961076736,hs,1,1,1,1
34416,1,0.1432791422338416,0.403124988079071,0.3020833432674408,0.1,0.3489583134651184,hs,4,1,1,1
34519,1,-0.026262636771402,0.4016666710376739,0.4233333468437195,0.6,0.4480000138282776,hs,2,1,1,1
3453,0,0.0,0.3895833194255829,0.3895833194255829,0.5,0.3649791479110718,hs,3,0,1,0
34557,0,0.0,0.0,0.0,0.3,0.0750000029802322,hs,5,0,0,1
34564,1,0.0,0.2666666805744171,0.2666666805744171,0.3,0.2729166746139526,hs,4,1,1,1
3459,1,0.0,0.5166666507720947,0.5166666507720947,0.6,0.5289514064788818,hs,4,1,1,1
34612,1,0.0015455825467852,0.449999988079071,0.4486111104488373,0.6,0.4134662747383117,hs,4,1,1,1
34618,0,-0.999999999998182,0.0,0.550000011920929,0.9,0.3827083110809326,hs,1,0,0,1
34668,0,0.0,0.6666666865348816,0.6666666865348816,0.4,0.5999999642372131,hs,2,0,0,1
3470,0,0.0,0.1666666716337204,0.1666666716337204,0.5,0.1499999910593032,hs,5,0,0,1
3471,1,-0.0537634276284521,0.3666666746139526,0.4083333313465118,0.6,0.35916668176651,hs,5,1,1,1
34713,0,0.0,0.0,0.0,0.4,0.1266666650772094,hs,1,0,1,0
34718,0,-0.0845665950754872,0.5154761672019958,0.6107142567634583,0.7,0.5397956371307373,hs,5,0,0,1
34819,0,0.0,0.1770833283662796,0.1770833283662796,0.4,0.1767500042915344,hs,4,0,1,0
34853,0,0.0,0.6133333444595337,0.6133333444595337,0.4,0.5920416116714478,hs,1,0,0,1
349,1,0.0,0.3666666746139526,0.3666666746139526,0.4,0.3300000131130218,hs,2,1,0,0
3491,1,-0.1044776301043997,0.4166666567325592,0.5138888955116272,0.9,0.4745000004768371,hs,4,1,1,1
3495,0,-0.2244898018760744,0.3166666626930237,0.5,1.0,0.3609791398048401,hs,2,0,0,1
3499,1,-0.006932386892831,0.4092857241630554,0.4149999916553497,0.8,0.4207023680210113,hs,5,1,1,1
351,1,0.0,0.4583333432674408,0.4583333432674408,0.3,0.4311110973358154,hs,4,1,1,1
3517,0,0.0393631395784938,0.4895833432674408,0.4524999856948852,0.6,0.4369166493415832,hs,1,0,0,1
35185,0,-0.0180904353556753,0.6784722208976746,0.7034721970558167,0.4,0.6333432793617249,hs,3,0,1,0
352,0,-0.999999999992,0.0,0.125,0.5,0.125,hs,4,0,1,0
35301,1,0.0,0.0,0.0,0.5,0.0625,hs,5,1,1,1
35322,0,0.0,0.5770833492279053,0.5770833492279053,0.2,0.5536457896232605,hs,1,0,1,0
35331,0,0.0,0.7333333492279053,0.7333333492279053,0.8,0.73333340883255,hs,2,0,0,1
354,1,0.013669800868188,0.2869047522544861,0.2791666686534881,0.5,0.2643095254898071,hs,5,1,1,1
355,0,-0.0115858221811425,0.3791666626930237,0.3880555629730224,0.4,0.359083354473114,hs,4,0,1,0
35573,1,-0.0622347975373418,0.3683333396911621,0.4172222316265106,0.9,0.3580416738986969,hs,4,1,1,1
35691,0,0.0,0.4166666567325592,0.4166666567325592,0.3,0.3750000298023224,hs,4,0,1,0
3577,0,-0.0973451036154511,0.4250000119209289,0.5166666507720947,0.8,0.4653125405311584,hs,2,0,1,0
36330,1,0.4827586058052131,0.3583333194255829,0.125,0.5,0.3651666641235351,hs,5,1,0,0
36332,1,0.0,0.4166666567325592,0.4166666567325592,0.4,0.4194444715976715,hs,5,1,1,1
36333,1,0.0,0.0,0.0,0.5,0.0274999998509883,hs,2,1,0,0
3634,0,0.0,0.125,0.125,0.5,0.140625,hs,1,0,1,0
36340,0,-0.10204081434037,0.2750000059604645,0.3375000059604645,0.5,0.3104999959468841,hs,1,0,1,0
36342,0,0.0,0.3066666722297668,0.3066666722297668,0.4,0.2912777960300445,hs,3,0,1,0
36393,1,-0.0624129777828162,0.3673610985279083,0.416269838809967,0.8,0.4299603402614593,hs,5,1,1,1
36414,1,-0.0246913634754802,0.4937500059604645,0.518750011920929,0.6,0.5103472471237183,hs,3,1,1,1
36442,1,0.0,0.4166666567325592,0.4166666567325592,0.6,0.3750000298023224,hs,2,1,0,0
36458,0,0.0,0.3666666746139526,0.3666666746139526,0.7,0.3300000131130218,hs,1,0,0,1
365,0,0.0,0.0,0.0,0.9,0.0,hs,1,0,0,1
36533,1,0.0,0.1666666716337204,0.1666666716337204,0.6,0.1499999910593032,hs,5,1,0,0
36534,0,-0.0037453103923956,0.4749999940395355,0.4785714149475097,0.4,0.4942946434020996,hs,5,0,1,0
36546,0,-0.0371470882501764,0.3375000059604645,0.3635416626930237,0.3,0.3881562948226928,hs,3,0,1,0
36549,1,0.0,0.4166666567325592,0.4166666567325592,0.5,0.3750000298023224,hs,3,1,1,1
36561,0,0.0247618811470838,0.4483333230018616,0.4266666769981384,0.4,0.4224126935005188,hs,4,0,1,0
36562,1,0.0,0.4166666567325592,0.4166666567325592,0.5,0.3750000298023224,hs,3,1,0,0
36565,0,0.0,0.4416666626930237,0.4416666626930237,0.6,0.4049950242042541,hs,1,0,1,0
36574,1,-0.0460526331267791,0.3020833432674408,0.3312500119209289,0.6,0.3078125119209289,hs,1,1,1,1
36590,1,0.0769230599938757,0.5833333134651184,0.5,0.3,0.5206249952316284,hs,4,1,1,1
36599,0,0.0,0.5770833492279053,0.5770833492279053,0.4,0.5638243556022644,hs,1,0,0,1
36606,1,-0.0056074713877583,0.4433333277702331,0.4483333230018616,0.7,0.4055832922458648,hs,2,1,1,1
36622,0,0.0751444785584619,0.7749999761581421,0.6666666865348816,0.8,0.68666672706604,hs,3,0,0,1
36666,0,-0.0089638060768278,0.5484126806259155,0.5583333373069763,0.6,0.5120139122009277,hs,1,0,1,0
36678,1,-0.0379160477996372,0.5770833492279053,0.6225694417953491,0.7,0.632479190826416,hs,5,1,1,1
36681,0,0.0,0.2708333432674408,0.2708333432674408,0.7,0.2593750059604645,hs,2,0,1,0
36735,0,0.0,0.0,0.0,0.5,0.0274999998509883,hs,3,0,1,0
36836,0,-0.0477489896938927,0.3635416626930237,0.4000000059604645,0.5,0.3963542282581329,hs,3,0,0,1
36838,1,-0.0468677773276829,0.7131944298744202,0.7833333611488342,0.7,0.7112500667572021,hs,3,1,1,1
36882,1,-0.0529914269079876,0.3847222328186035,0.4277777671813965,0.3,0.3920833468437195,hs,4,1,1,1
36887,0,0.0,0.25,0.25,0.5,0.3032857477664947,hs,2,0,1,0
36931,1,-0.083333304358714,0.2750000059604645,0.324999988079071,0.5,0.3004166483879089,hs,2,1,1,1
36964,1,0.1999999856944054,0.25,0.1666666716337204,0.5,0.2725000083446502,hs,4,1,0,0
3697,1,0.0,0.5166666507720947,0.5166666507720947,0.5,0.4649999737739563,hs,5,1,0,0
370,0,0.0082304448014898,0.4083333313465118,0.4016666710376739,0.3,0.4571250081062317,hs,5,0,1,0
37046,0,0.0,0.5166666507720947,0.5166666507720947,0.7,0.4649999737739563,hs,4,0,0,1
37076,0,0.0,0.6666666865348816,0.6666666865348816,0.6,0.5999999642372131,hs,1,0,1,0
37116,1,-0.1428571428569202,0.2750000059604645,0.3666666746139526,0.5,0.4710000157356262,hs,2,1,1,1
37126,0,-0.0847457613419214,0.3375000059604645,0.4000000059604645,0.8,0.3881250023841858,hs,2,0,0,1
37129,1,0.0426782298495966,0.7083333134651184,0.6503472328186035,0.2,0.6304166913032532,hs,4,1,0,0
37148,1,0.0,0.3499999940395355,0.3499999940395355,0.8,0.355833351612091,hs,4,1,1,1
37236,0,-0.2282878674499007,0.3455555438995361,0.550000011920929,0.7,0.7535356879234314,hs,4,0,0,1
37260,0,-0.0450450434969656,0.6625000238418579,0.7250000238418579,0.5,0.6521666646003723,hs,3,0,0,1
373,1,0.0,0.3333333432674408,0.3333333432674408,0.5,0.3100000023841858,hs,2,1,1,1
37341,0,-0.0496486069052204,0.4366666674613952,0.4822916686534881,0.8,0.4700624942779541,hs,2,0,0,1
37371,1,-0.0569105380918033,0.3020833432674408,0.3385416567325592,0.4,0.3095486164093017,hs,4,1,1,1
37540,1,0.0,0.4166666567325592,0.4166666567325592,0.4,0.3750000298023224,hs,2,1,0,0
37556,1,0.0,0.6666666865348816,0.6666666865348816,0.9,0.6897222995758057,hs,5,1,1,1
37716,1,0.0,0.125,0.125,0.5,0.1124999970197677,hs,4,1,0,0
3774,1,0.0,0.4166666567325592,0.4166666567325592,0.4,0.3878472149372101,hs,2,1,1,1
380,0,0.0526315670593283,0.2083333283662796,0.1875,0.4,0.2650000154972076,hs,5,0,1,0
38147,0,-0.2282878674499007,0.3455555438995361,0.550000011920929,0.6,0.7687579393386841,hs,4,0,0,1
38207,1,0.0,0.5,0.5,0.3,0.4995833337306976,hs,2,1,0,0
38240,1,0.0,0.2145833373069763,0.2145833373069763,0.6,0.1931250393390655,hs,4,1,0,0
38354,1,0.1018199681056186,0.5833333134651184,0.4755208194255829,0.4,0.5041353702545166,hs,4,1,1,1
38403,1,-0.0105540797508156,0.46875,0.4787499904632568,0.8,0.4355902671813965,hs,4,1,1,1
38552,0,0.0,0.125,0.125,0.2,0.1554166823625564,hs,5,0,1,0
38559,0,0.0792079186885214,0.605555534362793,0.5166666507720947,0.3,0.5219444036483765,hs,2,0,1,0
3856,0,0.0,0.0,0.0,0.9,0.0,hs,3,0,0,1
38565,1,0.3333333333324444,0.25,0.125,0.2,0.2035416662693023,hs,2,1,1,1
38617,1,0.0,0.125,0.125,0.4,0.1375000029802322,hs,2,1,1,1
38621,1,-0.1111111004075161,0.2750000059604645,0.34375,0.5,0.3783333301544189,hs,2,1,1,1
38640,1,0.0,0.0,0.0,0.6,0.2793332934379577,hs,2,1,0,0
38737,0,0.0,0.125,0.125,0.5,0.1124999970197677,hs,2,0,0,1
38745,1,0.0,0.125,0.125,0.7,0.1658333241939544,hs,5,1,1,1
388,1,0.999999999992,0.125,0.0,0.4,0.1243333369493484,hs,5,1,1,1
38888,1,0.0966057557301033,0.5,0.4119047522544861,0.1,0.5432440042495728,hs,3,1,0,0
3904,0,0.0,0.4895833432674408,0.4895833432674408,0.4,0.4406250119209289,hs,4,0,1,0
39098,1,-0.0832696487967804,0.5,0.590833306312561,0.2,0.5584583282470703,hs,2,1,0,0
39128,0,0.0,0.125,0.125,0.4,0.1124999970197677,hs,5,0,0,1
39199,1,0.0,0.2708333432674408,0.2708333432674408,0.4,0.2486111223697662,hs,3,1,1,1
39453,1,-0.0609318915554374,0.2729166746139526,0.3083333373069763,0.4,0.3745277822017669,hs,4,1,0,0
39508,0,-0.0052356270333913,0.6597222089767456,0.6666666865348816,0.7,0.6144722700119019,hs,3,0,0,1
39545,0,0.999999999992,0.125,0.0,0.6,0.1118333339691162,hs,2,0,1,0
3955,0,0.0561797776887624,0.293749988079071,0.262499988079071,0.5,0.2976785600185394,hs,4,0,1,0
3974,0,-0.0187810967641866,0.5333333611488342,0.5537499785423279,0.3,0.5025516152381897,hs,1,0,1,0
398,1,0.047759008611965,0.4951388835906982,0.449999988079071,0.7,0.4589027762413025,hs,5,1,1,1
39825,1,-0.9999999999963636,0.0,0.2750000059604645,0.6,0.4641667008399963,hs,4,1,0,0
39957,0,0.0,0.0,0.0,0.4,0.174166664481163,hs,4,0,1,0
40,0,-0.1116418024020696,0.4133333265781402,0.5172222256660461,0.6,0.4902499616146087,hs,2,0,0,1
400,1,0.0,0.2883333265781402,0.2883333265781402,0.4,0.3265139162540436,hs,5,1,1,1
400084,1,0.0,0.5,0.5,0.6,0.4875000119209289,hs,5,1,1,1
400092,0,0.0,0.0,0.0,0.9,0.0,hs,1,0,0,1
400151,0,0.0,0.0,0.0,0.9,0.0,hs,1,0,0,1
400160,1,0.0,0.449999988079071,0.449999988079071,0.4,0.4706481397151947,hs,3,1,0,0
4004,1,0.0,0.5,0.5,0.5,0.5087499618530273,hs,5,1,1,1
400548,0,0.0,0.4166666567325592,0.4166666567325592,0.6,0.3750000298023224,hs,3,0,0,1
400648,1,0.0,0.5166666507720947,0.5166666507720947,0.2,0.4649999737739563,hs,5,1,0,0
400672,1,-0.0170454872417905,0.6006944179534912,0.6215277910232544,0.6,0.6269662976264954,hs,4,1,0,0
400718,0,0.0,0.2666666805744171,0.2666666805744171,0.4,0.2400000095367431,hs,1,0,0,1
400777,1,0.1315789176484454,0.3583333194255829,0.2750000059604645,0.4,0.3269583582878113,hs,5,1,1,1
400786,0,0.0,0.4074999988079071,0.4074999988079071,0.6,0.4302639067173004,hs,5,0,1,0
400882,1,0.0,0.6666666865348816,0.6666666865348816,0.4,0.5999999642372131,hs,3,1,0,0
40092,0,0.0,0.6666666865348816,0.6666666865348816,0.7,0.6152777671813965,hs,4,0,0,1
400964,1,0.0,0.6666666865348816,0.6666666865348816,0.3,0.5999999642372131,hs,5,1,0,0
400980,1,0.0578512579891837,0.3555555641651153,0.3166666626930237,0.5,0.382111132144928,hs,3,1,0,0
40104,1,-0.0009910368035285,0.3000000119209289,0.300595223903656,0.5,0.2819682955741882,hs,4,1,1,1
401069,1,-0.0841751098631996,0.4722222089767456,0.5590277910232544,0.6,0.507111132144928,hs,1,1,1,1
4011,0,0.0344827756303103,0.625,0.5833333134651184,0.4,0.5583332777023315,hs,1,0,1,0
40112,1,0.0,0.5333333611488342,0.5333333611488342,0.6,0.5,hs,2,1,1,1
401162,0,0.0,0.5625,0.5625,0.5,0.5062500238418579,hs,2,0,1,0
40117,1,0.0120481916809046,0.6666666865348816,0.6507936716079712,0.3,0.5984126925468445,hs,4,1,1,1
401179,1,-0.0264550014257599,0.6133333444595337,0.6466666460037231,0.6,0.584476113319397,hs,5,1,1,1
401276,1,0.0,0.3375000059604645,0.3375000059604645,0.5,0.3231249749660492,hs,1,1,0,0
40146,1,0.0,0.125,0.125,0.5,0.1124999970197677,hs,3,1,0,0
401526,1,0.0,0.5,0.5,0.4,0.5321458578109741,hs,1,1,0,0
401609,0,0.0,0.550000011920929,0.550000011920929,0.7,0.5500000715255737,hs,1,0,0,1
401738,1,-0.0423817971593264,0.3797222077846527,0.4133333265781402,0.4,0.4116388857364654,hs,3,1,0,0
401797,0,0.10204081434037,0.3375000059604645,0.2750000059604645,0.8,0.3642708659172058,hs,1,0,1,0
402053,0,-0.011884562826336,0.4041666686534881,0.4138889014720917,0.6,0.3833333551883697,hs,3,0,1,0
402074,0,-0.0956521438965655,0.5777778029441833,0.699999988079071,0.9,0.65520840883255,hs,4,0,0,1
402144,0,0.0622347975373418,0.4172222316265106,0.3683333396911621,0.3,0.3664920926094055,hs,1,0,1,0
40215,1,0.0,0.3583333194255829,0.3583333194255829,0.6,0.4202777743339538,hs,1,1,1,1
402255,0,0.0666666800180325,0.4761904776096344,0.4166666567325592,0.7,0.6523898839950562,hs,1,0,0,1
402280,0,0.0,0.5166666507720947,0.5166666507720947,0.6,0.4649999737739563,hs,4,0,0,1
402304,1,0.0,0.7083333134651184,0.7083333134651184,0.3,0.6507291793823242,hs,4,1,0,0
402361,1,0.0,0.3683333396911621,0.3683333396911621,0.3,0.3563610911369324,hs,5,1,1,1
402480,1,0.0,0.6666666865348816,0.6666666865348816,0.6,0.6267361640930176,hs,5,1,0,0
402652,0,-0.0009267898219503,0.3208333253860473,0.3214285671710968,0.5,0.3495595157146454,hs,5,0,1,0
402731,1,0.0,0.0,0.0,0.6,0.2175000160932541,hs,5,1,1,1
402868,0,0.0,0.5,0.5,0.6,0.449999988079071,hs,5,0,0,1
40294,0,0.0,0.5166666507720947,0.5166666507720947,0.6,0.4649999737739563,hs,4,0,0,1
402981,0,-0.523809529214843,0.125,0.4000000059604645,0.6,0.419952392578125,hs,4,0,0,1
403,1,-0.0476190584316361,0.5,0.550000011920929,0.6,0.5319643020629883,hs,5,1,0,0
403261,1,0.0243902419000965,0.7437499761581421,0.7083333134651184,0.3,0.6817896962165833,hs,4,1,0,0
403363,1,-0.0050251206612049,0.3300000131130218,0.3333333432674408,0.5,0.3035555481910705,hs,1,1,1,1
403565,1,-0.10204081434037,0.2750000059604645,0.3375000059604645,0.6,0.2941666543483734,hs,3,1,1,1
40361,0,0.0,0.5166666507720947,0.5166666507720947,0.6,0.4858333170413971,hs,3,0,0,1
40378,0,0.0,0.3233333230018616,0.3233333230018616,0.5,0.313444435596466,hs,2,0,1,0
4039,0,0.0326797080073262,0.5266666412353516,0.4933333396911621,0.6,0.4784166812896728,hs,3,0,1,0
403993,1,0.0485436785331775,0.449999988079071,0.4083333313465118,0.3,0.4466667175292969,hs,2,1,1,1
404043,0,0.0,0.1666666716337204,0.1666666716337204,0.5,0.1499999910593032,hs,3,0,0,1
404181,1,0.0,0.3083333373069763,0.3083333373069763,0.5,0.2941666543483734,hs,4,1,1,1
404235,0,0.0,0.0,0.0,0.7,0.1566666662693023,hs,5,0,0,1
404311,1,-0.1006536296768421,0.3583333194255829,0.4385416805744171,0.5,0.484513908624649,hs,5,1,1,1
40434,1,-0.3684210684811905,0.125,0.2708333432674408,0.9,0.2113333493471145,hs,3,1,1,1
404442,1,0.0,0.2750000059604645,0.2750000059604645,0.6,0.3437499701976776,hs,4,1,1,1
404535,0,0.0,0.125,0.125,0.5,0.1208333224058151,hs,2,0,1,0
404630,1,0.0,0.2708333432674408,0.2708333432674408,0.3,0.2960000038146972,hs,3,1,1,1
404703,0,-0.1578947368418393,0.25,0.34375,0.6,0.359333336353302,hs,5,0,0,1
404840,0,0.0,0.5,0.5,0.7,0.5,hs,1,0,0,1
40522,0,-0.1428571574537087,0.125,0.1666666716337204,0.6,0.1895833313465118,hs,4,0,1,0
40531,1,0.2347825921098485,0.887499988079071,0.550000011920929,0.2,0.7233928442001343,hs,3,1,0,0
405377,0,-0.3333333333324444,0.125,0.25,0.3,0.3063541948795318,hs,3,0,0,1
405435,0,0.0,0.3895833194255829,0.3895833194255829,0.7,0.3834375143051147,hs,2,0,0,1
405500,0,-0.139862662626854,0.4958333373069763,0.6570833325386047,0.6,0.5836041569709778,hs,5,0,0,1
405570,1,-0.00954841484839,0.5330555438995361,0.5433333516120911,0.1,0.5662916302680969,hs,5,1,0,0
405763,0,-0.1642778544711034,0.3947916626930237,0.550000011920929,0.9,0.4703125059604645,hs,5,0,0,1
40577,0,-0.2132353209453026,0.3566666543483734,0.550000011920929,0.7,0.7535356879234314,hs,4,0,0,1
40595,1,0.0,0.2750000059604645,0.2750000059604645,0.8,0.3958333432674408,hs,5,1,1,1
405955,0,0.1428571574537087,0.1666666716337204,0.125,0.7,0.1743750125169754,hs,1,0,1,0
406023,1,0.0,0.0,0.0,0.4,0.0,hs,1,1,0,0
406065,0,0.0,0.5,0.5,0.8,0.5483333468437195,hs,2,0,0,1
406354,0,-0.0857142720902689,0.4000000059604645,0.4749999940395355,0.7,0.4429166913032532,hs,3,0,0,1
406530,0,-0.1504424704817408,0.1666666716337204,0.2256944477558136,0.3,0.2706319391727447,hs,2,0,1,0
40659,1,0.0375939723044454,0.6612499952316284,0.6133333444595337,0.3,0.5892592668533325,hs,2,1,1,1
406725,1,0.0,0.4483333230018616,0.4483333230018616,0.4,0.4583333134651184,hs,4,1,0,0
40739,1,0.0876176582752108,0.7822916507720947,0.65625,0.4,0.722322940826416,hs,5,1,0,0
408,1,-0.0173410653167579,0.3541666567325592,0.3666666746139526,0.6,0.3412500023841858,hs,2,1,1,1
40882,0,0.0,0.6666666865348816,0.6666666865348816,0.6,0.5999999642372131,hs,1,0,0,1
40884,0,0.0,0.6666666865348816,0.6666666865348816,0.6,0.6219445466995239,hs,2,0,0,1
40966,1,0.4201183451984153,1.0,0.4083333313465118,0.5,0.8356666564941406,hs,4,1,0,0
40975,1,0.3333333333329293,0.550000011920929,0.2750000059604645,0.3,0.674375057220459,hs,5,1,0,0
41011,0,0.0,0.0,0.0,0.4,0.2793332934379577,hs,3,0,0,1
41023,0,0.0,0.1666666716337204,0.1666666716337204,0.4,0.1499999910593032,hs,4,0,0,1
4108,1,0.0192307507145114,0.4416666626930237,0.4250000119209289,0.3,0.4070833623409271,hs,2,1,1,1
41170,1,-0.999999999998182,0.0,0.550000011920929,0.8,0.4399999976158142,hs,1,1,1,1
41254,0,0.0381383428717672,0.5576388835906982,0.5166666507720947,0.2,0.4940555989742279,hs,2,0,1,0
41259,0,0.0,0.125,0.125,0.4,0.1124999970197677,hs,3,0,0,1
413,1,0.0,0.125,0.125,0.5,0.125,hs,4,1,1,1
41305,1,-0.1202046355814437,0.3583333194255829,0.4562500119209289,0.9,0.3607291877269745,hs,4,1,1,1
41310,0,-0.0214067072263901,0.6666666865348816,0.6958333253860474,0.6,0.632847249507904,hs,5,0,1,0
4136,1,-0.1006750601413662,0.425555557012558,0.5208333134651184,0.6,0.5265933275222778,hs,5,1,1,1
41382,1,0.0,0.6666666865348816,0.6666666865348816,0.4,0.5999999642372131,hs,3,1,0,0
41526,1,0.0,0.3683333396911621,0.3683333396911621,0.4,0.3314999938011169,hs,4,1,0,0
41534,0,0.1447368402475492,0.3625000119209289,0.2708333432674408,0.2,0.3230694830417633,hs,1,0,1,0
41535,1,0.0,0.125,0.125,0.3,0.3594821393489837,hs,3,1,0,0
41596,1,0.0,0.2750000059604645,0.2750000059604645,0.4,0.2725000083446502,hs,4,1,1,1
41607,1,-0.0334190279574954,0.5222222208976746,0.5583333373069763,0.7,0.5268749594688416,hs,5,1,1,1
41641,1,0.0206782269111661,0.5141666531562805,0.4933333396911621,0.5,0.4762023389339447,hs,4,1,1,1
41642,1,-0.0035759652351181,0.5141666531562805,0.5178571343421936,0.3,0.4915357232093811,hs,1,1,1,1
41685,1,-0.0341063989061,0.3687500059604645,0.3947916626930237,0.5,0.409951388835907,hs,4,1,0,0
41732,0,0.0,0.2433333396911621,0.2433333396911621,0.5,0.22122223675251,hs,5,0,1,0
41807,0,0.0358422926433285,0.4816666543483734,0.4483333230018616,0.7,0.4510832726955414,hs,1,0,0,1
41842,0,-0.9999999999963636,0.0,0.2750000059604645,0.5,0.2238333523273468,hs,5,0,1,0
4187,0,0.0,0.5,0.5,0.6,0.449999988079071,hs,4,0,0,1
41889,0,0.0,0.5,0.5,0.2,0.503333330154419,hs,5,0,1,0
42038,1,0.0,0.2708333432674408,0.2708333432674408,0.6,0.2437500059604644,hs,4,1,1,1
4206,0,0.0,0.4166666567325592,0.4166666567325592,0.6,0.3750000298023224,hs,3,0,0,1
4209,0,-0.0731707487269776,0.3166666626930237,0.3666666746139526,0.7,0.3339583277702331,hs,4,0,0,1
421,1,0.0,0.4466666579246521,0.4466666579246521,0.5,0.4599999785423279,hs,3,1,1,1
42139,0,-0.0539798361687657,0.5744444727897644,0.6399999856948853,0.8,0.6334443688392639,hs,5,0,0,1
42193,0,0.0,0.0,0.0,0.6,0.0,hs,4,0,0,1
42276,0,-0.2421052520622093,0.3000000119209289,0.4916666746139526,0.9,0.4076805710792541,hs,3,0,0,1
42330,0,-0.0054446668299808,0.5708333253860474,0.5770833492279053,0.8,0.5199107527732849,hs,4,0,1,0
42350,1,0.0,0.3666666746139526,0.3666666746139526,0.8,0.4227777421474457,hs,2,1,1,1
42441,1,-0.0462700751309656,0.3506944477558136,0.3847222328186035,0.6,0.4305000305175781,hs,3,1,1,1
42529,1,0.0,0.125,0.125,0.7,0.1124999970197677,hs,1,1,1,1
42548,1,0.0,0.5166666507720947,0.5166666507720947,0.6,0.4949999749660492,hs,1,1,1,1
4256,0,0.1574665633526532,0.4149999916553497,0.3020833432674408,0.2,0.3606041371822357,hs,4,0,1,0
42729,0,-0.0059171542538165,0.1749999970197677,0.1770833283662796,0.5,0.1805555522441864,hs,2,0,0,1
42836,0,-0.0598290488966306,0.7447916865348816,0.8395833373069763,1.0,0.7176557779312134,hs,5,0,0,1
42893,1,-0.0232558332951632,0.699999988079071,0.7333333492279053,0.5,0.6566667556762695,hs,4,1,0,0
4295,0,0.0,0.3895833194255829,0.3895833194255829,0.3,0.3603472113609314,hs,3,0,1,0
4304,1,0.0,0.3683333396911621,0.3683333396911621,0.7,0.3686111271381378,hs,5,1,1,1
43298,0,-0.0962479387682463,0.5770833492279053,0.699999988079071,1.0,0.5720416307449341,hs,1,0,0,1
43391,0,-0.080924819882575,0.3312500119209289,0.3895833194255829,0.7,0.35135418176651,hs,1,0,0,1
4352,0,-0.2535884927737538,0.2708333432674408,0.4548611044883728,0.7,0.4227499961853027,hs,2,0,0,1
43608,0,0.0,0.4166666567325592,0.4166666567325592,0.3,0.3913888931274414,hs,5,0,1,0
43804,1,-0.0769230705744403,0.1666666716337204,0.1944444477558136,0.5,0.3082341253757477,hs,1,1,1,1
43808,0,0.0588235294117093,0.5625,0.5,0.4,0.5975832939147949,hs,4,0,0,1
43809,1,0.0,0.3125,0.3125,0.3,0.2898809313774109,hs,1,1,1,1
43976,1,0.0,0.4166666567325592,0.4166666567325592,0.5,0.3848214149475097,hs,1,1,1,1
43999,0,0.025641046802418,0.6666666865348816,0.6333333253860474,0.5,0.5964583158493042,hs,1,0,0,1
440,1,0.0322580801460297,0.4444444477558136,0.4166666567325592,0.5,0.4004166722297668,hs,5,1,1,1
44231,0,0.0469314135352629,0.3020833432674408,0.2750000059604645,0.3,0.3244345188140869,hs,1,0,1,0
4432,0,0.0356083178003472,0.3635416626930237,0.3385416567325592,0.6,0.3490178883075714,hs,5,0,0,1
44353,0,-0.999999999994,0.0,0.1666666716337204,0.8,0.2279583215713501,hs,5,0,0,1
44384,1,0.0,0.5,0.5,0.4,0.449999988079071,hs,2,1,0,0
44398,1,0.0371057500988662,0.3105555474758148,0.2883333265781402,0.5,0.3037222325801849,hs,3,1,1,1
44403,1,0.1111110846198615,0.2083333283662796,0.1666666716337204,0.4,0.1879861056804657,hs,4,1,0,0
44530,0,0.0,0.125,0.125,0.5,0.1124999970197677,hs,1,0,0,1
44552,1,0.0075187763705915,0.3722222149372101,0.3666666746139526,0.7,0.4292500019073486,hs,2,1,1,1
44582,0,-0.0407079512701658,0.6452381014823914,0.699999988079071,0.8,0.6967784762382507,hs,5,0,0,1
44685,1,-0.0011123354057136,0.4008928537368774,0.4017857015132904,0.6,0.3698412477970123,hs,2,1,1,1
4472,0,-0.1428571574537087,0.125,0.1666666716337204,0.7,0.2086458206176757,hs,2,0,1,0
44773,0,0.0,0.0,0.0,0.5,0.1416666656732559,hs,3,0,0,1
44827,1,0.0,0.5770833492279053,0.5770833492279053,0.3,0.5193750262260437,hs,3,1,0,0
44933,0,0.2379836114029176,0.550000011920929,0.3385416567325592,0.2,0.4387499690055847,hs,4,0,1,0
45036,1,0.0,0.5,0.5,0.4,0.449999988079071,hs,4,1,0,0
45086,1,0.0,0.0,0.0,0.4,0.0,hs,2,1,0,0
45138,1,0.0754716718013812,0.7124999761581421,0.612500011920929,0.6,0.6465000510215759,hs,3,1,0,0
45292,0,0.0,0.78125,0.78125,0.7,0.7384226322174072,hs,5,0,0,1
45311,1,-0.0784313845798685,0.4699999988079071,0.550000011920929,0.8,0.4802291989326477,hs,3,1,1,1
4533,1,0.0724637671143097,0.4625000059604645,0.4000000059604645,0.4,0.4165624976158142,hs,1,1,1,1
45354,0,0.0,0.3000000119209289,0.3000000119209289,0.6,0.2886805534362793,hs,5,0,1,0
454,1,0.0,0.4166666567325592,0.4166666567325592,0.5,0.3750000298023224,hs,1,1,0,0
45508,0,-0.1039426589455067,0.5208333134651184,0.6416666507720947,0.9,0.6109374761581421,hs,5,0,0,1
45573,1,0.0,0.3895833194255829,0.3895833194255829,0.7,0.367499977350235,hs,3,1,1,1
45586,1,0.050632919271516,0.5533333420753479,0.5,0.4,0.5155521035194397,hs,4,1,1,1
4559,0,0.0512295062256351,0.4071428477764129,0.3674603104591369,0.5,0.3569900691509247,hs,2,0,1,0
45643,1,0.1478260999364336,0.550000011920929,0.4083333313465118,0.0,0.4175000190734863,hs,1,1,0,0
45719,0,-0.2007952221825332,0.5583333373069763,0.8388888835906982,0.5,0.7595803141593933,hs,5,0,0,1
4580,1,0.1724137794951581,0.1770833283662796,0.125,0.4,0.3416666388511657,hs,5,1,0,0
45914,1,-0.0036900573526623,0.824999988079071,0.8311111330986023,0.2,0.7602380514144897,hs,3,1,0,0
46007,0,0.0,0.2750000059604645,0.2750000059604645,0.3,0.2516666650772095,hs,1,0,1,0
46098,0,-0.999999999992,0.0,0.125,0.1,0.2052083313465118,hs,2,0,1,0
46102,0,-0.1289966754670111,0.4937500059604645,0.6399999856948853,0.9,0.6172916293144226,hs,3,0,0,1
4620,0,-0.1265059903528268,0.3020833432674408,0.3895833194255829,0.6,0.3411111235618591,hs,2,0,1,0
46378,1,0.0,0.2750000059604645,0.2750000059604645,0.4,0.28927081823349,hs,5,1,1,1
464,1,-0.0384615371389057,0.4166666567325592,0.449999988079071,0.5,0.4677380919456482,hs,5,1,1,1
46521,0,0.0,0.3083333373069763,0.3083333373069763,0.5,0.3355624675750732,hs,2,0,0,1
46557,0,-0.0192307510451664,0.6800000071525574,0.7066666483879089,0.8,0.6457778215408325,hs,2,0,0,1
46599,1,-0.1394658665535439,0.3020833432674408,0.4000000059604645,0.9,0.3142708241939544,hs,1,1,1,1
466,0,0.0090090004947377,0.3499999940395355,0.34375,0.5,0.4163214564323425,hs,5,0,1,0
46600,1,0.0943396281969569,0.4430555701255798,0.3666666746139526,0.2,0.4119841456413269,hs,4,1,0,0
46703,0,0.0548748241487797,0.550000011920929,0.4927777647972107,0.4,0.4892777800559997,hs,5,0,0,1
46775,1,0.0,0.1833333373069763,0.1833333373069763,0.5,0.1650000065565109,hs,1,1,1,1
46796,1,-0.0392817169040148,0.4458333253860473,0.4822916686534881,0.6,0.4829861223697662,hs,1,1,1,1
46811,1,0.0,0.5166666507720947,0.5166666507720947,0.2,0.51666659116745,hs,1,1,0,0
46875,0,0.0,0.3895833194255829,0.3895833194255829,0.5,0.3639930486679077,hs,4,0,1,0
47008,0,-0.0025813014236354,0.6708333492279053,0.6743055582046509,0.6,0.6935415863990784,hs,1,0,1,0
4703,0,-0.0947930623821231,0.3766666650772095,0.4555555582046509,0.9,0.4056388437747955,hs,5,0,0,1
47131,1,-0.3684210684811905,0.125,0.2708333432674408,0.7,0.223000019788742,hs,3,1,1,1
473,1,0.0,0.3583333194255829,0.3583333194255829,0.7,0.3660833239555359,hs,2,1,1,1
47303,1,0.0312065987912587,0.4858333468437195,0.4564285576343536,0.4,0.5049352049827576,hs,1,1,1,1
47348,0,0.0547944991566694,0.6844444274902344,0.6133333444595337,0.3,0.6588888764381409,hs,5,0,1,0
47391,1,0.0,0.125,0.125,0.4,0.140625,hs,4,1,1,1
47480,0,0.0,0.125,0.125,0.4,0.1124999970197677,hs,5,0,1,0
47584,0,-0.280977313436121,0.2145833373069763,0.3822916746139526,0.5,0.3001042008399963,hs,5,0,1,0
47590,1,0.1220285205441145,0.737500011920929,0.5770833492279053,0.2,0.6477083563804626,hs,2,1,0,0
476,0,-0.0329513145244757,0.4017857015132904,0.4291666746139526,0.6,0.4756667017936706,hs,1,0,1,0
477,1,0.0,0.125,0.125,0.5,0.1550000011920929,hs,5,1,1,1
4774,1,0.0943396130927237,0.3222222328186035,0.2666666805744171,0.5,0.2993749976158142,hs,4,1,1,1
47744,1,-0.0537634276284521,0.3666666746139526,0.4083333313465118,0.7,0.3672222197055816,hs,1,1,1,1
47806,0,0.0,0.2708333432674408,0.2708333432674408,0.4,0.285416692495346,hs,4,0,1,0
4781,1,0.0858725562130685,0.4355555474758148,0.3666666746139526,0.4,0.4166924357414245,hs,5,1,0,0
47832,1,-0.1263157647070115,0.2766666710376739,0.3566666543483734,0.5,0.4269166588783264,hs,2,1,0,0
4786,0,0.0,0.5166666507720947,0.5166666507720947,0.6,0.4963472485542297,hs,1,0,1,0
4788,1,0.0,0.125,0.125,0.5,0.1124999970197677,hs,4,1,0,0
47899,0,0.0643274653222865,0.7583333253860474,0.6666666865348816,0.5,0.7789861559867859,hs,2,0,0,1
47936,1,0.0,0.125,0.125,0.4,0.1124999970197677,hs,4,1,0,0
480,0,0.0306211553596263,0.6135416626930237,0.5770833492279053,0.3,0.5522916316986084,hs,5,0,1,0
4805,1,0.0,0.1666666716337204,0.1666666716337204,0.3,0.2197916954755783,hs,4,1,1,1
48170,1,0.19999999999936,0.1875,0.125,0.5,0.2741041481494903,hs,2,1,1,1
48263,0,0.0,0.0,0.0,0.9,0.0,hs,5,0,0,1
48286,0,0.0,0.5,0.5,0.6,0.449999988079071,hs,2,0,0,1
483,1,0.0676691648452579,0.5916666388511658,0.5166666507720947,0.2,0.5367361307144165,hs,4,1,0,0
4839,1,0.0,0.7083333134651184,0.7083333134651184,0.4,0.6375000476837158,hs,2,1,1,1
48521,0,0.0,0.125,0.125,0.5,0.1208333224058151,hs,4,0,1,0
48537,0,-0.0340798469867677,0.4133333265781402,0.4424999952316284,0.4,0.4422569274902344,hs,4,0,1,0
48630,0,-0.999999999992,0.0,0.125,0.5,0.1124999970197677,hs,1,0,0,1
4882,0,-0.1103840391275428,0.3587499856948852,0.4477777779102325,0.9,0.4140277802944183,hs,5,0,0,1
48855,0,-0.999999999996,0.0,0.25,0.6,0.2249999940395355,hs,1,0,0,1
489,1,0.0,0.4895833432674408,0.4895833432674408,0.4,0.4697917103767395,hs,4,1,1,1
48909,1,0.0,0.375,0.375,0.4,0.3437499701976776,hs,3,1,1,1
4892,1,0.0118577315346112,0.4266666769981384,0.4166666567325592,0.4,0.3938194513320923,hs,3,1,1,1
48961,1,-0.999999999992,0.0,0.125,0.7,0.1658333241939544,hs,2,1,1,1
48995,1,0.0,0.0,0.0,0.5,0.0274999998509883,hs,4,1,0,0
49,1,0.0,0.3476190567016601,0.3476190567016601,0.4,0.3168253898620605,hs,5,1,1,1
49072,1,-0.0105288472965092,0.648888885974884,0.6626983880996704,0.5,0.5978254079818726,hs,2,1,0,0
49330,1,0.0,0.4483333230018616,0.4483333230018616,0.5,0.4099305272102356,hs,1,1,1,1
49498,0,-0.999999999994,0.0,0.1666666716337204,0.8,0.2279583215713501,hs,4,0,0,1
49921,0,-0.0303030014037865,0.6666666865348816,0.7083333134651184,0.7,0.6393055319786072,hs,5,0,0,1
500033,0,-0.0581717690818055,0.7083333134651184,0.7958333492279053,0.8,0.731583297252655,hs,2,0,0,1
500042,1,0.009507368385903,0.4866666793823242,0.4774999916553497,0.8,0.490448385477066,hs,1,1,1,1
500056,1,0.0,0.5770833492279053,0.5770833492279053,0.6,0.5916666388511658,hs,3,1,1,1
500063,1,-0.0489510629420327,0.7083333134651184,0.78125,0.7,0.722083330154419,hs,4,1,0,0
500066,1,-0.1210762235950339,0.4900000095367431,0.625,0.8,0.5415545701980591,hs,2,1,1,1
500076,0,-0.1090855304196815,0.5260416865348816,0.6548610925674438,1.0,0.5328819155693054,hs,1,0,0,1
500183,1,0.0640394188644576,0.75,0.6597222089767456,0.2,0.6551944613456726,hs,4,1,0,0
500184,1,0.041050909599678,0.3773809671401977,0.3476190567016601,0.4,0.3524057269096374,hs,3,1,1,1
500205,1,-0.0151647177683356,0.5885416865348816,0.6066666841506958,0.4,0.5592917203903198,hs,4,1,1,1
500206,0,-0.0239114106923559,0.5770833492279053,0.6053571701049805,0.6,0.6110565662384033,hs,5,0,0,1
500291,0,-0.0491329281112813,0.6266666650772095,0.691428542137146,0.8,0.6555148959159851,hs,2,0,0,1
500332,0,-0.0784313845798685,0.4699999988079071,0.550000011920929,0.9,0.4832499921321869,hs,4,0,0,1
500444,0,-0.411764694882003,0.1875,0.449999988079071,1.0,0.2971458435058594,hs,5,0,0,1
500829,1,0.0,0.4166666567325592,0.4166666567325592,0.7,0.3963888883590698,hs,4,1,1,1
501467,1,-0.1111111111109764,0.3666666746139526,0.4583333432674408,0.9,0.371833324432373,hs,1,1,1,1
501625,0,0.0476190584316361,0.550000011920929,0.5,0.2,0.6392499804496765,hs,5,0,0,1
502,0,-0.523809529214843,0.125,0.4000000059604645,0.6,0.4141190648078918,hs,4,0,0,1
502425,1,0.0,0.0,0.0,0.4,0.0,hs,3,1,0,0
503011,1,0.0,0.125,0.125,0.5,0.1124999970197677,hs,2,1,1,1
503406,1,-0.1422845799099862,0.3566666543483734,0.4749999940395355,0.9,0.4274999499320984,hs,1,1,1,1
5043,0,0.0,0.3020833432674408,0.3020833432674408,0.6,0.3130208551883697,hs,2,0,1,0
506,0,0.0253411523471251,0.6575000286102295,0.625,0.5,0.6107112765312195,hs,5,0,1,0
5091,0,0.116377475732076,0.4579861164093017,0.3625000119209289,0.4,0.4230863153934479,hs,2,0,1,0
5093,0,-0.0359712393101763,0.5583333373069763,0.6000000238418579,0.4,0.7159305810928345,hs,5,0,0,1
51,1,0.0,0.0,0.0,0.6,0.1266666650772094,hs,5,1,1,1
510,1,-0.0209281292609432,0.4483333230018616,0.4675000011920929,0.6,0.4234999716281891,hs,5,1,1,1
5106,1,0.0107756983076216,0.7314285635948181,0.715833306312561,0.6,0.6584762334823608,hs,3,1,1,1
5126,0,-0.0049751623352914,0.5208333134651184,0.5260416865348816,0.6,0.4822222590446472,hs,1,0,1,0
5172,0,0.0081008150297015,0.6666666865348816,0.6559523940086365,0.4,0.5989285707473755,hs,5,0,1,0
5227,0,0.10204081434037,0.3375000059604645,0.2750000059604645,0.3,0.3489583134651184,hs,5,0,1,0
5234,0,0.0,0.5,0.5,0.5,0.4715417027473449,hs,1,0,0,1
5307,1,0.0,0.0,0.0,0.7,0.0750000029802322,hs,5,1,0,0
5320,0,-0.2227204564632721,0.2708333432674408,0.4260416626930237,0.7,0.4154375195503235,hs,5,0,0,1
5366,1,-0.0250066037835107,0.3674603104591369,0.3863095343112945,0.4,0.392130970954895,hs,1,1,1,1
547,1,0.0,0.7083333134651184,0.7083333134651184,0.5,0.7083333730697632,hs,1,1,0,0
548,1,-0.9999999999953396,0.0,0.2145833373069763,0.5,0.2443749904632568,hs,1,1,0,0
5514,0,-0.999999999996,0.0,0.25,0.2,0.2954761981964111,hs,5,0,0,1
555,0,0.0,0.4440476298332214,0.4440476298332214,0.6,0.4319503903388977,hs,4,0,1,0
5562,0,-0.0924369660349254,0.3375000059604645,0.40625,0.9,0.429541677236557,hs,3,0,0,1
5575,1,0.0,0.2750000059604645,0.2750000059604645,0.5,0.3087916970252991,hs,5,1,1,1
557722,0,0.9999999999963636,0.2750000059604645,0.0,0.3,0.4072569906711578,hs,3,0,1,0
5581,1,0.0722001031041183,0.6548610925674438,0.5666666626930237,0.5,0.5947500467300415,hs,4,1,0,0
558960,0,-0.4915254319467823,0.125,0.3666666746139526,0.7,0.3513095676898956,hs,5,0,0,1
559064,0,0.3333333333324444,0.25,0.125,0.3,0.1541666686534881,hs,4,0,1,0
559383,1,-0.0455486297548741,0.5122222304344177,0.5611110925674438,0.7,0.5231666564941406,hs,3,1,1,1
559397,0,0.0,0.2750000059604645,0.2750000059604645,0.5,0.2537500262260437,hs,1,0,1,0
560,0,0.0,0.0,0.0,0.9,0.0,hs,2,0,0,1
560075,0,0.054871216801662,0.4906249940395355,0.4395833313465118,0.7,0.441694438457489,hs,5,0,1,0
560077,0,-0.5312499982527741,0.125,0.4083333313465118,0.6,0.3738511800765991,hs,3,0,0,1
560541,0,-0.0633484195113306,0.4312500059604645,0.4895833432674408,0.6,0.5114067792892456,hs,1,0,0,1
562,1,-0.004184096411441,0.4958333373069763,0.5,0.6,0.449583351612091,hs,3,1,1,1
562018,0,0.0,0.1770833283662796,0.1770833283662796,0.8,0.2883402705192566,hs,3,0,0,1
564842,0,0.0663129774441038,0.4785714149475097,0.4190476238727569,0.2,0.4089418053627014,hs,3,0,1,0
567,1,0.0685202082040939,0.5909722447395325,0.5151785612106323,0.4,0.5351477861404419,hs,3,1,1,1
5731,1,-0.0665651297699772,0.425555557012558,0.4862500131130218,0.6,0.4397638738155365,hs,5,1,1,1
5757,0,0.0,0.125,0.125,0.5,0.1375000029802322,hs,1,0,1,0
577,1,-0.1834862705139815,0.2966666519641876,0.4300000071525574,0.9,0.3967222571372986,hs,2,1,1,1
581,0,0.0,0.2374999970197677,0.2374999970197677,0.5,0.2633889019489288,hs,3,0,1,0
5837,1,-0.1503906176328816,0.3020833432674408,0.4090277850627899,0.8,0.332152783870697,hs,1,1,1,1
5838,1,0.0266836138755344,0.5049999952316284,0.4787499904632568,0.3,0.5432172417640686,hs,2,1,0,0
587,1,0.0010810955262156,0.4822916686534881,0.481249988079071,0.5,0.446200430393219,hs,5,1,1,1
59,0,-0.0949720558774087,0.3375000059604645,0.4083333313465118,0.9,0.359604150056839,hs,5,0,0,1
5920,1,-0.1308900641195671,0.2766666710376739,0.3600000143051147,0.7,0.4487916529178619,hs,3,1,0,0
598,0,0.026175489623644,0.4200396835803985,0.3986110985279083,0.5,0.3992192447185516,hs,2,0,0,1
6011,0,-0.1428571778899294,0.4166666567325592,0.5555555820465088,0.7,0.4969722330570221,hs,3,0,0,1
6076,0,0.0,0.5770833492279053,0.5770833492279053,0.6,0.5193750262260437,hs,2,0,1,0
608,1,0.0,0.4166666567325592,0.4166666567325592,0.4,0.3750000298023224,hs,2,1,0,0
626,0,0.0,0.3520833253860473,0.3520833253860473,0.7,0.3385069370269775,hs,4,0,1,0
6278,0,-0.0510204327398942,0.5166666507720947,0.5722222328186035,0.5,0.5118135213851929,hs,4,0,1,0
633,1,0.0338658291345909,0.5618055462837219,0.5249999761581421,0.3,0.5012599229812622,hs,4,1,1,1
6392,0,0.0,0.25,0.25,0.7,0.3041041493415832,hs,1,0,0,1
6418,1,0.0969899694352983,0.6833333373069763,0.5625,0.5,0.6160625219345093,hs,2,1,0,0
646,1,-0.2380952472181425,0.3555555641651153,0.5777778029441833,0.5,0.5137708783149719,hs,1,1,0,0
6482,0,0.0,0.5433333516120911,0.5433333516120911,0.3,0.5804741978645325,hs,3,0,1,0
650,1,0.0,0.4761904776096344,0.4761904776096344,0.4,0.4954087734222412,hs,2,1,1,1
6517,0,0.1081712151921565,0.7911111116409302,0.6366666555404663,0.2,0.6795417070388794,hs,3,0,1,0
6576,1,0.026253006173769,0.7465277910232544,0.7083333134651184,0.1,0.6629166603088379,hs,3,1,0,0
6584,0,-0.0979591637141096,0.3683333396911621,0.4483333230018616,0.5,0.4209443926811218,hs,3,0,1,0
6615,1,0.0,0.1666666716337204,0.1666666716337204,0.8,0.1499999910593032,hs,2,1,1,1
6626,0,0.0316815295181721,0.4409722089767456,0.4138889014720917,0.2,0.6657083630561829,hs,1,0,0,1
6632,0,0.0,0.3726190328598022,0.3726190328598022,0.5,0.3837599158287048,hs,2,0,1,0
6712,1,0.0,0.0,0.0,0.5,0.1140416637063026,hs,2,1,1,1
684,1,0.0538922053101779,0.3666666746139526,0.3291666805744171,0.4,0.3586110770702362,hs,1,1,1,1
686,1,-0.0392156842120192,0.4083333313465118,0.4416666626930237,0.6,0.3922222256660461,hs,5,1,1,1
6892,0,-0.0303030014037204,0.1666666716337204,0.1770833283662796,0.2,0.2571249902248382,hs,3,0,1,0
691,1,0.0,0.2750000059604645,0.2750000059604645,0.3,0.2475000172853469,hs,1,1,0,0
692,0,0.0711297127476577,0.3555555641651153,0.3083333373069763,0.2,0.3226110935211181,hs,4,0,1,0
6920,1,0.1999999856944054,0.25,0.1666666716337204,0.5,0.2750000059604645,hs,4,1,0,0
6954,1,0.0,0.4895833432674408,0.4895833432674408,0.4,0.4406250119209289,hs,4,1,0,0
698,1,0.999999999996,0.25,0.0,0.5,0.2000000029802322,hs,3,1,0,0
702,1,0.0,0.25,0.25,0.6,0.2249999940395355,hs,5,1,1,1
712,1,-0.0882353086191123,0.4133333265781402,0.4933333396911621,0.6,0.510084331035614,hs,3,1,0,0
714,1,0.0591775474495636,0.3666666746139526,0.3256944417953491,0.2,0.3639583587646484,hs,5,1,0,0
7159,1,0.0495396644951773,0.4749999940395355,0.4301587343215942,0.4,0.4430158734321594,hs,2,1,1,1
720,1,0.0487804811860159,0.403124988079071,0.3656249940395355,0.3,0.38260418176651,hs,3,1,1,1
721,1,-0.0177305429989323,0.5129629373550415,0.5314815044403076,0.5,0.4980046153068542,hs,5,1,1,1
733,1,0.0,0.2750000059604645,0.2750000059604645,0.4,0.2564999759197235,hs,3,1,1,1
7339,0,0.1172413623005024,0.3375000059604645,0.2666666805744171,0.8,0.4454166293144226,hs,2,0,0,1
7342,0,0.0,0.3499999940395355,0.3499999940395355,0.5,0.3277083337306976,hs,5,0,1,0
7370,1,0.0,0.5,0.5,0.4,0.449999988079071,hs,5,1,0,0
740,0,-0.1336146395948723,0.3422222137451172,0.4477777779102325,0.9,0.3966805636882782,hs,1,0,0,1
7511,0,0.0,0.5,0.5,0.6,0.449999988079071,hs,5,0,1,0
752,1,0.3333333333324444,0.25,0.125,0.2,0.2458333224058151,hs,4,1,0,0
7527,0,0.0,0.550000011920929,0.550000011920929,0.4,0.843000054359436,hs,1,0,0,1
7557,1,-0.0476190584316361,0.5,0.550000011920929,0.1,0.6152499914169312,hs,5,1,0,0
770,0,0.0,0.0,0.0,0.5,0.1140416637063026,hs,5,0,1,0
778,1,-0.0223111256825374,0.4412499964237213,0.461388885974884,0.6,0.4113551676273346,hs,1,1,1,1
779,0,-0.0211480161463382,0.3375000059604645,0.3520833253860473,0.5,0.3254027664661407,hs,5,0,1,0
78,1,-0.0239999992675597,0.6354166865348816,0.6666666865348816,0.4,0.5961805582046509,hs,4,1,0,0
7818,1,0.0,0.2750000059604645,0.2750000059604645,0.3,0.3111250400543213,hs,5,1,1,1
7952,0,-0.999999999992,0.0,0.125,0.5,0.1124999970197677,hs,3,0,0,1
7981,1,-0.0272125784567259,0.551111102104187,0.581944465637207,0.6,0.5872579216957092,hs,4,1,1,1
7986,0,0.0,0.4833333194255829,0.4833333194255829,0.6,0.4389285445213318,hs,2,0,1,0
811,0,0.0,0.2750000059604645,0.2750000059604645,0.5,0.3545238077640533,hs,1,0,1,0
8110,0,-0.0199203351870257,0.2049999982118606,0.2133333384990692,0.4,0.2045000046491623,hs,4,0,1,0
8148,0,-0.0769230599938757,0.5,0.5833333134651184,0.8,0.5496041178703308,hs,1,0,0,1
817,0,0.7254901909444396,0.7857142686843872,0.125,0.3,0.8223214149475098,hs,3,0,0,1
821,0,-0.0580290478983144,0.4483333230018616,0.5035714507102966,0.8,0.4688988327980041,hs,1,0,0,1
825,1,0.0037243913133545,0.4491666555404663,0.4458333253860473,0.6,0.4357143044471741,hs,3,1,0,0
8302,0,-0.2398523817721562,0.2145833373069763,0.3499999940395355,0.5,0.4714583456516266,hs,5,0,1,0
8403,0,0.0,0.0,0.0,0.9,0.0,hs,3,0,0,1
842,0,0.0,0.5,0.5,0.6,0.472916692495346,hs,4,0,1,0
8488,0,-0.2369942010120847,0.2750000059604645,0.4458333253860473,0.8,0.3652916550636291,hs,4,0,0,1
8499,0,0.0,0.0,0.0,0.9,0.0,hs,5,0,0,1
8690,0,-0.0322228376572496,0.6152777671813965,0.65625,0.5,0.6209722757339478,hs,3,0,0,1
870,1,-0.0272169001605902,0.5129629373550415,0.5416666865348816,0.4,0.5025780200958252,hs,4,1,1,1
8705,0,-0.3364632207650118,0.2355555593967437,0.4744444489479065,0.7,0.4340237975120544,hs,4,0,0,1
8729,0,0.0,0.3125,0.3125,0.7,0.28125,hs,2,0,1,0
8735,1,-0.0032894823911699,0.4208333194255829,0.4236111044883728,0.5,0.4130902886390686,hs,3,1,1,1
8758,1,0.038084876727105,0.3975000083446502,0.3683333396911621,0.6,0.3867777585983276,hs,1,1,1,1
8800,0,0.0,0.2583333253860473,0.2583333253860473,0.7,0.2324999868869781,hs,5,0,1,0
8901,1,-0.015522007565726,0.4822916686534881,0.4975000023841858,0.8,0.4607152342796325,hs,3,1,1,1
8918,1,0.0,0.3666666746139526,0.3666666746139526,0.3,0.3508333265781402,hs,3,1,1,1
895,1,0.0,0.5,0.5,0.5,0.5021800398826599,hs,5,1,0,0
898,1,0.0229358072082178,0.2654761970043182,0.2535714209079742,0.5,0.2399702370166778,hs,4,1,1,1
899,0,0.0,0.0,0.0,0.9,0.0,hs,2,0,0,1
901,0,-0.0188679061949234,0.5416666865348816,0.5625,0.5,0.527958333492279,hs,3,0,1,0
9022,0,0.999999999992,0.125,0.0,0.4,0.2175000160932541,hs,1,0,1,0
904,0,-0.5604395558320091,0.125,0.4437499940395355,0.8,0.4051041603088379,hs,1,0,0,1
907,1,0.0,0.1833333373069763,0.1833333373069763,0.5,0.1650000065565109,hs,2,1,1,1
908,1,0.0,0.1666666716337204,0.1666666716337204,0.2,0.418333351612091,hs,1,1,0,0
9120,1,0.0,0.125,0.125,0.5,0.1260416805744171,hs,2,1,1,1
9148,0,0.0,0.5,0.5,0.7,0.472916692495346,hs,4,0,0,1
9151,0,-0.0019267805033483,0.6474999785423279,0.6499999761581421,0.6,0.628166675567627,hs,4,0,0,1
922,0,0.0,0.5,0.5,0.3,0.4827083647251129,hs,1,0,1,0
9325,1,0.3314037507085452,0.5476190447807312,0.2750000059604645,0.3,0.4885119497776031,hs,3,1,0,0
9388,1,-0.0105263056451158,0.4895833432674408,0.5,0.5,0.4846130907535553,hs,2,1,1,1
9415,0,-0.1693548456870003,0.2145833373069763,0.3020833432674408,0.8,0.2998958230018616,hs,3,0,1,0
944,0,-0.0362694692238833,0.5166666507720947,0.5555555820465088,0.8,0.4915971755981445,hs,3,0,1,0
945,1,0.0445214557838938,0.4664285778999328,0.4266666769981384,0.5,0.422412633895874,hs,5,1,1,1
9489,1,-0.3617021503245268,0.25,0.5333333611488342,0.5,0.4803333282470703,hs,2,1,0,0
9548,0,0.0,0.5770833492279053,0.5770833492279053,0.5,0.5403819680213928,hs,1,0,1,0
955,1,0.0013598737167258,0.4017857015132904,0.4006944298744201,0.6,0.7748938202857971,hs,4,1,0,0
967,1,0.0417494898647611,0.2729166746139526,0.2510416805744171,0.4,0.3209374845027923,hs,2,1,0,0
97,1,0.0,0.1770833283662796,0.1770833283662796,0.8,0.1593750119209289,hs,4,1,1,1
9715,1,-0.0537634276284521,0.3666666746139526,0.4083333313465118,0.6,0.35916668176651,hs,1,1,1,1
974,1,0.0635209018172027,0.4069444537162781,0.3583333194255829,0.7,0.4137152731418609,hs,5,1,1,1
982,1,0.0,0.2976190447807312,0.2976190447807312,0.4,0.2795634865760803,hs,1,1,1,1
983,0,0.0,0.0,0.0,0.9,0.0,hs,2,0,0,1
9882,0,-0.0769230599938757,0.5,0.5833333134651184,0.8,0.5166458487510681,hs,5,0,0,1
9912,1,0.0,0.375,0.375,0.5,0.3449166715145111,hs,2,1,1,1
9941,1,0.0,0.0,0.0,0.5,0.0274999998509883,hs,3,1,1,1
9974,1,-0.0224904066372233,0.4124999940395355,0.4314814805984497,0.6,0.39040607213974,hs,1,1,1,1
9997,1,0.0,0.5166666507720947,0.5166666507720947,0.8,0.4761111140251159,hs,5,1,1,1
1000013,1,0.0,0.0,0.0,0.8,0.0,am,1,1,0,0
1000074,1,0.0,0.4791666567325592,0.4791666567325592,0.8,0.4791666567325592,am,5,1,1,1
1000129,0,0.0,0.5,0.5,0.6,0.449999988079071,am,3,0,0,1
1000147,0,0.0,0.4791666567325592,0.4791666567325592,0.2,0.4312500059604645,am,4,0,1,0
1000232,0,-0.999999999996,0.0,0.25,0.6,0.2374999970197677,am,1,0,0,1
1000240,0,0.0,0.3333333432674408,0.3333333432674408,0.2,0.2999999821186065,am,4,0,1,0
1000337,1,0.0,0.4791666567325592,0.4791666567325592,0.8,0.4312500059604645,am,3,1,1,1
1000340,1,-0.0454545351098879,0.4375,0.4791666567325592,0.8,0.4312500059604645,am,2,1,1,1
10006,0,0.0,0.375,0.375,0.4,0.3375000059604645,am,1,0,0,1
1000711,1,0.0,0.0,0.0,0.8,0.0,am,2,1,1,1
1000832,1,0.0,0.4895833432674408,0.4895833432674408,0.6,0.4406250119209289,am,5,1,1,1
1000872,0,0.0,0.4791666567325592,0.4791666567325592,0.1,0.4312500059604645,am,2,0,1,0
1000951,0,0.0,1.0,1.0,0.5,0.8999999761581421,am,3,0,0,1
1001039,1,0.0,0.4791666567325592,0.4791666567325592,0.4,0.4416666626930237,am,5,1,0,0
1001040,1,0.0,0.0,0.0,0.2,0.0,am,3,1,0,0
1001049,1,0.0,0.4895833432674408,0.4895833432674408,0.9,0.4406250119209289,am,4,1,1,1
1001056,1,0.0,0.4375,0.4375,0.8,0.4412499964237213,am,2,1,1,1
1001095,0,0.0,0.3333333432674408,0.3333333432674408,0.4,0.2999999821186065,am,3,0,1,0
1001192,1,-0.0454545351098879,0.4375,0.4791666567325592,0.8,0.4312500059604645,am,2,1,1,1
1001305,0,0.0,0.375,0.375,0.6,0.3375000059604645,am,3,0,0,1
1001307,0,0.0454545351098879,0.4791666567325592,0.4375,0.2,0.4312500059604645,am,4,0,1,0
1001436,1,0.0,0.4895833432674408,0.4895833432674408,0.7,0.4427083134651184,am,4,1,0,0
1001493,0,0.0,0.4791666567325592,0.4791666567325592,0.1,0.4312500059604645,am,1,0,1,0
1001682,0,0.0,0.4791666567325592,0.4791666567325592,0.1,0.4312500059604645,am,3,0,1,0
1001716,1,-0.0454545351098879,0.4375,0.4791666567325592,0.8,0.4312500059604645,am,1,1,1,1
1001755,0,0.0,0.4895833432674408,0.4895833432674408,0.4,0.444791704416275,am,2,0,1,0
1001772,1,0.0,0.25,0.25,0.5,0.2249999940395355,am,4,1,1,1
1001778,0,0.0,0.4791666567325592,0.4791666567325592,0.5,0.4416666626930237,am,3,0,0,1
1001792,0,0.0107527086811569,0.4895833432674408,0.4791666567325592,0.8,0.4395833015441894,am,2,0,0,1
1001829,1,0.0,0.0,0.0,0.2,0.0,am,3,1,0,0
1001837,1,0.0,1.0,1.0,0.5,1.0,am,4,1,0,0
1001927,1,0.0,1.0,1.0,0.5,0.8999999761581421,am,4,1,0,0
1001959,0,0.0,0.0,0.0,0.5,0.0,am,5,0,0,1
1002046,1,0.0,0.3333333432674408,0.3333333432674408,0.4,0.3395833373069763,am,3,1,1,1
1002124,1,0.0,0.4000000059604645,0.4000000059604645,0.7,0.3866666853427887,am,1,1,1,1
1002184,1,0.0,0.3333333432674408,0.3333333432674408,0.8,0.3333333134651184,am,4,1,1,1
1002348,0,0.0,0.375,0.375,0.7,0.3375000059604645,am,3,0,1,0
1002417,1,0.0212766061059917,0.5,0.4791666567325592,0.3,0.449999988079071,am,1,1,0,0
1002449,1,0.0,0.375,0.375,0.5,0.3375000059604645,am,3,1,1,1
1002639,0,0.0,0.0,0.0,0.8,0.0,am,2,0,0,1
1002642,0,0.0454545351098879,0.4791666567325592,0.4375,0.2,0.4312500059604645,am,5,0,1,0
1002643,0,-0.0105263056451158,0.4895833432674408,0.5,0.4,0.4489583373069763,am,3,0,0,1
1002672,0,0.0,0.4895833432674408,0.4895833432674408,0.2,0.4895833432674408,am,3,0,1,0
1002796,1,-0.0427350434316563,0.3499999940395355,0.3812499940395355,0.8,0.340833306312561,am,2,1,1,1
1002841,0,0.0,1.0,1.0,0.5,0.8999999761581421,am,1,0,0,1
1002916,0,0.0,0.4895833432674408,0.4895833432674408,0.4,0.4406250119209289,am,5,0,1,0
1002943,0,0.0,0.0,0.0,0.5,0.0,am,1,0,1,0
1002971,1,0.0,0.5,0.5,0.3,0.449999988079071,am,1,1,1,1
1003026,0,0.0,0.4895833432674408,0.4895833432674408,0.3,0.4406250119209289,am,4,0,1,0
10031,0,0.0,0.4791666567325592,0.4791666567325592,0.2,0.4312500059604645,am,4,0,1,0
1003407,1,0.0,0.3499999940395355,0.3499999940395355,0.7,0.3695833086967468,am,5,1,0,0
1003418,0,0.0454545351098879,0.4791666567325592,0.4375,0.2,0.4749999940395355,am,1,0,1,0
1003498,1,0.0,0.5,0.5,0.3,0.449999988079071,am,1,1,1,1
1003655,0,0.0,0.0,0.0,0.7,0.0,am,3,0,0,1
1003719,1,0.0,0.4791666567325592,0.4791666567325592,0.8,0.4791666567325592,am,1,1,1,1
1003749,0,0.0,0.5,0.5,0.7,0.449999988079071,am,4,0,0,1
1003914,1,0.0,0.4895833432674408,0.4895833432674408,0.8,0.4406250119209289,am,4,1,1,1
1004001,1,0.0,0.4791666567325592,0.4791666567325592,0.4,0.4416666626930237,am,4,1,0,0
1004017,1,0.0,0.5,0.5,0.3,0.449999988079071,am,2,1,0,0
1004051,1,-0.0149893097601224,0.4791666567325592,0.4937500059604645,0.5,0.4691666662693023,am,2,1,0,0
1004178,1,0.0,0.375,0.375,0.2,0.3375000059604645,am,5,1,0,0
1004347,0,0.0,0.4895833432674408,0.4895833432674408,0.2,0.4406250119209289,am,1,0,1,0
1004428,1,0.0,0.0,0.0,0.8,0.0,am,4,1,1,1
1004472,1,0.0,0.3125,0.3125,0.6,0.28125,am,4,1,1,1
1004524,0,0.0454545351098879,0.4791666567325592,0.4375,0.2,0.4312500059604645,am,2,0,1,0
1004720,0,0.0,0.4895833432674408,0.4895833432674408,0.2,0.4406250119209289,am,1,0,1,0
1004898,1,0.0,0.3333333432674408,0.3333333432674408,0.6,0.3333333134651184,am,1,1,1,1
1004946,1,0.0222222010294359,0.4791666567325592,0.4583333432674408,0.2,0.429166704416275,am,1,1,0,0
1004964,1,0.0,0.25,0.25,0.5,0.2249999940395355,am,5,1,0,0
1005117,1,0.0,0.4895833432674408,0.4895833432674408,0.7,0.4427083134651184,am,2,1,0,0
1005122,0,0.0,0.3333333432674408,0.3333333432674408,0.3,0.2999999821186065,am,3,0,1,0
1005154,1,-0.0454545351098879,0.4375,0.4791666567325592,0.8,0.4312500059604645,am,4,1,1,1
1005222,0,0.0,0.4895833432674408,0.4895833432674408,0.2,0.4406250119209289,am,3,0,1,0
1005225,1,0.0,0.3333333432674408,0.3333333432674408,0.8,0.2999999821186065,am,3,1,1,1
1005458,0,0.0,0.25,0.25,0.5,0.2249999940395355,am,1,0,0,1
1005547,0,0.0,1.0,1.0,0.5,0.8999999761581421,am,1,0,0,1
1005659,1,0.999999999996,0.25,0.0,0.3,0.1500000059604644,am,2,1,0,0
1005690,0,0.0107527086811569,0.4895833432674408,0.4791666567325592,0.7,0.4395833611488342,am,2,0,0,1
1005734,1,0.0,0.3333333432674408,0.3333333432674408,0.6,0.2999999821186065,am,2,1,1,1
1005799,1,0.0,0.25,0.25,0.5,0.2249999940395355,am,4,1,1,1
1005875,1,0.0,0.3333333432674408,0.3333333432674408,0.6,0.3333333134651184,am,3,1,1,1
1005886,0,-0.0222222010294359,0.4583333432674408,0.4791666567325592,0.8,0.429166704416275,am,1,0,0,1
1005960,0,0.0,0.4791666567325592,0.4791666567325592,0.2,0.4312500059604645,am,2,0,1,0
1005974,0,0.0,0.0,0.0,0.2,0.0,am,5,0,0,1
1005984,0,0.0454545351098879,0.4791666567325592,0.4375,0.2,0.4312500059604645,am,4,0,1,0
1006098,1,0.0,1.0,1.0,0.5,0.8999999761581421,am,1,1,0,0
10061,1,0.0,0.3333333432674408,0.3333333432674408,0.6,0.3333333134651184,am,3,1,1,1
1006100,0,0.0,0.0,0.0,0.8,0.0,am,4,0,0,1
1006171,0,0.0,0.4895833432674408,0.4895833432674408,0.2,0.4406250119209289,am,5,0,1,0
1006187,0,0.0,1.0,1.0,0.5,0.8999999761581421,am,3,0,0,1
1006318,0,0.0,0.4791666567325592,0.4791666567325592,0.5,0.4416666626930237,am,5,0,0,1
1006378,0,0.0,0.5,0.5,0.6,0.449999988079071,am,2,0,0,1
1006383,0,0.0,0.0,0.0,0.5,0.0,am,2,0,0,1
1006409,1,-0.0454545351098879,0.4375,0.4791666567325592,0.8,0.4312500059604645,am,5,1,1,1
1006411,1,0.0,0.3333333432674408,0.3333333432674408,0.6,0.2999999821186065,am,5,1,1,1
1006461,1,0.0,0.0,0.0,0.8,0.0,am,4,1,1,1
1006742,1,0.0,0.4895833432674408,0.4895833432674408,0.9,0.4406250119209289,am,1,1,1,1
1006905,1,0.0,0.3333333432674408,0.3333333432674408,0.6,0.2999999821186065,am,4,1,1,1
1006935,0,0.0,0.3125,0.3125,0.4,0.28125,am,2,0,1,0
1007014,0,-0.0434782608695047,0.34375,0.375,0.7,0.3343749940395355,am,5,0,0,1
1007077,1,0.0,0.4791666567325592,0.4791666567325592,0.5,0.4416666626930237,am,1,1,0,0
1007109,1,0.0,0.3333333432674408,0.3333333432674408,0.7,0.3125,am,4,1,1,1
1007111,0,0.0,0.4791666567325592,0.4791666567325592,0.5,0.4416666626930237,am,2,0,0,1
1007116,0,0.0,0.0,0.0,0.8,0.0,am,5,0,0,1
1007323,1,0.0,0.4895833432674408,0.4895833432674408,0.9,0.4406250119209289,am,2,1,1,1
1007368,1,0.0,0.4791666567325592,0.4791666567325592,0.8,0.4312500059604645,am,5,1,1,1
1007425,1,-0.0454545351098879,0.4375,0.4791666567325592,0.8,0.4312500059604645,am,2,1,1,1
1007449,1,0.0,0.25,0.25,0.0,0.2249999940395355,am,3,1,0,0
1007540,0,0.0,0.0,0.0,0.7,0.1500000059604644,am,1,0,0,1
1007665,1,0.0,0.375,0.375,0.2,0.3375000059604645,am,4,1,1,1
1007667,0,0.0,0.0,0.0,0.5,0.0,am,1,0,1,0
1007756,0,0.0,0.0,0.0,0.8,0.0,am,5,0,0,1
1007828,1,0.0,0.3333333432674408,0.3333333432674408,0.8,0.2999999821186065,am,5,1,1,1
1007876,0,-0.0666666666665955,0.4375,0.5,0.6,0.445833295583725,am,2,0,1,0
1007922,0,0.0,0.0,0.0,0.8,0.0,am,3,0,0,1
1008009,0,0.0149893097601224,0.4937500059604645,0.4791666567325592,0.4,0.4691666662693023,am,2,0,0,1
1008116,1,-0.0374331575346452,0.375,0.4041666686534881,0.6,0.3722916543483734,am,3,1,1,1
1008150,1,0.0,0.3333333432674408,0.3333333432674408,0.6,0.3333333134651184,am,3,1,1,1
1008152,1,-0.0454545351098879,0.4375,0.4791666567325592,0.8,0.4312500059604645,am,3,1,1,1
1008184,0,0.0,1.0,1.0,0.4,0.8999999761581421,am,3,0,0,1
1008223,1,-0.0454545351098879,0.4375,0.4791666567325592,0.8,0.4312500059604645,am,1,1,1,1
1008329,0,0.0,0.375,0.375,0.1,0.3375000059604645,am,3,0,1,0
1008550,0,0.0,0.4895833432674408,0.4895833432674408,0.4,0.4406250119209289,am,3,0,1,0
1008742,0,-0.0212766061059917,0.4791666567325592,0.5,0.9,0.449999988079071,am,3,0,0,1
1008802,0,0.0105263056451158,0.5,0.4895833432674408,0.5,0.4564583301544189,am,4,0,0,1
1008867,1,0.0,0.25,0.25,0.5,0.2249999940395355,am,3,1,1,1
1008898,0,0.0,0.4791666567325592,0.4791666567325592,0.8,0.4416666626930237,am,4,0,0,1
1008936,1,-0.0107527086811569,0.4791666567325592,0.4895833432674408,0.3,0.4885416626930237,am,4,1,0,0
1009175,0,0.0,0.0,0.0,0.8,0.0,am,1,0,0,1
1009190,1,0.0,0.0,0.0,0.5,0.0,am,5,1,0,0
1009253,0,-0.0454545351098879,0.4375,0.4791666567325592,0.5,0.4270833432674408,am,5,0,0,1
1009258,0,0.0454545351098879,0.4791666567325592,0.4375,0.2,0.4312500059604645,am,3,0,1,0
1009400,1,-0.0454545351098879,0.4375,0.4791666567325592,0.8,0.4312500059604645,am,5,1,1,1
1009443,1,0.0454545351098879,0.4791666567325592,0.4375,0.5,0.4749999940395355,am,1,1,0,0
1009510,1,-0.0454545351098879,0.4375,0.4791666567325592,0.8,0.4312500059604645,am,2,1,1,1
1009555,0,0.0,1.0,1.0,0.4,1.0,am,2,0,0,1
1009598,0,0.0,0.0,0.0,0.2,0.0,am,4,0,1,0
10096,0,0.0,0.0,0.0,0.2,0.0,am,3,0,1,0
1009617,0,0.0,0.5,0.5,0.4,0.449999988079071,am,1,0,0,1
1009631,0,0.0,0.3333333432674408,0.3333333432674408,0.2,0.2999999821186065,am,3,0,1,0
1009677,1,0.0,0.4895833432674408,0.4895833432674408,0.9,0.4406250119209289,am,4,1,1,1
1009974,1,0.0,0.3333333432674408,0.3333333432674408,0.5,0.2999999821186065,am,1,1,1,1
1010126,0,0.0,0.0,0.0,0.2,0.0,am,4,0,1,0
1010148,0,0.0454545351098879,0.4791666567325592,0.4375,0.2,0.4312500059604645,am,3,0,1,0
1010297,0,0.0,0.4895833432674408,0.4895833432674408,0.1,0.4406250119209289,am,2,0,1,0
1010299,0,0.0,0.4791666567325592,0.4791666567325592,0.5,0.4416666626930237,am,2,0,0,1
1010301,0,0.0,0.0,0.0,0.8,0.0,am,4,0,0,1
1010302,0,0.0,0.4895833432674408,0.4895833432674408,0.5,0.4547916948795318,am,5,0,0,1
1010323,0,0.0454545351098879,0.4791666567325592,0.4375,0.2,0.4312500059604645,am,4,0,1,0
1010563,0,0.0,0.0,0.0,0.5,0.0,am,5,0,0,1
1010792,0,0.0,0.5,0.5,0.7,0.449999988079071,am,4,0,0,1
1010919,0,0.0,0.4895833432674408,0.4895833432674408,0.4,0.4427083134651184,am,2,0,0,1
1011316,0,0.0,0.3333333432674408,0.3333333432674408,0.4,0.3333333134651184,am,5,0,1,0
1011497,0,0.0454545351098879,0.4791666567325592,0.4375,0.2,0.4312500059604645,am,1,0,1,0
1011611,0,0.0,0.0,0.0,0.2,0.0,am,5,0,0,1
1011777,0,0.0,0.5,0.5,0.7,0.449999988079071,am,4,0,0,1
1011927,0,0.0,0.375,0.375,0.7,0.3375000059604645,am,1,0,1,0
1011928,0,0.0,0.4791666567325592,0.4791666567325592,0.6,0.4895833134651184,am,1,0,0,1
1012171,0,0.0454545351098879,0.4791666567325592,0.4375,0.3,0.4312500059604645,am,5,0,1,0
1012179,0,0.0,0.5,0.5,0.7,0.449999988079071,am,2,0,0,1
1012205,0,-0.0212766061059917,0.4791666567325592,0.5,0.7,0.449999988079071,am,3,0,0,1
1012290,1,0.0,0.4895833432674408,0.4895833432674408,0.9,0.4406250119209289,am,3,1,1,1
1012712,0,0.0454545351098879,0.4791666567325592,0.4375,0.3,0.4312500059604645,am,4,0,1,0
1012770,0,0.0,0.4791666567325592,0.4791666567325592,0.1,0.4312500059604645,am,3,0,1,0
1012821,0,0.0454545351098879,0.4791666567325592,0.4375,0.3,0.4312500059604645,am,4,0,1,0
1013219,0,0.0,0.5,0.5,0.7,0.449999988079071,am,5,0,0,1
1013353,1,-0.0454545351098879,0.4375,0.4791666567325592,0.7,0.4312500059604645,am,3,1,1,1
10135,1,0.0,0.3333333432674408,0.3333333432674408,0.8,0.2999999821186065,am,1,1,1,1
10188,0,0.0454545351098879,0.4791666567325592,0.4375,0.3,0.4312500059604645,am,3,0,1,0
10263,0,0.0454545351098879,0.4791666567325592,0.4375,0.3,0.4312500059604645,am,3,0,1,0
10282,1,0.0,0.375,0.375,0.3,0.3625000119209289,am,2,1,1,1
1033,1,0.0,0.3333333432674408,0.3333333432674408,0.6,0.3333333134651184,am,3,1,1,1
10334,0,0.0454545351098879,0.4791666567325592,0.4375,0.3,0.4312500059604645,am,3,0,1,0
10351,1,0.0,0.5,0.5,0.3,0.449999988079071,am,5,1,0,0
1037,1,0.0,0.4791666567325592,0.4791666567325592,0.5,0.441666692495346,am,2,1,0,0
104,0,0.0,1.0,1.0,0.5,0.8999999761581421,am,2,0,0,1
1042,1,0.0,1.0,1.0,0.5,0.8999999761581421,am,3,1,0,0
10484,0,-0.0243902558162479,0.4166666567325592,0.4375,0.6,0.3916666507720947,am,1,0,0,1
1049,0,0.0,0.25,0.25,0.6,0.25,am,4,0,1,0
1056,0,0.0,0.4166666567325592,0.4166666567325592,0.4,0.387499988079071,am,2,0,1,0
1059,1,0.0,0.3333333432674408,0.3333333432674408,0.7,0.2999999821186065,am,1,1,1,1
10600,1,0.0,0.4895833432674408,0.4895833432674408,0.6,0.4916666448116302,am,5,1,0,0
10630,1,0.0,0.5,0.5,0.3,0.449999988079071,am,5,1,0,0
107,1,0.0,0.4937500059604645,0.4937500059604645,0.6,0.5118750333786011,am,4,1,1,1
10780,0,0.0454545351098879,0.4791666567325592,0.4375,0.3,0.4312500059604645,am,4,0,1,0
10790,0,0.0107527086811569,0.4895833432674408,0.4791666567325592,0.8,0.4406250119209289,am,1,0,0,1
108,1,-0.0454545351098879,0.4375,0.4791666567325592,0.7,0.4312500059604645,am,1,1,1,1
1084,0,0.0,0.375,0.375,0.1,0.3375000059604645,am,3,0,1,0
10878,1,0.0,0.5,0.5,0.2,0.449999988079071,am,4,1,0,0
10884,1,0.0,0.4895833432674408,0.4895833432674408,0.8,0.4406250119209289,am,3,1,1,1
10886,1,-0.0454545351098879,0.4375,0.4791666567325592,0.8,0.4312500059604645,am,1,1,1,1
10897,1,0.0,0.0,0.0,0.2,0.0,am,1,1,0,0
109,1,0.0,0.4791666567325592,0.4791666567325592,0.5,0.4895833134651184,am,3,1,0,0
10930,0,0.0454545351098879,0.4791666567325592,0.4375,0.2,0.4312500059604645,am,4,0,1,0
10943,0,0.0,0.0,0.0,0.2,0.0,am,4,0,1,0
10967,1,0.0,0.3333333432674408,0.3333333432674408,0.8,0.2999999821186065,am,5,1,1,1
10993,1,0.0,0.0,0.0,0.8,0.0,am,5,1,0,0
110041,0,0.0,0.0,0.0,0.8,0.0,am,1,0,0,1
110058,0,0.0,0.4791666567325592,0.4791666567325592,0.6,0.441666692495346,am,3,0,0,1
110069,0,0.0,0.3333333432674408,0.3333333432674408,0.1,0.2999999821186065,am,5,0,1,0
110086,0,-0.0434782608695047,0.34375,0.375,0.7,0.3343749940395355,am,2,0,0,1
110095,0,0.0,0.4895833432674408,0.4895833432674408,0.4,0.4406250119209289,am,2,0,1,0
110121,1,-0.0454545351098879,0.4375,0.4791666567325592,0.7,0.4312500059604645,am,1,1,1,1
110175,1,0.0,0.4895833432674408,0.4895833432674408,0.4,0.4547916352748871,am,5,1,0,0
110238,1,0.0,0.0,0.0,0.2,0.0,am,5,1,0,0
110259,1,0.0,0.0,0.0,0.2,0.0,am,3,1,0,0
110270,1,0.0,0.3333333432674408,0.3333333432674408,0.7,0.3125,am,1,1,0,0
110333,1,0.0,0.3333333432674408,0.3333333432674408,0.6,0.2999999821186065,am,2,1,1,1
110361,1,0.0,0.4000000059604645,0.4000000059604645,0.7,0.426666647195816,am,4,1,1,1
110432,1,0.0,0.5,0.5,0.3,0.449999988079071,am,3,1,1,1
110441,0,0.0,0.4791666567325592,0.4791666567325592,0.5,0.4895833134651184,am,4,0,0,1
1105,0,0.0,0.0,0.0,0.2,0.0,am,1,0,0,1
110520,0,0.0,1.0,1.0,0.5,0.8999999761581421,am,3,0,0,1
110603,0,0.0,0.4791666567325592,0.4791666567325592,0.2,0.4312500059604645,am,1,0,1,0
110658,1,0.0,0.4791666567325592,0.4791666567325592,0.5,0.441666692495346,am,1,1,0,0
110809,1,0.0,0.4895833432674408,0.4895833432674408,0.7,0.4427083134651184,am,4,1,0,0
110858,1,0.0212766061059917,0.5,0.4791666567325592,0.2,0.449999988079071,am,5,1,0,0
110904,0,0.0454545351098879,0.4791666567325592,0.4375,0.3,0.4270833432674408,am,4,0,1,0
111001,0,0.0,1.0,1.0,0.5,0.8999999761581421,am,2,0,0,1
11101,1,-0.0454545351098879,0.4375,0.4791666567325592,0.6,0.4312500059604645,am,2,1,1,1
111020,0,0.0,0.0,0.0,0.8,0.0,am,5,0,0,1
111057,0,-0.0454545351098879,0.4375,0.4791666567325592,0.6,0.4270833432674408,am,2,0,0,1
111123,1,0.0,0.4791666567325592,0.4791666567325592,0.4,0.4895833134651184,am,1,1,0,0
111124,0,0.0,0.4895833432674408,0.4895833432674408,0.2,0.4406250119209289,am,4,0,1,0
111182,0,0.0,0.4895833432674408,0.4895833432674408,0.4,0.4427083134651184,am,4,0,0,1
111209,1,-0.0454545351098879,0.4375,0.4791666567325592,0.7,0.4312500059604645,am,5,1,1,1
11122,1,0.0,0.0,0.0,0.5,0.0,am,5,1,0,0
111236,1,-0.0454545351098879,0.4375,0.4791666567325592,0.6,0.4312500059604645,am,4,1,1,1
111264,0,0.0,0.4895833432674408,0.4895833432674408,0.4,0.4427083134651184,am,3,0,1,0
111265,1,0.0,0.375,0.375,0.9,0.375,am,1,1,1,1
111274,1,0.0,0.3499999940395355,0.3499999940395355,0.7,0.3345833122730255,am,2,1,1,1
111354,1,0.0454545351098879,0.4791666567325592,0.4375,0.4,0.4270833432674408,am,3,1,0,0
111432,1,0.0,0.4895833432674408,0.4895833432674408,0.7,0.4427083134651184,am,2,1,0,0
111457,0,0.0149893097601224,0.4937500059604645,0.4791666567325592,0.4,0.4691666662693023,am,1,0,0,1
11146,1,-0.0454545351098879,0.4375,0.4791666567325592,0.7,0.4312500059604645,am,1,1,1,1
111486,0,0.0,0.5,0.5,0.7,0.449999988079071,am,3,0,1,0
111489,0,0.0,0.5,0.5,0.8,0.449999988079071,am,1,0,0,1
111492,1,0.0,0.4895833432674408,0.4895833432674408,0.7,0.4916666448116302,am,1,1,0,0
111504,0,0.0,0.4895833432674408,0.4895833432674408,0.2,0.4406250119209289,am,4,0,1,0
111505,1,-0.0454545351098879,0.4375,0.4791666567325592,0.7,0.4270833432674408,am,1,1,0,0
111514,1,0.0,0.5,0.5,0.3,0.5,am,2,1,0,0
111526,0,0.0,1.0,1.0,0.5,0.8999999761581421,am,4,0,0,1
111597,0,0.0,0.4791666567325592,0.4791666567325592,0.6,0.4416666626930237,am,4,0,0,1
111624,1,-0.0454545351098879,0.4375,0.4791666567325592,0.7,0.4312500059604645,am,2,1,1,1
111661,0,0.0454545351098879,0.4791666567325592,0.4375,0.3,0.4312500059604645,am,2,0,1,0
11168,0,0.0454545351098879,0.4791666567325592,0.4375,0.4,0.4312500059604645,am,4,0,1,0
111719,1,0.0,0.4895833432674408,0.4895833432674408,0.6,0.4406250119209289,am,3,1,1,1
111723,1,0.0,0.0,0.0,0.5,0.0,am,3,1,0,0
111747,1,0.0,0.0,0.0,0.6,0.0,am,5,1,1,1
111808,1,0.0,0.5,0.5,0.3,0.449999988079071,am,2,1,0,0
111864,1,-0.0454545351098879,0.4375,0.4791666567325592,0.7,0.4312500059604645,am,5,1,1,1
11188,0,0.0,0.5,0.5,0.7,0.449999988079071,am,2,0,0,1
111883,1,0.0,0.0,0.0,0.5,0.0,am,2,1,0,0
111892,1,0.0,0.0,0.0,0.5,0.0,am,2,1,0,0
111901,0,0.0,0.4791666567325592,0.4791666567325592,0.3,0.4312500059604645,am,1,0,1,0
111903,0,0.0,0.4791666567325592,0.4791666567325592,0.8,0.4895833134651184,am,4,0,0,1
111919,0,0.0,0.0,0.0,0.8,0.0,am,4,0,0,1
111942,1,0.0,0.0,0.0,0.2,0.0,am,1,1,0,0
111974,0,0.0,0.3333333432674408,0.3333333432674408,0.7,0.324999988079071,am,2,0,0,1
112,1,-0.0454545351098879,0.4375,0.4791666567325592,0.8,0.4312500059604645,am,3,1,1,1
112043,1,-0.0454545351098879,0.4375,0.4791666567325592,0.6,0.4312500059604645,am,1,1,1,1
112044,0,0.0,0.0,0.0,0.5,0.0,am,5,0,0,1
112106,1,0.0,0.25,0.25,0.5,0.2249999940395355,am,5,1,0,0
112186,1,0.0,0.3333333432674408,0.3333333432674408,0.6,0.2999999821186065,am,5,1,1,1
112200,0,0.0,0.0,0.0,0.8,0.0,am,5,0,0,1
112213,1,0.0,0.0,0.0,0.8,0.0,am,3,1,1,1
112255,0,0.0153846004869585,0.34375,0.3333333432674408,0.6,0.3302083611488342,am,4,0,0,1
11228,1,-0.0454545351098879,0.4375,0.4791666567325592,0.8,0.4312500059604645,am,4,1,1,1
112282,1,0.0,0.3333333432674408,0.3333333432674408,0.6,0.2999999821186065,am,2,1,1,1
112372,0,0.0,0.4791666567325592,0.4791666567325592,0.5,0.441666692495346,am,2,0,0,1
112417,1,0.0,0.0,0.0,0.5,0.0,am,2,1,0,0
112452,0,0.0,0.4791666567325592,0.4791666567325592,0.6,0.4416666626930237,am,1,0,0,1
112572,1,0.0,0.4791666567325592,0.4791666567325592,0.4,0.4416666626930237,am,3,1,0,0
112658,1,0.0222222010294359,0.4791666567325592,0.4583333432674408,0.2,0.4312500059604645,am,3,1,0,0
112674,1,0.0,0.4791666567325592,0.4791666567325592,0.4,0.4416666626930237,am,3,1,0,0
11275,1,0.0,0.3333333432674408,0.3333333432674408,0.8,0.3333333134651184,am,5,1,1,1
112774,0,0.0,0.5,0.5,0.3,0.4937500059604645,am,1,0,0,1
112784,0,0.0,0.0,0.0,0.8,0.0,am,1,0,0,1
112792,0,0.0454545351098879,0.4791666567325592,0.4375,0.4,0.4312500059604645,am,5,0,1,0
112795,0,0.0,0.0,0.0,0.5,0.0,am,4,0,0,1
112829,1,0.0,0.4895833432674408,0.4895833432674408,0.8,0.4406250119209289,am,2,1,1,1
112840,0,-0.0212766061059917,0.4791666567325592,0.5,0.7,0.4979166984558105,am,3,0,0,1
112867,1,0.0,0.4895833432674408,0.4895833432674408,0.8,0.4406250119209289,am,5,1,1,1
113030,1,0.0,0.5,0.5,0.4,0.449999988079071,am,2,1,0,0
113037,0,0.0,0.4895833432674408,0.4895833432674408,0.2,0.4406250119209289,am,5,0,1,0
113045,0,0.0212766061059917,0.5,0.4791666567325592,0.4,0.4479166865348816,am,4,0,1,0
113064,1,0.0,0.4791666567325592,0.4791666567325592,0.5,0.441666692495346,am,5,1,0,0
113089,0,0.0,0.4895833432674408,0.4895833432674408,0.3,0.4406250119209289,am,1,0,1,0
113116,1,0.0105263056451158,0.5,0.4895833432674408,0.4,0.4647916853427887,am,4,1,0,0
113143,1,0.0,0.4791666567325592,0.4791666567325592,0.4,0.441666692495346,am,3,1,0,0
113160,1,0.0,0.4791666567325592,0.4791666567325592,0.5,0.441666692495346,am,4,1,0,0
113189,1,-0.0454545351098879,0.4375,0.4791666567325592,0.8,0.4749999940395355,am,1,1,1,1
113238,1,0.0,0.0,0.0,0.8,0.0,am,3,1,1,1
113282,0,0.0,0.0,0.0,0.5,0.0,am,5,0,0,1
113288,1,0.0,0.5,0.5,0.3,0.449999988079071,am,2,1,0,0
113293,1,0.0,0.4791666567325592,0.4791666567325592,0.8,0.4312500059604645,am,5,1,1,1
113373,1,0.0,0.5,0.5,0.3,0.449999988079071,am,5,1,0,0
113381,1,0.0,0.4791666567325592,0.4791666567325592,0.5,0.4416666626930237,am,3,1,0,0
113435,0,-0.0454545351098879,0.4375,0.4791666567325592,0.8,0.4354166984558105,am,2,0,0,1
113475,0,0.0,0.0,0.0,0.2,0.0,am,3,0,1,0
113479,0,0.0212766061059917,0.5,0.4791666567325592,0.5,0.4979166388511657,am,5,0,0,1
113488,0,0.0,0.5,0.5,0.5,0.449999988079071,am,1,0,0,1
113586,1,0.0,0.4791666567325592,0.4791666567325592,0.4,0.4416666626930237,am,4,1,0,0
113612,0,0.0,0.4791666567325592,0.4791666567325592,0.6,0.4895833134651184,am,5,0,0,1
113613,0,0.0454545351098879,0.4791666567325592,0.4375,0.4,0.4312500059604645,am,3,0,1,0
113623,1,0.0,0.4895833432674408,0.4895833432674408,0.7,0.4427083134651184,am,4,1,0,0
113693,0,0.0454545351098879,0.4791666567325592,0.4375,0.2,0.4312500059604645,am,3,0,1,0
113702,0,0.0,0.0,0.0,0.7,0.0,am,4,0,0,1
113727,0,0.0,0.4895833432674408,0.4895833432674408,0.4,0.4937500059604645,am,2,0,1,0
113732,1,0.0,0.4895833432674408,0.4895833432674408,0.7,0.4895833432674408,am,2,1,1,1
113735,1,0.0,0.3333333432674408,0.3333333432674408,0.7,0.2999999821186065,am,2,1,1,1
113881,1,0.0,0.375,0.375,0.7,0.3708333373069763,am,1,1,0,0
113975,1,0.0,0.0,0.0,0.5,0.0,am,3,1,0,0
114,1,0.0,0.4791666567325592,0.4791666567325592,0.9,0.4312500059604645,am,5,1,1,1
114001,0,0.0,0.4791666567325592,0.4791666567325592,0.5,0.4416666626930237,am,2,0,0,1
114027,0,0.0,1.0,1.0,0.5,0.8999999761581421,am,2,0,0,1
114111,1,0.0,0.5,0.5,0.6,0.4937500059604645,am,5,1,0,0
114116,0,0.0476190584316361,0.550000011920929,0.5,0.1,0.4918749928474426,am,2,0,0,1
114128,1,-0.0454545351098879,0.4375,0.4791666567325592,0.8,0.4312500059604645,am,5,1,1,1
114139,0,0.0,0.4895833432674408,0.4895833432674408,0.4,0.4937500059604645,am,1,0,0,1
114161,1,0.0,0.0,0.0,0.5,0.0,am,2,1,0,0
114197,1,-0.0454545351098879,0.4375,0.4791666567325592,0.8,0.4312500059604645,am,2,1,1,1
114264,1,0.0,0.3333333432674408,0.3333333432674408,0.2,0.324999988079071,am,3,1,0,0
114364,0,0.0,0.0,0.0,0.2,0.0,am,3,0,1,0
114396,1,0.0,0.0,0.0,0.5,0.0,am,4,1,0,0
114447,0,0.0,0.0,0.0,0.5,0.0,am,4,0,0,1
114453,1,0.0,0.4791666567325592,0.4791666567325592,0.3,0.4895833134651184,am,4,1,0,0
114460,1,0.0,0.3125,0.3125,0.6,0.3125,am,2,1,1,1
114474,0,0.0,0.4895833432674408,0.4895833432674408,0.5,0.5047916173934937,am,1,0,1,0
114532,1,0.0,0.375,0.375,0.3,0.3375000059604645,am,5,1,0,0
114553,1,0.0,0.375,0.375,0.5,0.3375000059604645,am,3,1,1,1
114572,1,0.0,0.3333333432674408,0.3333333432674408,0.8,0.2999999821186065,am,1,1,1,1
114583,1,-0.0454545351098879,0.4375,0.4791666567325592,0.8,0.4312500059604645,am,4,1,1,1
114628,0,0.0454545351098879,0.4791666567325592,0.4375,0.2,0.4312500059604645,am,2,0,1,0
11471,1,0.0,0.4791666567325592,0.4791666567325592,0.9,0.4312500059604645,am,1,1,1,1
114718,1,0.0,0.4895833432674408,0.4895833432674408,0.7,0.4406250119209289,am,1,1,1,1
114743,1,0.0,0.4895833432674408,0.4895833432674408,0.7,0.4406250119209289,am,2,1,1,1
114761,1,0.0,0.4791666567325592,0.4791666567325592,0.9,0.4312500059604645,am,1,1,1,1
114825,0,0.0588235145620817,0.375,0.3333333432674408,0.4,0.3708333373069763,am,2,0,1,0
114863,0,-0.999999999996,0.0,0.25,0.6,0.2374999970197677,am,5,0,0,1
114876,1,0.0,0.0,0.0,0.5,0.0,am,1,1,1,1
114890,1,0.0,0.0,0.0,0.8,0.0,am,4,1,1,1
114903,0,0.0,0.0,0.0,0.8,0.0,am,3,0,0,1
1150,0,0.0454545351098879,0.4791666567325592,0.4375,0.2,0.4749999940395355,am,5,0,1,0
11513,1,0.0,0.4791666567325592,0.4791666567325592,0.9,0.4312500059604645,am,1,1,1,1
115248,1,0.0,0.0,0.0,0.6,0.0,am,3,1,1,1
115255,0,0.0,0.0,0.0,0.8,0.0,am,5,0,0,1
1153,0,0.0,0.0,0.0,0.7,0.1500000059604644,am,4,0,0,1
115309,1,0.0,0.5,0.5,0.3,0.449999988079071,am,2,1,0,0
11545,0,0.0454545351098879,0.4791666567325592,0.4375,0.2,0.4312500059604645,am,5,0,1,0
1158,1,0.0,0.3125,0.3125,0.6,0.28125,am,2,1,1,1
115823,1,-0.0149893097601224,0.4791666567325592,0.4937500059604645,0.6,0.4454166293144226,am,2,1,1,1
116010,1,0.0,0.4791666567325592,0.4791666567325592,0.5,0.441666692495346,am,2,1,0,0
116084,0,0.0,0.0,0.0,0.8,0.0,am,5,0,0,1
11621,0,0.0,0.0,0.0,0.8,0.0,am,2,0,0,1
11622,1,-0.0454545351098879,0.4375,0.4791666567325592,0.8,0.4312500059604645,am,3,1,1,1
116250,1,0.0,0.5,0.5,0.4,0.449999988079071,am,2,1,0,0
116435,0,0.0,0.5,0.5,0.6,0.449999988079071,am,3,0,0,1
117587,1,0.0062893021404196,0.5,0.4937500059604645,0.6,0.4906249940395355,am,4,1,0,0
117628,0,0.0107527086811569,0.4895833432674408,0.4791666567325592,0.7,0.4395833611488342,am,3,0,0,1
117747,0,0.0454545351098879,0.4791666567325592,0.4375,0.2,0.4312500059604645,am,5,0,1,0
117867,0,-0.0212766061059917,0.4791666567325592,0.5,0.8,0.449999988079071,am,2,0,0,1
117906,1,0.0,0.4895833432674408,0.4895833432674408,0.7,0.4406250119209289,am,2,1,1,1
117907,1,0.0,0.4791666567325592,0.4791666567325592,0.4,0.4895833134651184,am,5,1,0,0
117908,1,-0.0107527086811569,0.4791666567325592,0.4895833432674408,0.3,0.4395833611488342,am,3,1,0,0
117909,1,-0.0454545351098879,0.4375,0.4791666567325592,0.8,0.4312500059604645,am,5,1,1,1
117910,0,0.0454545351098879,0.4791666567325592,0.4375,0.2,0.4312500059604645,am,1,0,1,0
117911,0,0.0454545351098879,0.4791666567325592,0.4375,0.2,0.4312500059604645,am,1,0,1,0
118,1,-0.0454545351098879,0.4375,0.4791666567325592,0.8,0.4312500059604645,am,5,1,1,1
118044,1,-0.0454545351098879,0.4375,0.4791666567325592,0.6,0.4270833432674408,am,3,1,1,1
118054,0,0.0,0.4791666567325592,0.4791666567325592,0.5,0.4895833134651184,am,5,0,0,1
118092,0,0.0,0.0,0.0,0.8,0.0,am,1,0,0,1
118120,0,0.0,0.375,0.375,0.1,0.3375000059604645,am,2,0,1,0
118137,0,0.0454545351098879,0.4791666567325592,0.4375,0.2,0.4312500059604645,am,5,0,1,0
118150,1,0.0,0.4895833432674408,0.4895833432674408,0.7,0.4916666448116302,am,5,1,0,0
118155,0,-0.0454545351098879,0.4375,0.4791666567325592,0.6,0.4416666626930237,am,2,0,0,1
1182,1,0.0,0.4791666567325592,0.4791666567325592,1.0,0.4312500059604645,am,2,1,1,1
11825,1,0.0,0.4791666567325592,0.4791666567325592,0.5,0.4416666626930237,am,3,1,0,0
118321,1,0.0,0.4791666567325592,0.4791666567325592,0.9,0.4312500059604645,am,5,1,1,1
118351,1,0.0,0.375,0.375,0.5,0.375,am,1,1,1,1
118352,1,0.0,1.0,1.0,0.5,1.0,am,2,1,0,0
118399,1,0.0,0.25,0.25,0.6,0.2249999940395355,am,3,1,1,1
118402,0,0.0,0.4895833432674408,0.4895833432674408,0.3,0.4406250119209289,am,5,0,1,0
118466,1,-0.0454545351098879,0.4375,0.4791666567325592,0.8,0.4749999940395355,am,1,1,1,1
118568,1,0.0,0.375,0.375,0.9,0.3375000059604645,am,4,1,1,1
118654,1,0.0,0.3333333432674408,0.3333333432674408,0.6,0.2999999821186065,am,2,1,1,1
118701,0,0.0,0.0,0.0,0.5,0.0,am,1,0,1,0
118726,1,0.0,0.0,0.0,0.2,0.0,am,3,1,0,0
118730,1,0.0,0.3333333432674408,0.3333333432674408,0.6,0.2999999821186065,am,5,1,1,1
118768,0,0.0,0.4895833432674408,0.4895833432674408,0.3,0.4406250119209289,am,5,0,1,0
118818,1,-0.0454545351098879,0.4375,0.4791666567325592,0.8,0.4312500059604645,am,4,1,1,1
118891,1,0.0,0.4791666567325592,0.4791666567325592,0.5,0.4416666626930237,am,5,1,0,0
1190,1,0.0,0.25,0.25,0.6,0.2249999940395355,am,5,1,0,0
119034,0,0.0,0.5,0.5,0.7,0.449999988079071,am,3,0,1,0
119046,1,0.0,0.4895833432674408,0.4895833432674408,0.7,0.4406250119209289,am,4,1,1,1
119051,1,0.0,0.5,0.5,0.3,0.5,am,4,1,0,0
119135,1,0.0,0.0,0.0,0.8,0.0,am,2,1,1,1
119216,0,0.0107527086811569,0.4895833432674408,0.4791666567325592,0.6,0.4395833015441894,am,3,0,0,1
119220,0,0.0107527086811569,0.4895833432674408,0.4791666567325592,0.8,0.4885416626930237,am,3,0,0,1
119338,0,0.0,0.4791666567325592,0.4791666567325592,0.6,0.441666692495346,am,2,0,0,1
119378,1,-0.0454545351098879,0.4375,0.4791666567325592,0.8,0.4312500059604645,am,5,1,1,1
119511,1,0.0,0.4895833432674408,0.4895833432674408,0.7,0.4406250119209289,am,5,1,1,1
119644,0,0.0,0.0,0.0,0.5,0.0,am,2,0,0,1
1197,1,0.0,0.4791666567325592,0.4791666567325592,0.5,0.4416666626930237,am,2,1,0,0
119878,0,-0.0454545351098879,0.4375,0.4791666567325592,0.6,0.4270833432674408,am,3,0,0,1
119917,1,-0.0454545351098879,0.4375,0.4791666567325592,0.8,0.4312500059604645,am,3,1,1,1
11994,0,0.0,0.25,0.25,0.4,0.2249999940395355,am,3,0,1,0
119945,1,0.0,0.5,0.5,0.4,0.449999988079071,am,2,1,0,0
119951,0,0.0,0.3333333432674408,0.3333333432674408,0.3,0.2999999821186065,am,1,0,1,0
120004,0,0.0,0.4895833432674408,0.4895833432674408,0.3,0.4406250119209289,am,5,0,1,0
120055,0,-0.0588235145620817,0.3333333432674408,0.375,0.6,0.3291666805744171,am,2,0,0,1
120069,1,0.0,0.0,0.0,0.2,0.0,am,3,1,0,0
120127,1,0.0,0.3125,0.3125,0.7,0.28125,am,3,1,1,1
12016,1,0.0,0.4895833432674408,0.4895833432674408,0.7,0.4406250119209289,am,1,1,1,1
120275,0,0.0,0.4895833432674408,0.4895833432674408,0.3,0.4427083134651184,am,1,0,0,1
1203,0,0.0454545351098879,0.4791666567325592,0.4375,0.2,0.4312500059604645,am,1,0,1,0
120312,0,0.0,0.0,0.0,0.8,0.0,am,4,0,0,1
120327,1,0.0,0.4791666567325592,0.4791666567325592,0.4,0.4416666626930237,am,3,1,0,0
120487,0,0.0,0.4895833432674408,0.4895833432674408,0.3,0.4406250119209289,am,4,0,1,0
120505,1,0.0,0.5,0.5,0.3,0.449999988079071,am,2,1,0,0
120560,0,0.0,0.5,0.5,0.7,0.449999988079071,am,2,0,0,1
120733,1,0.0,0.4791666567325592,0.4791666567325592,0.9,0.4312500059604645,am,3,1,1,1
120784,1,0.0,0.0,0.0,0.5,0.0,am,5,1,0,0
120852,0,0.0,0.4895833432674408,0.4895833432674408,0.3,0.4406250119209289,am,5,0,1,0
120910,1,0.0,0.4791666567325592,0.4791666567325592,0.9,0.4312500059604645,am,4,1,1,1
120938,0,0.0107527086811569,0.4895833432674408,0.4791666567325592,0.6,0.4395833015441894,am,2,0,0,1
121010,1,0.0,0.3333333432674408,0.3333333432674408,0.6,0.2999999821186065,am,3,1,1,1
1211,1,0.0,0.3333333432674408,0.3333333432674408,0.6,0.2999999821186065,am,2,1,1,1
121215,1,0.0,0.375,0.375,0.5,0.3375000059604645,am,2,1,1,1
121377,1,-0.0454545351098879,0.4375,0.4791666567325592,0.8,0.4312500059604645,am,2,1,1,1
12139,0,0.0,1.0,1.0,0.4,0.8999999761581421,am,1,0,0,1
121423,0,0.0,0.5,0.5,0.5,0.5,am,2,0,0,1
12144,1,-0.0454545351098879,0.4375,0.4791666567325592,0.8,0.4312500059604645,am,3,1,1,1
121507,1,-0.0454545351098879,0.4375,0.4791666567325592,0.8,0.4312500059604645,am,5,1,1,1
121556,1,0.0,0.5,0.5,0.3,0.449999988079071,am,3,1,1,1
121588,0,0.0,0.5,0.5,0.5,0.4681250154972076,am,5,0,1,0
121734,0,0.0454545351098879,0.4791666567325592,0.4375,0.2,0.4312500059604645,am,2,0,1,0
121867,1,0.0,0.0,0.0,0.8,0.0,am,4,1,1,1
121877,1,0.0,0.4895833432674408,0.4895833432674408,0.7,0.4406250119209289,am,3,1,1,1
121954,1,0.0,0.375,0.375,0.6,0.3666666746139526,am,2,1,1,1
121979,1,0.0,0.0,0.0,0.5,0.0,am,5,1,0,0
122233,1,0.0,0.0,0.0,0.2,0.0,am,1,1,0,0
122287,1,0.0,0.0,0.0,0.8,0.0,am,2,1,1,1
1224,0,0.0454545351098879,0.4791666567325592,0.4375,0.2,0.4312500059604645,am,2,0,1,0
122439,0,0.0,0.3333333432674408,0.3333333432674408,0.7,0.324999988079071,am,3,0,0,1
1225,0,0.0,0.5,0.5,0.7,0.449999988079071,am,4,0,0,1
122532,0,-0.999999999996,0.0,0.25,0.6,0.2374999970197677,am,2,0,0,1
122542,0,0.0,0.4895833432674408,0.4895833432674408,0.4,0.4937500059604645,am,5,0,1,0
122579,0,0.0,0.375,0.375,0.4,0.3375000059604645,am,1,0,1,0
122612,1,0.0,0.0,0.0,0.3,0.0,am,5,1,0,0
122646,1,0.0,0.25,0.25,0.5,0.2249999940395355,am,2,1,1,1
122678,1,0.0,0.4895833432674408,0.4895833432674408,0.7,0.4895833432674408,am,4,1,1,1
122685,1,-0.0454545351098879,0.4375,0.4791666567325592,0.8,0.4312500059604645,am,4,1,1,1
1227,1,0.0,0.4895833432674408,0.4895833432674408,0.8,0.4895833432674408,am,3,1,1,1
12272,0,0.0,0.4895833432674408,0.4895833432674408,0.2,0.4895833432674408,am,5,0,1,0
122746,1,-0.0434782608695047,0.34375,0.375,0.7,0.3343749940395355,am,5,1,0,0
122881,1,-0.0454545351098879,0.4375,0.4791666567325592,0.8,0.4312500059604645,am,2,1,1,1
1229,0,0.0,0.4791666567325592,0.4791666567325592,0.1,0.4312500059604645,am,4,0,1,0
122915,1,-0.0107527086811569,0.4791666567325592,0.4895833432674408,0.5,0.4395833611488342,am,2,1,0,0
122929,0,0.0,0.4895833432674408,0.4895833432674408,0.3,0.4895833432674408,am,4,0,1,0
122941,0,0.0,0.25,0.25,0.5,0.2249999940395355,am,2,0,1,0
122962,0,0.0,1.0,1.0,0.4,0.8999999761581421,am,2,0,0,1
123054,1,-0.0107527086811569,0.4791666567325592,0.4895833432674408,0.2,0.4406250119209289,am,4,1,0,0
123060,0,0.0,0.375,0.375,0.5,0.3375000059604645,am,4,0,1,0
123065,0,0.0,0.375,0.375,0.5,0.3375000059604645,am,2,0,1,0
123077,1,0.0,0.4791666567325592,0.4791666567325592,0.9,0.4312500059604645,am,1,1,1,1
1232,1,0.0,0.5,0.5,0.4,0.449999988079071,am,4,1,0,0
123230,1,0.0,0.3333333432674408,0.3333333432674408,0.7,0.3125,am,4,1,1,1
123248,0,-0.0454545351098879,0.4375,0.4791666567325592,0.6,0.4270833432674408,am,1,0,0,1
123420,0,0.0,0.375,0.375,0.5,0.3375000059604645,am,1,0,1,0
1239,1,0.0,0.25,0.25,0.4,0.25,am,2,1,1,1
124024,0,0.0,0.4895833432674408,0.4895833432674408,0.3,0.4406250119209289,am,3,0,1,0
124373,1,-0.0454545351098879,0.4375,0.4791666567325592,0.7,0.4312500059604645,am,1,1,1,1
1244,1,0.0,0.4895833432674408,0.4895833432674408,0.7,0.4406250119209289,am,3,1,1,1
12451,0,0.0,0.375,0.375,0.0,0.3375000059604645,am,4,0,1,0
124532,1,0.0,0.375,0.375,0.5,0.3375000059604645,am,1,1,1,1
124554,1,0.0,0.4895833432674408,0.4895833432674408,0.7,0.4406250119209289,am,1,1,1,1
124612,0,0.0,0.4791666567325592,0.4791666567325592,0.5,0.4416666626930237,am,4,0,0,1
124642,0,0.0,0.0,0.0,0.8,0.0,am,5,0,0,1
1247,1,-0.0107527086811569,0.4791666567325592,0.4895833432674408,0.5,0.4395833611488342,am,5,1,0,0
124729,1,0.0,0.375,0.375,0.5,0.3375000059604645,am,5,1,1,1
124758,1,0.0,0.3333333432674408,0.3333333432674408,0.6,0.2999999821186065,am,1,1,1,1
124867,0,0.0,0.3333333432674408,0.3333333432674408,0.4,0.2999999821186065,am,2,0,1,0
124973,1,0.0,0.4895833432674408,0.4895833432674408,0.7,0.4406250119209289,am,5,1,1,1
124978,0,-0.0149253591128086,0.34375,0.3541666567325592,0.8,0.3218750059604645,am,4,0,0,1
125013,1,0.0,0.4895833432674408,0.4895833432674408,0.7,0.4406250119209289,am,5,1,1,1
125032,0,0.0,0.25,0.25,0.5,0.2249999940395355,am,3,0,1,0
125156,0,0.0,0.0,0.0,0.8,0.0,am,3,0,0,1
1252,1,0.0,0.0,0.0,0.2,0.0,am,2,1,0,0
125274,1,0.0,0.4791666567325592,0.4791666567325592,0.8,0.4312500059604645,am,2,1,1,1
125290,1,0.0,0.0,0.0,0.6,0.0,am,3,1,1,1
125400,1,-0.0454545351098879,0.4375,0.4791666567325592,0.8,0.4312500059604645,am,3,1,1,1
12578,1,0.0,0.3333333432674408,0.3333333432674408,0.7,0.2999999821186065,am,1,1,1,1
126416,1,0.0,0.4791666567325592,0.4791666567325592,0.8,0.4312500059604645,am,2,1,1,1
126418,1,-0.0107527086811569,0.4791666567325592,0.4895833432674408,0.2,0.4406250119209289,am,5,1,0,0
126485,1,0.0,0.0,0.0,0.5,0.0,am,2,1,0,0
126572,1,-0.0454545351098879,0.4375,0.4791666567325592,0.8,0.4312500059604645,am,4,1,1,1
126671,1,-0.0454545351098879,0.4375,0.4791666567325592,0.8,0.4312500059604645,am,2,1,1,1
126866,0,0.0447761119672887,0.4375,0.4000000059604645,0.2,0.3866666853427887,am,1,0,1,0
126971,0,0.0,0.375,0.375,0.4,0.3375000059604645,am,3,0,1,0
127324,1,0.0,0.3333333432674408,0.3333333432674408,0.4,0.3062500357627868,am,2,1,1,1
127353,0,0.0,0.25,0.25,0.5,0.2249999940395355,am,5,0,0,1
12738,0,0.0,0.0,0.0,0.5,0.0,am,2,0,0,1
127507,0,0.0,0.4895833432674408,0.4895833432674408,0.4,0.4406250119209289,am,4,0,1,0
127574,1,0.0,0.25,0.25,0.4,0.2249999940395355,am,2,1,1,1
12768,0,0.0,0.4895833432674408,0.4895833432674408,0.2,0.4406250119209289,am,1,0,1,0
127680,0,0.0,0.375,0.375,0.4,0.3375000059604645,am,2,0,1,0
127731,0,0.0454545351098879,0.4791666567325592,0.4375,0.2,0.4312500059604645,am,3,0,1,0
127803,1,-0.0454545351098879,0.4375,0.4791666567325592,0.8,0.4312500059604645,am,3,1,1,1
127815,1,0.0,0.0,0.0,0.2,0.0,am,3,1,0,0
127884,0,0.0,0.4895833432674408,0.4895833432674408,0.2,0.4406250119209289,am,4,0,1,0
127955,0,0.0,0.4791666567325592,0.4791666567325592,0.5,0.4416666626930237,am,3,0,0,1
127969,1,0.0,0.3333333432674408,0.3333333432674408,0.6,0.2999999821186065,am,4,1,1,1
127976,0,0.0,0.4895833432674408,0.4895833432674408,0.4,0.4427083134651184,am,3,0,1,0
128204,1,0.0243902558162479,0.4375,0.4166666567325592,0.4,0.3895833194255829,am,3,1,1,1
128219,1,0.0,0.4791666567325592,0.4791666567325592,0.5,0.4895833134651184,am,5,1,0,0
128227,0,0.0454545351098879,0.4791666567325592,0.4375,0.2,0.4312500059604645,am,4,0,1,0
1283,1,0.0,0.4791666567325592,0.4791666567325592,0.8,0.4312500059604645,am,2,1,1,1
128321,0,0.0,0.3333333432674408,0.3333333432674408,0.4,0.3333333134651184,am,3,0,1,0
128451,0,0.0454545351098879,0.4791666567325592,0.4375,0.2,0.4312500059604645,am,4,0,1,0
128636,1,0.0,0.4791666567325592,0.4791666567325592,0.4,0.441666692495346,am,3,1,0,0
128646,0,0.0107527086811569,0.4895833432674408,0.4791666567325592,0.6,0.4885416626930237,am,5,0,0,1
128647,0,0.0,0.4895833432674408,0.4895833432674408,0.2,0.4406250119209289,am,1,0,1,0
12868,0,0.0,0.3333333432674408,0.3333333432674408,0.4,0.2999999821186065,am,2,0,1,0
128912,1,0.0,0.4895833432674408,0.4895833432674408,0.8,0.4406250119209289,am,3,1,1,1
129,1,-0.0212766061059917,0.4791666567325592,0.5,0.6,0.449999988079071,am,1,1,0,0
1290,1,0.0105263056451158,0.5,0.4895833432674408,0.5,0.4489583373069763,am,1,1,0,0
129001,0,0.0,0.4791666567325592,0.4791666567325592,0.8,0.441666692495346,am,1,0,0,1
12918,0,0.0,0.0,0.0,0.2,0.0,am,3,0,1,0
12930,1,0.0,0.0,0.0,0.8,0.0,am,1,1,0,0
129383,1,0.0,0.0,0.0,0.2,0.0,am,2,1,0,0
129409,1,-0.0107527086811569,0.4791666567325592,0.4895833432674408,0.5,0.4395833015441894,am,1,1,0,0
129433,1,0.0105263056451158,0.5,0.4895833432674408,0.5,0.4489583373069763,am,4,1,0,0
129458,0,0.0,0.0,0.0,0.8,0.0,am,5,0,0,1
129484,1,0.0,0.4895833432674408,0.4895833432674408,0.7,0.4916666448116302,am,4,1,0,0
129485,1,0.0,0.4791666567325592,0.4791666567325592,0.8,0.4312500059604645,am,2,1,1,1
129488,0,0.0,0.0,0.0,0.8,0.0,am,5,0,0,1
1295,0,0.0454545351098879,0.4791666567325592,0.4375,0.2,0.4312500059604645,am,2,0,1,0
129572,0,0.0,0.3333333432674408,0.3333333432674408,0.4,0.2999999821186065,am,5,0,1,0
12962,0,0.0107527086811569,0.4895833432674408,0.4791666567325592,0.8,0.4406250119209289,am,4,0,0,1
129647,0,0.0,0.3333333432674408,0.3333333432674408,0.5,0.3062500357627868,am,1,0,0,1
129817,1,0.0,0.0,0.0,0.2,0.0,am,1,1,0,0
129888,0,0.0,0.3333333432674408,0.3333333432674408,0.4,0.3333333134651184,am,1,0,1,0
12994,1,0.0,0.0,0.0,0.8,0.0,am,1,1,0,0
13007,0,0.0,0.4895833432674408,0.4895833432674408,0.4,0.4406250119209289,am,3,0,1,0
130215,0,0.0454545351098879,0.4791666567325592,0.4375,0.2,0.4270833432674408,am,2,0,1,0
130329,1,0.0303030303030009,0.53125,0.5,0.4,0.4681250154972076,am,2,1,1,1
130386,0,0.0454545351098879,0.4791666567325592,0.4375,0.3,0.4270833432674408,am,4,0,1,0
130411,0,0.0,0.4791666567325592,0.4791666567325592,0.5,0.441666692495346,am,1,0,0,1
130543,0,0.0062893021404196,0.5,0.4937500059604645,0.6,0.4675000309944153,am,5,0,1,0
130577,1,-0.0454545351098879,0.4375,0.4791666567325592,0.8,0.4270833432674408,am,1,1,1,1
131,1,-0.0454545351098879,0.4375,0.4791666567325592,0.8,0.4270833432674408,am,3,1,1,1
131165,1,0.0,0.4791666567325592,0.4791666567325592,0.5,0.441666692495346,am,4,1,0,0
131291,0,0.0,1.0,1.0,0.5,0.8999999761581421,am,2,0,0,1
13134,1,0.0,0.4895833432674408,0.4895833432674408,0.8,0.4406250119209289,am,5,1,1,1
13138,1,0.0,0.3333333432674408,0.3333333432674408,0.6,0.2999999821186065,am,3,1,1,1
131429,0,0.0526315670593948,0.4166666567325592,0.375,0.3,0.3666666746139526,am,3,0,1,0
13150,0,0.0,0.4895833432674408,0.4895833432674408,0.4,0.4406250119209289,am,2,0,1,0
131583,0,0.0454545351098879,0.4791666567325592,0.4375,0.2,0.4312500059604645,am,2,0,1,0
131702,0,0.0,0.4895833432674408,0.4895833432674408,0.2,0.4406250119209289,am,3,0,1,0
131747,1,0.0,0.4895833432674408,0.4895833432674408,0.8,0.4406250119209289,am,4,1,1,1
131882,1,-0.0149893097601224,0.4791666567325592,0.4937500059604645,0.6,0.4454166293144226,am,3,1,0,0
131954,0,0.0,0.4895833432674408,0.4895833432674408,0.2,0.4406250119209289,am,2,0,1,0
132028,0,0.0,0.0,0.0,0.8,0.0,am,5,0,0,1
132050,1,0.0,0.375,0.375,0.3,0.4000000059604645,am,2,1,1,1
132091,1,0.0,0.4895833432674408,0.4895833432674408,0.8,0.4406250119209289,am,1,1,1,1
132157,0,0.0,0.0,0.0,0.2,0.0,am,5,0,0,1
132221,1,-0.0454545351098879,0.4375,0.4791666567325592,0.8,0.4312500059604645,am,3,1,1,1
132233,1,0.0,0.375,0.375,0.6,0.375,am,1,1,1,1
132258,1,0.0,0.3333333432674408,0.3333333432674408,0.6,0.2999999821186065,am,1,1,1,1
132301,1,0.0,0.5,0.5,0.3,0.449999988079071,am,3,1,1,1
132303,1,0.0,0.4791666567325592,0.4791666567325592,0.9,0.4312500059604645,am,3,1,1,1
132304,1,0.0,0.3333333432674408,0.3333333432674408,0.6,0.2999999821186065,am,5,1,1,1
132305,1,0.0,0.25,0.25,0.4,0.2249999940395355,am,5,1,0,0
132316,1,0.0,0.3499999940395355,0.3499999940395355,0.7,0.3345833122730255,am,2,1,1,1
132352,0,0.0,1.0,1.0,0.5,0.8999999761581421,am,5,0,0,1
132360,0,0.0,0.4791666567325592,0.4791666567325592,0.1,0.4312500059604645,am,2,0,1,0
132363,0,0.0,0.4791666567325592,0.4791666567325592,0.1,0.4312500059604645,am,3,0,1,0
132371,1,-0.0454545351098879,0.4375,0.4791666567325592,0.8,0.4312500059604645,am,2,1,1,1
132408,1,-0.0454545351098879,0.4375,0.4791666567325592,0.8,0.4312500059604645,am,4,1,1,1
132436,0,0.0,0.0,0.0,0.2,0.0,am,3,0,1,0
132440,0,0.0,0.4895833432674408,0.4895833432674408,0.2,0.4406250119209289,am,4,0,1,0
132441,1,0.0,0.4895833432674408,0.4895833432674408,0.8,0.4406250119209289,am,3,1,1,1
132446,1,0.0,0.3333333432674408,0.3333333432674408,0.8,0.2999999821186065,am,2,1,1,1
132464,1,-0.0107527086811569,0.4791666567325592,0.4895833432674408,0.4,0.4395833015441894,am,3,1,0,0
132477,0,0.0,0.0,0.0,0.5,0.0,am,1,0,1,0
132479,1,0.0,0.4895833432674408,0.4895833432674408,0.8,0.4406250119209289,am,5,1,1,1
132586,0,0.0,0.3333333432674408,0.3333333432674408,0.4,0.2999999821186065,am,5,0,1,0
132703,1,0.0,0.25,0.25,0.5,0.2249999940395355,am,3,1,1,1
132708,1,-0.0454545351098879,0.4375,0.4791666567325592,0.8,0.4312500059604645,am,1,1,1,1
132867,1,0.0,0.0,0.0,0.8,0.0,am,3,1,1,1
132884,1,0.0,0.4895833432674408,0.4895833432674408,0.8,0.4406250119209289,am,2,1,1,1
13316,1,-0.0454545351098879,0.4375,0.4791666567325592,0.8,0.4312500059604645,am,2,1,1,1
133318,1,0.0,0.3333333432674408,0.3333333432674408,0.6,0.2999999821186065,am,3,1,1,1
133405,0,0.0454545351098879,0.4791666567325592,0.4375,0.2,0.4312500059604645,am,2,0,1,0
133712,0,0.0,0.0,0.0,0.4,0.0,am,3,0,1,0
133741,0,0.0454545351098879,0.4791666567325592,0.4375,0.2,0.4312500059604645,am,4,0,1,0
133795,1,0.0,0.0,0.0,0.8,0.0,am,3,1,1,1
13393,1,0.0,0.4791666567325592,0.4791666567325592,0.9,0.4312500059604645,am,1,1,1,1
133966,0,0.0,0.34375,0.34375,0.6,0.3531250059604645,am,3,0,0,1
133992,1,0.0,0.375,0.375,0.9,0.3375000059604645,am,5,1,1,1
134,1,-0.0454545351098879,0.4375,0.4791666567325592,0.8,0.4312500059604645,am,1,1,1,1
134161,0,0.0,1.0,1.0,0.4,1.0,am,5,0,0,1
1342,1,-0.0526315670593948,0.375,0.4166666567325592,0.6,0.4124999940395355,am,4,1,1,1
134202,1,0.0,0.25,0.25,0.5,0.2249999940395355,am,1,1,0,0
134458,0,0.0,0.3333333432674408,0.3333333432674408,0.4,0.2999999821186065,am,2,0,1,0
134550,1,0.0,0.4791666567325592,0.4791666567325592,0.9,0.4312500059604645,am,5,1,1,1
134575,0,0.0107527086811569,0.4895833432674408,0.4791666567325592,0.6,0.4395833611488342,am,4,0,0,1
134715,0,0.0,0.4791666567325592,0.4791666567325592,0.5,0.4416666626930237,am,4,0,0,1
1348,1,-0.0454545351098879,0.4375,0.4791666567325592,0.8,0.4312500059604645,am,3,1,1,1
134929,0,0.0454545351098879,0.4791666567325592,0.4375,0.2,0.4312500059604645,am,5,0,1,0
13504,0,0.0,0.3333333432674408,0.3333333432674408,0.6,0.3145833611488342,am,2,0,0,1
135136,0,0.0,0.0,0.0,0.8,0.0,am,2,0,0,1
135197,1,0.0,0.0,0.0,0.6,0.0,am,4,1,1,1
135557,0,0.0,0.0,0.0,0.2,0.0,am,3,0,1,0
135580,0,0.0,0.0,0.0,0.8,0.0,am,3,0,0,1
135600,0,0.0,0.0,0.0,0.8,0.0,am,4,0,0,1
135804,1,-0.0454545351098879,0.4375,0.4791666567325592,0.8,0.4312500059604645,am,2,1,1,1
135827,1,0.0,0.3333333432674408,0.3333333432674408,0.6,0.2999999821186065,am,2,1,1,1
135899,0,0.0,0.5,0.5,0.7,0.449999988079071,am,2,0,0,1
1359,1,0.0,0.375,0.375,0.9,0.3375000059604645,am,2,1,1,1
13590,1,0.0,0.3333333432674408,0.3333333432674408,0.6,0.2999999821186065,am,4,1,1,1
136080,1,0.0,0.4895833432674408,0.4895833432674408,0.8,0.4406250119209289,am,2,1,1,1
136171,1,0.0,0.25,0.25,0.5,0.2249999940395355,am,4,1,1,1
136241,1,0.0,0.0,0.0,0.2,0.0,am,2,1,0,0
136473,0,0.0454545351098879,0.4791666567325592,0.4375,0.3,0.4270833432674408,am,5,0,1,0
136499,1,0.0,0.5,0.5,0.6,0.543749988079071,am,5,1,0,0
136511,0,0.0,0.3333333432674408,0.3333333432674408,0.4,0.2999999821186065,am,1,0,1,0
136577,0,0.0107527086811569,0.4895833432674408,0.4791666567325592,0.7,0.4406250119209289,am,1,0,0,1
136650,0,0.0,0.4895833432674408,0.4895833432674408,0.2,0.4406250119209289,am,1,0,1,0
13669,1,0.0,0.0,0.0,0.8,0.0,am,5,1,0,0
1367,0,0.0,0.5,0.5,0.5,0.4681250154972076,am,5,0,1,0
136716,1,-0.0454545351098879,0.4375,0.4791666567325592,0.8,0.4312500059604645,am,5,1,1,1
136756,1,0.0,0.4895833432674408,0.4895833432674408,0.8,0.4406250119209289,am,1,1,1,1
136873,0,0.0666666666665955,0.5,0.4375,0.3,0.4395833015441894,am,1,0,0,1
1370,0,0.0454545351098879,0.4791666567325592,0.4375,0.2,0.4312500059604645,am,5,0,1,0
1371,1,0.0222222010294359,0.4791666567325592,0.4583333432674408,0.2,0.4312500059604645,am,5,1,0,0
137102,0,0.0,0.5,0.5,0.7,0.5,am,3,0,0,1
137299,1,0.0,0.3333333432674408,0.3333333432674408,0.8,0.2999999821186065,am,3,1,1,1
137327,1,0.0,0.4895833432674408,0.4895833432674408,0.8,0.4406250119209289,am,4,1,1,1
137361,0,0.0,0.4791666567325592,0.4791666567325592,0.5,0.4895833134651184,am,3,0,0,1
137364,0,0.0,0.4895833432674408,0.4895833432674408,0.2,0.4406250119209289,am,3,0,1,0
137403,0,0.0454545351098879,0.4791666567325592,0.4375,0.2,0.4312500059604645,am,1,0,1,0
137439,1,0.0,0.5,0.5,0.3,0.449999988079071,am,3,1,1,1
137600,0,0.0454545351098879,0.4791666567325592,0.4375,0.2,0.4312500059604645,am,2,0,1,0
137728,1,-0.0454545351098879,0.4375,0.4791666567325592,0.8,0.4312500059604645,am,2,1,1,1
13774,0,0.0454545351098879,0.4791666567325592,0.4375,0.2,0.4312500059604645,am,4,0,1,0
137962,1,-0.0454545351098879,0.4375,0.4791666567325592,0.8,0.4312500059604645,am,5,1,1,1
138035,1,0.0,0.4895833432674408,0.4895833432674408,0.5,0.4437499940395355,am,1,1,0,0
13805,0,0.0149893097601224,0.4937500059604645,0.4791666567325592,0.4,0.4954166412353515,am,4,0,1,0
138091,0,0.0454545351098879,0.4791666567325592,0.4375,0.2,0.4312500059604645,am,2,0,1,0
138092,0,0.0,0.375,0.375,0.5,0.3375000059604645,am,2,0,1,0
138132,1,0.0,0.5,0.5,0.3,0.5,am,1,1,1,1
138158,0,0.0,0.3333333432674408,0.3333333432674408,0.4,0.2999999821186065,am,2,0,1,0
1382,1,-0.0454545351098879,0.4375,0.4791666567325592,0.8,0.4312500059604645,am,4,1,1,1
13820,1,-0.0454545351098879,0.4375,0.4791666567325592,0.8,0.4312500059604645,am,3,1,1,1
138224,1,0.0,0.4791666567325592,0.4791666567325592,0.9,0.4312500059604645,am,2,1,1,1
138251,0,0.0,0.5,0.5,0.7,0.5,am,5,0,0,1
138255,0,0.0,0.4895833432674408,0.4895833432674408,0.2,0.4406250119209289,am,5,0,1,0
138339,0,0.0,0.5,0.5,0.5,0.4681250154972076,am,1,0,1,0
138377,1,0.0588235145620817,0.375,0.3333333432674408,0.5,0.3375000059604645,am,3,1,1,1
138388,0,0.0,0.0,0.0,0.8,0.0,am,3,0,0,1
138564,1,0.0,0.25,0.25,0.5,0.2249999940395355,am,3,1,1,1
138604,0,0.0454545351098879,0.4791666567325592,0.4375,0.2,0.4312500059604645,am,4,0,1,0
13866,1,0.0,0.0,0.0,0.8,0.0,am,4,1,1,1
138673,1,0.0,0.5,0.5,0.3,0.5,am,3,1,1,1
1387,1,0.0105263056451158,0.5,0.4895833432674408,0.4,0.4647916853427887,am,2,1,0,0
138715,0,0.0,0.0,0.0,0.8,0.0,am,2,0,0,1
138814,0,0.0,0.0,0.0,0.2,0.0,am,1,0,0,1
138897,0,0.0454545351098879,0.4791666567325592,0.4375,0.2,0.4312500059604645,am,2,0,1,0
139033,0,0.0,0.4895833432674408,0.4895833432674408,0.3,0.4427083134651184,am,2,0,0,1
13904,1,0.0,1.0,1.0,0.6,0.8999999761581421,am,3,1,0,0
139058,1,0.0,0.4895833432674408,0.4895833432674408,0.8,0.4406250119209289,am,5,1,1,1
139111,0,0.0,0.0,0.0,0.8,0.0,am,5,0,0,1
13923,1,-0.0107527086811569,0.4791666567325592,0.4895833432674408,0.2,0.4406250119209289,am,3,1,0,0
139374,0,0.0,0.4791666567325592,0.4791666567325592,0.6,0.441666692495346,am,4,0,0,1
139378,1,0.0,0.375,0.375,0.9,0.3375000059604645,am,4,1,1,1
13958,1,0.0,0.3333333432674408,0.3333333432674408,0.6,0.2999999821186065,am,4,1,1,1
139632,1,0.0,0.3333333432674408,0.3333333432674408,0.6,0.2999999821186065,am,3,1,1,1
1397,0,0.0,0.4791666567325592,0.4791666567325592,0.7,0.4416666626930237,am,3,0,0,1
139736,1,0.0,0.0,0.0,0.6,0.0,am,4,1,1,1
139738,0,0.0,0.0,0.0,0.2,0.0,am,4,0,1,0
139866,1,0.0,0.0,0.0,0.3,0.0,am,4,1,0,0
1399,0,0.0,0.0,0.0,0.2,0.0,am,1,0,0,1
139983,1,-0.0454545351098879,0.4375,0.4791666567325592,0.8,0.4312500059604645,am,1,1,1,1
139987,1,0.0,0.4791666567325592,0.4791666567325592,0.4,0.4416666626930237,am,2,1,0,0
139988,0,0.0,0.0,0.0,0.8,0.0,am,3,0,0,1
139989,1,0.0062893021404196,0.5,0.4937500059604645,0.6,0.5406249761581421,am,5,1,1,1
140034,0,0.0,0.3333333432674408,0.3333333432674408,0.2,0.2999999821186065,am,3,0,1,0
140044,0,-0.0303030014037645,0.3333333432674408,0.3541666567325592,0.4,0.3270833492279053,am,3,0,1,0
140048,1,0.0,0.4791666567325592,0.4791666567325592,0.8,0.4791666567325592,am,5,1,1,1
140079,0,0.0,0.4895833432674408,0.4895833432674408,0.2,0.4406250119209289,am,1,0,1,0
1402,1,-0.0454545351098879,0.4375,0.4791666567325592,0.8,0.4312500059604645,am,2,1,1,1
140209,0,0.0,0.0,0.0,0.8,0.0,am,2,0,0,1
140270,1,0.0,0.5,0.5,0.8,0.5418750047683716,am,1,1,0,0
140422,0,0.0,0.4791666567325592,0.4791666567325592,0.6,0.4416666626930237,am,1,0,0,1
140439,0,0.0107527086811569,0.4895833432674408,0.4791666567325592,0.5,0.4395833015441894,am,2,0,0,1
140472,1,0.0,0.3125,0.3125,0.6,0.28125,am,1,1,1,1
140582,0,0.0,0.0,0.0,0.8,0.0,am,3,0,0,1
140635,1,0.0,0.0,0.0,0.2,0.0,am,2,1,0,0
14065,0,0.0,0.0,0.0,0.2,0.0,am,4,0,1,0
1407,1,0.0,0.25,0.25,0.4,0.25,am,3,1,0,0
140709,0,0.0454545351098879,0.4791666567325592,0.4375,0.2,0.4312500059604645,am,2,0,1,0
140716,1,-0.0454545351098879,0.4375,0.4791666567325592,0.8,0.4312500059604645,am,2,1,1,1
140761,0,0.0149893097601224,0.4937500059604645,0.4791666567325592,0.2,0.4954166412353515,am,4,0,1,0
140795,1,-0.0454545351098879,0.4375,0.4791666567325592,0.8,0.4312500059604645,am,3,1,1,1
140814,0,0.0526315670593948,0.4166666567325592,0.375,0.2,0.3708333373069763,am,5,0,1,0
140818,0,0.0,0.3333333432674408,0.3333333432674408,0.4,0.3333333134651184,am,1,0,1,0
140823,0,0.0454545351098879,0.4791666567325592,0.4375,0.2,0.4312500059604645,am,1,0,1,0
140887,1,0.0,0.3583333194255829,0.3583333194255829,0.6,0.3322916626930237,am,2,1,1,1
140972,0,0.0,0.4791666567325592,0.4791666567325592,0.2,0.4791666567325592,am,4,0,1,0
141025,0,-0.0105263056451158,0.4895833432674408,0.5,0.4,0.4489583373069763,am,3,0,0,1
14105,1,0.0454545351098879,0.4791666567325592,0.4375,0.4,0.4749999940395355,am,1,1,0,0
141109,0,0.0,0.0,0.0,0.5,0.0,am,4,0,0,1
141112,0,0.0,1.0,1.0,0.4,0.8999999761581421,am,1,0,0,1
141113,1,-0.0149893097601224,0.4791666567325592,0.4937500059604645,0.6,0.4460416734218597,am,4,1,1,1
14115,0,0.0,0.0,0.0,0.2,0.0,am,2,0,1,0
14118,1,-0.0454545351098879,0.4375,0.4791666567325592,0.6,0.4270833432674408,am,1,1,1,1
1412,0,0.0,0.5,0.5,0.7,0.5,am,2,0,0,1
141459,0,0.0,0.4791666567325592,0.4791666567325592,0.2,0.4791666567325592,am,5,0,1,0
141472,1,0.0,0.0,0.0,0.8,0.0,am,3,1,1,1
141473,0,0.0,0.0,0.0,0.5,0.0,am,5,0,0,1
141518,1,0.0,0.4791666567325592,0.4791666567325592,0.8,0.4791666567325592,am,2,1,1,1
141577,1,0.0,1.0,1.0,0.6,0.8999999761581421,am,3,1,0,0
141638,1,0.0,0.4895833432674408,0.4895833432674408,0.8,0.4406250119209289,am,4,1,1,1
141745,0,0.0,0.4791666567325592,0.4791666567325592,0.6,0.4895833134651184,am,5,0,0,1
141771,0,0.0454545351098879,0.4791666567325592,0.4375,0.2,0.4312500059604645,am,3,0,1,0
141784,0,0.0,0.4895833432674408,0.4895833432674408,0.3,0.4427083134651184,am,5,0,0,1
1418,1,-0.0149893097601224,0.4791666567325592,0.4937500059604645,0.5,0.4460416734218597,am,3,1,0,0
141886,1,-0.0149893097601224,0.4791666567325592,0.4937500059604645,0.6,0.4954166412353515,am,5,1,0,0
141895,1,0.0,0.5,0.5,0.3,0.449999988079071,am,1,1,1,1
141968,1,0.0,1.0,1.0,0.5,0.8999999761581421,am,4,1,0,0
141996,1,0.0,0.0,0.0,0.8,0.0,am,2,1,1,1
142010,1,0.0212766061059917,0.5,0.4791666567325592,0.2,0.449999988079071,am,2,1,0,0
142052,0,0.0454545351098879,0.4791666567325592,0.4375,0.2,0.4312500059604645,am,1,0,1,0
142068,0,0.0107527086811569,0.4895833432674408,0.4791666567325592,0.8,0.4406250119209289,am,2,0,0,1
142085,1,0.0,0.0,0.0,0.8,0.0,am,5,1,0,0
142130,1,0.0,0.4791666567325592,0.4791666567325592,0.5,0.4416666626930237,am,3,1,0,0
142209,0,0.0454545351098879,0.4791666567325592,0.4375,0.2,0.4312500059604645,am,2,0,1,0
142228,0,0.0454545351098879,0.4791666567325592,0.4375,0.2,0.4312500059604645,am,4,0,1,0
142371,1,0.0,0.5,0.5,0.3,0.449999988079071,am,4,1,0,0
142485,1,0.0,0.0,0.0,0.5,0.0,am,5,1,0,0
142544,0,0.0,0.4895833432674408,0.4895833432674408,0.2,0.4895833432674408,am,4,0,1,0
142689,0,0.0,0.375,0.375,0.4,0.3375000059604645,am,5,0,1,0
1427,1,0.0,0.4895833432674408,0.4895833432674408,0.7,0.4427083134651184,am,5,1,0,0
142717,0,0.0,0.4895833432674408,0.4895833432674408,0.2,0.4895833432674408,am,4,0,1,0
142872,0,-0.0105263056451158,0.4895833432674408,0.5,0.4,0.4489583373069763,am,5,0,0,1
142905,1,0.0,0.4895833432674408,0.4895833432674408,0.8,0.4406250119209289,am,3,1,1,1
143242,0,0.0454545351098879,0.4791666567325592,0.4375,0.2,0.4312500059604645,am,1,0,1,0
143252,0,0.0,1.0,1.0,0.5,0.8999999761581421,am,1,0,0,1
143273,0,-0.0222222010294359,0.4583333432674408,0.4791666567325592,0.8,0.429166704416275,am,4,0,0,1
143333,0,0.0,0.4895833432674408,0.4895833432674408,0.4,0.444791704416275,am,3,0,1,0
14356,0,0.0,0.0,0.0,0.2,0.0,am,1,0,0,1
1438,0,0.0,0.0,0.0,0.2,0.0,am,2,0,1,0
143845,1,0.0,0.4791666567325592,0.4791666567325592,0.1,0.4416666626930237,am,1,1,0,0
144249,0,0.0,0.5,0.5,0.7,0.449999988079071,am,1,0,1,0
144341,0,-0.0303030014037645,0.3333333432674408,0.3541666567325592,0.4,0.3270833492279053,am,4,0,1,0
14441,0,0.0,0.0,0.0,0.2,0.0,am,3,0,1,0
144621,0,0.0107527086811569,0.4895833432674408,0.4791666567325592,0.6,0.4395833015441894,am,1,0,0,1
144764,1,0.0,0.4937500059604645,0.4937500059604645,0.6,0.5118750333786011,am,1,1,1,1
144799,1,0.0,0.5,0.5,0.3,0.449999988079071,am,3,1,1,1
1448,0,0.0,0.4937500059604645,0.4937500059604645,0.3,0.5118750333786011,am,2,0,1,0
144836,1,0.0,0.0,0.0,0.5,0.0,am,3,1,0,0
144961,0,0.0,0.0,0.0,0.8,0.0,am,4,0,0,1
145062,0,0.0,0.0,0.0,0.2,0.0,am,3,0,1,0
14513,1,-0.0454545351098879,0.4375,0.4791666567325592,0.8,0.4312500059604645,am,4,1,1,1
145153,1,0.0,0.4895833432674408,0.4895833432674408,0.8,0.4406250119209289,am,5,1,1,1
145172,1,0.0,0.3333333432674408,0.3333333432674408,0.6,0.2999999821186065,am,1,1,1,1
145332,1,0.0,0.4791666567325592,0.4791666567325592,0.8,0.4791666567325592,am,5,1,1,1
145499,1,0.0,0.375,0.375,0.9,0.3375000059604645,am,1,1,1,1
14561,0,0.0,0.4895833432674408,0.4895833432674408,0.2,0.4406250119209289,am,2,0,1,0
145639,0,0.0,0.0,0.0,0.5,0.0,am,1,0,1,0
146,1,0.0,0.375,0.375,0.9,0.3375000059604645,am,2,1,1,1
146142,1,0.0222222010294359,0.4791666567325592,0.4583333432674408,0.2,0.4312500059604645,am,2,1,0,0
146356,1,0.0,0.0,0.0,0.2,0.0,am,5,1,0,0
146393,0,0.0,0.5,0.5,0.6,0.449999988079071,am,4,0,0,1
146414,1,0.0,0.4895833432674408,0.4895833432674408,0.8,0.4406250119209289,am,1,1,1,1
146517,0,0.0,0.4791666567325592,0.4791666567325592,0.2,0.4791666567325592,am,2,0,1,0
146726,1,0.0,0.4895833432674408,0.4895833432674408,0.8,0.4406250119209289,am,2,1,1,1
146909,1,0.0,0.5,0.5,0.3,0.449999988079071,am,1,1,1,1
14697,0,0.0454545351098879,0.4791666567325592,0.4375,0.3,0.4749999940395355,am,4,0,1,0
147,1,0.0,0.4791666567325592,0.4791666567325592,0.8,0.4791666567325592,am,2,1,1,1
147021,1,-0.0454545351098879,0.4375,0.4791666567325592,0.8,0.4312500059604645,am,3,1,1,1
14703,0,0.0,0.3125,0.3125,0.3,0.28125,am,5,0,1,0
147030,0,0.0,0.5,0.5,0.7,0.449999988079071,am,4,0,0,1
147089,0,0.0,0.4895833432674408,0.4895833432674408,0.2,0.4406250119209289,am,4,0,1,0
14712,1,0.0,0.3333333432674408,0.3333333432674408,0.6,0.2999999821186065,am,2,1,1,1
147149,1,0.0,0.25,0.25,0.4,0.2249999940395355,am,1,1,0,0
147168,0,0.0454545351098879,0.4791666567325592,0.4375,0.2,0.4312500059604645,am,4,0,1,0
147169,0,0.0454545351098879,0.4791666567325592,0.4375,0.2,0.4312500059604645,am,5,0,1,0
147283,1,-0.0149893097601224,0.4791666567325592,0.4937500059604645,0.6,0.4454166293144226,am,4,1,1,1
147288,0,0.0107527086811569,0.4895833432674408,0.4791666567325592,0.7,0.4406250119209289,am,2,0,0,1
147293,0,0.0454545351098879,0.4791666567325592,0.4375,0.2,0.4312500059604645,am,2,0,1,0
147314,1,0.0212766061059917,0.5,0.4791666567325592,0.3,0.4979166984558105,am,3,1,0,0
147355,1,0.0,0.4895833432674408,0.4895833432674408,0.5,0.4437499940395355,am,4,1,1,1
147373,0,0.0,0.3333333432674408,0.3333333432674408,0.4,0.3333333134651184,am,2,0,1,0
147434,0,0.0,0.4895833432674408,0.4895833432674408,0.3,0.4427083134651184,am,1,0,0,1
147458,1,0.0,0.0,0.0,0.2,0.0,am,1,1,0,0
147515,0,0.0,0.3333333432674408,0.3333333432674408,0.4,0.2999999821186065,am,3,0,1,0
147519,0,0.0,0.4791666567325592,0.4791666567325592,0.2,0.4791666567325592,am,1,0,1,0
147532,0,0.0212766061059917,0.5,0.4791666567325592,0.5,0.4979166388511657,am,5,0,0,1
147642,1,0.0,0.0,0.0,0.8,0.0,am,3,1,1,1
147646,0,0.0149893097601224,0.4937500059604645,0.4791666567325592,0.4,0.4454166293144226,am,3,0,0,1
147734,0,0.0,0.0,0.0,0.8,0.0,am,3,0,0,1
14778,1,0.0,0.5,0.5,0.3,0.5,am,1,1,1,1
147790,0,0.0,0.3333333432674408,0.3333333432674408,0.4,0.2999999821186065,am,2,0,1,0
147795,1,-0.0454545351098879,0.4375,0.4791666567325592,0.8,0.4312500059604645,am,1,1,1,1
147818,1,0.0,0.0,0.0,0.5,0.0,am,3,1,0,0
147819,1,0.0,0.0,0.0,0.5,0.0,am,1,1,1,1
147849,0,0.0,0.4895833432674408,0.4895833432674408,0.4,0.4427083134651184,am,2,0,0,1
147905,1,0.0,0.5,0.5,0.2,0.449999988079071,am,3,1,0,0
147909,1,0.0,0.375,0.375,0.7,0.3708333373069763,am,5,1,1,1
147975,0,0.0,0.0,0.0,0.2,0.0,am,5,0,0,1
14801,0,0.0,0.3333333432674408,0.3333333432674408,0.4,0.2999999821186065,am,5,0,1,0
148075,0,0.0,1.0,1.0,0.4,1.0,am,3,0,0,1
14814,0,0.0,0.4895833432674408,0.4895833432674408,0.2,0.4406250119209289,am,2,0,1,0
148153,1,0.0,0.4895833432674408,0.4895833432674408,0.8,0.4406250119209289,am,3,1,1,1
148242,0,0.0,0.4791666567325592,0.4791666567325592,0.1,0.4791666567325592,am,3,0,1,0
148364,0,0.0,0.0,0.0,0.8,0.0,am,2,0,0,1
148409,0,0.0454545351098879,0.4791666567325592,0.4375,0.2,0.4312500059604645,am,1,0,1,0
148522,1,0.0,0.4895833432674408,0.4895833432674408,0.8,0.4895833432674408,am,1,1,1,1
148621,0,0.0,0.0,0.0,0.8,0.0,am,1,0,0,1
14863,1,0.0,0.4895833432674408,0.4895833432674408,0.7,0.4916666448116302,am,3,1,1,1
148630,1,0.0,0.0,0.0,0.2,0.0,am,1,1,0,0
148664,0,0.0,0.25,0.25,0.5,0.25,am,1,0,0,1
148665,1,0.0,0.4895833432674408,0.4895833432674408,0.7,0.4916666448116302,am,1,1,0,0
148666,1,0.0,0.4895833432674408,0.4895833432674408,0.8,0.4406250119209289,am,1,1,1,1
148691,0,0.0,0.0,0.0,0.8,0.0,am,5,0,0,1
148746,0,0.0149893097601224,0.4937500059604645,0.4791666567325592,0.2,0.4460416734218597,am,3,0,0,1
148781,1,0.0212766061059917,0.5,0.4791666567325592,0.3,0.449999988079071,am,4,1,0,0
148790,0,0.0,0.5,0.5,0.7,0.449999988079071,am,4,0,0,1
148848,1,0.0,0.375,0.375,0.2,0.3375000059604645,am,3,1,1,1
148887,1,0.0,0.25,0.25,0.2,0.2249999940395355,am,4,1,0,0
1489,0,0.0062893021404196,0.5,0.4937500059604645,0.6,0.5175000429153442,am,1,0,0,1
148919,0,0.0,0.3333333432674408,0.3333333432674408,0.5,0.3062500357627868,am,1,0,0,1
148924,1,0.0,0.4791666567325592,0.4791666567325592,0.4,0.4416666626930237,am,1,1,0,0
148995,0,0.0107527086811569,0.4895833432674408,0.4791666567325592,0.3,0.4395833015441894,am,3,0,0,1
149014,1,0.0,0.3333333432674408,0.3333333432674408,0.6,0.2999999821186065,am,5,1,1,1
149091,0,0.0107527086811569,0.4895833432674408,0.4791666567325592,0.5,0.4395833015441894,am,3,0,0,1
14915,0,0.0,0.25,0.25,1.0,0.2249999940395355,am,3,0,0,1
149173,0,0.0,0.3333333432674408,0.3333333432674408,0.4,0.2999999821186065,am,4,0,1,0
149280,0,0.0,0.0,0.0,0.2,0.0,am,1,0,0,1
149355,1,0.0,0.4895833432674408,0.4895833432674408,0.8,0.4406250119209289,am,3,1,1,1
149363,1,0.0,0.4937500059604645,0.4937500059604645,0.6,0.5118750333786011,am,2,1,1,1
149395,0,0.0,0.0,0.0,0.2,0.0,am,5,0,0,1
149466,1,0.0,0.4895833432674408,0.4895833432674408,0.6,0.4406250119209289,am,1,1,0,0
149482,0,0.0,0.0,0.0,0.5,0.0,am,3,0,0,1
149484,0,0.0,0.4791666567325592,0.4791666567325592,0.6,0.441666692495346,am,2,0,0,1
149485,0,0.0,0.0,0.0,0.5,0.0,am,5,0,0,1
149486,1,0.0,0.0,0.0,0.5,0.0,am,5,1,0,0
149490,1,0.0,0.0,0.0,0.8,0.0,am,2,1,1,1
149493,1,0.0,0.0,0.0,0.5,0.0,am,2,1,0,0
149494,1,0.0,0.0,0.0,0.5,0.0,am,2,1,0,0
149535,1,0.0,0.0,0.0,0.5,0.0,am,5,1,0,0
149586,0,0.0,0.0,0.0,0.5,0.0,am,3,0,0,1
149589,1,0.0,0.4791666567325592,0.4791666567325592,0.4,0.4895833134651184,am,1,1,0,0
149639,1,0.0,0.0,0.0,0.5,0.0,am,5,1,0,0
149645,0,0.0,0.0,0.0,0.5,0.0,am,1,0,1,0
14968,1,0.0,0.4791666567325592,0.4791666567325592,0.8,0.4791666567325592,am,5,1,1,1
149733,1,-0.0212766061059917,0.4791666567325592,0.5,0.5,0.4979166984558105,am,4,1,1,1
149735,0,0.0,0.0,0.0,0.5,0.0,am,3,0,0,1
149736,1,0.0,0.0,0.0,0.5,0.0,am,3,1,0,0
149747,1,-0.0454545351098879,0.4375,0.4791666567325592,0.8,0.4749999940395355,am,1,1,1,1
149758,0,0.0,0.0,0.0,0.5,0.0,am,3,0,0,1
14979,0,0.0,0.375,0.375,0.1,0.3375000059604645,am,1,0,1,0
149804,0,0.0,0.4895833432674408,0.4895833432674408,0.2,0.4406250119209289,am,2,0,1,0
149805,1,0.0,0.4791666567325592,0.4791666567325592,0.5,0.4895833134651184,am,1,1,0,0
149808,0,0.0,0.4791666567325592,0.4791666567325592,0.5,0.4895833134651184,am,1,0,0,1
150,1,0.0,0.25,0.25,0.5,0.2249999940395355,am,4,1,1,1
1501,1,0.0,0.3333333432674408,0.3333333432674408,0.6,0.2999999821186065,am,1,1,1,1
150139,0,-0.0222222010294359,0.4583333432674408,0.4791666567325592,0.8,0.4312500059604645,am,2,0,0,1
150145,0,0.0,0.0,0.0,0.5,0.0,am,3,0,0,1
150169,1,0.0,0.0,0.0,0.8,0.0,am,4,1,1,1
150170,1,0.0,0.4791666567325592,0.4791666567325592,0.9,0.4791666567325592,am,1,1,1,1
150171,1,0.0,0.4895833432674408,0.4895833432674408,0.8,0.4406250119209289,am,5,1,1,1
15021,1,0.0,0.3333333432674408,0.3333333432674408,0.5,0.2999999821186065,am,3,1,1,1
150253,1,0.0,0.375,0.375,0.6,0.3375000059604645,am,3,1,1,1
150271,0,0.0,0.0,0.0,0.2,0.0,am,2,0,1,0
150308,1,0.0,0.4791666567325592,0.4791666567325592,0.2,0.4895833432674408,am,5,1,0,0
150338,0,0.0454545351098879,0.4791666567325592,0.4375,0.2,0.4270833432674408,am,3,0,1,0
150360,0,0.0454545351098879,0.4791666567325592,0.4375,0.2,0.4270833432674408,am,1,0,1,0
150434,0,0.0454545351098879,0.4791666567325592,0.4375,0.2,0.4270833432674408,am,2,0,1,0
150438,0,0.0,0.0,0.0,0.8,0.0,am,3,0,0,1
150444,1,0.0,0.0,0.0,0.8,0.0,am,3,1,1,1
150465,0,0.0,0.3333333432674408,0.3333333432674408,0.4,0.3333333134651184,am,4,0,1,0
150469,1,0.0,0.4895833432674408,0.4895833432674408,0.7,0.4895833432674408,am,1,1,1,1
150495,1,0.0,0.4791666567325592,0.4791666567325592,0.3,0.4416666626930237,am,3,1,0,0
150546,0,0.0,0.4895833432674408,0.4895833432674408,0.4,0.4427083134651184,am,4,0,0,1
150555,1,0.0,0.3125,0.3125,0.6,0.28125,am,3,1,1,1
150669,0,0.0,0.4791666567325592,0.4791666567325592,0.2,0.4791666567325592,am,2,0,1,0
150728,1,0.0,0.5,0.5,0.3,0.449999988079071,am,5,1,0,0
15077,0,0.0,0.3333333432674408,0.3333333432674408,0.4,0.2999999821186065,am,5,0,1,0
15079,1,-0.0454545351098879,0.4375,0.4791666567325592,0.8,0.4270833432674408,am,4,1,1,1
150878,1,-0.0454545351098879,0.4375,0.4791666567325592,0.7,0.4749999940395355,am,4,1,1,1
150928,0,0.0,0.5,0.5,0.5,0.449999988079071,am,1,0,0,1
150930,0,0.0,0.0,0.0,0.5,0.0,am,3,0,0,1
150937,0,0.0,0.0,0.0,0.8,0.0,am,5,0,0,1
150964,0,0.0,0.5,0.5,0.6,0.449999988079071,am,5,0,0,1
150972,0,0.0,0.4895833432674408,0.4895833432674408,0.2,0.4406250119209289,am,3,0,1,0
150976,1,0.0,0.4895833432674408,0.4895833432674408,0.8,0.4406250119209289,am,5,1,1,1
151,1,0.0,0.375,0.375,0.9,0.375,am,2,1,1,1
151001,0,0.0,0.0,0.0,0.8,0.0,am,2,0,0,1
151050,0,0.0,0.4895833432674408,0.4895833432674408,0.4,0.4427083134651184,am,4,0,0,1
151116,0,0.0105263056451158,0.5,0.4895833432674408,0.4,0.5064583420753479,am,3,0,1,0
15113,0,0.0,0.0,0.0,0.2,0.0,am,5,0,0,1
151155,0,-0.0212766061059917,0.4791666567325592,0.5,0.7,0.449999988079071,am,4,0,0,1
151181,0,0.0,0.5,0.5,0.7,0.5,am,4,0,0,1
151209,0,0.0,0.4791666567325592,0.4791666567325592,0.1,0.4791666567325592,am,5,0,1,0
151253,0,0.0,0.4895833432674408,0.4895833432674408,0.4,0.4437499940395355,am,1,0,0,1
151260,0,0.0,0.4791666567325592,0.4791666567325592,0.1,0.4791666567325592,am,1,0,1,0
151314,1,-0.0454545351098879,0.4375,0.4791666567325592,0.7,0.4270833432674408,am,1,1,0,0
151319,0,0.0,0.0,0.0,0.2,0.0,am,1,0,0,1
151320,0,0.0,0.0,0.0,0.7,0.1500000059604644,am,5,0,0,1
151324,1,-0.0107527086811569,0.4791666567325592,0.4895833432674408,0.4,0.4395833611488342,am,2,1,0,0
151334,0,-0.0105263056451158,0.4895833432674408,0.5,0.5,0.449999988079071,am,4,0,0,1
151391,0,0.0,1.0,1.0,0.4,0.8999999761581421,am,5,0,0,1
151423,1,0.0222222010294359,0.4791666567325592,0.4583333432674408,0.2,0.4312500059604645,am,3,1,0,0
151470,0,0.0454545351098879,0.4791666567325592,0.4375,0.2,0.4270833432674408,am,4,0,1,0
151495,0,0.0454545351098879,0.4791666567325592,0.4375,0.2,0.4270833432674408,am,4,0,1,0
151545,1,0.0454545351098879,0.4791666567325592,0.4375,0.5,0.4270833432674408,am,5,1,0,0
151557,0,0.0,0.0,0.0,0.2,0.0,am,1,0,0,1
151603,0,0.0,0.3333333432674408,0.3333333432674408,0.4,0.3333333134651184,am,2,0,1,0
151621,0,0.0,0.4791666567325592,0.4791666567325592,0.6,0.4416666626930237,am,3,0,0,1
151655,0,0.0,0.0,0.0,0.5,0.0,am,2,0,0,1
151656,0,0.0,0.0,0.0,0.5,0.0,am,2,0,0,1
151740,1,0.0,0.0,0.0,0.5,0.0,am,4,1,0,0
151832,1,0.0,0.4895833432674408,0.4895833432674408,0.8,0.4406250119209289,am,5,1,1,1
151866,1,0.0,0.0,0.0,0.5,0.0,am,2,1,0,0
151893,1,0.0,0.5,0.5,0.4,0.449999988079071,am,3,1,0,0
151943,1,0.0,0.3125,0.3125,0.6,0.3125,am,4,1,1,1
15200,1,0.0105263056451158,0.5,0.4895833432674408,0.5,0.4489583373069763,am,4,1,0,0
152036,0,0.0,0.4895833432674408,0.4895833432674408,0.2,0.4406250119209289,am,3,0,1,0
152037,0,0.0454545351098879,0.4791666567325592,0.4375,0.2,0.4270833432674408,am,5,0,1,0
152040,1,-0.0454545351098879,0.4375,0.4791666567325592,0.8,0.4270833432674408,am,3,1,1,1
152060,1,0.0,1.0,1.0,0.5,0.8999999761581421,am,2,1,0,0
152079,0,0.0,0.4791666567325592,0.4791666567325592,0.5,0.4895833134651184,am,4,0,0,1
152150,1,-0.0454545351098879,0.4375,0.4791666567325592,0.8,0.4270833432674408,am,3,1,1,1
152156,1,0.0,0.4895833432674408,0.4895833432674408,0.8,0.4895833432674408,am,5,1,1,1
152186,0,0.0,1.0,1.0,0.5,0.8999999761581421,am,5,0,0,1
15219,1,0.0,0.3333333432674408,0.3333333432674408,0.6,0.2999999821186065,am,1,1,1,1
152217,0,0.0,0.375,0.375,0.7,0.3375000059604645,am,1,0,1,0
1523,1,0.0,0.3333333432674408,0.3333333432674408,0.6,0.2999999821186065,am,4,1,1,1
152324,0,0.0,0.0,0.0,0.2,0.0,am,4,0,1,0
152366,1,0.0,0.0,0.0,0.6,0.0,am,3,1,1,1
152367,0,0.0,0.4791666567325592,0.4791666567325592,0.5,0.4895833134651184,am,2,0,0,1
152387,0,0.0,0.4791666567325592,0.4791666567325592,0.1,0.4791666567325592,am,2,0,1,0
152388,0,0.0,0.0,0.0,0.7,0.0,am,2,0,0,1
152396,0,0.0107527086811569,0.4895833432674408,0.4791666567325592,0.8,0.4406250119209289,am,4,0,0,1
15241,0,0.0107527086811569,0.4895833432674408,0.4791666567325592,0.7,0.4395833611488342,am,5,0,0,1
152439,0,0.0,0.4895833432674408,0.4895833432674408,0.3,0.4427083134651184,am,3,0,1,0
152441,0,0.0,0.4895833432674408,0.4895833432674408,0.2,0.4406250119209289,am,4,0,1,0
152614,0,0.0,0.4895833432674408,0.4895833432674408,0.3,0.4427083134651184,am,1,0,0,1
152644,0,0.0149893097601224,0.4937500059604645,0.4791666567325592,0.2,0.4460416734218597,am,5,0,0,1
152651,0,-0.0105263056451158,0.4895833432674408,0.5,0.5,0.4647916853427887,am,2,0,0,1
152686,0,0.0,0.4791666567325592,0.4791666567325592,0.6,0.4416666626930237,am,1,0,0,1
152715,0,0.0,0.4895833432674408,0.4895833432674408,0.2,0.4406250119209289,am,2,0,1,0
152799,0,0.0,0.4895833432674408,0.4895833432674408,0.3,0.4406250119209289,am,4,0,1,0
15286,1,-0.0454545351098879,0.4375,0.4791666567325592,0.8,0.4270833432674408,am,3,1,1,1
152870,0,0.0,0.0,0.0,0.5,0.0,am,4,0,0,1
152962,0,0.0,0.4895833432674408,0.4895833432674408,0.6,0.4833332896232605,am,2,0,0,1
152980,0,0.0,0.0,0.0,0.5,0.0,am,1,0,1,0
152999,0,0.0,0.0,0.0,0.8,0.0,am,4,0,0,1
153,1,-0.0454545351098879,0.4375,0.4791666567325592,0.8,0.4270833432674408,am,3,1,1,1
15303,0,0.0,0.25,0.25,0.8,0.25,am,3,0,0,1
153064,1,-0.0107527086811569,0.4791666567325592,0.4895833432674408,0.2,0.4885416626930237,am,2,1,0,0
153107,1,-0.0454545351098879,0.4375,0.4791666567325592,0.8,0.4270833432674408,am,1,1,1,1
153113,0,0.0454545351098879,0.4791666567325592,0.4375,0.2,0.4270833432674408,am,5,0,1,0
153119,0,0.0,0.4791666567325592,0.4791666567325592,0.5,0.441666692495346,am,2,0,0,1
153134,1,0.0285714425845632,0.375,0.3541666567325592,0.3,0.3333333134651184,am,1,1,0,0
153152,0,0.0062893021404196,0.5,0.4937500059604645,0.6,0.4675000309944153,am,5,0,1,0
153167,1,0.0,0.3333333432674408,0.3333333432674408,0.6,0.2999999821186065,am,3,1,1,1
153175,1,-0.0454545351098879,0.4375,0.4791666567325592,0.8,0.4270833432674408,am,2,1,1,1
1532,0,0.0,0.4895833432674408,0.4895833432674408,0.2,0.4406250119209289,am,5,0,1,0
153201,1,0.0,0.5,0.5,0.3,0.449999988079071,am,2,1,0,0
153261,1,0.0,0.4895833432674408,0.4895833432674408,0.8,0.4406250119209289,am,2,1,1,1
153285,1,-0.0454545351098879,0.4375,0.4791666567325592,0.8,0.4270833432674408,am,2,1,1,1
153306,0,0.0,0.3333333432674408,0.3333333432674408,0.7,0.3145833611488342,am,5,0,0,1
153325,0,0.0,1.0,1.0,0.5,0.8999999761581421,am,4,0,0,1
153447,1,0.0,0.4791666567325592,0.4791666567325592,0.9,0.4791666567325592,am,5,1,1,1
153485,0,0.0454545351098879,0.4791666567325592,0.4375,0.2,0.4270833432674408,am,3,0,1,0
153576,1,-0.0454545351098879,0.4375,0.4791666567325592,0.8,0.4270833432674408,am,2,1,1,1
153595,0,0.0,0.0,0.0,0.7,0.0,am,3,0,0,1
15361,0,0.0,0.5,0.5,0.6,0.449999988079071,am,4,0,0,1
153611,0,0.0,0.0,0.0,0.5,0.0,am,4,0,0,1
153619,0,0.0454545351098879,0.4791666567325592,0.4375,0.2,0.4270833432674408,am,5,0,1,0
153659,0,0.0,0.0,0.0,0.8,0.0,am,1,0,0,1
153663,0,0.0,0.0,0.0,0.5,0.0,am,4,0,0,1
153687,1,0.0,0.4791666567325592,0.4791666567325592,0.5,0.4416666626930237,am,1,1,0,0
153719,1,0.0,0.4895833432674408,0.4895833432674408,0.6,0.4406250119209289,am,1,1,0,0
153732,0,0.0454545351098879,0.4791666567325592,0.4375,0.2,0.4270833432674408,am,2,0,1,0
153755,0,0.0454545351098879,0.4791666567325592,0.4375,0.2,0.4270833432674408,am,4,0,1,0
153783,0,0.0,0.4791666567325592,0.4791666567325592,0.6,0.4416666626930237,am,4,0,0,1
153824,0,0.0,0.0,0.0,0.2,0.0,am,3,0,1,0
153835,0,0.0,0.0,0.0,0.5,0.0,am,5,0,0,1
153920,0,0.0,0.4895833432674408,0.4895833432674408,0.2,0.4406250119209289,am,3,0,1,0
153942,0,0.0,1.0,1.0,0.5,0.8999999761581421,am,4,0,0,1
154005,1,-0.0454545351098879,0.4375,0.4791666567325592,0.8,0.4270833432674408,am,2,1,1,1
154007,0,0.0,0.0,0.0,0.5,0.0,am,3,0,0,1
154121,1,-0.0212766061059917,0.4791666567325592,0.5,0.5,0.4479166865348816,am,3,1,1,1
154123,1,-0.0107527086811569,0.4791666567325592,0.4895833432674408,0.2,0.4395833015441894,am,4,1,0,0
154170,1,0.0,0.3125,0.3125,0.6,0.28125,am,2,1,1,1
154177,1,0.0,0.5,0.5,0.4,0.449999988079071,am,4,1,0,0
154217,1,0.0,0.0,0.0,0.2,0.0,am,4,1,0,0
154219,1,-0.0212766061059917,0.4791666567325592,0.5,0.5,0.449999988079071,am,4,1,1,1
154234,0,0.0454545351098879,0.4791666567325592,0.4375,0.2,0.4270833432674408,am,1,0,1,0
154284,1,-0.0454545351098879,0.4375,0.4791666567325592,0.8,0.4270833432674408,am,4,1,1,1
154298,1,-0.0107527086811569,0.4791666567325592,0.4895833432674408,0.2,0.4406250119209289,am,3,1,0,0
154308,1,-0.0149893097601224,0.4791666567325592,0.4937500059604645,0.5,0.4454166293144226,am,5,1,0,0
154310,1,-0.0454545351098879,0.4375,0.4791666567325592,0.8,0.4270833432674408,am,3,1,1,1
154325,0,0.0454545351098879,0.4791666567325592,0.4375,0.2,0.4270833432674408,am,3,0,1,0
154357,0,0.0,0.4895833432674408,0.4895833432674408,0.2,0.4406250119209289,am,4,0,1,0
154389,1,-0.0454545351098879,0.4375,0.4791666567325592,0.8,0.4270833432674408,am,5,1,1,1
154405,1,0.0,1.0,1.0,0.6,1.0,am,3,1,0,0
154431,0,0.0,0.0,0.0,0.5,0.0,am,2,0,0,1
154435,0,0.0454545351098879,0.4791666567325592,0.4375,0.2,0.4270833432674408,am,3,0,1,0
154443,1,0.0,0.0,0.0,0.8,0.0,am,5,1,0,0
154444,0,0.0,0.0,0.0,0.8,0.0,am,4,0,0,1
154518,1,0.0,1.0,1.0,0.5,0.8999999761581421,am,1,1,0,0
154595,0,0.0,0.0,0.0,0.2,0.0,am,5,0,0,1
154616,0,0.0,0.375,0.375,0.1,0.3375000059604645,am,3,0,1,0
154641,1,0.0,0.0,0.0,0.2,0.0,am,4,1,0,0
154658,0,0.0,0.0,0.0,0.8,0.0,am,4,0,0,1
15469,0,0.0,0.0,0.0,0.7,0.0,am,2,0,0,1
15470,1,-0.0454545351098879,0.4375,0.4791666567325592,0.8,0.4270833432674408,am,4,1,1,1
1551,1,0.0,0.4791666567325592,0.4791666567325592,0.9,0.4791666567325592,am,3,1,1,1
15540,0,0.0454545351098879,0.4791666567325592,0.4375,0.2,0.4270833432674408,am,1,0,1,0
15543,0,0.0,0.4895833432674408,0.4895833432674408,0.2,0.4406250119209289,am,4,0,1,0
15579,0,0.0454545351098879,0.4791666567325592,0.4375,0.2,0.4270833432674408,am,1,0,1,0
15605,1,-0.0427698733361838,0.4895833432674408,0.5333333611488342,0.7,0.4868749976158142,am,3,1,0,0
1562,1,0.0,0.375,0.375,0.9,0.3375000059604645,am,2,1,1,1
15620,0,0.0,0.0,0.0,0.2,0.0,am,2,0,1,0
15680,1,0.0,0.5,0.5,0.4,0.449999988079071,am,4,1,0,0
1572,1,0.0,0.4791666567325592,0.4791666567325592,0.8,0.4791666567325592,am,5,1,1,1
15790,0,0.0,0.5,0.5,0.6,0.5,am,2,0,0,1
1582,0,0.0,0.0,0.0,0.2,0.0,am,4,0,1,0
1591,1,0.0,0.3333333432674408,0.3333333432674408,0.6,0.2999999821186065,am,2,1,1,1
1595,1,0.0,0.3333333432674408,0.3333333432674408,0.8,0.2999999821186065,am,2,1,1,1
15998,1,0.0,0.25,0.25,0.5,0.25,am,1,1,0,0
160,1,0.0222222010294359,0.4791666567325592,0.4583333432674408,0.2,0.429166704416275,am,5,1,0,0
16000,1,-0.0526315670593948,0.375,0.4166666567325592,0.6,0.3750000298023224,am,3,1,1,1
1603,1,0.0,0.4791666567325592,0.4791666567325592,0.8,0.4312500059604645,am,3,1,1,1
1622,1,0.0,1.0,1.0,0.5,0.8999999761581421,am,1,1,0,0
16394,1,0.0,1.0,1.0,0.6,0.8999999761581421,am,3,1,0,0
16395,0,0.0,0.4791666567325592,0.4791666567325592,0.2,0.4312500059604645,am,2,0,1,0
16396,1,0.0,0.3333333432674408,0.3333333432674408,0.6,0.2999999821186065,am,1,1,1,1
16419,0,0.0,0.3333333432674408,0.3333333432674408,0.6,0.3145833611488342,am,2,0,0,1
1642,1,0.0,0.375,0.375,0.5,0.3375000059604645,am,5,1,1,1
16420,1,-0.0454545351098879,0.4375,0.4791666567325592,0.8,0.4270833432674408,am,5,1,1,1
16421,1,0.0,0.4791666567325592,0.4791666567325592,0.4,0.441666692495346,am,4,1,0,0
16424,0,0.0,0.4895833432674408,0.4895833432674408,0.4,0.4427083134651184,am,4,0,0,1
16428,0,0.0454545351098879,0.4791666567325592,0.4375,0.2,0.4270833432674408,am,3,0,1,0
16433,1,-0.0454545351098879,0.4375,0.4791666567325592,0.8,0.4270833432674408,am,4,1,1,1
16436,0,0.0,0.3333333432674408,0.3333333432674408,0.4,0.3333333134651184,am,2,0,1,0
16443,1,0.0454545351098879,0.4791666567325592,0.4375,0.4,0.4270833432674408,am,1,1,0,0
16454,1,0.0,0.3125,0.3125,0.6,0.28125,am,2,1,1,1
16456,1,0.0,0.25,0.25,0.5,0.25,am,5,1,0,0
16471,0,0.0,0.4791666567325592,0.4791666567325592,0.6,0.4895833134651184,am,2,0,0,1
16476,1,0.0,0.0,0.0,0.8,0.0,am,1,1,0,0
1649,1,0.0,0.3333333432674408,0.3333333432674408,0.6,0.2999999821186065,am,1,1,1,1
16518,1,-0.0454545351098879,0.4375,0.4791666567325592,0.8,0.4270833432674408,am,3,1,1,1
16529,1,0.0,0.4895833432674408,0.4895833432674408,0.7,0.4427083134651184,am,4,1,0,0
16543,0,0.0454545351098879,0.4791666567325592,0.4375,0.2,0.4270833432674408,am,3,0,1,0
16545,0,0.0,0.0,0.0,0.2,0.0,am,3,0,1,0
16553,1,0.0,0.4895833432674408,0.4895833432674408,0.8,0.4406250119209289,am,3,1,1,1
16584,1,0.0,0.4895833432674408,0.4895833432674408,0.7,0.4406250119209289,am,5,1,1,1
16587,1,-0.0454545351098879,0.4375,0.4791666567325592,0.8,0.4270833432674408,am,5,1,1,1
16589,1,0.0,0.4895833432674408,0.4895833432674408,0.8,0.4895833432674408,am,5,1,1,1
16608,0,0.0107527086811569,0.4895833432674408,0.4791666567325592,0.3,0.4395833015441894,am,4,0,0,1
16619,0,0.0,0.4791666567325592,0.4791666567325592,0.1,0.4312500059604645,am,4,0,1,0
1664,1,0.0,0.4895833432674408,0.4895833432674408,0.8,0.4895833432674408,am,4,1,1,1
16657,1,0.0,0.0,0.0,0.8,0.0,am,2,1,1,1
16679,1,0.0,0.4895833432674408,0.4895833432674408,0.8,0.4895833432674408,am,2,1,1,1
16714,0,0.0,0.0,0.0,0.2,0.0,am,3,0,1,0
1681,0,0.0,0.0,0.0,0.8,0.0,am,2,0,0,1
16832,1,0.0,0.0,0.0,0.8,0.0,am,1,1,0,0
16835,1,0.0,0.375,0.375,0.9,0.3375000059604645,am,4,1,1,1
1684,0,0.0,0.0,0.0,0.2,0.0,am,4,0,1,0
16841,1,0.0,0.375,0.375,0.9,0.3375000059604645,am,2,1,1,1
16843,0,0.0,0.5,0.5,0.9,0.449999988079071,am,2,0,0,1
16852,1,0.0,0.0,0.0,0.5,0.0,am,4,1,0,0
16880,1,0.0,0.3333333432674408,0.3333333432674408,0.6,0.2999999821186065,am,2,1,1,1
16897,1,0.0,0.0,0.0,0.8,0.0,am,1,1,0,0
16898,1,0.0,0.4895833432674408,0.4895833432674408,0.6,0.4427083134651184,am,1,1,0,0
169,1,0.0,0.0,0.0,0.8,0.0,am,3,1,1,1
16901,1,0.0,0.3333333432674408,0.3333333432674408,0.6,0.2999999821186065,am,1,1,1,1
16911,1,-0.0454545351098879,0.4375,0.4791666567325592,0.8,0.4270833432674408,am,2,1,1,1
16932,1,-0.0107527086811569,0.4791666567325592,0.4895833432674408,0.4,0.4885416626930237,am,4,1,0,0
1694,1,0.0,0.4791666567325592,0.4791666567325592,1.0,0.4312500059604645,am,5,1,1,1
16945,1,-0.0454545351098879,0.4375,0.4791666567325592,0.8,0.4270833432674408,am,4,1,1,1
16946,1,0.0,0.4791666567325592,0.4791666567325592,0.9,0.4312500059604645,am,2,1,1,1
16958,0,0.0454545351098879,0.4791666567325592,0.4375,0.2,0.4270833432674408,am,3,0,1,0
16974,0,0.0,0.5,0.5,0.5,0.4681250154972076,am,1,0,1,0
16977,0,0.0,0.0,0.0,0.2,0.0,am,2,0,1,0
17,1,0.0,0.4791666567325592,0.4791666567325592,0.9,0.4312500059604645,am,3,1,1,1
1701626,1,-0.0454545351098879,0.4375,0.4791666567325592,0.8,0.4270833432674408,am,3,1,1,1
17028,1,0.0,0.4895833432674408,0.4895833432674408,0.8,0.4406250119209289,am,5,1,1,1
1703,1,0.0,0.0,0.0,0.8,0.0,am,1,1,0,0
1703251,0,-0.0212766061059917,0.4791666567325592,0.5,0.7,0.449999988079071,am,4,0,0,1
1703708,0,0.0,0.4791666567325592,0.4791666567325592,0.2,0.4312500059604645,am,5,0,1,0
1705832,0,0.0,0.4895833432674408,0.4895833432674408,0.3,0.4916666448116302,am,3,0,1,0
1706,1,0.0,0.3333333432674408,0.3333333432674408,0.6,0.3333333134651184,am,4,1,1,1
1709175,0,0.0107527086811569,0.4895833432674408,0.4791666567325592,0.8,0.4406250119209289,am,3,0,0,1
1709299,0,-0.0212766061059917,0.4791666567325592,0.5,0.7,0.449999988079071,am,3,0,0,1
17095,0,0.0,0.5,0.5,0.5,0.449999988079071,am,5,0,0,1
1709919,0,0.0,0.25,0.25,0.5,0.2249999940395355,am,3,0,1,0
1710988,0,0.0,0.4895833432674408,0.4895833432674408,0.2,0.4406250119209289,am,4,0,1,0
1712,0,-0.0105263056451158,0.4895833432674408,0.5,0.5,0.4647916853427887,am,3,0,0,1
17123,1,-0.0454545351098879,0.4375,0.4791666567325592,0.8,0.4270833432674408,am,1,1,1,1
1712813,0,0.0,0.5,0.5,0.7,0.449999988079071,am,3,0,1,0
1714081,0,0.0454545351098879,0.4791666567325592,0.4375,0.2,0.4270833432674408,am,3,0,1,0
1714192,0,0.0107527086811569,0.4895833432674408,0.4791666567325592,0.8,0.4406250119209289,am,4,0,0,1
1714699,0,0.0,0.4791666567325592,0.4791666567325592,0.5,0.4416666626930237,am,5,0,0,1
1715217,0,0.0,0.375,0.375,0.5,0.3375000059604645,am,1,0,1,0
1716726,1,-0.0454545351098879,0.4375,0.4791666567325592,0.8,0.4270833432674408,am,5,1,1,1
1717197,0,0.0,1.0,1.0,0.4,0.8999999761581421,am,1,0,0,1
1717279,0,0.0,0.0,0.0,0.8,0.0,am,4,0,0,1
1717604,0,0.0454545351098879,0.4791666567325592,0.4375,0.3,0.4749999940395355,am,4,0,1,0
17182,1,0.0,0.4895833432674408,0.4895833432674408,0.6,0.4427083134651184,am,1,1,0,0
17219,1,0.0,0.3333333432674408,0.3333333432674408,0.6,0.3333333134651184,am,4,1,1,1
1722444,0,0.0,0.3333333432674408,0.3333333432674408,0.3,0.2999999821186065,am,1,0,1,0
1723597,0,0.0454545351098879,0.4791666567325592,0.4375,0.2,0.4270833432674408,am,1,0,1,0
1723662,0,-0.0105263056451158,0.4895833432674408,0.5,0.5,0.4647916853427887,am,5,0,0,1
1724211,0,-0.0222222010294359,0.4583333432674408,0.4791666567325592,0.8,0.4312500059604645,am,4,0,0,1
1724401,1,0.0,0.4895833432674408,0.4895833432674408,0.8,0.4406250119209289,am,2,1,1,1
17247,0,0.0,0.375,0.375,0.4,0.375,am,2,0,1,0
17259,0,0.0,0.4895833432674408,0.4895833432674408,0.2,0.4406250119209289,am,3,0,1,0
1726,0,0.0,0.3333333432674408,0.3333333432674408,0.4,0.3333333134651184,am,4,0,1,0
17289,0,0.0,0.4895833432674408,0.4895833432674408,0.2,0.4406250119209289,am,5,0,1,0
17295,1,0.0,0.25,0.25,0.6,0.2249999940395355,am,5,1,0,0
17304,0,0.0454545351098879,0.4791666567325592,0.4375,0.3,0.4749999940395355,am,2,0,1,0
17329,1,0.0,0.0,0.0,0.6,0.0,am,3,1,1,1
17345,1,0.0,0.4895833432674408,0.4895833432674408,0.8,0.4406250119209289,am,1,1,1,1
17348,1,0.0,0.4895833432674408,0.4895833432674408,0.6,0.4427083134651184,am,1,1,0,0
17358,1,0.0,0.0,0.0,0.8,0.0,am,4,1,1,1
17362,1,0.0,0.3333333432674408,0.3333333432674408,0.6,0.2999999821186065,am,3,1,1,1
17376,1,0.0,0.5,0.5,0.4,0.449999988079071,am,1,1,0,0
17377,0,0.0,0.4791666567325592,0.4791666567325592,0.1,0.4312500059604645,am,2,0,1,0
17395,1,-0.0454545351098879,0.4375,0.4791666567325592,0.8,0.4270833432674408,am,2,1,1,1
17430,1,0.0,0.4791666567325592,0.4791666567325592,0.1,0.4895833134651184,am,2,1,0,0
1744,0,0.0,0.4895833432674408,0.4895833432674408,0.2,0.4406250119209289,am,4,0,1,0
17447,0,-0.0212766061059917,0.4791666567325592,0.5,0.8,0.4479166567325592,am,4,0,0,1
17463,1,0.0,0.4895833432674408,0.4895833432674408,0.7,0.4406250119209289,am,3,1,1,1
17468,0,0.0,0.0,0.0,0.5,0.0,am,5,0,0,1
17473,0,0.0,0.0,0.0,0.5,0.0,am,3,0,0,1
17484,1,0.0,0.4895833432674408,0.4895833432674408,0.8,0.4406250119209289,am,3,1,1,1
17493,0,0.0454545351098879,0.4791666567325592,0.4375,0.2,0.4270833432674408,am,2,0,1,0
1751,1,0.0,0.4895833432674408,0.4895833432674408,0.8,0.4406250119209289,am,1,1,1,1
17511,1,0.0212766061059917,0.5,0.4791666567325592,0.3,0.449999988079071,am,5,1,0,0
17521,1,0.0,0.0,0.0,0.8,0.0,am,3,1,1,1
17522,1,0.0,0.4791666567325592,0.4791666567325592,0.9,0.4312500059604645,am,3,1,1,1
17527,1,0.0,0.4791666567325592,0.4791666567325592,0.9,0.4312500059604645,am,4,1,1,1
17550,1,0.0,0.4895833432674408,0.4895833432674408,0.8,0.4406250119209289,am,1,1,1,1
17553,1,0.0,0.0,0.0,0.5,0.0,am,1,1,1,1
17561,0,0.0,0.0,0.0,0.2,0.0,am,5,0,0,1
17564,0,0.0,0.4937500059604645,0.4937500059604645,0.3,0.5118750333786011,am,2,0,1,0
17569,1,0.0,0.4895833432674408,0.4895833432674408,0.8,0.4406250119209289,am,3,1,1,1
1758,0,0.0454545351098879,0.4791666567325592,0.4375,0.2,0.4270833432674408,am,1,0,1,0
17605,0,0.0,0.375,0.375,0.7,0.3375000059604645,am,4,0,0,1
1761,1,0.0,0.25,0.25,0.6,0.2249999940395355,am,4,1,1,1
17644,1,-0.0212766061059917,0.4791666567325592,0.5,0.6,0.4479166567325592,am,1,1,0,0
17658,1,0.0,0.3125,0.3125,0.6,0.28125,am,4,1,1,1
17685,0,0.0454545351098879,0.4791666567325592,0.4375,0.2,0.4270833432674408,am,1,0,1,0
17696,1,-0.0454545351098879,0.4375,0.4791666567325592,0.8,0.4270833432674408,am,5,1,1,1
17704,0,0.0,0.3333333432674408,0.3333333432674408,0.7,0.3145833611488342,am,4,0,0,1
17729,0,0.0107527086811569,0.4895833432674408,0.4791666567325592,0.7,0.4395833611488342,am,5,0,0,1
17750,1,0.0,0.3333333432674408,0.3333333432674408,0.7,0.3125,am,2,1,1,1
17758,0,0.0149893097601224,0.4937500059604645,0.4791666567325592,0.4,0.4454166293144226,am,3,0,0,1
17764,0,0.0454545351098879,0.4791666567325592,0.4375,0.2,0.4270833432674408,am,3,0,1,0
17776,1,-0.0454545351098879,0.4375,0.4791666567325592,0.8,0.4270833432674408,am,2,1,1,1
17780,0,-0.0222222010294359,0.4583333432674408,0.4791666567325592,0.8,0.4312500059604645,am,3,0,0,1
17789,0,0.0,0.4895833432674408,0.4895833432674408,0.2,0.4406250119209289,am,4,0,1,0
17808,1,0.0105263056451158,0.5,0.4895833432674408,0.5,0.4489583373069763,am,1,1,0,0
17827,1,-0.0107527086811569,0.4791666567325592,0.4895833432674408,0.3,0.4395833611488342,am,2,1,0,0
17837,0,0.0149893097601224,0.4937500059604645,0.4791666567325592,0.4,0.4454166293144226,am,5,0,0,1
17856,1,0.0,0.4895833432674408,0.4895833432674408,0.7,0.4739583432674408,am,1,1,0,0
17908,1,0.0,0.4791666567325592,0.4791666567325592,0.9,0.4312500059604645,am,1,1,1,1
17974,0,0.0,0.0,0.0,0.5,0.0,am,3,0,0,1
17989,0,0.0,0.5,0.5,0.5,0.449999988079071,am,5,0,0,1
17990,0,0.0,0.4791666567325592,0.4791666567325592,0.5,0.4416666626930237,am,2,0,0,1
17995,1,-0.0454545351098879,0.4375,0.4791666567325592,0.8,0.4270833432674408,am,5,1,1,1
18018,0,0.0,0.4895833432674408,0.4895833432674408,0.2,0.4406250119209289,am,2,0,1,0
18019,1,0.0,1.0,1.0,0.6,0.8999999761581421,am,4,1,0,0
18023,1,0.0,0.4791666567325592,0.4791666567325592,0.9,0.4312500059604645,am,4,1,1,1
18025,1,-0.0454545351098879,0.4375,0.4791666567325592,0.8,0.4270833432674408,am,2,1,1,1
18029,0,0.0,0.3333333432674408,0.3333333432674408,0.4,0.3333333134651184,am,3,0,1,0
18034,1,0.0,0.4791666567325592,0.4791666567325592,0.8,0.4312500059604645,am,3,1,1,1
18036,0,0.0454545351098879,0.4791666567325592,0.4375,0.2,0.4270833432674408,am,1,0,1,0
1806,1,0.0,0.375,0.375,0.9,0.3375000059604645,am,4,1,1,1
1808,1,0.0588235145620817,0.375,0.3333333432674408,0.3,0.3302083313465118,am,2,1,1,1
18126,0,0.0,0.3333333432674408,0.3333333432674408,0.2,0.2999999821186065,am,2,0,1,0
18128,0,0.0454545351098879,0.4791666567325592,0.4375,0.2,0.4270833432674408,am,5,0,1,0
18226,0,0.0,0.375,0.375,0.1,0.3375000059604645,am,4,0,1,0
1825,0,0.0,0.0,0.0,0.7,0.1500000059604644,am,1,0,0,1
1827,0,0.0,0.0,0.0,0.2,0.0,am,3,0,1,0
18345,0,0.0,0.4791666567325592,0.4791666567325592,0.5,0.4895833134651184,am,3,0,0,1
1839,1,0.0,0.3333333432674408,0.3333333432674408,0.6,0.2999999821186065,am,2,1,1,1
1844,1,-0.0454545351098879,0.4375,0.4791666567325592,0.7,0.4270833432674408,am,4,1,1,1
18482,1,0.0,0.5,0.5,0.3,0.449999988079071,am,5,1,0,0
18483,1,-0.0454545351098879,0.4375,0.4791666567325592,0.8,0.4270833432674408,am,1,1,1,1
18596,0,0.0,0.0,0.0,0.2,0.0,am,4,0,1,0
18662,0,0.0,0.4895833432674408,0.4895833432674408,0.2,0.4406250119209289,am,4,0,1,0
18668,1,0.0,0.4895833432674408,0.4895833432674408,0.8,0.4406250119209289,am,1,1,1,1
18678,1,0.0,0.25,0.25,0.5,0.25,am,4,1,1,1
18688,0,-0.0454545351098879,0.4375,0.4791666567325592,0.8,0.4354166984558105,am,1,0,0,1
18763,1,-0.0454545351098879,0.4375,0.4791666567325592,0.8,0.4270833432674408,am,5,1,1,1
1877,1,0.0,0.3333333432674408,0.3333333432674408,0.6,0.2999999821186065,am,1,1,1,1
18794,0,0.0,0.3333333432674408,0.3333333432674408,0.4,0.2999999821186065,am,2,0,1,0
18800,1,-0.0107527086811569,0.4791666567325592,0.4895833432674408,0.2,0.4406250119209289,am,2,1,0,0
18801,1,0.0,0.3333333432674408,0.3333333432674408,0.2,0.324999988079071,am,5,1,0,0
18826,0,0.0,0.0,0.0,0.2,0.0,am,3,0,1,0
1886,1,0.0,0.4895833432674408,0.4895833432674408,0.7,0.472916692495346,am,1,1,0,0
18884,0,0.0,0.4895833432674408,0.4895833432674408,0.2,0.4406250119209289,am,1,0,1,0
1894,1,0.0,0.5,0.5,0.2,0.449999988079071,am,3,1,1,1
18941,0,0.0,0.25,0.25,0.6,0.2249999940395355,am,5,0,0,1
18945,0,0.0454545351098879,0.4791666567325592,0.4375,0.2,0.4270833432674408,am,4,0,1,0
18957,0,-0.0222222010294359,0.4583333432674408,0.4791666567325592,0.8,0.429166704416275,am,1,0,0,1
1900,0,0.0,0.3333333432674408,0.3333333432674408,0.2,0.2999999821186065,am,1,0,1,0
19099,0,0.0,0.4895833432674408,0.4895833432674408,0.2,0.4406250119209289,am,4,0,1,0
19120,1,0.0,0.4895833432674408,0.4895833432674408,0.7,0.4427083134651184,am,2,1,0,0
19121,1,0.0,0.5,0.5,0.2,0.449999988079071,am,4,1,0,0
19213,1,0.0105263056451158,0.5,0.4895833432674408,0.4,0.4989583492279053,am,2,1,0,0
1925,0,0.0454545351098879,0.4791666567325592,0.4375,0.2,0.4270833432674408,am,3,0,1,0
1928,0,0.0,1.0,1.0,0.4,0.8999999761581421,am,1,0,0,1
19373,0,0.0107527086811569,0.4895833432674408,0.4791666567325592,0.7,0.4406250119209289,am,5,0,0,1
19384,0,0.0,0.0,0.0,0.8,0.0,am,5,0,0,1
194,1,-0.0454545351098879,0.4375,0.4791666567325592,0.8,0.4270833432674408,am,1,1,1,1
19428,0,0.0,0.3333333432674408,0.3333333432674408,0.4,0.2999999821186065,am,4,0,1,0
19460,0,0.0107527086811569,0.4895833432674408,0.4791666567325592,0.5,0.4395833015441894,am,1,0,0,1
19464,1,0.0,0.4791666567325592,0.4791666567325592,0.9,0.4312500059604645,am,5,1,1,1
19531,0,0.0454545351098879,0.4791666567325592,0.4375,0.2,0.4270833432674408,am,2,0,1,0
19542,0,0.0454545351098879,0.4791666567325592,0.4375,0.2,0.4270833432674408,am,5,0,1,0
19571,1,0.0,0.5,0.5,0.3,0.449999988079071,am,5,1,0,0
19618,1,0.0,0.3333333432674408,0.3333333432674408,0.6,0.2999999821186065,am,5,1,1,1
19753,1,0.0,0.0,0.0,0.8,0.0,am,2,1,1,1
19784,0,0.0454545351098879,0.4791666567325592,0.4375,0.2,0.4270833432674408,am,4,0,1,0
19816,0,0.0,0.0,0.0,0.8,0.0,am,1,0,0,1
1982,1,0.0,0.4791666567325592,0.4791666567325592,0.8,0.4312500059604645,am,3,1,1,1
19951,0,0.0,0.3333333432674408,0.3333333432674408,0.5,0.3062500357627868,am,5,0,0,1
1997,0,0.0454545351098879,0.4791666567325592,0.4375,0.2,0.4270833432674408,am,3,0,1,0
20092,1,-0.0107527086811569,0.4791666567325592,0.4895833432674408,0.4,0.4395833015441894,am,4,1,0,0
201,1,0.0,0.3333333432674408,0.3333333432674408,0.8,0.2999999821186065,am,1,1,1,1
20111,1,0.0,0.4791666567325592,0.4791666567325592,0.8,0.4791666567325592,am,1,1,1,1
20157,1,0.0,0.4791666567325592,0.4791666567325592,0.8,0.4791666567325592,am,2,1,1,1
20174,1,-0.0107527086811569,0.4791666567325592,0.4895833432674408,0.5,0.4885416626930237,am,5,1,0,0
20199,0,0.0,0.0,0.0,0.2,0.0,am,1,0,0,1
20202,1,0.0,0.4895833432674408,0.4895833432674408,0.8,0.4406250119209289,am,4,1,1,1
20212,1,0.0,0.4895833432674408,0.4895833432674408,0.8,0.4406250119209289,am,4,1,1,1
2034,0,0.0,0.3333333432674408,0.3333333432674408,0.4,0.2999999821186065,am,4,0,1,0
2042,0,0.0,0.375,0.375,0.1,0.3375000059604645,am,3,0,1,0
2049,1,0.0,0.3333333432674408,0.3333333432674408,0.5,0.2999999821186065,am,5,1,1,1
205,1,0.0,0.3333333432674408,0.3333333432674408,0.5,0.3333333134651184,am,1,1,1,1
2051,0,0.0454545351098879,0.4791666567325592,0.4375,0.2,0.4270833432674408,am,2,0,1,0
20548,0,0.0,0.3333333432674408,0.3333333432674408,0.7,0.3583333492279053,am,3,0,0,1
20857,0,0.0454545351098879,0.4791666567325592,0.4375,0.4,0.4749999940395355,am,4,0,1,0
2091,0,0.0212766061059917,0.5,0.4791666567325592,0.4,0.4479166865348816,am,5,0,0,1
213000,1,0.0,0.5,0.5,0.3,0.5,am,2,1,0,0
2132,1,0.0,0.4895833432674408,0.4895833432674408,0.8,0.4895833432674408,am,4,1,1,1
213316,0,0.0454545351098879,0.4791666567325592,0.4375,0.2,0.4270833432674408,am,3,0,1,0
213367,1,-0.0454545351098879,0.4375,0.4791666567325592,0.8,0.4270833432674408,am,5,1,1,1
213510,1,-0.0105263056451158,0.4895833432674408,0.5,0.5,0.4564583301544189,am,3,1,1,1
213515,1,0.0,0.5,0.5,0.3,0.449999988079071,am,4,1,0,0
2137,1,0.0,0.375,0.375,0.9,0.3375000059604645,am,1,1,1,1
2138,1,0.0,0.3333333432674408,0.3333333432674408,0.5,0.2999999821186065,am,1,1,1,1
214,0,0.0,0.0,0.0,0.2,0.0,am,5,0,0,1
2145,0,0.0,0.0,0.0,0.2,0.0,am,4,0,1,0
2157,1,0.0,0.375,0.375,0.9,0.3375000059604645,am,2,1,1,1
215988,0,0.0,0.0,0.0,0.7,0.0,am,5,0,0,1
2166,1,-0.0454545351098879,0.4375,0.4791666567325592,0.8,0.4270833432674408,am,2,1,1,1
21683,0,0.0,0.5,0.5,0.5,0.449999988079071,am,2,0,0,1
217155,1,0.0,0.4791666567325592,0.4791666567325592,0.8,0.4791666567325592,am,4,1,1,1
21738,1,0.0,0.25,0.25,0.4,0.2249999940395355,am,5,1,0,0
217405,0,0.0,0.4791666567325592,0.4791666567325592,0.5,0.4416666626930237,am,5,0,0,1
217633,0,0.0,0.0,0.0,0.8,0.0,am,3,0,0,1
21806,1,0.0,0.3333333432674408,0.3333333432674408,0.6,0.2999999821186065,am,1,1,1,1
2183,1,0.0,0.3333333432674408,0.3333333432674408,0.8,0.2999999821186065,am,1,1,1,1
21857,1,0.0,0.5,0.5,0.8,0.4918749928474426,am,5,1,0,0
2195,0,0.0454545351098879,0.4791666567325592,0.4375,0.2,0.4270833432674408,am,5,0,1,0
21959,0,0.0,0.375,0.375,0.1,0.3375000059604645,am,4,0,1,0
22105,0,0.0,0.4791666567325592,0.4791666567325592,0.2,0.4312500059604645,am,1,0,1,0
22132,0,-0.0222222010294359,0.4583333432674408,0.4791666567325592,0.8,0.429166704416275,am,2,0,0,1
22195,0,0.0,1.0,1.0,0.5,0.8999999761581421,am,2,0,0,1
22203,0,0.0149893097601224,0.4937500059604645,0.4791666567325592,0.4,0.4954166412353515,am,1,0,1,0
22231,1,0.0,0.3333333432674408,0.3333333432674408,0.6,0.3333333134651184,am,3,1,1,1
222394,0,0.0,0.0,0.0,0.2,0.0,am,4,0,1,0
22276,0,0.0454545351098879,0.4791666567325592,0.4375,0.2,0.4270833432674408,am,3,0,1,0
22288,1,-0.0149893097601224,0.4791666567325592,0.4937500059604645,0.6,0.4460416734218597,am,1,1,1,1
22320,0,0.0,0.4791666567325592,0.4791666567325592,0.5,0.441666692495346,am,5,0,0,1
22405,0,0.0,0.4791666567325592,0.4791666567325592,0.1,0.4312500059604645,am,5,0,1,0
2242,0,0.0454545351098879,0.4791666567325592,0.4375,0.2,0.4270833432674408,am,1,0,1,0
2250,0,0.0,0.0,0.0,0.2,0.0,am,4,0,1,0
2256,1,-0.0454545351098879,0.4375,0.4791666567325592,0.8,0.4270833432674408,am,2,1,1,1
2258,1,0.0,0.3333333432674408,0.3333333432674408,0.6,0.3333333134651184,am,4,1,1,1
226,1,0.0,0.4895833432674408,0.4895833432674408,0.9,0.4406250119209289,am,4,1,1,1
22613,1,0.0,0.375,0.375,0.6,0.3375000059604645,am,5,1,1,1
226675,1,-0.0454545351098879,0.4375,0.4791666567325592,0.8,0.4270833432674408,am,5,1,1,1
226739,1,-0.0454545351098879,0.4375,0.4791666567325592,0.7,0.4270833432674408,am,5,1,1,1
2298,1,-0.0454545351098879,0.4375,0.4791666567325592,0.8,0.4270833432674408,am,3,1,1,1
23,1,0.0,0.375,0.375,0.9,0.3375000059604645,am,2,1,1,1
230,1,0.0,0.0,0.0,0.2,0.0,am,1,1,0,0
23013,0,0.0454545351098879,0.4791666567325592,0.4375,0.2,0.4270833432674408,am,4,0,1,0
230426,0,0.0454545351098879,0.4791666567325592,0.4375,0.2,0.4749999940395355,am,5,0,1,0
23046,0,0.0,0.375,0.375,0.7,0.3625000119209289,am,5,0,1,0
23149,1,0.0,0.3333333432674408,0.3333333432674408,0.6,0.2999999821186065,am,5,1,1,1
23166,1,0.0,0.5,0.5,0.4,0.5,am,1,1,0,0
2319,1,0.0,0.375,0.375,0.9,0.3375000059604645,am,4,1,1,1
23229,0,0.0,0.4791666567325592,0.4791666567325592,0.5,0.4416666626930237,am,5,0,0,1
23234,1,0.0,0.375,0.375,0.5,0.3375000059604645,am,1,1,1,1
232950,0,0.0,0.0,0.0,0.2,0.0,am,3,0,1,0
23352,0,0.0,0.3333333432674408,0.3333333432674408,0.3,0.2999999821186065,am,3,0,1,0
2342,1,0.0,0.4895833432674408,0.4895833432674408,0.8,0.4406250119209289,am,1,1,1,1
23464,1,0.0,0.0,0.0,0.8,0.0,am,3,1,1,1
234798,1,-0.0454545351098879,0.4375,0.4791666567325592,0.7,0.4270833432674408,am,1,1,0,0
23494,1,0.0,0.4895833432674408,0.4895833432674408,0.8,0.4406250119209289,am,1,1,1,1
23502,0,0.0,0.5625,0.5625,0.5,0.5145833492279053,am,4,0,1,0
23512,0,0.0107527086811569,0.4895833432674408,0.4791666567325592,0.8,0.4406250119209289,am,4,0,0,1
2352,0,0.0107527086811569,0.4895833432674408,0.4791666567325592,0.5,0.4395833015441894,am,3,0,0,1
235234,1,0.0,0.0,0.0,0.8,0.0,am,5,1,0,0
23603,0,0.0,0.0,0.0,0.2,0.0,am,3,0,1,0
2377,0,0.0,0.0,0.0,0.8,0.0,am,2,0,0,1
23880,0,0.0,0.4895833432674408,0.4895833432674408,0.3,0.4427083134651184,am,4,0,0,1
23882,0,0.0062893021404196,0.5,0.4937500059604645,0.6,0.4675000309944153,am,1,0,0,1
23893,1,0.0,0.0,0.0,0.8,0.0,am,3,1,1,1
2392,1,0.0,0.4895833432674408,0.4895833432674408,0.8,0.4406250119209289,am,4,1,1,1
23950,0,0.0,0.0,0.0,0.8,0.0,am,5,0,0,1
23983,1,-0.0454545351098879,0.4375,0.4791666567325592,0.8,0.4270833432674408,am,5,1,1,1
2406,0,-0.0222222010294359,0.4583333432674408,0.4791666567325592,0.8,0.4312500059604645,am,2,0,0,1
24166,0,0.0454545351098879,0.4791666567325592,0.4375,0.2,0.4270833432674408,am,1,0,1,0
2421,1,0.0,0.4895833432674408,0.4895833432674408,0.8,0.4406250119209289,am,3,1,1,1
2422,0,0.0,0.4791666567325592,0.4791666567325592,0.1,0.4312500059604645,am,5,0,1,0
24236,1,-0.0454545351098879,0.4375,0.4791666567325592,0.8,0.4270833432674408,am,2,1,1,1
24358,0,0.0,0.4895833432674408,0.4895833432674408,0.2,0.4406250119209289,am,4,0,1,0
2440,1,-0.0454545351098879,0.4375,0.4791666567325592,0.8,0.4270833432674408,am,4,1,1,1
24417,1,0.0,0.4895833432674408,0.4895833432674408,0.7,0.4427083134651184,am,4,1,0,0
2442,0,0.0,0.0,0.0,0.2,0.0,am,4,0,1,0
2453,1,-0.0454545351098879,0.4375,0.4791666567325592,0.8,0.4270833432674408,am,2,1,1,1
24539,1,0.0,0.4895833432674408,0.4895833432674408,0.8,0.4406250119209289,am,1,1,1,1
24618,0,0.0,0.25,0.25,0.5,0.25,am,3,0,1,0
24623,0,0.0,0.3333333432674408,0.3333333432674408,0.2,0.2999999821186065,am,5,0,1,0
2464,1,0.0,0.3333333432674408,0.3333333432674408,0.6,0.2999999821186065,am,4,1,1,1
24667,1,0.0,0.4791666567325592,0.4791666567325592,0.9,0.4312500059604645,am,3,1,1,1
24708,0,0.0,0.25,0.25,0.6,0.2249999940395355,am,1,0,0,1
2475,0,0.0,0.5,0.5,0.7,0.449999988079071,am,1,0,1,0
24759,0,0.0,0.0,0.0,0.2,0.0,am,1,0,0,1
248,0,0.0,0.0,0.0,0.2,0.0,am,1,0,0,1
2481,1,-0.0427698733361838,0.4895833432674408,0.5333333611488342,0.8,0.4868749976158142,am,5,1,0,0
24813,1,0.0,0.4791666567325592,0.4791666567325592,0.8,0.4312500059604645,am,2,1,1,1
24882,1,-0.0107527086811569,0.4791666567325592,0.4895833432674408,0.3,0.4395833611488342,am,2,1,0,0
24891,1,0.0,0.4895833432674408,0.4895833432674408,0.7,0.4739583432674408,am,1,1,0,0
24944,1,0.0,0.3333333432674408,0.3333333432674408,0.6,0.3333333134651184,am,4,1,1,1
24967,0,-0.0588235145620817,0.3333333432674408,0.375,0.6,0.3291666805744171,am,5,0,0,1
25137,0,0.0454545351098879,0.4791666567325592,0.4375,0.2,0.4312500059604645,am,5,0,1,0
25145,1,-0.0149893097601224,0.4791666567325592,0.4937500059604645,0.6,0.4460416734218597,am,5,1,0,0
25200,0,0.0454545351098879,0.4791666567325592,0.4375,0.2,0.4312500059604645,am,4,0,1,0
2522,1,0.0,0.4895833432674408,0.4895833432674408,0.8,0.4406250119209289,am,2,1,1,1
25249,1,0.0,0.3333333432674408,0.3333333432674408,0.8,0.3333333134651184,am,3,1,1,1
2527,0,0.0,0.375,0.375,0.1,0.3375000059604645,am,1,0,1,0
25411,1,-0.0454545351098879,0.4375,0.4791666567325592,0.8,0.4312500059604645,am,5,1,1,1
25433,0,0.0454545351098879,0.4791666567325592,0.4375,0.2,0.4312500059604645,am,5,0,1,0
254887,1,0.0,1.0,1.0,0.6,0.8999999761581421,am,5,1,0,0
255,0,0.0,0.0,0.0,0.5,0.0,am,4,0,0,1
255093,1,0.0,0.375,0.375,0.5,0.3375000059604645,am,4,1,1,1
25518,0,0.0,0.5,0.5,0.7,0.449999988079071,am,1,0,1,0
256291,0,0.0,0.3125,0.3125,0.3,0.28125,am,5,0,1,0
2572,1,-0.0454545351098879,0.4375,0.4791666567325592,0.8,0.4312500059604645,am,5,1,1,1
258066,1,0.0,0.0,0.0,0.8,0.0,am,1,1,0,0
25807,0,0.0,0.3333333432674408,0.3333333432674408,0.2,0.2999999821186065,am,3,0,1,0
258086,1,0.0,0.3333333432674408,0.3333333432674408,0.6,0.3333333134651184,am,5,1,1,1
258522,0,0.0,0.3333333432674408,0.3333333432674408,0.4,0.2999999821186065,am,5,0,1,0
25873,1,0.0,0.4895833432674408,0.4895833432674408,0.7,0.4406250119209289,am,5,1,1,1
25877,0,0.0427350434316563,0.3812499940395355,0.3499999940395355,0.2,0.3345833122730255,am,1,0,1,0
25895,0,0.0,0.4791666567325592,0.4791666567325592,0.2,0.4312500059604645,am,3,0,1,0
259,0,-0.0212766061059917,0.4791666567325592,0.5,0.7,0.449999988079071,am,2,0,0,1
2591,0,0.0,0.5,0.5,0.5,0.449999988079071,am,2,0,0,1
25913,1,0.0,0.4895833432674408,0.4895833432674408,0.7,0.4406250119209289,am,3,1,1,1
259152,1,0.0212766061059917,0.5,0.4791666567325592,0.2,0.449999988079071,am,5,1,0,0
25935,1,0.0,0.0,0.0,0.8,0.0,am,5,1,0,0
25951,0,0.0,1.0,1.0,0.4,1.0,am,2,0,0,1
25961,1,0.0,0.0,0.0,0.8,0.0,am,3,1,1,1
25967,1,0.0,0.4791666567325592,0.4791666567325592,0.5,0.4416666626930237,am,1,1,0,0
26045,0,0.0,0.375,0.375,0.5,0.3375000059604645,am,2,0,1,0
260938,1,0.0,0.4895833432674408,0.4895833432674408,0.7,0.4406250119209289,am,4,1,1,1
26245,1,0.0,0.0,0.0,0.8,0.0,am,1,1,0,0
2628,1,-0.0454545351098879,0.4375,0.4791666567325592,0.8,0.4312500059604645,am,4,1,1,1
26339,0,0.0,0.4791666567325592,0.4791666567325592,0.2,0.4312500059604645,am,2,0,1,0
26344,1,-0.0454545351098879,0.4375,0.4791666567325592,0.8,0.4312500059604645,am,1,1,1,1
264,1,-0.0454545351098879,0.4375,0.4791666567325592,0.8,0.4312500059604645,am,4,1,1,1
2646,0,0.0,0.4895833432674408,0.4895833432674408,0.3,0.4406250119209289,am,2,0,1,0
26462,1,0.0,0.3333333432674408,0.3333333432674408,0.6,0.2999999821186065,am,4,1,1,1
26548,1,-0.0454545351098879,0.4375,0.4791666567325592,0.8,0.4312500059604645,am,4,1,1,1
2662,1,0.0,0.4791666567325592,0.4791666567325592,0.8,0.4312500059604645,am,1,1,1,1
26724,0,0.0454545351098879,0.4791666567325592,0.4375,0.2,0.4312500059604645,am,3,0,1,0
2687,1,-0.0454545351098879,0.4375,0.4791666567325592,0.7,0.4312500059604645,am,2,1,1,1
26871,1,0.0,0.4937500059604645,0.4937500059604645,0.6,0.5118750333786011,am,4,1,1,1
2690,1,0.0,0.4895833432674408,0.4895833432674408,0.7,0.4406250119209289,am,1,1,1,1
270,1,0.0,0.4895833432674408,0.4895833432674408,0.7,0.4406250119209289,am,3,1,1,1
27023,0,0.0454545351098879,0.4791666567325592,0.4375,0.2,0.4312500059604645,am,3,0,1,0
27115,0,0.0454545351098879,0.4791666567325592,0.4375,0.2,0.4312500059604645,am,5,0,1,0
27121,0,0.0,1.0,1.0,0.5,0.8999999761581421,am,2,0,0,1
27142,1,-0.0454545351098879,0.4375,0.4791666567325592,0.8,0.4312500059604645,am,3,1,1,1
27159,0,0.0,1.0,1.0,0.5,0.8999999761581421,am,1,0,0,1
27180,1,-0.0454545351098879,0.4375,0.4791666567325592,0.8,0.4312500059604645,am,5,1,1,1
27256,0,0.0,0.3333333432674408,0.3333333432674408,0.4,0.2999999821186065,am,1,0,1,0
27306,0,0.0,0.4895833432674408,0.4895833432674408,0.4,0.4437499940395355,am,1,0,0,1
27348,0,0.0,0.375,0.375,0.1,0.3375000059604645,am,4,0,1,0
2754,1,0.0,0.0,0.0,0.5,0.0,am,3,1,0,0
27561,0,0.0454545351098879,0.4791666567325592,0.4375,0.2,0.4312500059604645,am,1,0,1,0
27580,1,0.0,0.0,0.0,0.8,0.0,am,4,1,1,1
27582,0,0.0454545351098879,0.4791666567325592,0.4375,0.2,0.4312500059604645,am,4,0,1,0
2759,0,0.0,0.375,0.375,0.7,0.3375000059604645,am,2,0,1,0
27665,1,0.0,0.4791666567325592,0.4791666567325592,0.8,0.4312500059604645,am,4,1,1,1
27688,0,0.0454545351098879,0.4791666567325592,0.4375,0.2,0.4312500059604645,am,2,0,1,0
2770,0,0.0,0.3333333432674408,0.3333333432674408,0.4,0.2999999821186065,am,3,0,1,0
2780,1,0.0,0.5,0.5,0.5,0.5,am,1,1,0,0
280,1,0.0,0.4791666567325592,0.4791666567325592,0.8,0.4312500059604645,am,1,1,1,1
2832,1,-0.0454545351098879,0.4375,0.4791666567325592,0.8,0.4312500059604645,am,1,1,1,1
2833,0,0.0,0.3333333432674408,0.3333333432674408,0.3,0.2999999821186065,am,4,0,1,0
284,1,0.0,0.4895833432674408,0.4895833432674408,0.7,0.4895833432674408,am,2,1,1,1
2845,1,-0.0454545351098879,0.4375,0.4791666567325592,0.8,0.4312500059604645,am,5,1,1,1
2846,0,0.0107527086811569,0.4895833432674408,0.4791666567325592,0.5,0.4395833015441894,am,1,0,0,1
287,1,0.0,0.0,0.0,0.8,0.0,am,1,1,0,0
28980,0,0.0588235145620817,0.375,0.3333333432674408,0.5,0.3312500119209289,am,2,0,1,0
2939,0,0.0,0.0,0.0,0.2,0.0,am,2,0,1,0
295,1,0.0,0.0,0.0,0.8,0.0,am,4,1,1,1
2954,1,0.0,0.4791666567325592,0.4791666567325592,0.8,0.4312500059604645,am,5,1,1,1
2957,1,0.0,0.25,0.25,0.5,0.2249999940395355,am,4,1,1,1
2988,1,0.0,0.5625,0.5625,0.6,0.5062500238418579,am,1,1,1,1
30,1,0.0,0.375,0.375,0.9,0.3375000059604645,am,5,1,1,1
300008,1,0.0,0.375,0.375,0.9,0.3375000059604645,am,1,1,1,1
300058,1,0.0,0.4791666567325592,0.4791666567325592,0.8,0.4312500059604645,am,3,1,1,1
300201,0,-0.0105263056451158,0.4895833432674408,0.5,0.4,0.4989582896232605,am,5,0,0,1
300391,1,0.0,0.3333333432674408,0.3333333432674408,0.6,0.3333333134651184,am,4,1,1,1
3004,0,-0.0222222010294359,0.4583333432674408,0.4791666567325592,0.7,0.4312500059604645,am,3,0,0,1
300429,1,0.0,0.25,0.25,0.5,0.2249999940395355,am,2,1,1,1
300431,1,0.0,0.3333333432674408,0.3333333432674408,0.6,0.2999999821186065,am,2,1,1,1
300433,1,0.0,0.3125,0.3125,0.6,0.28125,am,4,1,1,1
300458,0,0.0454545351098879,0.4791666567325592,0.4375,0.2,0.4270833432674408,am,5,0,1,0
300558,0,0.0105263056451158,0.5,0.4895833432674408,0.4,0.4564583301544189,am,1,0,0,1
300585,1,0.0,0.4791666567325592,0.4791666567325592,0.8,0.4312500059604645,am,3,1,1,1
300619,0,0.0,0.5,0.5,0.6,0.449999988079071,am,3,0,0,1
300629,1,0.0,0.4895833432674408,0.4895833432674408,0.7,0.4427083134651184,am,3,1,1,1
300651,1,0.0,0.4895833432674408,0.4895833432674408,0.7,0.4427083134651184,am,4,1,0,0
300705,1,0.0,0.5,0.5,0.4,0.5,am,4,1,0,0
300716,0,-0.0693069205962653,0.4895833432674408,0.5625,0.7,0.4989582896232605,am,4,0,0,1
3008,1,0.0,0.3333333432674408,0.3333333432674408,0.6,0.2999999821186065,am,2,1,1,1
300977,1,0.0,0.4791666567325592,0.4791666567325592,0.8,0.4312500059604645,am,3,1,1,1
301073,1,0.0,0.0,0.0,0.5,0.0,am,2,1,0,0
301099,0,0.0,1.0,1.0,0.4,1.0,am,5,0,0,1
301232,0,0.0,0.4895833432674408,0.4895833432674408,0.3,0.4406250119209289,am,3,0,1,0
301304,1,0.0,1.0,1.0,0.6,0.8999999761581421,am,2,1,0,0
301319,1,0.0,1.0,1.0,0.6,0.8999999761581421,am,1,1,0,0
301333,1,0.0,0.3125,0.3125,0.6,0.28125,am,5,1,1,1
301355,0,0.0,0.4791666567325592,0.4791666567325592,0.8,0.4416666626930237,am,4,0,0,1
301424,1,-0.0526315670593948,0.375,0.4166666567325592,0.5,0.4208332896232605,am,4,1,1,1
301444,1,0.0,0.3333333432674408,0.3333333432674408,0.7,0.3125,am,5,1,0,0
301452,1,0.0,0.4791666567325592,0.4791666567325592,0.8,0.4312500059604645,am,3,1,1,1
3015,1,0.0,0.4895833432674408,0.4895833432674408,0.6,0.4427083134651184,am,5,1,0,0
301558,1,0.0,0.4895833432674408,0.4895833432674408,0.7,0.4739583432674408,am,3,1,1,1
301575,0,0.0,0.4895833432674408,0.4895833432674408,0.4,0.4427083134651184,am,3,0,1,0
30160,1,0.0,0.0,0.0,0.5,0.0,am,4,1,0,0
301855,1,-0.0454545351098879,0.4375,0.4791666567325592,0.8,0.4749999940395355,am,1,1,1,1
301875,1,0.0,0.4895833432674408,0.4895833432674408,0.6,0.4427083134651184,am,1,1,0,0
301883,1,0.0,0.5,0.5,0.4,0.449999988079071,am,5,1,0,0
302227,0,0.0,0.0,0.0,0.7,0.0,am,1,0,0,1
302234,1,0.0,0.4791666567325592,0.4791666567325592,0.8,0.4312500059604645,am,5,1,1,1
302290,0,0.0,0.0,0.0,0.2,0.0,am,4,0,1,0
303,0,0.0,0.4895833432674408,0.4895833432674408,0.3,0.4406250119209289,am,5,0,1,0
303035,1,0.0,0.25,0.25,0.5,0.25,am,4,1,1,1
303045,0,0.0,0.0,0.0,0.4,0.0,am,3,0,1,0
303182,1,0.0,0.4895833432674408,0.4895833432674408,0.7,0.4406250119209289,am,4,1,1,1
303222,1,0.0,0.0,0.0,0.5,0.0,am,2,1,0,0
303231,1,0.0,0.5,0.5,0.4,0.449999988079071,am,3,1,1,1
303425,0,0.0,0.375,0.375,0.7,0.3375000059604645,am,2,0,1,0
303610,0,0.0,0.4791666567325592,0.4791666567325592,0.2,0.4312500059604645,am,4,0,1,0
303640,0,0.0,0.0,0.0,0.5,0.0,am,1,0,1,0
304050,0,0.0,0.0,0.0,0.8,0.0,am,1,0,0,1
304081,1,0.0,0.25,0.25,0.5,0.2249999940395355,am,2,1,1,1
3043,1,0.0,0.3333333432674408,0.3333333432674408,0.6,0.2999999821186065,am,1,1,1,1
304705,0,0.0,0.0,0.0,0.5,0.0,am,1,0,1,0
30484,0,0.0,0.4791666567325592,0.4791666567325592,0.1,0.4312500059604645,am,4,0,1,0
3084,1,-0.0454545351098879,0.4375,0.4791666567325592,0.7,0.4749999940395355,am,1,1,1,1
3147,0,0.0,0.0,0.0,0.4,0.0,am,2,0,1,0
3160,1,0.0,0.0,0.0,0.8,0.0,am,5,1,0,0
3164,1,-0.0454545351098879,0.4375,0.4791666567325592,0.8,0.4270833432674408,am,3,1,1,1
317,1,-0.0454545351098879,0.4375,0.4791666567325592,0.8,0.4270833432674408,am,1,1,1,1
32,0,0.0107527086811569,0.4895833432674408,0.4791666567325592,0.5,0.4395833015441894,am,1,0,0,1
3214,0,0.0,0.0,0.0,0.4,0.0,am,5,0,1,0
3221,1,-0.0454545351098879,0.4375,0.4791666567325592,0.8,0.4270833432674408,am,4,1,1,1
32423,1,0.0,0.0,0.0,0.8,0.0,am,5,1,0,0
3257,1,0.0,0.0,0.0,0.8,0.0,am,1,1,0,0
32579,1,-0.0454545351098879,0.4375,0.4791666567325592,0.8,0.4270833432674408,am,3,1,1,1
3260,1,0.0,0.5,0.5,0.3,0.449999988079071,am,2,1,0,0
32765,0,0.0454545351098879,0.4791666567325592,0.4375,0.2,0.4270833432674408,am,5,0,1,0
32784,0,0.0,0.25,0.25,0.4,0.25,am,1,0,0,1
32790,0,0.0,0.4791666567325592,0.4791666567325592,0.0,0.4312500059604645,am,5,0,1,0
32798,0,0.0,0.4791666567325592,0.4791666567325592,0.0,0.4312500059604645,am,3,0,1,0
3285,1,0.0,0.5,0.5,0.2,0.449999988079071,am,2,1,0,0
32943,0,0.0454545351098879,0.4791666567325592,0.4375,0.2,0.4270833432674408,am,3,0,1,0
32994,0,0.0,0.0,0.0,0.7,0.0,am,1,0,0,1
3313,1,0.0,0.4895833432674408,0.4895833432674408,0.7,0.4406250119209289,am,5,1,1,1
332,1,0.0,0.375,0.375,0.9,0.3375000059604645,am,2,1,1,1
33258,0,0.0,0.0,0.0,0.2,0.0,am,2,0,1,0
3329,0,0.0,0.4791666567325592,0.4791666567325592,0.5,0.4895833134651184,am,5,0,0,1
33311,1,0.0,0.4791666567325592,0.4791666567325592,1.0,0.4312500059604645,am,1,1,1,1
33360,0,0.0,0.4791666567325592,0.4791666567325592,0.5,0.4895833134651184,am,1,0,0,1
335,1,-0.0454545351098879,0.4375,0.4791666567325592,0.8,0.4270833432674408,am,1,1,1,1
33559,0,-0.0222222010294359,0.4583333432674408,0.4791666567325592,0.8,0.4312500059604645,am,1,0,0,1
33645,0,0.0,0.0,0.0,0.2,0.0,am,5,0,0,1
3365,1,-0.0107527086811569,0.4791666567325592,0.4895833432674408,0.5,0.4395833015441894,am,1,1,0,0
33660,0,0.0,0.0,0.0,0.2,0.0,am,4,0,1,0
33742,0,0.0,0.0,0.0,0.2,0.0,am,5,0,0,1
33767,1,0.0,0.3333333432674408,0.3333333432674408,0.6,0.3333333134651184,am,3,1,1,1
33805,0,0.0,0.3333333432674408,0.3333333432674408,0.4,0.2999999821186065,am,4,0,1,0
33868,0,0.0,0.3333333432674408,0.3333333432674408,0.4,0.2999999821186065,am,5,0,1,0
339,1,0.0,0.25,0.25,0.6,0.2249999940395355,am,2,1,1,1
3408,0,0.0454545351098879,0.4791666567325592,0.4375,0.2,0.4270833432674408,am,5,0,1,0
34090,1,0.0,0.3333333432674408,0.3333333432674408,0.6,0.2999999821186065,am,2,1,1,1
34100,1,0.0,0.4895833432674408,0.4895833432674408,0.6,0.4427083134651184,am,4,1,0,0
34148,1,0.0,0.0,0.0,0.8,0.0,am,4,1,1,1
34150,1,0.0,0.4895833432674408,0.4895833432674408,0.6,0.4427083134651184,am,5,1,0,0
34210,0,0.0,0.3333333432674408,0.3333333432674408,0.4,0.2999999821186065,am,2,0,1,0
34265,0,0.0107527086811569,0.4895833432674408,0.4791666567325592,0.8,0.4406250119209289,am,2,0,0,1
3431,0,0.0,0.3333333432674408,0.3333333432674408,0.4,0.2999999821186065,am,1,0,1,0
34320,1,0.0,0.4791666567325592,0.4791666567325592,1.0,0.4312500059604645,am,5,1,1,1
34324,1,-0.0454545351098879,0.4375,0.4791666567325592,0.8,0.4270833432674408,am,5,1,1,1
34358,0,0.0,0.4791666567325592,0.4791666567325592,0.5,0.4416666626930237,am,2,0,0,1
344,1,0.0,0.4375,0.4375,0.4,0.3937500119209289,am,1,1,1,1
34416,1,0.0,0.3333333432674408,0.3333333432674408,0.6,0.3333333134651184,am,4,1,1,1
34519,1,0.0,0.3333333432674408,0.3333333432674408,0.6,0.2999999821186065,am,2,1,1,1
3453,0,0.0,0.4791666567325592,0.4791666567325592,0.0,0.4312500059604645,am,3,0,1,0
34557,0,0.0454545351098879,0.4791666567325592,0.4375,0.2,0.4270833432674408,am,5,0,1,0
34564,1,0.0,0.5,0.5,0.2,0.449999988079071,am,4,1,0,0
3459,1,0.0,0.3333333432674408,0.3333333432674408,0.6,0.3333333134651184,am,4,1,1,1
34612,1,-0.0666666666665955,0.4375,0.5,0.7,0.4395833015441894,am,4,1,1,1
34618,0,0.0,0.375,0.375,0.5,0.3375000059604645,am,1,0,1,0
34668,0,0.0454545351098879,0.4791666567325592,0.4375,0.3,0.4749999940395355,am,2,0,1,0
3470,0,0.0,0.4791666567325592,0.4791666567325592,0.6,0.4416666626930237,am,5,0,0,1
3471,1,-0.0454545351098879,0.4375,0.4791666567325592,0.8,0.4270833432674408,am,5,1,1,1
34713,0,0.0454545351098879,0.4791666567325592,0.4375,0.2,0.4270833432674408,am,1,0,1,0
34718,0,0.0,0.4895833432674408,0.4895833432674408,0.5,0.4822916984558105,am,5,0,0,1
34819,0,0.0,0.25,0.25,0.4,0.2249999940395355,am,4,0,1,0
34853,0,0.0,0.4791666567325592,0.4791666567325592,0.6,0.4416666626930237,am,1,0,0,1
349,1,0.0,0.5,0.5,0.3,0.449999988079071,am,2,1,0,0
3491,1,0.0,0.4791666567325592,0.4791666567325592,1.0,0.4312500059604645,am,4,1,1,1
3495,0,0.0,0.0,0.0,0.8,0.0,am,2,0,0,1
3499,1,0.0222222010294359,0.4791666567325592,0.4583333432674408,0.2,0.4312500059604645,am,5,1,0,0
351,1,-0.0526315670593948,0.375,0.4166666567325592,0.5,0.3833333253860473,am,4,1,1,1
3517,0,0.0,0.3333333432674408,0.3333333432674408,0.4,0.2999999821186065,am,1,0,1,0
35185,0,0.0,0.0,0.0,0.2,0.0,am,3,0,1,0
352,0,-0.0105263056451158,0.4895833432674408,0.5,0.5,0.4647916853427887,am,4,0,0,1
35301,1,0.0105263056451158,0.5,0.4895833432674408,0.5,0.4489583373069763,am,5,1,0,0
35322,0,0.0107527086811569,0.4895833432674408,0.4791666567325592,0.7,0.4406250119209289,am,1,0,0,1
35331,0,0.0454545351098879,0.4791666567325592,0.4375,0.2,0.4270833432674408,am,2,0,1,0
354,1,0.0,0.4895833432674408,0.4895833432674408,0.6,0.4427083134651184,am,5,1,0,0
355,0,0.0,0.375,0.375,0.1,0.3375000059604645,am,4,0,1,0
35573,1,-0.0454545351098879,0.4375,0.4791666567325592,0.8,0.4270833432674408,am,4,1,1,1
35691,0,0.0,0.375,0.375,0.5,0.3375000059604645,am,4,0,1,0
3577,0,0.0,0.5,0.5,0.5,0.4681250154972076,am,2,0,1,0
36330,1,-0.0454545351098879,0.4375,0.4791666567325592,0.8,0.4270833432674408,am,5,1,1,1
36332,1,0.0,0.3333333432674408,0.3333333432674408,0.6,0.2999999821186065,am,5,1,1,1
36333,1,-0.0107527086811569,0.4791666567325592,0.4895833432674408,0.3,0.4395833611488342,am,2,1,0,0
3634,0,0.0107527086811569,0.4895833432674408,0.4791666567325592,0.8,0.4406250119209289,am,1,0,0,1
36340,0,0.0,0.0,0.0,0.8,0.0,am,1,0,0,1
36342,0,-0.0222222010294359,0.4583333432674408,0.4791666567325592,0.7,0.4770833551883697,am,3,0,0,1
36393,1,0.0,0.0,0.0,0.8,0.0,am,5,1,0,0
36414,1,0.0,0.3333333432674408,0.3333333432674408,0.8,0.2999999821186065,am,3,1,1,1
36442,1,0.0,0.4895833432674408,0.4895833432674408,0.7,0.4406250119209289,am,2,1,1,1
36458,0,0.0,0.4895833432674408,0.4895833432674408,0.3,0.4427083134651184,am,1,0,0,1
365,0,0.0,0.0,0.0,0.2,0.0,am,1,0,0,1
36533,1,0.0,0.4791666567325592,0.4791666567325592,0.4,0.4895833134651184,am,5,1,0,0
36534,0,0.0454545351098879,0.4791666567325592,0.4375,0.2,0.4270833432674408,am,5,0,1,0
36546,0,0.0454545351098879,0.4791666567325592,0.4375,0.2,0.4270833432674408,am,3,0,1,0
36549,1,0.0526315670593948,0.4166666567325592,0.375,0.4,0.3760416507720947,am,3,1,0,0
36561,0,0.0,0.4895833432674408,0.4895833432674408,0.3,0.4406250119209289,am,4,0,1,0
36562,1,-0.0454545351098879,0.4375,0.4791666567325592,0.8,0.4270833432674408,am,3,1,1,1
36565,0,0.0,0.0,0.0,0.7,0.1500000059604644,am,1,0,0,1
36574,1,0.0,0.4895833432674408,0.4895833432674408,0.7,0.4406250119209289,am,1,1,1,1
36590,1,-0.0454545351098879,0.4375,0.4791666567325592,0.8,0.4270833432674408,am,4,1,1,1
36599,0,0.0588235294117093,0.5625,0.5,0.4,0.5562499761581421,am,1,0,0,1
36606,1,0.0,0.3333333432674408,0.3333333432674408,0.6,0.3333333134651184,am,2,1,1,1
36622,0,0.0,0.0,0.0,0.8,0.0,am,3,0,0,1
36666,0,0.0,0.5,0.5,0.3,0.4937500059604645,am,1,0,0,1
36678,1,-0.0454545351098879,0.4375,0.4791666567325592,0.8,0.4749999940395355,am,5,1,1,1
36681,0,0.0,0.4791666567325592,0.4791666567325592,0.0,0.4312500059604645,am,2,0,1,0
36735,0,0.0,0.3333333432674408,0.3333333432674408,0.4,0.2999999821186065,am,3,0,1,0
36836,0,0.0,0.0,0.0,0.7,0.0,am,3,0,0,1
36838,1,-0.0149893097601224,0.4791666567325592,0.4937500059604645,0.5,0.4460416734218597,am,3,1,0,0
36882,1,0.0,0.4895833432674408,0.4895833432674408,0.7,0.4406250119209289,am,4,1,1,1
36887,0,0.0,0.4895833432674408,0.4895833432674408,0.3,0.4406250119209289,am,2,0,1,0
36931,1,0.0,0.4791666567325592,0.4791666567325592,1.0,0.4312500059604645,am,2,1,1,1
36964,1,-0.0454545351098879,0.4375,0.4791666567325592,0.8,0.4270833432674408,am,4,1,1,1
3697,1,0.0,0.4895833432674408,0.4895833432674408,0.7,0.4427083134651184,am,5,1,0,0
370,0,0.0,0.4895833432674408,0.4895833432674408,0.3,0.4406250119209289,am,5,0,1,0
37046,0,-0.0212766061059917,0.4791666567325592,0.5,0.8,0.4479166567325592,am,4,0,0,1
37076,0,0.0,0.3125,0.3125,0.3,0.28125,am,1,0,1,0
37116,1,0.0,0.3333333432674408,0.3333333432674408,0.6,0.3333333134651184,am,2,1,1,1
37126,0,0.0,0.0,0.0,0.8,0.0,am,2,0,0,1
37129,1,-0.0454545351098879,0.4375,0.4791666567325592,0.8,0.4270833432674408,am,4,1,1,1
37148,1,0.0,0.3333333432674408,0.3333333432674408,0.6,0.2999999821186065,am,4,1,1,1
37236,0,0.0,0.25,0.25,0.4,0.2249999940395355,am,4,0,1,0
37260,0,-0.0212766061059917,0.4791666567325592,0.5,0.7,0.449999988079071,am,3,0,0,1
373,1,0.0,0.4895833432674408,0.4895833432674408,0.7,0.4406250119209289,am,2,1,1,1
37341,0,0.0,0.3333333432674408,0.3333333432674408,0.5,0.3062500357627868,am,2,0,1,0
37371,1,0.0,0.4895833432674408,0.4895833432674408,0.7,0.4406250119209289,am,4,1,1,1
37540,1,0.0,0.4791666567325592,0.4791666567325592,0.5,0.4895833134651184,am,2,1,0,0
37556,1,0.0,0.4791666567325592,0.4791666567325592,1.0,0.4312500059604645,am,5,1,1,1
37716,1,-0.0454545351098879,0.4375,0.4791666567325592,0.8,0.4270833432674408,am,4,1,1,1
3774,1,0.0,0.4895833432674408,0.4895833432674408,0.7,0.4406250119209289,am,2,1,1,1
380,0,0.0,0.0,0.0,0.2,0.0,am,5,0,0,1
38147,0,0.0,0.3333333432674408,0.3333333432674408,0.7,0.3145833313465118,am,4,0,0,1
38207,1,0.0,0.4895833432674408,0.4895833432674408,0.3,0.4833332896232605,am,2,1,0,0
38240,1,0.0,0.5,0.5,0.3,0.449999988079071,am,4,1,0,0
38354,1,0.0,0.375,0.375,0.9,0.3375000059604645,am,4,1,1,1
38403,1,-0.0107527086811569,0.4791666567325592,0.4895833432674408,0.4,0.4395833015441894,am,4,1,0,0
38552,0,0.0454545351098879,0.4791666567325592,0.4375,0.2,0.4270833432674408,am,5,0,1,0
38559,0,0.0,0.25,0.25,0.4,0.2249999940395355,am,2,0,1,0
3856,0,0.0,0.0,0.0,0.8,0.0,am,3,0,0,1
38565,1,0.0,0.5,0.5,0.3,0.449999988079071,am,2,1,0,0
38617,1,-0.0454545351098879,0.4375,0.4791666567325592,0.8,0.4270833432674408,am,2,1,1,1
38621,1,0.0222222010294359,0.4791666567325592,0.4583333432674408,0.2,0.4312500059604645,am,2,1,0,0
38640,1,0.0,1.0,1.0,0.6,0.8999999761581421,am,2,1,0,0
38737,0,0.0454545351098879,0.4791666567325592,0.4375,0.2,0.4270833432674408,am,2,0,1,0
38745,1,0.0,0.3333333432674408,0.3333333432674408,0.6,0.2999999821186065,am,5,1,1,1
388,1,0.0,0.3333333432674408,0.3333333432674408,0.6,0.2999999821186065,am,5,1,1,1
38888,1,0.0,0.4791666567325592,0.4791666567325592,0.3,0.4416666626930237,am,3,1,0,0
3904,0,0.0107527086811569,0.4895833432674408,0.4791666567325592,0.7,0.4406250119209289,am,4,0,0,1
39098,1,0.0,0.3333333432674408,0.3333333432674408,0.6,0.2999999821186065,am,2,1,1,1
39128,0,0.0454545351098879,0.4791666567325592,0.4375,0.2,0.4270833432674408,am,5,0,1,0
39199,1,-0.0454545351098879,0.4375,0.4791666567325592,0.8,0.4270833432674408,am,3,1,1,1
39453,1,-0.0454545351098879,0.4375,0.4791666567325592,0.8,0.4270833432674408,am,4,1,1,1
39508,0,0.0,0.375,0.375,0.1,0.375,am,3,0,1,0
39545,0,0.0,0.375,0.375,0.7,0.3375000059604645,am,2,0,1,0
3955,0,0.0,0.4895833432674408,0.4895833432674408,0.3,0.4406250119209289,am,4,0,1,0
3974,0,0.0454545351098879,0.4791666567325592,0.4375,0.2,0.4270833432674408,am,1,0,1,0
398,1,0.0,0.375,0.375,0.9,0.3375000059604645,am,5,1,1,1
39825,1,0.0,0.0,0.0,0.5,0.0,am,4,1,0,0
39957,0,0.0454545351098879,0.4791666567325592,0.4375,0.2,0.4270833432674408,am,4,0,1,0
40,0,0.0,1.0,1.0,0.4,0.8999999761581421,am,2,0,0,1
400,1,0.0,0.3333333432674408,0.3333333432674408,0.6,0.3333333134651184,am,5,1,1,1
400084,1,0.0303030014037645,0.3541666567325592,0.3333333432674408,0.4,0.3312500119209289,am,5,1,0,0
400092,0,0.0,0.0,0.0,0.2,0.0,am,1,0,0,1
400151,0,0.0454545351098879,0.4791666567325592,0.4375,0.2,0.4270833432674408,am,1,0,1,0
400160,1,-0.0212766061059917,0.4791666567325592,0.5,0.5,0.4479166567325592,am,3,1,1,1
4004,1,0.0,0.3541666567325592,0.3541666567325592,0.7,0.3187500238418579,am,5,1,1,1
400548,0,0.0,0.5,0.5,0.7,0.449999988079071,am,3,0,1,0
400648,1,0.0,0.4895833432674408,0.4895833432674408,0.6,0.4427083134651184,am,5,1,0,0
400672,1,0.0,0.5,0.5,0.3,0.449999988079071,am,4,1,0,0
400718,0,0.0,0.5,0.5,0.7,0.449999988079071,am,1,0,1,0
400777,1,-0.0454545351098879,0.4375,0.4791666567325592,0.8,0.4270833432674408,am,5,1,1,1
400786,0,0.0,0.5,0.5,0.7,0.449999988079071,am,5,0,0,1
400882,1,-0.0526315670593948,0.375,0.4166666567325592,0.5,0.3833333253860473,am,3,1,1,1
40092,0,0.0,0.4791666567325592,0.4791666567325592,0.6,0.4416666626930237,am,4,0,0,1
400964,1,0.0,0.4791666567325592,0.4791666567325592,0.4,0.4416666626930237,am,5,1,0,0
400980,1,0.0,0.4791666567325592,0.4791666567325592,0.9,0.4791666567325592,am,3,1,1,1
40104,1,0.0,0.4791666567325592,0.4791666567325592,0.9,0.4791666567325592,am,4,1,1,1
401069,1,0.0,0.0,0.0,0.8,0.0,am,1,1,0,0
4011,0,0.0107527086811569,0.4895833432674408,0.4791666567325592,0.7,0.4395833015441894,am,1,0,0,1
40112,1,0.0,0.3333333432674408,0.3333333432674408,0.7,0.3125,am,2,1,1,1
401162,0,0.0,0.3333333432674408,0.3333333432674408,0.4,0.2999999821186065,am,2,0,1,0
40117,1,0.0,0.4791666567325592,0.4791666567325592,0.5,0.4416666626930237,am,4,1,0,0
401179,1,0.0,0.375,0.375,0.9,0.3375000059604645,am,5,1,1,1
401276,1,0.0,0.0,0.0,0.3,0.0,am,1,1,0,0
40146,1,-0.0454545351098879,0.4375,0.4791666567325592,0.8,0.4270833432674408,am,3,1,1,1
401526,1,-0.0454545351098879,0.4375,0.4791666567325592,0.8,0.4270833432674408,am,1,1,1,1
401609,0,0.0,1.0,1.0,0.5,0.8999999761581421,am,1,0,0,1
401738,1,0.0,0.0,0.0,0.5,0.0,am,3,1,0,0
401797,0,0.0454545351098879,0.4791666567325592,0.4375,0.2,0.4749999940395355,am,1,0,1,0
402053,0,0.0,0.4895833432674408,0.4895833432674408,0.1,0.4406250119209289,am,3,0,1,0
402074,0,0.0,0.0,0.0,0.2,0.0,am,4,0,1,0
402144,0,0.0105263056451158,0.5,0.4895833432674408,0.4,0.4564583301544189,am,1,0,0,1
40215,1,-0.0454545351098879,0.4375,0.4791666567325592,0.8,0.4749999940395355,am,1,1,1,1
402255,0,0.0,0.4791666567325592,0.4791666567325592,0.6,0.4895833134651184,am,1,0,0,1
402280,0,0.0,0.4895833432674408,0.4895833432674408,0.2,0.4406250119209289,am,4,0,1,0
402304,1,0.0,0.0,0.0,0.5,0.0,am,4,1,0,0
402361,1,0.0,0.4791666567325592,0.4791666567325592,0.9,0.4791666567325592,am,5,1,1,1
402480,1,-0.0107527086811569,0.4791666567325592,0.4895833432674408,0.2,0.4406250119209289,am,5,1,0,0
402652,0,0.0,0.4895833432674408,0.4895833432674408,0.2,0.4406250119209289,am,5,0,1,0
402731,1,0.0,0.25,0.25,0.5,0.2249999940395355,am,5,1,0,0
402868,0,0.0454545351098879,0.4791666567325592,0.4375,0.2,0.4749999940395355,am,5,0,1,0
40294,0,0.0,0.4791666567325592,0.4791666567325592,0.5,0.4416666626930237,am,4,0,0,1
402981,0,0.0,0.4791666567325592,0.4791666567325592,0.1,0.4791666567325592,am,4,0,1,0
403,1,0.0,0.0,0.0,0.8,0.0,am,5,1,0,0
403261,1,0.0,0.25,0.25,0.6,0.2249999940395355,am,4,1,1,1
403363,1,0.0,0.375,0.375,0.2,0.3375000059604645,am,1,1,1,1
403565,1,0.0,0.4895833432674408,0.4895833432674408,0.8,0.4406250119209289,am,3,1,1,1
40361,0,0.0,0.4791666567325592,0.4791666567325592,0.1,0.4791666567325592,am,3,0,1,0
40378,0,0.0454545351098879,0.4791666567325592,0.4375,0.2,0.4312500059604645,am,2,0,1,0
4039,0,0.0,0.375,0.375,0.6,0.3625000119209289,am,3,0,1,0
403993,1,0.0,0.4791666567325592,0.4791666567325592,0.7,0.4791666567325592,am,2,1,1,1
404043,0,0.0,0.4895833432674408,0.4895833432674408,0.2,0.4406250119209289,am,3,0,1,0
404181,1,0.0,0.3125,0.3125,0.6,0.28125,am,4,1,1,1
404235,0,0.0,0.4791666567325592,0.4791666567325592,0.6,0.4416666626930237,am,5,0,0,1
404311,1,-0.0454545351098879,0.4375,0.4791666567325592,0.8,0.4312500059604645,am,5,1,1,1
40434,1,0.0,0.4895833432674408,0.4895833432674408,0.8,0.4406250119209289,am,3,1,1,1
404442,1,0.0,0.3333333432674408,0.3333333432674408,0.6,0.2999999821186065,am,4,1,1,1
404535,0,-0.0212766061059917,0.4791666567325592,0.5,0.7,0.449999988079071,am,2,0,0,1
404630,1,0.0,0.4895833432674408,0.4895833432674408,0.7,0.4916666448116302,am,3,1,1,1
404703,0,0.0,0.375,0.375,0.4,0.3375000059604645,am,5,0,1,0
404840,0,-0.043478250052798,0.4583333432674408,0.5,0.7,0.4916666448116302,am,1,0,1,0
40522,0,0.0,0.3333333432674408,0.3333333432674408,0.4,0.2999999821186065,am,4,0,1,0
40531,1,0.0,0.3333333432674408,0.3333333432674408,0.6,0.2999999821186065,am,3,1,1,1
405377,0,0.0,0.4791666567325592,0.4791666567325592,0.6,0.4416666626930237,am,3,0,0,1
405435,0,0.0062893021404196,0.5,0.4937500059604645,0.6,0.4675000309944153,am,2,0,0,1
405500,0,0.0454545351098879,0.4791666567325592,0.4375,0.2,0.4312500059604645,am,5,0,1,0
405570,1,0.0588235145620817,0.375,0.3333333432674408,0.4,0.3708333373069763,am,5,1,0,0
405763,0,0.0,0.4895833432674408,0.4895833432674408,0.2,0.4406250119209289,am,5,0,1,0
40577,0,0.0,0.375,0.375,0.7,0.375,am,4,0,1,0
40595,1,0.0,0.4895833432674408,0.4895833432674408,0.8,0.4406250119209289,am,5,1,1,1
405955,0,0.0,0.0,0.0,0.8,0.0,am,1,0,0,1
406023,1,0.0,0.4895833432674408,0.4895833432674408,0.8,0.4406250119209289,am,1,1,1,1
406065,0,0.0105263056451158,0.5,0.4895833432674408,0.4,0.4564583301544189,am,2,0,0,1
406354,0,0.0,0.0,0.0,0.8,0.0,am,3,0,0,1
406530,0,0.0454545351098879,0.4791666567325592,0.4375,0.2,0.4749999940395355,am,2,0,1,0
40659,1,0.0,0.0,0.0,0.8,0.0,am,2,1,1,1
406725,1,0.0,0.0,0.0,0.6,0.0,am,4,1,1,1
40739,1,0.0,0.0,0.0,0.6,0.0,am,5,1,1,1
408,1,0.0,0.375,0.375,0.5,0.3375000059604645,am,2,1,1,1
40882,0,0.0,0.0,0.0,0.7,0.0,am,1,0,0,1
40884,0,0.0,0.4791666567325592,0.4791666567325592,0.5,0.4416666626930237,am,2,0,0,1
40966,1,0.0,1.0,1.0,0.6,0.8999999761581421,am,4,1,0,0
40975,1,0.0,1.0,1.0,0.6,0.8999999761581421,am,5,1,0,0
41011,0,0.0,0.4791666567325592,0.4791666567325592,0.3,0.4791666567325592,am,3,0,1,0
41023,0,0.0,0.4791666567325592,0.4791666567325592,0.6,0.4416666626930237,am,4,0,0,1
4108,1,-0.0454545351098879,0.4375,0.4791666567325592,0.8,0.4312500059604645,am,2,1,1,1
41170,1,0.0,0.4791666567325592,0.4791666567325592,0.7,0.4791666567325592,am,1,1,1,1
41254,0,0.0,0.4895833432674408,0.4895833432674408,0.2,0.4406250119209289,am,2,0,1,0
41259,0,0.0454545351098879,0.4791666567325592,0.4375,0.2,0.4312500059604645,am,3,0,1,0
413,1,-0.0454545351098879,0.4375,0.4791666567325592,0.7,0.4312500059604645,am,4,1,1,1
41305,1,0.0,0.4895833432674408,0.4895833432674408,0.8,0.4406250119209289,am,4,1,1,1
41310,0,0.0,0.0,0.0,0.2,0.0,am,5,0,0,1
4136,1,-0.0454545351098879,0.4375,0.4791666567325592,0.8,0.4312500059604645,am,5,1,1,1
41382,1,-0.0454545351098879,0.4375,0.4791666567325592,0.6,0.4270833432674408,am,3,1,1,1
41526,1,0.0,0.4895833432674408,0.4895833432674408,0.8,0.4406250119209289,am,4,1,1,1
41534,0,0.0,0.4895833432674408,0.4895833432674408,0.2,0.4406250119209289,am,1,0,1,0
41535,1,0.0,0.25,0.25,0.5,0.2249999940395355,am,3,1,1,1
41596,1,0.0,0.0,0.0,0.2,0.0,am,4,1,0,0
41607,1,-0.0454545351098879,0.4375,0.4791666567325592,0.8,0.4312500059604645,am,5,1,1,1
41641,1,0.0,0.375,0.375,0.7,0.3708333373069763,am,4,1,1,1
41642,1,0.0,0.4895833432674408,0.4895833432674408,0.8,0.4406250119209289,am,1,1,1,1
41685,1,0.0,0.0,0.0,0.8,0.0,am,4,1,1,1
41732,0,0.0454545351098879,0.4791666567325592,0.4375,0.2,0.4312500059604645,am,5,0,1,0
41807,0,-0.0222222010294359,0.4583333432674408,0.4791666567325592,0.8,0.4312500059604645,am,1,0,0,1
41842,0,0.0,0.4895833432674408,0.4895833432674408,0.2,0.4406250119209289,am,5,0,1,0
4187,0,0.0454545351098879,0.4791666567325592,0.4375,0.3,0.4312500059604645,am,4,0,1,0
41889,0,0.0,0.4791666567325592,0.4791666567325592,0.4,0.4791666567325592,am,5,0,1,0
42038,1,0.0,0.25,0.25,0.5,0.2249999940395355,am,4,1,1,1
4206,0,0.0454545351098879,0.4791666567325592,0.4375,0.2,0.4312500059604645,am,3,0,1,0
4209,0,0.0,0.4166666567325592,0.4166666567325592,0.7,0.3854166865348816,am,4,0,0,1
421,1,0.0,0.4895833432674408,0.4895833432674408,0.8,0.4406250119209289,am,3,1,1,1
42139,0,-0.0454545351098879,0.4375,0.4791666567325592,0.8,0.4354166984558105,am,5,0,0,1
42193,0,0.0,0.5625,0.5625,0.6,0.5729166865348816,am,4,0,0,1
42276,0,0.0,0.0,0.0,0.8,0.0,am,3,0,0,1
42330,0,0.0,0.3125,0.3125,0.3,0.28125,am,4,0,1,0
42350,1,0.0,0.3333333432674408,0.3333333432674408,0.6,0.3333333134651184,am,2,1,1,1
42441,1,0.0,0.4791666567325592,0.4791666567325592,0.4,0.4895833134651184,am,3,1,0,0
42529,1,0.0,0.0,0.0,0.8,0.0,am,1,1,0,0
42548,1,0.0,0.3333333432674408,0.3333333432674408,0.2,0.3479166626930237,am,1,1,0,0
4256,0,0.0,0.25,0.25,0.5,0.2249999940395355,am,4,0,1,0
42729,0,0.0,0.0,0.0,0.2,0.0,am,2,0,1,0
42836,0,-0.0588235145620817,0.3333333432674408,0.375,0.6,0.3291666805744171,am,5,0,0,1
42893,1,0.043478250052798,0.5,0.4583333432674408,0.3,0.4437499940395355,am,4,1,0,0
4295,0,0.0,0.25,0.25,0.5,0.2249999940395355,am,3,0,1,0
4304,1,0.0,0.375,0.375,0.9,0.375,am,5,1,1,1
43298,0,0.0,0.0,0.0,0.2,0.0,am,1,0,0,1
43391,0,0.0107527086811569,0.4895833432674408,0.4791666567325592,0.5,0.4395833611488342,am,1,0,0,1
4352,0,0.0454545351098879,0.4791666567325592,0.4375,0.2,0.4312500059604645,am,2,0,1,0
43608,0,0.0,0.3333333432674408,0.3333333432674408,0.4,0.2999999821186065,am,5,0,1,0
43804,1,0.0,0.3333333432674408,0.3333333432674408,0.8,0.2999999821186065,am,1,1,1,1
43808,0,0.0,0.4895833432674408,0.4895833432674408,0.5,0.5322917103767395,am,4,0,0,1
43809,1,-0.0454545351098879,0.4375,0.4791666567325592,0.8,0.4312500059604645,am,1,1,1,1
43976,1,0.0,0.375,0.375,0.5,0.3375000059604645,am,1,1,1,1
43999,0,0.0,0.3333333432674408,0.3333333432674408,0.4,0.2999999821186065,am,1,0,1,0
440,1,0.0,0.4895833432674408,0.4895833432674408,0.8,0.4406250119209289,am,5,1,1,1
44231,0,0.0,0.5,0.5,0.7,0.449999988079071,am,1,0,1,0
4432,0,0.0,0.0,0.0,0.2,0.0,am,5,0,0,1
44353,0,0.0,1.0,1.0,0.4,0.8999999761581421,am,5,0,0,1
44384,1,0.0,0.3333333432674408,0.3333333432674408,0.6,0.2999999821186065,am,2,1,1,1
44398,1,0.0,0.3333333432674408,0.3333333432674408,0.6,0.3333333134651184,am,3,1,1,1
44403,1,0.0,0.0,0.0,0.8,0.0,am,4,1,1,1
44530,0,0.0454545351098879,0.4791666567325592,0.4375,0.2,0.4312500059604645,am,1,0,1,0
44552,1,0.0,0.5,0.5,0.3,0.5,am,2,1,0,0
44582,0,0.0,0.4895833432674408,0.4895833432674408,0.4,0.4406250119209289,am,5,0,1,0
44685,1,0.0,0.5,0.5,0.3,0.449999988079071,am,2,1,0,0
4472,0,0.0,0.3333333432674408,0.3333333432674408,0.2,0.2999999821186065,am,2,0,1,0
44773,0,0.0454545351098879,0.4791666567325592,0.4375,0.3,0.4270833432674408,am,3,0,1,0
44827,1,0.0588235294117093,0.5625,0.5,0.5,0.5062500238418579,am,3,1,1,1
44933,0,0.0454545351098879,0.4791666567325592,0.4375,0.2,0.4749999940395355,am,4,0,1,0
45036,1,0.0,0.5,0.5,0.3,0.5,am,4,1,0,0
45086,1,-0.0454545351098879,0.4375,0.4791666567325592,0.8,0.4749999940395355,am,2,1,1,1
45138,1,0.0,0.4791666567325592,0.4791666567325592,0.5,0.4416666626930237,am,3,1,0,0
45292,0,-0.0454545351098879,0.4375,0.4791666567325592,0.6,0.4270833432674408,am,5,0,0,1
45311,1,-0.0454545351098879,0.4375,0.4791666567325592,0.8,0.4312500059604645,am,3,1,1,1
4533,1,0.0,0.375,0.375,0.9,0.3375000059604645,am,1,1,1,1
45354,0,0.0,0.4791666567325592,0.4791666567325592,0.2,0.4312500059604645,am,5,0,1,0
454,1,0.0,0.3333333432674408,0.3333333432674408,0.4,0.3062500357627868,am,1,1,0,0
45508,0,0.0588235145620817,0.375,0.3333333432674408,0.5,0.3708333373069763,am,5,0,0,1
45573,1,0.0,0.0,0.0,0.8,0.0,am,3,1,1,1
45586,1,0.0,0.0,0.0,0.8,0.0,am,4,1,1,1
4559,0,0.0454545351098879,0.4791666567325592,0.4375,0.2,0.4312500059604645,am,2,0,1,0
45643,1,0.0,0.0,0.0,0.3,0.0,am,1,1,0,0
45719,0,-0.999999999996,0.0,0.25,0.6,0.2374999970197677,am,5,0,0,1
4580,1,-0.0454545351098879,0.4375,0.4791666567325592,0.8,0.4270833432674408,am,5,1,1,1
45914,1,0.0,0.0,0.0,0.2,0.0,am,3,1,0,0
46007,0,0.0,0.3125,0.3125,0.3,0.28125,am,1,0,1,0
46098,0,0.0454545351098879,0.4791666567325592,0.4375,0.2,0.4312500059604645,am,2,0,1,0
46102,0,0.0,0.0,0.0,0.2,0.0,am,3,0,1,0
4620,0,0.0454545351098879,0.4791666567325592,0.4375,0.2,0.4312500059604645,am,2,0,1,0
46378,1,-0.0454545351098879,0.4375,0.4791666567325592,0.8,0.4312500059604645,am,5,1,1,1
464,1,0.0,0.3333333432674408,0.3333333432674408,0.8,0.2999999821186065,am,5,1,1,1
46521,0,0.0454545351098879,0.4791666567325592,0.4375,0.2,0.4312500059604645,am,2,0,1,0
46557,0,0.0,1.0,1.0,0.4,0.8999999761581421,am,2,0,0,1
46599,1,0.0,0.4895833432674408,0.4895833432674408,0.7,0.4427083134651184,am,1,1,0,0
466,0,0.0,0.4791666567325592,0.4791666567325592,0.2,0.4312500059604645,am,5,0,1,0
46600,1,-0.0454545351098879,0.4375,0.4791666567325592,0.8,0.4749999940395355,am,4,1,1,1
46703,0,0.0454545351098879,0.4791666567325592,0.4375,0.2,0.4312500059604645,am,5,0,1,0
46775,1,-0.0107527086811569,0.4791666567325592,0.4895833432674408,0.4,0.4885416626930237,am,1,1,0,0
46796,1,0.0,0.25,0.25,0.4,0.2249999940395355,am,1,1,0,0
46811,1,0.0,0.0,0.0,0.8,0.0,am,1,1,0,0
46875,0,0.0526315670593948,0.4166666567325592,0.375,0.5,0.3760416507720947,am,4,0,1,0
47008,0,0.0,0.4791666567325592,0.4791666567325592,0.6,0.4416666626930237,am,1,0,0,1
4703,0,0.0,0.0,0.0,0.2,0.0,am,5,0,0,1
47131,1,0.0,0.3333333432674408,0.3333333432674408,0.6,0.2999999821186065,am,3,1,1,1
473,1,-0.0062893021404196,0.4937500059604645,0.5,0.3,0.4675000309944153,am,2,1,0,0
47303,1,0.0,0.5,0.5,0.3,0.449999988079071,am,1,1,1,1
47348,0,0.0454545351098879,0.4791666567325592,0.4375,0.3,0.4312500059604645,am,5,0,1,0
47391,1,-0.0454545351098879,0.4375,0.4791666567325592,0.8,0.4312500059604645,am,4,1,1,1
47480,0,0.0454545351098879,0.4791666567325592,0.4375,0.2,0.4312500059604645,am,5,0,1,0
47584,0,0.0,0.4791666567325592,0.4791666567325592,0.2,0.4312500059604645,am,5,0,1,0
47590,1,0.0,0.4895833432674408,0.4895833432674408,0.7,0.4427083134651184,am,2,1,0,0
476,0,0.0454545351098879,0.4791666567325592,0.4375,0.2,0.4312500059604645,am,1,0,1,0
477,1,0.0,0.0,0.0,0.2,0.0,am,5,1,0,0
4774,1,0.0,0.375,0.375,0.2,0.3375000059604645,am,4,1,1,1
47744,1,0.0,0.3333333432674408,0.3333333432674408,0.8,0.3333333134651184,am,1,1,1,1
47806,0,0.0588235145620817,0.375,0.3333333432674408,0.2,0.3125,am,4,0,1,0
4781,1,0.0,0.4791666567325592,0.4791666567325592,0.8,0.4312500059604645,am,5,1,1,1
47832,1,0.0,0.375,0.375,0.9,0.3375000059604645,am,2,1,1,1
4786,0,0.0,0.25,0.25,0.5,0.2249999940395355,am,1,0,0,1
4788,1,-0.0454545351098879,0.4375,0.4791666567325592,0.8,0.4312500059604645,am,4,1,1,1
47899,0,-0.0303030014037645,0.3333333432674408,0.3541666567325592,0.4,0.3270833492279053,am,2,0,1,0
47936,1,0.0,0.5,0.5,0.3,0.449999988079071,am,4,1,0,0
480,0,0.0454545351098879,0.4791666567325592,0.4375,0.2,0.4312500059604645,am,5,0,1,0
4805,1,0.0,0.0,0.0,0.3,0.0,am,4,1,0,0
48170,1,0.0,0.4895833432674408,0.4895833432674408,0.9,0.4406250119209289,am,2,1,1,1
48263,0,0.0,0.0,0.0,0.2,0.0,am,5,0,0,1
48286,0,0.0,0.5,0.5,0.5,0.449999988079071,am,2,0,0,1
483,1,0.0,0.4895833432674408,0.4895833432674408,0.9,0.4406250119209289,am,4,1,1,1
4839,1,0.0,0.3333333432674408,0.3333333432674408,0.4,0.3062500357627868,am,2,1,1,1
48521,0,0.0107527086811569,0.4895833432674408,0.4791666567325592,0.6,0.4395833611488342,am,4,0,0,1
48537,0,0.0,0.3333333432674408,0.3333333432674408,0.4,0.2999999821186065,am,4,0,1,0
48630,0,0.0,0.4791666567325592,0.4791666567325592,0.2,0.4791666567325592,am,1,0,1,0
4882,0,0.0,0.0,0.0,0.2,0.0,am,5,0,0,1
48855,0,0.0454545351098879,0.4791666567325592,0.4375,0.2,0.4312500059604645,am,1,0,1,0
489,1,-0.0454545351098879,0.4375,0.4791666567325592,0.8,0.4312500059604645,am,4,1,1,1
48909,1,0.0,0.3333333432674408,0.3333333432674408,0.8,0.2999999821186065,am,3,1,1,1
4892,1,-0.0454545351098879,0.4375,0.4791666567325592,0.8,0.4312500059604645,am,3,1,1,1
48961,1,0.0212766061059917,0.5,0.4791666567325592,0.2,0.449999988079071,am,2,1,0,0
48995,1,0.0,0.34375,0.34375,0.7,0.309374988079071,am,4,1,1,1
49,1,-0.0454545351098879,0.4375,0.4791666567325592,0.8,0.4749999940395355,am,5,1,1,1
49072,1,-0.0454545351098879,0.4375,0.4791666567325592,0.8,0.4749999940395355,am,2,1,1,1
49330,1,0.0,0.4895833432674408,0.4895833432674408,0.9,0.4406250119209289,am,1,1,1,1
49498,0,0.0,1.0,1.0,0.4,1.0,am,4,0,0,1
49921,0,0.0454545351098879,0.4791666567325592,0.4375,0.2,0.4749999940395355,am,5,0,1,0
500033,0,0.0,0.0,0.0,0.2,0.0,am,2,0,1,0
500042,1,0.0,0.3333333432674408,0.3333333432674408,0.6,0.2999999821186065,am,1,1,1,1
500056,1,0.0,0.375,0.375,0.6,0.3666666746139526,am,3,1,1,1
500063,1,0.0,0.25,0.25,0.4,0.2249999940395355,am,4,1,0,0
500066,1,-0.0454545351098879,0.4375,0.4791666567325592,0.8,0.4312500059604645,am,2,1,1,1
500076,0,-0.0693069205962653,0.4895833432674408,0.5625,0.7,0.5489583015441895,am,1,0,0,1
500183,1,0.0,0.4791666567325592,0.4791666567325592,0.5,0.4895833134651184,am,4,1,0,0
500184,1,0.0,0.4791666567325592,0.4791666567325592,0.8,0.4791666567325592,am,3,1,1,1
500205,1,0.0,0.4895833432674408,0.4895833432674408,0.6,0.4427083134651184,am,4,1,0,0
500206,0,0.0,0.4375,0.4375,0.4,0.4050000309944153,am,5,0,1,0
500291,0,-0.0222222010294359,0.4583333432674408,0.4791666567325592,0.7,0.4312500059604645,am,2,0,0,1
500332,0,0.0,0.0,0.0,0.8,0.0,am,4,0,0,1
500444,0,0.0454545351098879,0.4791666567325592,0.4375,0.2,0.4312500059604645,am,5,0,1,0
500829,1,0.0,0.4895833432674408,0.4895833432674408,0.9,0.4406250119209289,am,4,1,1,1
501467,1,0.0,0.4895833432674408,0.4895833432674408,0.9,0.4406250119209289,am,1,1,1,1
501625,0,0.0,0.0,0.0,0.4,0.0,am,5,0,1,0
502,0,0.0,0.4791666567325592,0.4791666567325592,0.2,0.4791666567325592,am,4,0,1,0
502425,1,0.0,0.4791666567325592,0.4791666567325592,0.4,0.441666692495346,am,3,1,0,0
503011,1,0.0062893021404196,0.5,0.4937500059604645,0.6,0.4906249940395355,am,2,1,0,0
503406,1,0.0,0.4791666567325592,0.4791666567325592,0.8,0.4791666567325592,am,1,1,1,1
5043,0,0.0,0.3333333432674408,0.3333333432674408,0.4,0.2999999821186065,am,2,0,1,0
506,0,0.0,0.3333333432674408,0.3333333432674408,0.4,0.2999999821186065,am,5,0,1,0
5091,0,0.0,0.3333333432674408,0.3333333432674408,0.1,0.2999999821186065,am,2,0,1,0
5093,0,-0.0212766061059917,0.4791666567325592,0.5,0.8,0.449999988079071,am,5,0,0,1
51,1,-0.0454545351098879,0.4375,0.4791666567325592,0.8,0.4312500059604645,am,5,1,1,1
510,1,-0.0454545351098879,0.4375,0.4791666567325592,0.8,0.4312500059604645,am,5,1,1,1
5106,1,0.0,0.375,0.375,0.5,0.3375000059604645,am,3,1,1,1
5126,0,0.0454545351098879,0.4791666567325592,0.4375,0.2,0.4312500059604645,am,1,0,1,0
5172,0,0.0454545351098879,0.4791666567325592,0.4375,0.3,0.4312500059604645,am,5,0,1,0
5227,0,0.0,0.4791666567325592,0.4791666567325592,0.2,0.4312500059604645,am,5,0,1,0
5234,0,0.0,0.4895833432674408,0.4895833432674408,0.1,0.4406250119209289,am,1,0,1,0
5307,1,-0.0454545351098879,0.4375,0.4791666567325592,0.7,0.4312500059604645,am,5,1,1,1
5320,0,0.0454545351098879,0.4791666567325592,0.4375,0.4,0.4312500059604645,am,5,0,1,0
5366,1,0.0,0.4791666567325592,0.4791666567325592,0.9,0.4312500059604645,am,1,1,1,1
547,1,-0.0454545351098879,0.4375,0.4791666567325592,0.6,0.4312500059604645,am,1,1,1,1
548,1,0.0,0.3333333432674408,0.3333333432674408,0.6,0.2999999821186065,am,1,1,1,1
5514,0,0.0,0.0,0.0,0.2,0.0,am,5,0,0,1
555,0,0.0,0.375,0.375,0.7,0.3375000059604645,am,4,0,1,0
5562,0,0.0454545351098879,0.4791666567325592,0.4375,0.3,0.4312500059604645,am,3,0,1,0
5575,1,0.0,0.4895833432674408,0.4895833432674408,0.9,0.4406250119209289,am,5,1,1,1
557722,0,0.0,0.375,0.375,0.1,0.3375000059604645,am,3,0,1,0
5581,1,-0.0454545351098879,0.4375,0.4791666567325592,0.8,0.4312500059604645,am,4,1,1,1
558960,0,0.0454545351098879,0.4791666567325592,0.4375,0.4,0.4749999940395355,am,5,0,1,0
559064,0,0.0,0.4895833432674408,0.4895833432674408,0.1,0.4406250119209289,am,4,0,1,0
559383,1,0.0,0.3333333432674408,0.3333333432674408,0.6,0.2999999821186065,am,3,1,1,1
559397,0,0.0149893097601224,0.4937500059604645,0.4791666567325592,0.4,0.4954166412353515,am,1,0,1,0
560,0,-0.0212766061059917,0.4791666567325592,0.5,0.8,0.449999988079071,am,2,0,0,1
560075,0,0.0,0.3333333432674408,0.3333333432674408,0.4,0.2999999821186065,am,5,0,1,0
560077,0,0.0,0.0,0.0,0.4,0.0,am,3,0,1,0
560541,0,0.0107527086811569,0.4895833432674408,0.4791666567325592,0.8,0.4885416626930237,am,1,0,0,1
562,1,-0.0434782608695047,0.34375,0.375,0.6,0.3343749940395355,am,3,1,1,1
562018,0,0.0,0.375,0.375,0.7,0.3375000059604645,am,3,0,1,0
564842,0,0.0454545351098879,0.4791666567325592,0.4375,0.3,0.4312500059604645,am,3,0,1,0
567,1,0.0,0.4895833432674408,0.4895833432674408,0.8,0.4406250119209289,am,3,1,1,1
5731,1,0.0,0.0,0.0,0.8,0.0,am,5,1,0,0
5757,0,0.0,0.0,0.0,0.2,0.0,am,1,0,0,1
577,1,0.0,0.4895833432674408,0.4895833432674408,0.7,0.4406250119209289,am,2,1,1,1
581,0,0.0,0.0,0.0,0.2,0.0,am,3,0,1,0
5837,1,0.0,0.3333333432674408,0.3333333432674408,0.2,0.3145833313465118,am,1,1,0,0
5838,1,-0.0454545351098879,0.4375,0.4791666567325592,0.6,0.4312500059604645,am,2,1,1,1
587,1,0.0454545351098879,0.4791666567325592,0.4375,0.2,0.4354166388511657,am,5,1,0,0
59,0,0.0454545351098879,0.4791666567325592,0.4375,0.3,0.4312500059604645,am,5,0,1,0
5920,1,-0.0454545351098879,0.4375,0.4791666567325592,0.7,0.4312500059604645,am,3,1,1,1
598,0,0.0,0.5,0.5,0.7,0.5,am,2,0,0,1
6011,0,0.0,0.0,0.0,0.8,0.0,am,3,0,0,1
6076,0,0.0,0.3333333432674408,0.3333333432674408,0.4,0.2999999821186065,am,2,0,1,0
608,1,-0.0454545351098879,0.4375,0.4791666567325592,0.6,0.4312500059604645,am,2,1,1,1
626,0,0.0,0.2916666567325592,0.2916666567325592,0.4,0.262499988079071,am,4,0,1,0
6278,0,0.0,0.4895833432674408,0.4895833432674408,0.2,0.4406250119209289,am,4,0,1,0
633,1,-0.0454545351098879,0.4375,0.4791666567325592,0.6,0.4312500059604645,am,4,1,1,1
6392,0,0.0,0.0,0.0,0.8,0.0,am,1,0,0,1
6418,1,-0.0107527086811569,0.4791666567325592,0.4895833432674408,0.2,0.4395833015441894,am,2,1,0,0
646,1,0.0,0.0,0.0,0.2,0.0,am,1,1,0,0
6482,0,0.0,0.4895833432674408,0.4895833432674408,0.2,0.4406250119209289,am,3,0,1,0
650,1,-0.0454545351098879,0.4375,0.4791666567325592,0.8,0.4312500059604645,am,2,1,1,1
6517,0,0.0454545351098879,0.4791666567325592,0.4375,0.2,0.4312500059604645,am,3,0,1,0
6576,1,0.0,0.0,0.0,0.2,0.0,am,3,1,0,0
6584,0,0.0107527086811569,0.4895833432674408,0.4791666567325592,0.5,0.4395833015441894,am,3,0,0,1
6615,1,0.0,0.4791666567325592,0.4791666567325592,0.8,0.4312500059604645,am,2,1,1,1
6626,0,0.0,0.3333333432674408,0.3333333432674408,0.4,0.2999999821186065,am,1,0,1,0
6632,0,0.0107527086811569,0.4895833432674408,0.4791666567325592,0.8,0.4406250119209289,am,2,0,0,1
6712,1,-0.0454545351098879,0.4375,0.4791666567325592,0.7,0.4312500059604645,am,2,1,1,1
684,1,0.0,0.0,0.0,0.5,0.0,am,1,1,1,1
686,1,0.0,0.3333333432674408,0.3333333432674408,0.5,0.2999999821186065,am,5,1,1,1
6892,0,0.0,0.4791666567325592,0.4791666567325592,0.2,0.4312500059604645,am,3,0,1,0
691,1,0.0,0.5,0.5,0.4,0.449999988079071,am,1,1,0,0
692,0,0.0,0.3333333432674408,0.3333333432674408,0.2,0.2999999821186065,am,4,0,1,0
6920,1,0.0,0.4895833432674408,0.4895833432674408,0.8,0.4406250119209289,am,4,1,1,1
6954,1,-0.0454545351098879,0.4375,0.4791666567325592,0.7,0.4312500059604645,am,4,1,1,1
698,1,0.0,0.5,0.5,0.3,0.449999988079071,am,3,1,1,1
702,1,-0.0427350434316563,0.3499999940395355,0.3812499940395355,0.8,0.3758333027362823,am,5,1,1,1
712,1,0.0,0.0,0.0,0.8,0.0,am,3,1,1,1
714,1,0.0,0.4791666567325592,0.4791666567325592,0.5,0.4416666626930237,am,5,1,0,0
7159,1,0.0,0.4791666567325592,0.4791666567325592,0.8,0.4312500059604645,am,2,1,1,1
720,1,0.0,0.375,0.375,0.9,0.3375000059604645,am,3,1,1,1
721,1,0.0,0.4791666567325592,0.4791666567325592,0.8,0.4791666567325592,am,5,1,1,1
733,1,-0.0454545351098879,0.4375,0.4791666567325592,0.8,0.4312500059604645,am,3,1,1,1
7339,0,0.0,1.0,1.0,0.4,0.8999999761581421,am,2,0,0,1
7342,0,0.0,0.375,0.375,0.6,0.3625000119209289,am,5,0,1,0
7370,1,0.0,0.4895833432674408,0.4895833432674408,0.8,0.4406250119209289,am,5,1,1,1
740,0,0.0,0.0,0.0,0.8,0.0,am,1,0,0,1
7511,0,0.0,0.375,0.375,0.7,0.3375000059604645,am,5,0,0,1
752,1,-0.0107527086811569,0.4791666567325592,0.4895833432674408,0.4,0.4395833015441894,am,4,1,0,0
7527,0,0.0454545351098879,0.4791666567325592,0.4375,0.2,0.4312500059604645,am,1,0,1,0
7557,1,0.0,1.0,1.0,0.6,0.8999999761581421,am,5,1,0,0
770,0,0.0,0.25,0.25,0.5,0.2249999940395355,am,5,0,0,1
778,1,0.0,0.4895833432674408,0.4895833432674408,0.8,0.4406250119209289,am,1,1,1,1
779,0,0.0,0.4895833432674408,0.4895833432674408,0.2,0.4895833432674408,am,5,0,1,0
78,1,-0.0454545351098879,0.4375,0.4791666567325592,0.8,0.4312500059604645,am,4,1,1,1
7818,1,0.0,0.0,0.0,0.8,0.0,am,5,1,0,0
7952,0,0.0454545351098879,0.4791666567325592,0.4375,0.2,0.4312500059604645,am,3,0,1,0
7981,1,0.0,0.4895833432674408,0.4895833432674408,0.7,0.4427083134651184,am,4,1,0,0
7986,0,0.0,0.3333333432674408,0.3333333432674408,0.4,0.2999999821186065,am,2,0,1,0
811,0,0.0,0.4895833432674408,0.4895833432674408,0.2,0.4895833432674408,am,1,0,1,0
8110,0,0.0,0.25,0.25,0.5,0.2249999940395355,am,4,0,1,0
8148,0,0.0,0.3333333432674408,0.3333333432674408,0.4,0.2999999821186065,am,1,0,1,0
817,0,0.0,0.0,0.0,0.2,0.0,am,3,0,1,0
821,0,0.0,0.0,0.0,0.8,0.0,am,1,0,0,1
825,1,0.0,0.4791666567325592,0.4791666567325592,0.8,0.4312500059604645,am,3,1,1,1
8302,0,0.0454545351098879,0.4791666567325592,0.4375,0.2,0.4312500059604645,am,5,0,1,0
8403,0,0.0454545351098879,0.4791666567325592,0.4375,0.2,0.4312500059604645,am,3,0,1,0
842,0,0.0,0.3333333432674408,0.3333333432674408,0.4,0.2999999821186065,am,4,0,1,0
8488,0,0.0,1.0,1.0,0.4,0.8999999761581421,am,4,0,0,1
8499,0,0.0454545351098879,0.4791666567325592,0.4375,0.2,0.4312500059604645,am,5,0,1,0
8690,0,0.0,0.25,0.25,0.5,0.2249999940395355,am,3,0,1,0
870,1,0.0,0.4791666567325592,0.4791666567325592,0.8,0.4312500059604645,am,4,1,1,1
8705,0,-0.0222222010294359,0.4583333432674408,0.4791666567325592,0.8,0.4291666448116302,am,4,0,0,1
8729,0,0.0,0.3333333432674408,0.3333333432674408,0.4,0.2999999821186065,am,2,0,1,0
8735,1,0.0,0.4895833432674408,0.4895833432674408,0.9,0.4406250119209289,am,3,1,1,1
8758,1,0.0,0.0,0.0,0.8,0.0,am,1,1,0,0
8800,0,0.0454545351098879,0.4791666567325592,0.4375,0.2,0.4312500059604645,am,5,0,1,0
8901,1,0.0,0.0,0.0,0.8,0.0,am,3,1,1,1
8918,1,0.0,0.3333333432674408,0.3333333432674408,0.8,0.2999999821186065,am,3,1,1,1
895,1,0.0,0.4791666567325592,0.4791666567325592,0.5,0.4416666626930237,am,5,1,0,0
898,1,0.0222222010294359,0.4791666567325592,0.4583333432674408,0.2,0.429166704416275,am,4,1,0,0
899,0,0.0,0.0,0.0,0.2,0.0,am,2,0,1,0
901,0,0.0107527086811569,0.4895833432674408,0.4791666567325592,0.8,0.4395833015441894,am,3,0,0,1
9022,0,0.0,0.3333333432674408,0.3333333432674408,0.4,0.2999999821186065,am,1,0,1,0
904,0,0.0107527086811569,0.4895833432674408,0.4791666567325592,0.7,0.4885416626930237,am,1,0,0,1
907,1,0.0105263056451158,0.5,0.4895833432674408,0.5,0.4489583373069763,am,2,1,0,0
908,1,0.0,0.25,0.25,0.1,0.2249999940395355,am,1,1,0,0
9120,1,0.0,0.4791666567325592,0.4791666567325592,0.4,0.4895833134651184,am,2,1,0,0
9148,0,0.0,0.5,0.5,0.6,0.449999988079071,am,4,0,0,1
9151,0,0.0454545351098879,0.4791666567325592,0.4375,0.3,0.4749999940395355,am,4,0,1,0
922,0,0.0,0.0,0.0,0.8,0.0,am,1,0,0,1
9325,1,-0.0454545351098879,0.4375,0.4791666567325592,0.8,0.4312500059604645,am,3,1,1,1
9388,1,0.0,0.375,0.375,0.9,0.3375000059604645,am,2,1,1,1
9415,0,0.0,0.4895833432674408,0.4895833432674408,0.1,0.4406250119209289,am,3,0,1,0
944,0,0.0,0.4791666567325592,0.4791666567325592,0.6,0.4416666626930237,am,3,0,0,1
945,1,0.0,0.4895833432674408,0.4895833432674408,0.9,0.4895833432674408,am,5,1,1,1
9489,1,-0.0454545351098879,0.4375,0.4791666567325592,0.8,0.4312500059604645,am,2,1,1,1
9548,0,0.0454545351098879,0.4791666567325592,0.4375,0.2,0.4312500059604645,am,1,0,1,0
955,1,0.0,0.5,0.5,0.3,0.5,am,4,1,0,0
967,1,-0.0454545351098879,0.4375,0.4791666567325592,0.8,0.4312500059604645,am,2,1,1,1
97,1,-0.0454545351098879,0.4375,0.4791666567325592,0.8,0.4270833432674408,am,4,1,1,1
9715,1,0.0,0.3333333432674408,0.3333333432674408,0.8,0.2999999821186065,am,1,1,1,1
974,1,0.0,0.25,0.25,0.5,0.2249999940395355,am,5,1,0,0
982,1,0.0105263056451158,0.5,0.4895833432674408,0.5,0.4989582896232605,am,1,1,0,0
983,0,0.0,0.0,0.0,0.2,0.0,am,2,0,1,0
9882,0,0.0454545351098879,0.4791666567325592,0.4375,0.2,0.4312500059604645,am,5,0,1,0
9912,1,-0.0107527086811569,0.4791666567325592,0.4895833432674408,0.3,0.4885416626930237,am,2,1,0,0
9941,1,-0.0454545351098879,0.4375,0.4791666567325592,0.8,0.4312500059604645,am,3,1,1,1
9974,1,0.0,0.4895833432674408,0.4895833432674408,0.7,0.4427083134651184,am,1,1,0,0
9997,1,0.0,0.4791666567325592,0.4791666567325592,0.8,0.4312500059604645,am,5,1,1,1
