y,mu,d_plus,d_minus,knn_purity,knn_mean,view,id,fold,y_true,y_pred,correct
1,0.0,0.5,0.5,0.5,0.5242708921432495,hs,1,2,1,0,0
1,0.0,0.5,0.5,0.3,0.6000000238418579,hs,2,9,1,0,0
0,0.05069122874628618,0.23749999701976776,0.21458333730697632,0.5,0.23885414004325867,hs,3,5,0,1,0
0,0.026052107483030846,0.35555556416511536,0.3375000059604645,0.6,0.3376389145851135,hs,4,8,0,1,0
0,0.04970667448210719,0.7083333134651184,0.6412500143051147,0.5,0.6351389288902283,hs,5,1,0,0,1
0,0.02621231803950843,0.4350000023841858,0.41277778148651123,0.3,0.4539920687675476,hs,6,7,0,1,0
1,0.02936254298624202,0.402738094329834,0.3797619044780731,0.5,0.380912721157074,hs,7,6,1,1,1
1,0.0,0.5333333611488342,0.5333333611488342,0.5,0.5333333611488342,hs,8,3,1,0,0
0,0.0,0.2750000059604645,0.2750000059604645,0.5,0.3633154630661011,hs,9,1,0,0,1
1,-0.012244886519846043,0.5041666626930237,0.5166666507720947,0.8,0.46687498688697815,hs,10,3,1,1,1
1,-0.9999999999963637,0.0,0.2750000059604645,0.8,0.2291666567325592,hs,11,10,1,1,1
0,0.039445135661921156,0.41631942987442017,0.3847222328186035,0.6,0.4364791810512543,hs,12,3,0,1,0
0,0.0,0.7666666507720947,0.7666666507720947,0.3,0.7419246435165405,hs,13,5,0,0,1
1,0.0,0.2750000059604645,0.2750000059604645,0.5,0.25979167222976685,hs,14,9,1,1,1
1,0.0,0.5166666507720947,0.5166666507720947,0.5,0.47041669487953186,hs,15,5,1,1,1
1,0.014164342972000137,0.596666693687439,0.5799999833106995,0.5,0.5500634908676147,hs,16,8,1,1,1
1,0.12087912001531008,0.8500000238418579,0.6666666865348816,0.1,0.8156110644340515,hs,17,3,1,0,0
0,0.0,0.0,0.0,0.4,0.17416666448116302,hs,18,6,0,1,0
1,0.006553111055846814,0.5333333611488342,0.5263888835906982,0.6,0.4814007878303528,hs,19,3,1,1,1
0,0.08869988060524157,0.746666669845581,0.625,0.7,0.6796666979789734,hs,20,6,0,0,1
0,0.010276681504621327,0.4437499940395355,0.4347222149372101,0.3,0.4039543569087982,hs,21,8,0,1,0
1,0.0,0.4895833432674408,0.4895833432674408,0.5,0.44062501192092896,hs,22,7,1,0,0
0,0.0,0.125,0.125,0.5,0.140625,hs,23,1,0,1,0
0,0.0,0.5364583134651184,0.5364583134651184,0.5,0.5210069417953491,hs,24,6,0,1,0
1,0.03875968831062793,0.4466666579246521,0.41333332657814026,0.8,0.4167916774749756,hs,25,1,1,1,1
0,-0.04287268204129034,0.4363095164299011,0.4753968119621277,0.6,0.4491964280605316,hs,26,3,0,0,1
1,0.0,0.125,0.125,0.7,0.11249999701976776,hs,27,7,1,1,1
0,-0.15084915363289683,0.3541666567325592,0.47999998927116394,0.6,0.4614931046962738,hs,28,6,0,1,0
0,-0.11872147218559484,0.3216666579246521,0.40833333134651184,0.4,0.391948401927948,hs,29,4,0,0,1
1,0.0,0.44404762983322144,0.44404762983322144,0.3,0.4605317711830139,hs,30,6,1,0,0
1,0.017709574862208574,0.5387499928474426,0.5199999809265137,0.2,0.547333300113678,hs,31,8,1,0,0
1,0.02127661355320763,0.800000011920929,0.7666666507720947,0.4,0.7824662923812866,hs,32,7,1,0,0
0,0.0,0.4633333384990692,0.4633333384990692,0.6,0.44627779722213745,hs,33,10,0,0,1
1,0.17241377949515818,0.1770833283662796,0.125,0.4,0.1547916680574417,hs,34,6,1,1,1
1,-0.20535715390444467,0.2966666519641876,0.44999998807907104,0.9,0.3760555386543274,hs,35,1,1,1,1
1,0.05258243425173435,0.402738094329834,0.36250001192092896,0.6,0.3826487958431244,hs,36,7,1,1,1
0,-0.07183363512353118,0.3507142961025238,0.4050000011920929,0.7,0.39925891160964966,hs,37,6,0,0,1
1,0.01639342724520831,0.25833332538604736,0.25,0.4,0.2316666543483734,hs,38,1,1,1,1
1,0.0,0.2750000059604645,0.2750000059604645,0.8,0.26500001549720764,hs,39,5,1,1,1
0,0.0,0.2750000059604645,0.2750000059604645,0.7,0.304583340883255,hs,40,4,0,0,1
0,0.0,0.1666666716337204,0.1666666716337204,0.5,0.17791667580604553,hs,41,9,0,1,0
0,-0.999999999992,0.0,0.125,0.1,0.20520833134651184,hs,42,6,0,1,0
0,0.0,0.4166666567325592,0.4166666567325592,0.6,0.38749998807907104,hs,43,5,0,1,0
1,0.0,0.0,0.0,0.7,0.03750000149011612,hs,44,3,1,1,1
0,0.0,0.4652777910232544,0.4652777910232544,0.7,0.4936944544315338,hs,45,1,0,0,1
0,0.001976844862906833,0.6159722208976746,0.6135416626930237,0.6,0.6576040983200073,hs,46,10,0,0,1
0,0.0,0.5770833492279053,0.5770833492279053,0.6,0.5719305872917175,hs,47,1,0,0,1
1,0.0,0.5,0.5,0.4,0.5,hs,48,2,1,0,0
0,0.0,0.5,0.5,0.5,0.44999998807907104,hs,49,8,0,0,1
0,0.0,0.3083333373069763,0.3083333373069763,0.4,0.39375990629196167,hs,50,7,0,1,0
1,-0.015118806912635936,0.4749999940395355,0.4895833432674408,0.6,0.4949999749660492,hs,51,10,1,1,1
0,-0.017543867574349614,0.1944444477558136,0.2013888955116272,0.5,0.20597223937511444,hs,52,1,0,1,0
1,0.0,0.0,0.0,0.6,0.17416666448116302,hs,53,2,1,1,1
0,-0.0059171542538165416,0.17499999701976776,0.1770833283662796,0.5,0.1805555522441864,hs,54,5,0,0,1
1,0.0,0.2750000059604645,0.2750000059604645,0.7,0.42385417222976685,hs,55,2,1,1,1
0,0.0,0.0,0.0,0.9,0.0,hs,56,8,0,0,1
1,0.0,0.375,0.375,0.6,0.3704861104488373,hs,57,8,1,1,1
1,0.044025174962454255,0.518750011920929,0.4749999940395355,0.2,0.5061249732971191,hs,58,8,1,0,0
1,-0.023895253038714426,0.5325000286102295,0.558571457862854,0.5,0.5127549767494202,hs,59,3,1,0,0
1,-0.01014201680682496,0.4357142746448517,0.4446428716182709,0.5,0.4246547818183899,hs,60,4,1,1,1
1,0.0,0.28833332657814026,0.28833332657814026,0.2,0.3336527943611145,hs,61,9,1,0,0
0,-0.12650599035282684,0.3020833432674408,0.3895833194255829,0.6,0.3828125,hs,62,2,0,1,0
1,-0.0727316957000373,0.7563492059707642,0.875,0.6,0.8134682774543762,hs,63,8,1,0,0
1,0.0,0.5,0.5,0.5,0.48124998807907104,hs,64,7,1,1,1
0,0.023999999267559715,0.6666666865348816,0.6354166865348816,0.6,0.6084781885147095,hs,65,4,0,0,1
0,-0.09210526769831773,0.4312500059604645,0.518750011920929,0.6,0.5016666650772095,hs,66,2,0,0,1
1,0.0,0.0,0.0,0.4,0.11183333396911621,hs,67,1,1,1,1
1,0.0,0.21458333730697632,0.21458333730697632,0.5,0.20926585793495178,hs,68,2,1,0,0
1,0.0,0.5,0.5,0.6,0.5404166579246521,hs,69,10,1,1,1
1,0.015211482060797653,0.4833333194255829,0.46884921193122864,0.7,0.4355039596557617,hs,70,3,1,1,1
0,-0.13157891764844545,0.2750000059604645,0.3583333194255829,0.4,0.33375000953674316,hs,71,6,0,1,0
1,0.0,0.5770833492279053,0.5770833492279053,0.6,0.5448957681655884,hs,72,8,1,1,1
0,-0.021635864998946562,0.4598214328289032,0.4801587164402008,0.5,0.5040653944015503,hs,73,6,0,1,0
1,0.08284714305988398,0.3222222328186035,0.27291667461395264,0.5,0.30354171991348267,hs,74,6,1,1,1
0,0.0,0.550000011920929,0.550000011920929,0.8,0.6412500143051147,hs,75,2,0,0,1
0,-0.16406251991774193,0.3566666543483734,0.49666666984558105,1.0,0.40611109137535095,hs,76,1,0,0,1
1,0.4915254319471155,0.550000011920929,0.1875,0.7,0.7506250143051147,hs,77,3,1,0,0
0,0.0,0.0,0.0,0.5,0.0625,hs,78,4,0,1,0
1,0.0,0.4350000023841858,0.4350000023841858,0.7,0.3967360854148865,hs,79,3,1,1,1
1,0.18518518191442285,0.4000000059604645,0.2750000059604645,0.5,0.36000004410743713,hs,80,8,1,1,1
1,0.015275113132804387,0.6791666746139526,0.658730149269104,0.9,0.6204077005386353,hs,81,6,1,1,1
0,-0.4002828876846269,0.23555555939674377,0.550000011920929,0.3,0.5185555815696716,hs,82,2,0,0,1
0,0.07920791868852144,0.605555534362793,0.5166666507720947,0.3,0.5177778005599976,hs,83,4,0,1,0
0,-0.9999999999981819,0.0,0.550000011920929,0.9,0.3827083110809326,hs,84,9,0,0,1
0,0.0,0.125,0.125,0.4,0.11874999850988388,hs,85,8,0,1,0
1,-0.048158626002873184,0.6666666865348816,0.7341269850730896,0.6,0.7865971326828003,hs,86,1,1,0,0
1,0.0,0.2666666805744171,0.2666666805744171,0.6,0.2660277783870697,hs,87,6,1,1,1
0,0.6296296361696728,0.550000011920929,0.125,0.5,0.45250001549720764,hs,88,7,0,0,1
0,-0.06802516673506745,0.3702380955219269,0.4242857098579407,0.5,0.45379361510276794,hs,89,10,0,0,1
0,0.0,0.4895833432674408,0.4895833432674408,0.3,0.5956944823265076,hs,90,5,0,0,1
0,0.32126698004058024,0.2433333396911621,0.125,0.4,0.26379165053367615,hs,91,9,0,1,0
0,0.021164001140591172,0.3216666579246521,0.3083333373069763,0.5,0.345878005027771,hs,92,4,0,0,1
0,0.0,0.0,0.0,0.4,0.27933329343795776,hs,93,3,0,0,1
1,0.2394366216098756,0.550000011920929,0.3375000059604645,0.4,0.4669792056083679,hs,94,9,1,0,0
1,0.0051282246907510005,0.612500011920929,0.606249988079071,0.2,0.7241944074630737,hs,95,10,1,0,0
1,0.0,0.375,0.375,0.6,0.3506944477558136,hs,96,7,1,1,1
1,0.0,0.0,0.0,0.5,0.0625,hs,97,1,1,1,1
1,0.13294797448858653,0.40833333134651184,0.3125,0.3,0.3829166889190674,hs,98,7,1,0,0
0,-0.05942271842642585,0.5770833492279053,0.6499999761581421,0.4,0.57865971326828,hs,99,4,0,1,0
0,-0.02941174131774006,0.6547619104385376,0.6944444179534912,0.7,0.6206547617912292,hs,100,9,0,1,0
1,0.0,0.5,0.5,0.6,0.48124998807907104,hs,101,2,1,1,1
1,0.0,0.2750000059604645,0.2750000059604645,0.8,0.26500001549720764,hs,102,8,1,1,1
0,0.0,0.2750000059604645,0.2750000059604645,0.7,0.24750001728534698,hs,103,3,0,0,1
0,-0.20858895362259663,0.3583333194255829,0.5472221970558167,0.6,0.47718748450279236,hs,104,10,0,1,0
1,-0.030303001403786552,0.6666666865348816,0.7083333134651184,0.6,0.6832500100135803,hs,105,3,1,0,0
1,0.0,0.0,0.0,0.5,0.11404166370630264,hs,106,9,1,1,1
1,-0.24871355186271527,0.36500000953674316,0.6066666841506958,0.6,0.558555543422699,hs,107,4,1,0,0
1,0.0,0.125,0.125,0.3,0.35948213934898376,hs,108,6,1,0,0
0,-0.1983002605555138,0.3930555582046509,0.5874999761581421,0.9,0.5093055963516235,hs,109,1,0,0,1
1,0.0,0.25833332538604736,0.25833332538604736,0.6,0.23249998688697815,hs,110,7,1,1,1
0,0.039301291712491505,0.7083333134651184,0.6547619104385376,0.6,0.7719284892082214,hs,111,1,0,0,1
0,0.0,0.25,0.25,0.5,0.273541659116745,hs,112,9,0,1,0
1,0.06158356024345068,0.7541666626930237,0.6666666865348816,0.3,0.6959663033485413,hs,113,9,1,1,1
0,-0.9999999999981819,0.0,0.550000011920929,0.9,0.3827083110809326,hs,114,3,0,0,1
0,0.5663157727349386,0.7749999761581421,0.21458333730697632,0.4,0.5852082967758179,hs,115,5,0,0,1
0,0.0,0.1666666716337204,0.1666666716337204,0.5,0.14999999105930328,hs,116,3,0,1,0
1,0.0,0.5,0.5,0.5,0.5242708921432495,hs,117,6,1,0,0
1,-0.10204081434037006,0.2750000059604645,0.3375000059604645,0.6,0.32458335161209106,hs,118,6,1,1,1
1,-0.19999999999936002,0.125,0.1875,0.3,0.19187499582767487,hs,119,5,1,1,1
0,0.08479140254503116,0.8395833373069763,0.7083333134651184,0.6,0.7500059604644775,hs,120,6,0,0,1
1,-0.007874019473081884,0.4375,0.4444444477558136,0.4,0.40902775526046753,hs,121,1,1,1,1
0,0.0,0.25,0.25,0.8,0.2620833218097687,hs,122,5,0,0,1
0,0.4146341599563064,0.3020833432674408,0.125,0.5,0.4178749918937683,hs,123,5,0,0,1
0,0.0,0.5,0.5,0.8,0.44999998807907104,hs,124,6,0,0,1
0,0.007862587627148244,0.385740727186203,0.3797222077846527,0.4,0.39701852202415466,hs,125,8,0,1,0
1,-0.015647251906051356,0.4119047522544861,0.42500001192092896,0.7,0.3986745774745941,hs,126,6,1,1,1
0,0.0,0.0,0.0,0.5,0.14166666567325592,hs,127,8,0,0,1
1,0.0,0.0,0.0,0.7,0.07500000298023224,hs,128,8,1,0,0
0,-0.07112971274765771,0.3083333373069763,0.35555556416511536,0.5,0.36050692200660706,hs,129,2,0,0,1
1,-0.9999999999963637,0.0,0.2750000059604645,0.8,0.2291666567325592,hs,130,9,1,1,1
0,-0.5833333291931496,0.125,0.4749999940395355,0.7,0.4208333492279053,hs,131,9,0,0,1
0,0.024221449587618807,0.5138888955116272,0.4895833432674408,0.5,0.5224167108535767,hs,132,5,0,1,0
1,0.0,0.5333333611488342,0.5333333611488342,0.4,0.48000001907348633,hs,133,10,1,0,0
1,0.0,0.36666667461395264,0.36666667461395264,0.3,0.4339166581630707,hs,134,2,1,0,0
1,0.0,0.5166666507720947,0.5166666507720947,0.6,0.49416667222976685,hs,135,3,1,1,1
0,-0.5128940011289888,0.1770833283662796,0.550000011920929,0.7,0.3946875035762787,hs,136,3,0,0,1
0,0.0,0.5166666507720947,0.5166666507720947,0.2,0.51666659116745,hs,137,8,0,1,0
0,-0.014326654258911936,0.47777777910232544,0.49166667461395264,0.6,0.46194449067115784,hs,138,5,0,0,1
0,-0.41176469488200307,0.1875,0.44999998807907104,0.5,0.4089999794960022,hs,139,2,0,0,1
0,-0.025110780118957645,0.6875,0.7229166626930237,0.6,0.6825000047683716,hs,140,6,0,0,1
1,-0.9999999999960001,0.0,0.25,0.8,0.09687499701976776,hs,141,8,1,1,1
1,0.032802285107301606,0.3826389014720917,0.3583333194255829,0.3,0.3668055534362793,hs,142,2,1,1,1
0,0.011627912198981172,0.3020833432674408,0.2951388955116272,0.5,0.31267857551574707,hs,143,7,0,1,0
0,-0.12443736313204325,0.41874998807907104,0.5377777814865112,0.5,0.48997220396995544,hs,144,6,0,1,0
0,0.024102324141348018,0.4337500035762787,0.41333332657814026,0.1,0.4003114700317383,hs,145,3,0,1,0
0,0.03999999570842978,0.5777778029441833,0.5333333611488342,0.5,0.6091943979263306,hs,146,4,0,1,0
0,0.04950491999439864,0.2944444417953491,0.2666666805744171,0.6,0.28763890266418457,hs,147,7,0,1,0
0,0.0,0.5166666507720947,0.5166666507720947,0.5,0.47041669487953186,hs,148,10,0,1,0
0,0.019550662947504075,0.6065972447395325,0.5833333134651184,0.3,0.573881983757019,hs,149,8,0,1,0
0,-0.19999998569440544,0.1666666716337204,0.25,0.4,0.27018749713897705,hs,150,9,0,1,0
0,0.0,0.0,0.0,0.6,0.0,hs,151,7,0,0,1
0,0.030303001403786552,0.7083333134651184,0.6666666865348816,0.8,0.6686111092567444,hs,152,3,0,0,1
0,0.10679610045887515,0.6785714030265808,0.5476190447807312,0.7,0.6654760837554932,hs,153,9,0,0,1
0,0.14285712917217389,0.35555556416511536,0.2666666805744171,0.3,0.2944444715976715,hs,154,2,0,1,0
0,-0.11262797401732824,0.5416666865348816,0.6791666746139526,1.0,0.5526667237281799,hs,155,10,0,0,1
0,0.19491525905284227,0.4699999988079071,0.3166666626930237,0.4,0.40281248092651367,hs,156,7,0,0,1
0,0.0,0.4895833432674408,0.4895833432674408,0.5,0.44062501192092896,hs,157,1,0,1,0
0,0.06354513754073074,0.4416666626930237,0.3888888955116272,0.4,0.3983055055141449,hs,158,1,0,0,1
0,0.039281716904014864,0.48229166865348816,0.44583332538604736,0.4,0.44777780771255493,hs,159,10,0,1,0
0,0.0,0.2750000059604645,0.2750000059604645,0.7,0.24750001728534698,hs,160,4,0,0,1
0,0.0,0.1666666716337204,0.1666666716337204,0.5,0.14999999105930328,hs,161,6,0,1,0
1,0.03999997596737854,0.7222222089767456,0.6666666865348816,0.4,0.6543055772781372,hs,162,6,1,1,1
0,0.019550662947504075,0.6065972447395325,0.5833333134651184,0.5,0.5704414248466492,hs,163,8,0,1,0
0,0.0,0.125,0.125,0.3,0.1458333432674408,hs,164,6,0,1,0
0,0.0,0.41333332657814026,0.41333332657814026,0.5,0.3912222385406494,hs,165,7,0,1,0
0,0.0,0.5770833492279053,0.5770833492279053,0.4,0.5940138697624207,hs,166,10,0,1,0
1,0.0,0.550000011920929,0.550000011920929,0.6,0.8187500238418579,hs,167,5,1,0,0
1,0.0,0.2708333432674408,0.2708333432674408,0.4,0.2717013955116272,hs,168,1,1,1,1
0,0.0156056502686001,0.4270833432674408,0.413958340883255,0.4,0.383062481880188,hs,169,5,0,1,0
0,0.03841675411453037,0.5575000047683716,0.5162500143051147,0.5,0.5625297427177429,hs,170,6,0,0,1
1,-0.1404011631614428,0.5,0.6633333563804626,0.6,0.6048809289932251,hs,171,3,1,0,0
1,-0.10204081434037006,0.2750000059604645,0.3375000059604645,0.6,0.3500000238418579,hs,172,6,1,1,1
0,0.0,0.125,0.125,0.2,0.15541668236255646,hs,173,6,0,1,0
1,0.04171934820575566,0.49047619104385376,0.4511904716491699,0.6,0.45491066575050354,hs,174,9,1,1,1
1,-0.6842105263152133,0.1875,1.0,1.0,0.6003125309944153,hs,175,3,1,0,0
0,-0.272226037138202,0.2750000059604645,0.4807291626930237,0.7,0.41457289457321167,hs,176,4,0,0,1
1,0.011235960474081616,0.3125,0.3055555522441864,0.5,0.29868054389953613,hs,177,5,1,1,1
0,0.0,0.125,0.125,0.4,0.11249999701976776,hs,178,2,0,1,0
0,-0.05359876703482522,0.21458333730697632,0.23888888955116272,0.5,0.25515276193618774,hs,179,7,0,1,0
0,0.0,0.5874999761581421,0.5874999761581421,0.3,0.5287500619888306,hs,180,4,0,1,0
1,0.0,0.4895833432674408,0.4895833432674408,0.7,0.4427083134651184,hs,181,2,1,1,1
1,0.1008303584745289,0.4833333194255829,0.3947916626930237,0.5,0.4370694160461426,hs,182,10,1,0,0
1,0.0,0.5166666507720947,0.5166666507720947,0.3,0.4649999737739563,hs,183,9,1,0,0
1,-0.9999999999960001,0.0,0.25,0.8,0.09687499701976776,hs,184,8,1,1,1
0,0.00414937359104936,0.8066666722297668,0.800000011920929,0.5,0.7713056206703186,hs,185,8,0,0,1
0,-0.009287916646969934,0.6666666865348816,0.6791666746139526,0.5,0.6324008107185364,hs,186,1,0,1,0
1,0.0,0.4166666567325592,0.4166666567325592,0.5,0.4208333492279053,hs,187,1,1,1,1
0,0.0,0.0,0.0,0.4,0.3962499797344208,hs,188,6,0,0,1
1,-0.9999999999984001,0.0,0.625,0.7,0.6489583253860474,hs,189,7,1,0,0
1,-0.014883371402897748,0.5837500095367432,0.6013888716697693,0.5,0.5664652585983276,hs,190,5,1,1,1
1,0.1428571574537087,0.1666666716337204,0.125,0.3,0.13854166865348816,hs,191,1,1,1,1
1,0.0,0.5625,0.5625,0.4,0.7003124952316284,hs,192,1,1,0,0
1,0.0,0.36666667461395264,0.36666667461395264,0.8,0.33000001311302185,hs,193,6,1,1,1
0,0.1187084446104551,0.4090277850627899,0.3222222328186035,0.2,0.3673611283302307,hs,194,7,0,1,0
0,0.0,0.4194444417953491,0.4194444417953491,0.3,0.41002678871154785,hs,195,8,0,1,0
1,0.08905502919985175,0.5562499761581421,0.4652777910232544,0.7,0.6550347208976746,hs,196,10,1,1,1
1,0.0,0.1666666716337204,0.1666666716337204,0.5,0.14999999105930328,hs,197,10,1,1,1
0,-0.4690265576343047,0.1875,0.518750011920929,0.8,0.3920833468437195,hs,198,2,0,0,1
0,-0.038759708834320526,0.5166666507720947,0.5583333373069763,0.4,0.5340138673782349,hs,199,6,0,1,0
0,0.0,0.4761904776096344,0.4761904776096344,0.8,0.4285714626312256,hs,200,10,0,0,1
0,-0.3045563368172444,0.3020833432674408,0.5666666626930237,0.9,0.42802080512046814,hs,201,4,0,0,1
0,-0.1408717643600416,0.5666666626930237,0.7524999976158142,0.9,0.5853750109672546,hs,202,3,0,0,1
1,0.002941184173815137,0.47361111640930176,0.47083333134651184,0.5,0.48129963874816895,hs,203,1,1,1,1
1,-0.012285017984628709,0.5583333373069763,0.5722222328186035,0.4,0.5252777934074402,hs,204,10,1,1,1
1,-0.024767778090881654,0.39375001192092896,0.4137499928474426,0.2,0.43797916173934937,hs,205,9,1,0,0
1,0.0,0.36666667461395264,0.36666667461395264,0.5,0.335416704416275,hs,206,5,1,1,1
1,0.0,0.5,0.5,0.7,0.4583333134651184,hs,207,2,1,1,1
1,0.0,0.0,0.0,0.6,0.12666666507720947,hs,208,3,1,1,1
1,0.22222223693908963,0.4124999940395355,0.26249998807907104,0.2,0.37026387453079224,hs,209,7,1,0,0
1,-0.03030300164260484,0.36666667461395264,0.3895833194255829,0.5,0.3506249785423279,hs,210,6,1,0,0
0,0.0,0.5166666507720947,0.5166666507720947,0.7,0.4649999737739563,hs,211,8,0,1,0
0,-0.03225808014602976,0.4166666567325592,0.4444444477558136,0.5,0.48318052291870117,hs,212,1,0,1,0
0,-0.016393441181278452,0.6666666865348816,0.6888889074325562,0.5,0.6640118956565857,hs,213,5,0,1,0
0,0.06332135486466413,0.5562499761581421,0.49000000953674316,0.4,0.505726158618927,hs,214,1,0,1,0
1,-0.9999999999953397,0.0,0.21458333730697632,0.5,0.24437499046325684,hs,215,1,1,0,0
1,-0.06637232360761486,0.3671296238899231,0.4193286895751953,0.5,0.42863327264785767,hs,216,7,1,1,1
1,0.022831050625981248,0.699999988079071,0.668749988079071,0.5,0.7655277848243713,hs,217,10,1,0,0
0,0.0,0.36666667461395264,0.36666667461395264,0.6,0.3452777862548828,hs,218,8,0,0,1
0,0.3333333333329293,0.550000011920929,0.2750000059604645,0.6,0.6056250333786011,hs,220,4,0,0,1
1,-0.0142700665941439,0.5345237851142883,0.550000011920929,0.6,0.49345239996910095,hs,221,4,1,1,1
0,0.0,0.5166666507720947,0.5166666507720947,0.5,0.4649999737739563,hs,222,10,0,0,1
0,0.0,0.6133333444595337,0.6133333444595337,0.7,0.5806805491447449,hs,223,4,0,0,1
1,0.0,0.44583332538604736,0.44583332538604736,0.4,0.4012499451637268,hs,224,1,1,0,0
0,0.021097044980907708,0.5377777814865112,0.5155555605888367,0.5,0.4884166717529297,hs,225,8,0,1,0
0,0.0,0.0,0.0,0.6,0.0,hs,226,8,0,0,1
1,0.0,0.125,0.125,0.5,0.125,hs,227,9,1,0,0
1,-0.040991394348532495,0.6986111402511597,0.7583333253860474,0.6,0.6733472347259521,hs,228,10,1,0,0
1,0.0,0.6666666865348816,0.6666666865348816,0.3,0.625,hs,229,7,1,0,0
0,0.01587303869966761,0.4000000059604645,0.38749998807907104,0.4,0.363819420337677,hs,230,6,0,0,1
1,0.0,0.0,0.0,0.4,0.11183333396911621,hs,231,1,1,1,1
1,0.0,0.2750000059604645,0.2750000059604645,0.4,0.35879164934158325,hs,232,4,1,0,0
1,0.0,0.1770833283662796,0.1770833283662796,0.4,0.3447916507720947,hs,233,5,1,0,0
1,0.0,0.36666667461395264,0.36666667461395264,0.6,0.3540555238723755,hs,234,3,1,1,1
0,0.0,0.2750000059604645,0.2750000059604645,0.4,0.25979167222976685,hs,235,1,0,1,0
1,-0.009345812384798672,0.5520833134651184,0.5625,0.7,0.5052083134651184,hs,236,2,1,1,1
0,-0.5652173822894297,0.125,0.44999998807907104,0.5,0.39941662549972534,hs,237,5,0,0,1
0,0.0,0.0,0.0,0.6,0.0,hs,238,1,0,0,1
1,0.0,0.375,0.375,0.4,0.35930556058883667,hs,239,1,1,1,1
0,-0.17106252049371456,0.4583333432674408,0.6474999785423279,0.7,0.569118082523346,hs,240,7,0,1,0
1,0.0,0.36666667461395264,0.36666667461395264,0.3,0.3452777862548828,hs,241,2,1,0,0
1,0.0,0.47333332896232605,0.47333332896232605,0.6,0.4425000250339508,hs,242,3,1,0,0
0,-0.45945946642467717,0.125,0.3375000059604645,0.5,0.2653958201408386,hs,243,7,0,1,0
0,0.0,0.0,0.0,0.6,0.0,hs,244,8,0,0,1
1,-0.025550306330816012,0.4918650686740875,0.5176587104797363,0.6,0.47342556715011597,hs,245,3,1,1,1
0,-0.03060217111643852,0.3507142961025238,0.37285715341567993,0.6,0.4242618978023529,hs,246,3,0,0,1
0,0.0,0.125,0.125,0.5,0.24166667461395264,hs,247,8,0,0,1
1,0.0,0.125,0.125,0.4,0.18333332240581512,hs,248,6,1,0,0
1,-0.018078003708284322,0.4300000071525574,0.44583332538604736,0.3,0.3996666371822357,hs,249,6,1,0,0
1,0.04875655565744625,0.4451389014720917,0.4037500023841858,0.5,0.40606945753097534,hs,250,10,1,1,1
1,0.07462690072531991,0.6000000238418579,0.5166666507720947,0.2,0.585254967212677,hs,251,4,1,1,1
1,-0.07246374858562425,0.2666666805744171,0.3083333373069763,0.7,0.31361114978790283,hs,252,10,1,1,1
0,0.06415093850727167,0.5874999761581421,0.5166666507720947,0.3,0.534166693687439,hs,253,3,0,1,0
1,0.3333333333329293,0.550000011920929,0.2750000059604645,0.3,0.5521875619888306,hs,254,3,1,0,0
1,-0.04761903748217496,0.800000011920929,0.8799999952316284,0.6,0.7918928861618042,hs,255,3,1,0,0
0,0.0,0.5,0.5,0.7,0.5,hs,256,2,0,0,1
0,-0.07692305999387572,0.5,0.5833333134651184,0.8,0.5195000171661377,hs,257,7,0,0,1
0,0.011320789007149456,0.6700000166893005,0.6549999713897705,0.5,0.6347162127494812,hs,258,7,0,0,1
1,0.04304635460959435,0.39375001192092896,0.36125001311302185,0.3,0.4002256989479065,hs,259,1,1,0,0
0,0.0,0.28833332657814026,0.28833332657814026,0.6,0.43182340264320374,hs,260,3,0,0,1
1,0.0,0.1666666716337204,0.1666666716337204,0.2,0.14999999105930328,hs,261,5,1,1,1
1,-0.1999999821183071,0.2666666805744171,0.4000000059604645,0.9,0.3478749990463257,hs,262,1,1,1,1
0,0.0,0.25,0.25,0.5,0.33461111783981323,hs,263,10,0,0,1
1,0.010752708681156995,0.4895833432674408,0.4791666567325592,0.5,0.5026805400848389,hs,264,9,1,1,1
1,-0.00859598008251434,0.3604166805744171,0.36666667461395264,0.7,0.3513472378253937,hs,265,10,1,1,1
0,-0.008008794956187067,0.40243056416511536,0.4089285731315613,0.3,0.3893650472164154,hs,266,10,0,1,0
1,0.03954803515559396,0.6133333444595337,0.5666666626930237,0.3,0.5653888583183289,hs,267,5,1,1,1
0,-0.2307692378226798,0.25,0.4000000059604645,0.6,0.42078572511672974,hs,268,8,0,0,1
1,0.0,0.5,0.5,0.4,0.48214584589004517,hs,269,7,1,0,0
1,0.0,0.0,0.0,0.3,0.03541667014360428,hs,270,4,1,1,1
0,0.03030300164260484,0.3895833194255829,0.36666667461395264,0.6,0.5156250596046448,hs,271,4,0,0,1
1,0.0,0.5476190447807312,0.5476190447807312,0.4,0.5334821939468384,hs,272,3,1,0,0
0,-0.06306302869631195,0.2708333432674408,0.3072916567325592,0.3,0.34218746423721313,hs,273,1,0,0,1
1,0.2215930113352434,0.4943452477455139,0.3149999976158142,0.5,0.485922634601593,hs,274,6,1,1,1
1,0.0,0.2750000059604645,0.2750000059604645,0.3,0.24750001728534698,hs,275,6,1,0,0
1,0.024029577793903613,0.3847222328186035,0.36666667461395264,0.5,0.38284724950790405,hs,276,5,1,1,1
1,0.0,0.2750000059604645,0.2750000059604645,0.4,0.27770835161209106,hs,277,9,1,0,0
0,-0.4401244184563848,0.1875,0.48229166865348816,0.9,0.36625000834465027,hs,278,2,0,0,1
0,0.0,0.3683333396911621,0.3683333396911621,0.5,0.33149999380111694,hs,279,2,0,0,1
0,0.045804607493697,0.3583333194255829,0.3269444406032562,0.4,0.3398125171661377,hs,280,9,0,1,0
0,0.0,0.125,0.125,0.5,0.18333332240581512,hs,281,7,0,0,1
1,-0.07246374858562425,0.2666666805744171,0.3083333373069763,0.7,0.31361109018325806,hs,282,3,1,1,1
0,-0.07336957166085055,0.3552083373069763,0.4114583432674408,0.6,0.4095069468021393,hs,283,6,0,0,1
1,0.9999999999960001,0.25,0.0,0.6,0.2722916603088379,hs,284,9,1,1,1
1,0.0,0.18333333730697632,0.18333333730697632,0.4,0.16500000655651093,hs,285,3,1,1,1
0,0.0,0.5,0.5,0.6,0.44999998807907104,hs,286,10,0,0,1
0,-0.018750027101473263,0.6541666388511658,0.6791666746139526,0.7,0.6266250610351562,hs,287,7,0,1,0
1,0.0,0.1666666716337204,0.1666666716337204,0.3,0.21250002086162567,hs,288,9,1,1,1
0,-0.028534385560152267,0.44583332538604736,0.4720238149166107,0.4,0.450126975774765,hs,289,2,0,1,0
1,0.08333335264956068,0.48750001192092896,0.4124999940395355,0.4,0.44255557656288147,hs,290,7,1,0,0
1,0.0,0.2708333432674408,0.2708333432674408,0.5,0.24375000596046448,hs,291,5,1,1,1
1,0.0,0.4166666567325592,0.4166666567325592,0.4,0.40034717321395874,hs,292,7,1,1,1
1,-0.022212646402777904,0.6297222375869751,0.6583333611488342,0.5,0.6785356998443604,hs,293,1,1,1,1
1,-0.07246374858562425,0.2666666805744171,0.3083333373069763,0.7,0.2874999940395355,hs,294,5,1,1,1
0,0.0,0.6133333444595337,0.6133333444595337,0.7,0.5519999265670776,hs,295,10,0,0,1
1,0.0,0.2750000059604645,0.2750000059604645,0.2,0.24750001728534698,hs,296,3,1,0,0
1,0.014925358794133238,0.28333333134651184,0.2750000059604645,0.7,0.34814587235450745,hs,297,10,1,1,1
1,0.0,0.1666666716337204,0.1666666716337204,0.3,0.21875,hs,298,10,1,1,1
1,-0.022004880853881786,0.625,0.653124988079071,0.5,0.7628472447395325,hs,299,5,1,0,0
0,0.0,0.25,0.25,0.7,0.44999998807907104,hs,300,4,0,0,1
0,-0.02325583329511453,0.17499999701976776,0.18333333730697632,0.5,0.18062500655651093,hs,301,5,0,0,1
0,0.0,0.5,0.5,0.4,0.5456250309944153,hs,302,9,0,1,0
0,0.02087284544474723,0.4483333230018616,0.4300000071525574,0.6,0.3998332917690277,hs,303,2,0,0,1
1,0.0,0.5,0.5,0.7,0.4749999940395355,hs,304,8,1,1,1
0,0.0,0.625,0.625,0.5,0.6554375290870667,hs,305,9,0,1,0
0,0.0,0.4933333396911621,0.4933333396911621,0.5,0.47511109709739685,hs,306,5,0,1,0
1,-0.1208791116658826,0.5,0.637499988079071,0.5,0.6054166555404663,hs,307,7,1,0,0
0,0.015691906766065543,0.6180555820465088,0.5989583134651184,0.4,0.5649744272232056,hs,308,5,0,1,0
0,0.0,0.0,0.0,0.6,0.0,hs,309,8,0,0,1
0,0.0,0.0,0.0,0.4,0.3962499797344208,hs,310,3,0,0,1
1,-0.03383326722973861,0.5770833492279053,0.6175000071525574,0.9,0.5487638711929321,hs,311,4,1,0,0
1,0.0,0.3683333396911621,0.3683333396911621,0.6,0.44365277886390686,hs,312,4,1,0,0
1,0.002169210825612284,0.550000011920929,0.5476190447807312,0.3,0.5164087414741516,hs,313,2,1,1,1
1,0.12350673530857251,0.8816964030265808,0.6878471970558167,0.3,0.7533888816833496,hs,314,6,1,0,0
1,0.0,0.125,0.125,0.7,0.11249999701976776,hs,315,9,1,1,1
0,0.10622596753061432,0.4997222125530243,0.4037500023841858,0.2,0.4500693678855896,hs,316,3,0,1,0
0,-0.2559899375691389,0.3072916567325592,0.518750011920929,0.7,0.43564480543136597,hs,317,4,0,0,1
1,0.0,0.44583332538604736,0.44583332538604736,0.2,0.4540625214576721,hs,318,10,1,0,0
0,-0.0052877310303794485,0.6662499904632568,0.6733333468437195,0.8,0.6877778172492981,hs,319,3,0,0,1
1,0.0526315701414376,0.375,0.3375000059604645,0.3,0.3449999988079071,hs,320,10,1,1,1
0,-0.04135120796126659,0.3810185194015503,0.4138889014720917,0.5,0.394444078207016,hs,321,2,0,0,1
1,-0.16253443849124127,0.3619047701358795,0.5023809671401978,0.5,0.4775853157043457,hs,322,3,1,1,1
1,0.3178807777619569,0.41458332538604736,0.21458333730697632,0.5,0.5849999785423279,hs,323,4,1,0,0
1,0.09090910273140075,0.5,0.4166666567325592,0.6,0.45684725046157837,hs,324,6,1,0,0
0,0.17531832470842063,1.0,0.7016666531562805,0.3,0.8448541760444641,hs,325,6,0,0,1
1,-0.06593405351782221,0.28333333134651184,0.3233333230018616,0.7,0.33884721994400024,hs,326,7,1,1,1
0,-0.11498258580711537,0.793749988079071,1.0,0.6,0.8686607480049133,hs,327,8,0,0,1
1,0.9999999999979731,0.4933333396911621,0.0,0.7,0.44162502884864807,hs,328,8,1,0,0
1,0.18918919963789232,0.18333333730697632,0.125,0.3,0.16833333671092987,hs,329,4,1,1,1
0,0.026824714001854006,0.3810185194015503,0.3611111044883728,0.5,0.35016101598739624,hs,330,1,0,0,1
1,0.0434782494967797,0.3566666543483734,0.3269444406032562,0.4,0.34442365169525146,hs,331,9,1,1,1
1,-0.06432746532228652,0.6666666865348816,0.7583333253860474,0.4,0.6960694789886475,hs,332,6,1,0,0
1,-0.014925359075323752,0.4675000011920929,0.4816666543483734,0.7,0.4562261700630188,hs,333,2,1,1,1
1,-0.05153345280820094,0.4735416769981384,0.5249999761581421,0.4,0.4846319258213043,hs,334,7,1,1,1
0,-0.040000018310469725,0.25,0.2708333432674408,0.5,0.3738124966621399,hs,335,4,0,0,1
1,0.0,0.1666666716337204,0.1666666716337204,0.4,0.2243611067533493,hs,336,1,1,1,1
1,-0.18518518191442285,0.2750000059604645,0.4000000059604645,0.8,0.3371875286102295,hs,337,2,1,1,1
1,0.26739924268637266,0.28833332657814026,0.1666666716337204,0.1,0.26455557346343994,hs,338,4,1,0,0
1,0.03867402686133931,0.3263888955116272,0.3020833432674408,0.3,0.29879164695739746,hs,339,1,1,1,1
0,-0.49101798343427144,0.1770833283662796,0.518750011920929,0.8,0.39625000953674316,hs,340,4,0,0,1
0,-0.13043476458071196,0.5,0.6499999761581421,0.7,0.5667708516120911,hs,341,9,0,0,1
1,0.0,0.5770833492279053,0.5770833492279053,0.4,0.5193750262260437,hs,342,1,1,0,0
1,-0.012658261083807795,0.32499998807907104,0.3333333432674408,0.4,0.30243057012557983,hs,343,8,1,1,1
0,-0.030615331120029208,0.6662499904632568,0.7083333134651184,0.7,0.6385694742202759,hs,344,6,0,0,1
0,0.0,0.3020833432674408,0.3020833432674408,0.7,0.2891666889190674,hs,345,10,0,1,0
1,-0.07313736987888236,0.5649999976158142,0.6541666388511658,0.8,0.5839652419090271,hs,346,1,1,0,0
1,0.0,0.0,0.0,0.4,0.0,hs,347,5,1,0,0
0,0.05882352941170934,0.5625,0.5,0.4,0.5184166431427002,hs,348,9,0,0,1
0,0.0,0.0,0.0,0.9,0.0,hs,349,8,0,0,1
1,-0.05376342762845218,0.36666667461395264,0.40833333134651184,0.3,0.38047221302986145,hs,350,3,1,1,1
0,0.0,0.0,0.0,0.3,0.07500000298023224,hs,351,10,0,0,1
1,-0.010101009462443356,0.46666666865348816,0.4761904776096344,0.6,0.4599152207374573,hs,352,4,1,1,1
1,0.10204081434037006,0.3375000059604645,0.2750000059604645,0.5,0.35088542103767395,hs,353,4,1,1,1
1,-0.01158300006741693,0.2666666805744171,0.27291667461395264,0.4,0.2981249690055847,hs,354,4,1,1,1
0,0.01838755578841766,0.75,0.7229166626930237,0.3,0.6881250143051147,hs,355,10,0,0,1
0,-0.23076921794397104,0.550000011920929,0.8799999952316284,0.4,0.831000030040741,hs,356,4,0,0,1
1,-0.010350916139255782,0.46666666865348816,0.4764285683631897,0.5,0.44502776861190796,hs,357,5,1,1,1
1,0.0,0.5,0.5,0.3,0.44999998807907104,hs,358,3,1,0,0
0,0.0,0.5,0.5,0.5,0.44999998807907104,hs,359,5,0,0,1
1,0.0,0.0,0.0,0.5,0.0625,hs,360,8,1,1,1
0,0.20253164318173988,0.4749999940395355,0.3149999976158142,0.6,0.44077080488204956,hs,361,5,0,0,1
0,0.10280370551915136,0.32777777314186096,0.2666666805744171,0.2,0.2893650531768799,hs,362,9,0,1,0
0,0.0,0.0,0.0,0.5,0.0625,hs,363,3,0,1,0
1,0.0,0.30595237016677856,0.30595237016677856,0.2,0.28484126925468445,hs,364,4,1,1,1
1,0.0,0.4166666567325592,0.4166666567325592,0.5,0.3750000298023224,hs,365,9,1,0,0
1,0.13514690636399718,0.5433333516120911,0.413958340883255,0.4,0.4824196398258209,hs,366,5,1,1,1
1,-0.999999999992,0.0,0.125,0.7,0.16583332419395447,hs,367,10,1,1,1
0,0.049382712233749376,0.4047619104385376,0.36666667461395264,0.4,0.3551270067691803,hs,368,2,0,1,0
0,0.0,0.7083333134651184,0.7083333134651184,0.6,0.6437499523162842,hs,369,2,0,1,0
1,-0.9999999999960001,0.0,0.25,0.8,0.09687499701976776,hs,370,9,1,1,1
1,0.999999999992,0.125,0.0,0.5,0.14166666567325592,hs,372,6,1,0,0
0,-0.03025068124859783,0.3895833194255829,0.4138889014720917,0.6,0.4169444441795349,hs,373,9,0,1,0
0,-0.060433279422690986,0.6866666674613953,0.7749999761581421,1.0,0.6750000715255737,hs,374,2,0,0,1
0,-0.9999999999957895,0.0,0.23749999701976776,0.1,0.3016666769981384,hs,375,4,0,1,0
0,0.0,0.0,0.0,0.9,0.0,hs,376,10,0,0,1
1,0.0,0.44583332538604736,0.44583332538604736,0.8,0.40839582681655884,hs,377,10,1,1,1
0,0.029574859657142155,0.4973214268684387,0.46875,0.4,0.45529666543006897,hs,378,4,0,0,1
1,0.0,0.25,0.25,0.7,0.22499999403953552,hs,379,4,1,1,1
1,0.0,0.5,0.5,0.7,0.44999998807907104,hs,380,6,1,0,0
1,0.0,0.5,0.5,0.9,0.48458331823349,hs,381,9,1,1,1
1,0.0,0.23749999701976776,0.23749999701976776,0.8,0.27291664481163025,hs,382,1,1,1,1
1,0.0,0.550000011920929,0.550000011920929,0.5,0.6018750071525574,hs,383,4,1,0,0
1,0.1891891996381991,0.36666667461395264,0.25,0.4,0.4402202069759369,hs,384,6,1,0,0
0,0.0,0.1770833283662796,0.1770833283662796,0.5,0.18486110866069794,hs,385,10,0,0,1
1,0.0,0.0,0.0,0.7,0.05000000074505806,hs,386,1,1,1,1
1,0.0,0.4833333194255829,0.4833333194255829,0.6,0.496011883020401,hs,387,8,1,1,1
1,0.0,0.4895833432674408,0.4895833432674408,0.6,0.44739580154418945,hs,388,4,1,1,1
0,0.31933467190844306,0.7766666412353516,0.40069442987442017,0.4,0.7375674247741699,hs,389,1,0,0,1
1,-0.024029577793903613,0.36666667461395264,0.3847222328186035,0.5,0.3831944465637207,hs,390,5,1,1,1
1,0.0,0.5583333373069763,0.5583333373069763,0.6,0.512541651725769,hs,391,10,1,1,1
0,0.0,0.3683333396911621,0.3683333396911621,0.6,0.39319443702697754,hs,392,10,0,1,0
1,0.047619070325524544,0.4583333432674408,0.4166666567325592,0.4,0.4029761850833893,hs,393,8,1,1,1
1,0.0,0.5333333611488342,0.5333333611488342,0.4,0.48000001907348633,hs,394,10,1,0,0
1,0.0,0.125,0.125,0.5,0.14633333683013916,hs,395,10,1,1,1
0,-0.0958904149854103,0.550000011920929,0.6666666865348816,0.3,0.7694166898727417,hs,396,5,0,0,1
1,0.999999999997757,0.44583332538604736,0.0,0.6,0.3962499797344208,hs,397,7,1,0,0
1,0.022736165567679836,0.603935182094574,0.5770833492279053,0.4,0.5638310313224792,hs,399,7,1,1,1
1,0.0,0.59375,0.59375,0.6,0.5442222356796265,hs,400,4,1,1,1
0,0.0,0.6133333444595337,0.6133333444595337,0.6,0.573125958442688,hs,401,6,0,1,0
0,0.0,0.5249999761581421,0.5249999761581421,0.4,0.4881250262260437,hs,402,6,0,0,1
0,0.0,0.6666666865348816,0.6666666865348816,0.5,0.5999999642372131,hs,403,3,0,0,1
1,0.03490756472392813,0.5249999761581421,0.4895833432674408,0.5,0.4695833623409271,hs,404,9,1,1,1
1,-0.008089609161646975,0.5534722208976746,0.5625,0.5,0.5053472518920898,hs,405,10,1,0,0
0,0.59999999999904,0.5,0.125,0.2,0.37833333015441895,hs,406,3,0,1,0
1,0.057052874899992764,0.6291666626930237,0.5612499713897705,0.4,0.5614079833030701,hs,407,4,1,1,1
0,0.0,0.1666666716337204,0.1666666716337204,0.5,0.1666666567325592,hs,408,6,0,1,0
1,0.0,0.25833332538604736,0.25833332538604736,0.3,0.258333295583725,hs,409,5,1,1,1
0,0.015873034795082997,0.190476194024086,0.184523805975914,0.6,0.17083331942558289,hs,410,5,0,1,0
1,0.13953487501697456,0.40833333134651184,0.3083333373069763,0.2,0.42481350898742676,hs,411,4,1,0,0
0,0.0,0.1666666716337204,0.1666666716337204,0.5,0.16819444298744202,hs,412,1,0,1,0
0,0.0,0.4958333373069763,0.4958333373069763,0.6,0.4664444029331207,hs,413,9,0,1,0
0,0.0,0.4166666567325592,0.4166666567325592,0.5,0.4166666865348816,hs,414,3,0,1,0
1,0.0,0.4166666567325592,0.4166666567325592,0.3,0.4067360758781433,hs,415,5,1,0,0
1,-0.03139011795982289,0.5625,0.5989583134651184,0.6,0.6003273725509644,hs,416,5,1,0,0
1,-0.03968253714828136,0.4033333361148834,0.43666666746139526,0.7,0.38788890838623047,hs,417,2,1,1,1
0,0.0,0.3583333194255829,0.3583333194255829,0.4,0.36941203474998474,hs,418,2,0,1,0
0,0.0,0.4933333396911621,0.4933333396911621,0.6,0.45772022008895874,hs,419,1,0,0,1
0,-0.0029673476762841107,0.6666666865348816,0.670634925365448,0.4,0.6929524540901184,hs,420,8,0,1,0
1,0.0,0.4166666567325592,0.4166666567325592,0.6,0.3750000298023224,hs,421,6,1,1,1
0,0.0,0.2750000059604645,0.2750000059604645,0.3,0.32041671872138977,hs,422,7,0,1,0
1,-0.017432641526846867,0.4305555522441864,0.44583332538604736,0.6,0.44430550932884216,hs,423,4,1,0,0
0,0.0,0.5,0.5,0.6,0.5792707800865173,hs,424,4,0,1,0
1,-0.023923445412712314,0.637499988079071,0.668749988079071,0.7,0.6039583086967468,hs,425,6,1,0,0
1,0.019620531020140535,0.6549999713897705,0.6297916769981384,0.4,0.7166181206703186,hs,426,9,1,0,0
0,0.19999998569440544,0.25,0.1666666716337204,0.7,0.4116666913032532,hs,427,9,0,0,1
1,0.0,0.27619048953056335,0.27619048953056335,0.5,0.30144447088241577,hs,428,7,1,1,1
0,-0.18518518191442285,0.2750000059604645,0.4000000059604645,0.7,0.3475000262260437,hs,429,3,0,0,1
1,0.0,0.21458333730697632,0.21458333730697632,0.8,0.20770832896232605,hs,430,6,1,1,1
1,0.0,0.3333333432674408,0.3333333432674408,0.5,0.3190416693687439,hs,431,3,1,1,1
1,0.0,0.0,0.0,0.7,0.08958333730697632,hs,432,3,1,1,1
1,0.012131719799420803,0.648888885974884,0.6333333253860474,0.6,0.6612777709960938,hs,433,3,1,1,1
0,-0.19512193845440096,0.2750000059604645,0.40833333134651184,0.5,0.39532437920570374,hs,434,2,0,0,1
0,0.0,0.4933333396911621,0.4933333396911621,0.6,0.4619768559932709,hs,435,4,0,1,0
1,0.0,0.125,0.125,0.5,0.11249999701976776,hs,436,5,1,0,0
1,0.022869001104742454,0.512499988079071,0.4895833432674408,0.9,0.4728125035762787,hs,437,9,1,1,1
1,0.0,0.44583332538604736,0.44583332538604736,0.1,0.4012499451637268,hs,438,5,1,0,0
0,-0.49101798343427144,0.1770833283662796,0.518750011920929,0.8,0.3843749761581421,hs,439,10,0,0,1
0,0.0,0.1666666716337204,0.1666666716337204,0.4,0.14999999105930328,hs,440,4,0,1,0
1,0.014925359112819385,0.7083333134651184,0.6875,0.6,0.6375000476837158,hs,441,7,1,1,1
1,0.029381976983973372,0.4703703820705414,0.4435185194015503,0.4,0.5049123764038086,hs,442,5,1,1,1
1,-0.334862361992595,0.3020833432674408,0.606249988079071,0.4,0.51520836353302,hs,443,4,1,0,0
1,0.0,0.6666666865348816,0.6666666865348816,0.4,0.7038888931274414,hs,444,10,1,0,0
1,0.0,0.5,0.5,0.4,0.45625001192092896,hs,445,2,1,0,0
1,0.07199156107975602,0.7083333134651184,0.613194465637207,0.0,0.589263916015625,hs,446,4,1,0,0
0,0.03954806506349995,0.5111111402511597,0.4722222089767456,0.4,0.4964444637298584,hs,447,4,0,1,0
0,0.0,0.3583333194255829,0.3583333194255829,0.6,0.48305749893188477,hs,448,5,0,0,1
0,0.047195031959715895,0.49000000953674316,0.44583332538604736,0.6,0.4476458430290222,hs,449,8,0,1,0
0,0.0,0.5,0.5,0.9,0.5571874976158142,hs,450,3,0,0,1
0,0.0,0.2750000059604645,0.2750000059604645,0.7,0.2866666913032532,hs,451,10,0,0,1
0,0.0,0.125,0.125,0.2,0.125,hs,452,2,0,1,0
1,-0.9999999999984001,0.0,0.625,0.7,0.6489583253860474,hs,453,10,1,0,0
1,0.0,0.125,0.125,0.6,0.15208333730697632,hs,454,3,1,1,1
1,0.0,0.4166666567325592,0.4166666567325592,0.8,0.3750000298023224,hs,455,8,1,1,1
1,0.0,0.3583333194255829,0.3583333194255829,0.6,0.37291663885116577,hs,456,8,1,1,1
1,0.0,0.3583333194255829,0.3583333194255829,0.8,0.37338191270828247,hs,457,6,1,1,1
0,0.19999999999936002,0.1875,0.125,0.2,0.19500000774860382,hs,458,9,0,1,0
1,-0.005235627033391335,0.6597222089767456,0.6666666865348816,0.4,0.5993055105209351,hs,459,9,1,1,1
1,0.0,0.4483333230018616,0.4483333230018616,0.4,0.4034999907016754,hs,460,3,1,0,0
0,0.0,0.1666666716337204,0.1666666716337204,0.7,0.18687498569488525,hs,461,8,0,1,0
1,0.0,0.25833332538604736,0.25833332538604736,0.7,0.258333295583725,hs,462,3,1,1,1
0,0.0,0.36666667461395264,0.36666667461395264,0.7,0.33000001311302185,hs,463,8,0,0,1
0,-0.1428571574537087,0.125,0.1666666716337204,0.7,0.1966666579246521,hs,464,4,0,1,0
0,-0.156771222040783,0.5266666412353516,0.7225000262260437,0.5,0.6992460489273071,hs,465,4,0,0,1
1,0.0,0.1666666716337204,0.1666666716337204,0.2,0.15238094329833984,hs,467,8,1,1,1
0,0.0,0.5,0.5,0.5,0.48124998807907104,hs,468,7,0,1,0
0,0.0,0.0,0.0,0.3,0.03750000149011612,hs,469,3,0,1,0
1,0.0,0.3430555462837219,0.3430555462837219,0.5,0.3108333647251129,hs,470,2,1,0,0
1,-0.26380368959543804,0.125,0.21458333730697632,0.6,0.26354166865348816,hs,471,8,1,0,0
1,0.0,0.0,0.0,0.7,0.03750000149011612,hs,472,8,1,1,1
0,0.013941689424860763,0.4761904776096344,0.4630952477455139,0.5,0.43802911043167114,hs,473,1,0,0,1
0,0.0,0.125,0.125,0.3,0.13958333432674408,hs,474,2,0,1,0
1,-0.09433961924630017,0.30000001192092896,0.36250001192092896,0.8,0.3431944251060486,hs,475,4,1,1,1
0,0.013802964677395998,0.3169642984867096,0.3083333373069763,0.6,0.29674404859542847,hs,476,6,0,1,0
1,-0.03752757775661494,0.6228571534156799,0.6714285612106323,0.6,0.6037142872810364,hs,477,2,1,1,1
1,0.0,0.25,0.25,0.3,0.33104169368743896,hs,478,5,1,1,1
0,0.0,0.21458333730697632,0.21458333730697632,0.7,0.24284720420837402,hs,479,8,0,1,0
1,-0.029866095950981403,0.28035715222358704,0.2976190447807312,0.6,0.2936786115169525,hs,480,1,1,1,1
1,0.0,0.3583333194255829,0.3583333194255829,0.6,0.42556247115135193,hs,481,1,1,1,1
0,0.05376342762845218,0.40833333134651184,0.36666667461395264,0.2,0.38749998807907104,hs,482,8,0,1,0
0,0.0,0.2750000059604645,0.2750000059604645,0.5,0.3447916507720947,hs,483,9,0,0,1
1,0.0,0.5770833492279053,0.5770833492279053,0.3,0.5502430200576782,hs,484,10,1,0,0
1,0.0,0.4166666567325592,0.4166666567325592,0.6,0.39000001549720764,hs,485,9,1,1,1
1,-0.03225808014602976,0.4166666567325592,0.4444444477558136,0.8,0.39350196719169617,hs,486,1,1,1,1
0,0.0,0.44999998807907104,0.44999998807907104,0.4,0.46638888120651245,hs,487,3,0,1,0
1,0.0,0.26249998807907104,0.26249998807907104,0.4,0.2543402910232544,hs,488,9,1,1,1
0,-0.02996776925233769,0.6627976298332214,0.7037500143051147,0.6,0.6323869824409485,hs,489,8,0,1,0
1,0.0,0.3020833432674408,0.3020833432674408,0.8,0.27911806106567383,hs,490,9,1,1,1
0,0.0,0.4166666567325592,0.4166666567325592,0.4,0.38333332538604736,hs,491,6,0,1,0
0,0.0,0.0,0.0,0.9,0.0,hs,492,6,0,0,1
1,0.0,0.23749999701976776,0.23749999701976776,0.3,0.3467361032962799,hs,493,4,1,0,0
1,0.012861709573583038,0.3499999940395355,0.34111112356185913,0.6,0.3372708261013031,hs,494,4,1,1,1
1,0.1477272825406697,0.6733333468437195,0.5,0.4,0.6474374532699585,hs,495,6,1,0,0
1,0.006922585970327543,0.3333333432674408,0.32875001430511475,0.2,0.2995416522026062,hs,496,5,1,1,1
1,0.006771983312803747,0.663690447807312,0.6547619104385376,0.4,0.6168402433395386,hs,498,1,1,1,1
1,0.0,0.75,0.75,0.6,0.6990277767181396,hs,499,4,1,1,1
1,0.024221449587618807,0.5138888955116272,0.4895833432674408,0.4,0.520520806312561,hs,500,10,1,1,1
1,0.0,0.5,0.5,0.6,0.5,hs,501,3,1,0,0
1,0.0,0.4166666567325592,0.4166666567325592,0.5,0.38055557012557983,hs,502,7,1,1,1
1,0.1031822793561451,0.6355555653572083,0.5166666507720947,0.3,0.5778610706329346,hs,503,4,1,1,1
0,-0.1185410070025068,0.3020833432674408,0.38333332538604736,0.7,0.3492361009120941,hs,504,2,0,1,0
0,0.0,0.2708333432674408,0.2708333432674408,0.7,0.24375000596046448,hs,505,5,0,1,0
1,-0.01847228063058334,0.3900793790817261,0.4047619104385376,0.7,0.36861902475357056,hs,506,3,1,1,1
0,0.0,0.5333333611488342,0.5333333611488342,0.5,0.48774999380111694,hs,507,10,0,1,0
0,0.0,0.5,0.5,0.3,0.559166669845581,hs,508,3,0,1,0
0,0.0,0.5770833492279053,0.5770833492279053,0.5,0.5493403077125549,hs,510,8,0,1,0
1,0.0,0.44583332538604736,0.44583332538604736,0.7,0.4181250035762787,hs,511,3,1,1,1
0,-0.05073647225469386,0.3020833432674408,0.3343749940395355,0.5,0.3296875059604645,hs,512,2,0,1,0
0,0.05882352941170934,0.5625,0.5,0.3,0.5099374651908875,hs,513,4,0,0,1
0,0.0,0.3683333396911621,0.3683333396911621,0.6,0.3581666946411133,hs,514,6,0,1,0
1,0.0,0.125,0.125,0.5,0.2175000011920929,hs,515,6,1,1,1
1,-0.11111111111101234,0.5,0.625,0.2,0.6515625715255737,hs,516,5,1,0,0
0,-0.03322259047393767,0.3233333230018616,0.34555554389953613,0.4,0.3238263726234436,hs,517,7,0,1,0
0,0.0,0.2750000059604645,0.2750000059604645,0.7,0.24750001728534698,hs,518,6,0,0,1
1,-0.005917154253829146,0.699999988079071,0.7083333134651184,0.4,0.6366667151451111,hs,519,7,1,0,0
0,0.9999999999974332,0.3895833194255829,0.0,0.3,0.44162502884864807,hs,520,6,0,0,1
1,0.0793650490895833,0.3541666567325592,0.3020833432674408,0.6,0.3390277922153473,hs,521,6,1,1,1
1,0.03225806895957106,0.4466666579246521,0.41874998807907104,0.4,0.40198612213134766,hs,522,10,1,1,1
0,0.0,0.0,0.0,0.7,0.03541667014360428,hs,523,7,0,1,0
1,-0.03571428457385243,0.44999998807907104,0.4833333194255829,0.7,0.4195833206176758,hs,524,3,1,1,1
0,0.0,0.2958333194255829,0.2958333194255829,0.4,0.3296007215976715,hs,525,5,0,1,0
0,0.00719427287382632,0.7333333492279053,0.7228571176528931,0.6,0.7317579984664917,hs,526,8,0,1,0
1,0.0,0.4119047522544861,0.4119047522544861,0.4,0.4119047522544861,hs,527,6,1,0,0
0,0.0,0.25,0.25,0.8,0.2750000059604645,hs,528,9,0,0,1
0,0.0,0.6333333253860474,0.6333333253860474,0.3,0.5699999332427979,hs,529,2,0,1,0
0,0.0,0.4166666567325592,0.4166666567325592,0.6,0.3750000298023224,hs,530,3,0,0,1
1,0.19999999999968002,0.375,0.25,0.4,0.3290952444076538,hs,531,5,1,0,0
1,0.0,0.2708333432674408,0.2708333432674408,0.2,0.2593750059604645,hs,532,1,1,1,1
1,0.0,0.3269444406032562,0.3269444406032562,0.4,0.3012777864933014,hs,533,1,1,1,1
0,0.0,0.0,0.0,0.5,0.14166666567325592,hs,534,1,0,0,1
0,-0.0482528956253479,0.6355555653572083,0.699999988079071,0.9,0.6775138974189758,hs,536,5,0,0,1
1,0.007633591287298925,0.4583333432674408,0.4513888955116272,0.4,0.42548608779907227,hs,537,1,1,1,1
1,-0.9999999999963637,0.0,0.2750000059604645,0.8,0.2291666567325592,hs,538,3,1,1,1
1,0.0,0.6133333444595337,0.6133333444595337,0.4,0.6178094744682312,hs,539,2,1,0,0
1,0.0,0.1666666716337204,0.1666666716337204,0.3,0.15937499701976776,hs,540,8,1,1,1
0,0.020746868263108686,0.512499988079071,0.49166667461395264,0.4,0.4907499849796295,hs,541,10,0,1,0
1,-0.02878392567705025,0.48972222208976746,0.518750011920929,0.7,0.46554961800575256,hs,542,8,1,1,1
1,0.011639520250119578,0.42250001430511475,0.41277778148651123,0.4,0.3815000057220459,hs,543,4,1,1,1
0,0.0,0.2666666805744171,0.2666666805744171,0.8,0.26604166626930237,hs,544,9,0,0,1
0,-0.09433961309272373,0.2666666805744171,0.3222222328186035,0.6,0.2968750298023224,hs,545,3,0,1,0
0,-0.01158300006741693,0.2666666805744171,0.27291667461395264,0.7,0.2973611056804657,hs,546,10,0,1,0
0,-0.04950491999439864,0.2666666805744171,0.2944444417953491,0.8,0.2948055863380432,hs,547,7,0,0,1
0,0.3239436710522037,0.4895833432674408,0.25,0.6,0.4622916579246521,hs,548,1,0,0,1
1,-0.058427661828805356,0.6412500143051147,0.7208333611488342,0.8,0.6634652614593506,hs,549,1,1,0,0
0,0.0,0.0,0.0,0.5,0.027499999850988388,hs,550,2,0,0,1
1,0.0,0.0,0.0,0.1,0.0,hs,551,1,1,0,0
0,0.04761904356424196,0.36666667461395264,0.3333333432674408,0.4,0.39899998903274536,hs,552,5,0,1,0
0,-0.008613923414435497,0.6028571724891663,0.6133333444595337,0.7,0.601805567741394,hs,553,4,0,0,1
1,0.0,0.75,0.75,0.2,0.6937500238418579,hs,554,4,1,0,0
0,0.009159049341848725,0.7214285731315613,0.7083333134651184,0.6,0.6573511958122253,hs,555,8,0,0,1
0,0.0,0.0,0.0,0.7,0.15666666626930237,hs,556,1,0,0,1
0,0.0,0.39722222089767456,0.39722222089767456,0.5,0.3632103204727173,hs,557,10,0,1,0
1,0.0,0.6666666865348816,0.6666666865348816,0.3,0.5999999642372131,hs,558,1,1,0,0
1,0.0,0.5333333611488342,0.5333333611488342,0.2,0.48000001907348633,hs,559,6,1,1,1
1,-0.999999999998,0.0,0.5,0.7,0.4233333170413971,hs,560,8,1,1,1
0,0.0,0.5,0.5,0.5,0.44999998807907104,hs,561,4,0,0,1
1,0.0,0.4000000059604645,0.4000000059604645,0.3,0.374895840883255,hs,562,10,1,1,1
1,0.0,0.125,0.125,0.6,0.1458333432674408,hs,563,6,1,1,1
0,0.0,0.3020833432674408,0.3020833432674408,0.4,0.37263888120651245,hs,564,5,0,0,1
0,0.0,0.125,0.125,0.7,0.11249999701976776,hs,565,3,0,0,1
0,0.0,0.25833332538604736,0.25833332538604736,0.8,0.23249998688697815,hs,566,3,0,1,0
0,0.0,0.2708333432674408,0.2708333432674408,0.4,0.2527083456516266,hs,567,6,0,1,0
1,-0.9999999999960001,0.0,0.25,0.8,0.2783333361148834,hs,568,8,1,1,1
1,-0.10711070765210044,0.41333332657814026,0.512499988079071,0.8,0.4622916579246521,hs,569,5,1,0,0
0,0.0,0.3375000059604645,0.3375000059604645,0.5,0.3231944739818573,hs,570,4,0,1,0
0,0.07563023021361108,0.6399999856948853,0.550000011920929,0.8,0.6427500247955322,hs,571,10,0,0,1
1,0.0,0.4483333230018616,0.4483333230018616,0.8,0.40905553102493286,hs,572,4,1,1,1
1,0.038759708834320526,0.5583333373069763,0.5166666507720947,0.6,0.49534720182418823,hs,573,1,1,1,1
0,-0.013449031239847158,0.4511904716491699,0.4634920656681061,0.6,0.4320436418056488,hs,575,10,0,1,0
1,0.0,0.1666666716337204,0.1666666716337204,0.5,0.14999999105930328,hs,576,5,1,1,1
1,0.0,0.5333333611488342,0.5333333611488342,0.5,0.48000001907348633,hs,577,2,1,1,1
1,0.0,0.44999998807907104,0.44999998807907104,0.4,0.4268750250339508,hs,578,1,1,1,1
1,0.0,0.28833332657814026,0.28833332657814026,0.3,0.28833335638046265,hs,579,6,1,0,0
1,0.0,0.4375,0.4375,0.5,0.42343252897262573,hs,580,6,1,1,1
1,0.05359876703482522,0.23888888955116272,0.21458333730697632,0.2,0.2328472137451172,hs,581,9,1,1,1
1,0.0,0.375,0.375,0.7,0.3375000059604645,hs,582,9,1,1,1
1,-0.053159455265170366,0.2809523940086365,0.3125,0.5,0.2757619023323059,hs,583,3,1,1,1
0,0.018315033670218094,0.4633333384990692,0.4466666579246521,0.6,0.48952779173851013,hs,584,9,0,0,1
0,-0.03793703713434905,0.5388888716697693,0.5813888907432556,0.7,0.5287222862243652,hs,585,3,0,0,1
0,-0.048793595603948976,0.4927777647972107,0.5433333516120911,0.7,0.49488887190818787,hs,586,5,0,0,1
1,-0.08571425360061642,0.2666666805744171,0.3166666626930237,0.9,0.3850416839122772,hs,587,3,1,1,1
1,0.0,0.2708333432674408,0.2708333432674408,0.4,0.25756943225860596,hs,588,7,1,1,1
0,-0.29219597700929956,0.2708333432674408,0.49444442987442017,0.9,0.38174307346343994,hs,589,5,0,0,1
0,0.13946586655354393,0.4000000059604645,0.3020833432674408,0.2,0.34187501668930054,hs,590,8,0,1,0
1,0.0,0.3020833432674408,0.3020833432674408,0.7,0.3192708492279053,hs,591,5,1,1,1
1,0.0,0.3895833194255829,0.3895833194255829,0.4,0.3579166531562805,hs,592,4,1,0,0
1,0.0,0.550000011920929,0.550000011920929,0.6,0.7586250305175781,hs,593,5,1,0,0
0,-0.01698749941406352,0.5425000190734863,0.5612499713897705,0.6,0.575374960899353,hs,594,1,0,0,1
1,0.0,0.1770833283662796,0.1770833283662796,0.3,0.15937501192092896,hs,595,9,1,1,1
0,-0.1428571574537087,0.125,0.1666666716337204,0.7,0.20864582061767578,hs,596,9,0,1,0
1,0.0381679581036331,0.28333333134651184,0.26249998807907104,0.5,0.32504165172576904,hs,597,6,1,1,1
1,0.03529411541958145,0.4888888895511627,0.4555555582046509,0.1,0.4530555307865143,hs,598,2,1,0,0
1,-0.0019569732941396006,0.3541666567325592,0.35555556416511536,0.5,0.4210972189903259,hs,599,6,1,0,0
1,0.0,0.41333332657814026,0.41333332657814026,0.5,0.3720000386238098,hs,600,3,1,1,1
1,-0.005235627033391335,0.6597222089767456,0.6666666865348816,0.3,0.5993055105209351,hs,601,4,1,0,0
1,0.036106742989029814,0.7333333492279053,0.6822222471237183,0.6,0.6548889875411987,hs,602,6,1,1,1
0,0.0,0.4895833432674408,0.4895833432674408,0.5,0.44062501192092896,hs,603,3,0,0,1
0,-0.010282783484037557,0.7333333492279053,0.7485714554786682,0.5,0.6848570704460144,hs,604,5,0,1,0
0,0.9999999999980645,0.5166666507720947,0.0,0.3,0.42624998092651367,hs,605,7,0,1,0
1,-0.18996925187256827,0.47555556893348694,0.6986111402511597,0.5,0.6200833916664124,hs,606,5,1,0,0
1,-0.07692307057444035,0.1666666716337204,0.1944444477558136,0.5,0.3249008059501648,hs,607,1,1,1,1
0,0.11945285554743726,0.5236607193946838,0.4119047522544861,0.8,0.5873264074325562,hs,608,6,0,0,1
1,0.0,0.5770833492279053,0.5770833492279053,0.2,0.5193750262260437,hs,609,9,1,0,0
1,0.012658272257894712,0.5333333611488342,0.5199999809265137,0.4,0.47866663336753845,hs,610,2,1,0,0
0,0.015909993418882398,0.519444465637207,0.5031746029853821,0.4,0.5397619009017944,hs,611,10,0,0,1
1,0.0,0.5333333611488342,0.5333333611488342,0.5,0.49666666984558105,hs,612,8,1,1,1
1,-0.18518518191442285,0.2750000059604645,0.4000000059604645,0.3,0.3875000476837158,hs,613,1,1,0,0
0,0.0,0.5770833492279053,0.5770833492279053,0.4,0.5193750262260437,hs,614,4,0,1,0
1,0.0,0.5,0.5,0.5,0.44999998807907104,hs,616,10,1,0,0
0,-0.0021977843703903143,0.6305555701255798,0.6333333253860474,0.6,0.5818333029747009,hs,617,7,0,1,0
0,0.0,0.2666666805744171,0.2666666805744171,0.4,0.24000000953674316,hs,618,7,0,0,1
1,-0.10663452126152205,0.3673610985279083,0.4550595283508301,0.5,0.4672420918941498,hs,619,6,1,1,1
0,0.0,0.2708333432674408,0.2708333432674408,0.7,0.24375000596046448,hs,620,10,0,1,0
0,0.0,0.5166666507720947,0.5166666507720947,0.3,0.4804629683494568,hs,621,3,0,0,1
0,-0.14056507772475793,0.3422222137451172,0.4541666805744171,0.9,0.3646944463253021,hs,622,3,0,0,1
1,0.04663212531239593,0.6733333468437195,0.6133333444595337,0.3,0.7555555701255798,hs,623,7,1,0,0
0,-0.2615384399534593,0.2666666805744171,0.4555555582046509,0.9,0.343916654586792,hs,624,5,0,0,1
0,0.06249998603011429,0.7083333134651184,0.625,0.4,0.7363333702087402,hs,625,5,0,0,1
0,-0.05372360165780979,0.7094444632530212,0.7900000214576721,0.6,0.7294166684150696,hs,626,7,0,0,1
1,-0.007633591287298925,0.4513888955116272,0.4583333432674408,0.3,0.41180554032325745,hs,627,3,1,1,1
1,0.0,0.25,0.25,0.3,0.22499999403953552,hs,628,4,1,0,0
0,-0.08713691960863477,0.36666667461395264,0.43666666746139526,0.6,0.3803194463253021,hs,629,4,0,0,1
1,-0.15789472198197274,0.2666666805744171,0.36666667461395264,0.8,0.2860416769981384,hs,630,3,1,1,1
1,0.0,0.4166666567325592,0.4166666567325592,0.4,0.3854166865348816,hs,631,8,1,1,1
1,-0.01705117281670352,0.40833333134651184,0.42250001430511475,0.7,0.3852708339691162,hs,632,4,1,1,1
1,-0.011295717744431711,0.5166666507720947,0.5284722447395325,0.7,0.4891567826271057,hs,633,8,1,1,1
1,0.0,0.44999998807907104,0.44999998807907104,0.9,0.42152777314186096,hs,634,3,1,1,1
0,0.0,0.36666667461395264,0.36666667461395264,0.7,0.3452777862548828,hs,635,9,0,0,1
1,0.0,0.5166666507720947,0.5166666507720947,0.4,0.4649999737739563,hs,636,9,1,0,0
0,0.0,0.6666666865348816,0.6666666865348816,0.6,0.5999999642372131,hs,637,1,0,0,1
0,0.06365504867442623,0.4625000059604645,0.40714284777641296,0.6,0.4412499964237213,hs,638,1,0,1,0
0,-0.005291025581376084,0.5874999761581421,0.59375,0.4,0.5335416793823242,hs,639,1,0,1,0
1,0.0,0.125,0.125,0.5,0.14633333683013916,hs,640,10,1,1,1
0,-0.007928012813598227,0.48229166865348816,0.49000000953674316,0.7,0.45736807584762573,hs,641,9,0,1,0
1,-0.032828288119135976,0.39895832538604736,0.4260416626930237,0.4,0.48606252670288086,hs,642,9,1,0,0
1,0.6780683949992612,0.8687499761581421,0.1666666716337204,0.3,0.6636250019073486,hs,643,2,1,0,0
0,0.0,0.21458333730697632,0.21458333730697632,0.5,0.3392360806465149,hs,644,1,0,0,1
0,0.0,0.125,0.125,0.5,0.140625,hs,645,10,0,1,0
1,0.09090910273140075,0.5,0.4166666567325592,0.2,0.4386805593967438,hs,646,10,1,1,1
0,0.5348837180282326,0.550000011920929,0.1666666716337204,0.7,0.41833335161209106,hs,647,5,0,0,1
1,0.0,0.36666667461395264,0.36666667461395264,0.7,0.3466666638851166,hs,648,6,1,1,1
1,-0.9999999999960001,0.0,0.25,0.8,0.09687499701976776,hs,649,7,1,1,1
0,0.0,0.0,0.0,0.6,0.0,hs,650,5,0,0,1
0,0.041916169203401445,0.36250001192092896,0.3333333432674408,0.3,0.34352773427963257,hs,651,5,0,1,0
0,-0.04121474936429386,0.3683333396911621,0.4000000059604645,0.4,0.40893054008483887,hs,652,2,0,0,1
1,-0.020870420795047757,0.41383928060531616,0.4314814805984497,0.5,0.4011140763759613,hs,653,6,1,0,0
0,-0.01910827873133837,0.7333333492279053,0.761904776096344,0.6,0.747041642665863,hs,654,3,0,0,1
1,0.0,0.0,0.0,0.4,0.11183333396911621,hs,655,4,1,1,1
0,0.14782609993643367,0.550000011920929,0.40833333134651184,0.4,0.87627774477005,hs,656,8,0,0,1
1,-0.9999999999962501,0.0,0.2666666805744171,0.6,0.18541666865348816,hs,657,9,1,1,1
1,0.0,0.2750000059604645,0.2750000059604645,0.3,0.24750001728534698,hs,660,1,1,0,0
0,-0.5639534805135472,0.125,0.4483333230018616,0.5,0.41483330726623535,hs,661,8,0,0,1
0,0.0,0.125,0.125,0.5,0.11249999701976776,hs,662,4,0,0,1
0,0.0,0.0,0.0,0.3,0.08958333730697632,hs,663,3,0,1,0
1,0.022942524353088446,0.44999998807907104,0.42981481552124023,0.6,0.41210049390792847,hs,664,2,1,1,1
0,0.0,0.4047619104385376,0.4047619104385376,0.5,0.3642856478691101,hs,665,4,0,1,0
1,-0.019607846521750835,0.3385416567325592,0.35208332538604736,0.5,0.33906251192092896,hs,666,8,1,1,1
1,-0.03975272035462535,0.5547618865966797,0.6006944179534912,0.4,0.6075099110603333,hs,667,5,1,1,1
1,0.0,0.4166666567325592,0.4166666567325592,0.5,0.3750000298023224,hs,668,4,1,1,1
0,0.0,0.5,0.5,0.4,0.44999998807907104,hs,669,9,0,0,1
0,0.04407086783817351,0.47874999046325684,0.43833333253860474,0.1,0.4354345202445984,hs,670,9,0,1,0
0,-0.1147540845206262,0.5625,0.7083333134651184,1.0,0.5887500047683716,hs,671,1,0,0,1
1,0.023668616514451016,0.5766666531562805,0.550000011920929,0.2,0.6267797350883484,hs,672,6,1,0,0
0,-0.062271052673940785,0.2666666805744171,0.3020833432674408,0.8,0.27552083134651184,hs,673,6,0,0,1
1,0.0,0.0,0.0,0.7,0.03750000149011612,hs,674,5,1,1,1
0,0.05860110579343721,0.5833333134651184,0.518750011920929,0.3,0.5127678513526917,hs,675,7,0,1,0
1,0.0,0.5,0.5,0.7,0.4625000059604645,hs,676,8,1,0,0
1,0.0,0.1666666716337204,0.1666666716337204,0.5,0.1666666567325592,hs,677,6,1,0,0
1,0.0,0.0,0.0,0.5,0.0625,hs,678,4,1,1,1
0,0.06497887720030336,0.6572916507720947,0.5770833492279053,0.5,0.6600555181503296,hs,679,4,0,0,1
0,-0.9999999999963637,0.0,0.2750000059604645,0.5,0.2238333523273468,hs,680,2,0,1,0
0,0.0,0.0,0.0,0.4,0.12666666507720947,hs,681,3,0,1,0
0,0.07829979461423477,0.2510416805744171,0.21458333730697632,0.5,0.2785416543483734,hs,682,3,0,0,1
1,-0.03000001654026667,0.6466666460037231,0.6866666674613953,0.3,0.655333399772644,hs,683,6,1,1,1
1,0.0,0.5166666507720947,0.5166666507720947,0.5,0.4649999737739563,hs,684,10,1,0,0
0,-0.14745974838437473,0.3583333194255829,0.48229166865348816,0.7,0.484687477350235,hs,685,10,0,0,1
1,-0.04814305784025253,0.28833332657814026,0.3174999952316284,0.6,0.3075277805328369,hs,686,6,1,1,1
0,0.0,0.4166666567325592,0.4166666567325592,0.8,0.3750000298023224,hs,688,7,0,0,1
1,0.0,0.125,0.125,0.5,0.11249999701976776,hs,689,7,1,1,1
1,0.02272218643169797,0.4735416769981384,0.45249998569488525,0.4,0.4406746029853821,hs,690,8,1,1,1
1,0.0,0.2666666805744171,0.2666666805744171,0.6,0.2824999988079071,hs,691,6,1,1,1
0,-0.004651158458153577,0.44583332538604736,0.44999998807907104,0.6,0.46645838022232056,hs,692,6,0,0,1
1,-0.021816724972449197,0.5871428847312927,0.6133333444595337,0.4,0.5662698149681091,hs,694,8,1,1,1
0,0.0,0.3583333194255829,0.3583333194255829,0.5,0.3343333601951599,hs,695,8,0,1,0
1,0.0,0.0,0.0,0.4,0.0,hs,696,7,1,0,0
0,0.0,0.3895833194255829,0.3895833194255829,0.6,0.3656249940395355,hs,697,1,0,1,0
1,-0.01124517389229757,0.7152777910232544,0.7315475940704346,0.7,0.6787450313568115,hs,698,2,1,1,1
1,-0.030303001403786552,0.6666666865348816,0.7083333134651184,0.4,0.7317222356796265,hs,699,3,1,0,0
0,0.0,0.5,0.5,0.5,0.44999998807907104,hs,700,5,0,0,1
1,0.0,0.125,0.125,0.5,0.11249999701976776,hs,701,10,1,1,1
0,-0.02126016502249486,0.43958333134651184,0.45868057012557983,0.7,0.41002780199050903,hs,702,6,0,1,0
0,-0.9999999999960001,0.0,0.25,0.2,0.29547619819641113,hs,703,6,0,0,1
1,0.0,0.125,0.125,0.5,0.11249999701976776,hs,704,9,1,1,1
0,0.3326381554684582,0.4437499940395355,0.2222222238779068,0.4,0.3913888931274414,hs,705,1,0,1,0
1,0.0,0.5,0.5,0.6,0.5375000238418579,hs,706,3,1,0,0
0,-0.1147540845206262,0.5625,0.7083333134651184,0.4,0.6302291750907898,hs,707,4,0,0,1
1,-0.9999999999963637,0.0,0.2750000059604645,0.8,0.2291666567325592,hs,708,1,1,1,1
0,0.0,0.44583332538604736,0.44583332538604736,0.7,0.4012499451637268,hs,709,2,0,0,1
0,0.0,0.0,0.0,0.7,0.03541667014360428,hs,710,4,0,1,0
1,0.0,0.25,0.25,0.4,0.24404165148735046,hs,711,2,1,1,1
0,-0.05617977768881292,0.5249999761581421,0.5874999761581421,0.6,0.5439444780349731,hs,712,6,0,0,1
1,0.0,0.7333333492279053,0.7333333492279053,0.3,0.6600000262260437,hs,713,3,1,1,1
0,-0.01000266024236564,0.5547618865966797,0.5659722089767456,0.4,0.5157076716423035,hs,714,7,0,0,1
1,0.0,0.2750000059604645,0.2750000059604645,0.2,0.33750003576278687,hs,715,5,1,0,0
0,-0.02996776925233769,0.6627976298332214,0.7037500143051147,0.6,0.6990535855293274,hs,716,3,0,1,0
1,0.0,0.4047619104385376,0.4047619104385376,0.4,0.3662697970867157,hs,717,4,1,1,1
0,0.0,0.1666666716337204,0.1666666716337204,0.5,0.14999999105930328,hs,718,7,0,1,0
1,-0.05600001785270248,0.32777777314186096,0.36666667461395264,0.7,0.3851805627346039,hs,719,6,1,0,0
0,0.19999999999936002,0.1875,0.125,0.7,0.20614583790302277,hs,720,10,0,1,0
0,0.03331452101647908,0.3812499940395355,0.3566666543483734,0.3,0.41362500190734863,hs,721,1,0,0,1
0,0.02246544763146714,0.4930555522441864,0.47138887643814087,0.5,0.4737003743648529,hs,722,1,0,1,0
1,0.021148058815835515,0.5868055820465088,0.5625,0.3,0.5218531489372253,hs,723,4,1,1,1
0,0.29648238659296866,0.3583333194255829,0.1944444477558136,0.4,0.300428569316864,hs,724,6,0,1,0
0,0.009463758555647357,0.6666666865348816,0.6541666388511658,0.5,0.605555534362793,hs,725,5,0,0,1
1,-0.01886793369493157,0.1805555522441864,0.1875,0.4,0.3430555462837219,hs,726,1,1,0,0
0,-0.05851773592265396,0.34375,0.38648149371147156,0.6,0.3642919957637787,hs,727,8,0,0,1
0,-0.1282653246040359,0.34375,0.44490739703178406,0.7,0.4144173264503479,hs,728,1,0,0,1
1,-0.0813975289243928,0.3619047701358795,0.4260416626930237,0.6,0.4304404854774475,hs,729,7,1,1,1
0,-0.018961235202427804,0.4958333373069763,0.5149999856948853,0.7,0.4742797315120697,hs,731,3,0,0,1
1,0.006229599378070965,0.47111111879348755,0.4652777910232544,0.2,0.4335297644138336,hs,732,2,1,1,1
0,0.0,0.36666667461395264,0.36666667461395264,0.6,0.33000001311302185,hs,733,3,0,0,1
0,0.1428571319089838,0.2222222238779068,0.1666666716337204,0.4,0.2762500047683716,hs,735,9,0,1,0
1,0.0,0.4927777647972107,0.4927777647972107,0.3,0.4729166626930237,hs,736,6,1,0,0
0,0.017709574862208574,0.5387499928474426,0.5199999809265137,0.7,0.49537497758865356,hs,737,9,0,0,1
1,0.1784338769429771,0.3187499940395355,0.2222222238779068,0.5,0.33763888478279114,hs,739,3,1,1,1
1,0.018315033670218094,0.4633333384990692,0.4466666579246521,0.3,0.48952779173851013,hs,740,5,1,0,0
1,0.019219469748940433,0.5485450029373169,0.5278571248054504,0.5,0.5653485059738159,hs,741,7,1,1,1
0,0.0,0.125,0.125,0.4,0.11249999701976776,hs,742,10,0,1,0
0,0.03958242007814214,0.49791666865348816,0.46000000834465027,0.3,0.5122847557067871,hs,743,5,0,1,0
0,0.0,0.36666667461395264,0.36666667461395264,0.4,0.3605555295944214,hs,744,9,0,1,0
1,0.0,0.44404762983322144,0.44404762983322144,0.8,0.44404762983322144,hs,745,6,1,1,1
1,-0.115999995279173,0.3683333396911621,0.4650000035762787,0.8,0.37137502431869507,hs,746,9,1,1,1
1,-0.06354513754073074,0.3888888955116272,0.4416666626930237,0.6,0.3983055055141449,hs,747,1,1,0,0
1,-0.02495200982149725,0.5644444227218628,0.5933333039283752,0.4,0.5490555167198181,hs,748,8,1,0,0
1,0.0015649661071750712,0.6666666865348816,0.6645833253860474,0.5,0.5997916460037231,hs,749,4,1,0,0
1,0.0,0.3020833432674408,0.3020833432674408,0.1,0.2928125262260437,hs,750,4,1,0,0
0,0.0,0.2433333396911621,0.2433333396911621,0.4,0.3104652762413025,hs,751,1,0,1,0
0,-0.03315880594382967,0.5770833492279053,0.6166666746139526,0.8,0.5528124570846558,hs,752,3,0,1,0
1,0.023999999267559715,0.6666666865348816,0.6354166865348816,0.5,0.596666693687439,hs,753,9,1,1,1
1,0.0,0.4933333396911621,0.4933333396911621,0.5,0.48633331060409546,hs,754,6,1,0,0
0,0.0,0.0,0.0,0.7,0.03541667014360428,hs,755,4,0,1,0
0,0.0009431212275930763,0.6633333563804626,0.6620833277702332,0.6,0.6440416574478149,hs,756,7,0,1,0
1,-0.06917952529131022,0.4017857015132904,0.4615079462528229,0.6,0.6960000395774841,hs,757,7,1,0,0
1,0.0,0.4633333384990692,0.4633333384990692,0.3,0.44777780771255493,hs,758,10,1,0,0
0,0.0,0.125,0.125,0.8,0.19833333790302277,hs,759,7,0,0,1
0,0.0,0.1666666716337204,0.1666666716337204,0.5,0.14999999105930328,hs,760,9,0,1,0
1,0.0,0.6572916507720947,0.6572916507720947,0.4,0.6761249899864197,hs,761,10,1,1,1
0,-0.015988398385617806,0.47013887763023376,0.4854166805744171,0.4,0.458270788192749,hs,762,8,0,1,0
0,0.0,0.2750000059604645,0.2750000059604645,0.7,0.24750001728534698,hs,763,10,0,0,1
1,0.01171875738508412,0.4625000059604645,0.45178571343421936,0.6,0.4298730492591858,hs,764,5,1,1,1
0,0.14840985255394926,0.3385416567325592,0.2510416805744171,0.5,0.3271458148956299,hs,765,2,0,0,1
0,0.012016009887133697,0.5263888835906982,0.5138888955116272,0.6,0.4927777647972107,hs,766,2,0,0,1
0,-0.05617977768881292,0.5249999761581421,0.5874999761581421,0.8,0.5236111283302307,hs,767,7,0,1,0
0,0.0,0.36666667461395264,0.36666667461395264,0.8,0.33000001311302185,hs,768,5,0,0,1
0,0.0,0.5333333611488342,0.5333333611488342,0.6,0.48000001907348633,hs,769,2,0,0,1
0,-0.13736793637533978,0.4677083194255829,0.6166666746139526,1.0,0.4969097077846527,hs,770,4,0,1,0
1,0.0,0.44583332538604736,0.44583332538604736,0.3,0.4713541567325592,hs,771,2,1,0,0
0,-0.0007794001799625967,0.4451389014720917,0.44583332538604736,0.6,0.4011805057525635,hs,772,1,0,0,1
0,0.0,0.6464285850524902,0.6464285850524902,0.7,0.5884881019592285,hs,773,8,0,0,1
0,0.06502887157722041,0.511805534362793,0.44930556416511536,0.1,0.46404632925987244,hs,774,6,0,1,0
0,0.0,0.6666666865348816,0.6666666865348816,0.6,0.5999999642372131,hs,775,2,0,0,1
1,0.0,0.1770833283662796,0.1770833283662796,0.5,0.15937501192092896,hs,776,2,1,1,1
1,0.0,0.2750000059604645,0.2750000059604645,0.2,0.27500003576278687,hs,777,5,1,0,0
0,-0.012131719799420803,0.6333333253860474,0.648888885974884,0.4,0.597944438457489,hs,778,4,0,1,0
1,0.0,0.7749999761581421,0.7749999761581421,0.1,0.6975000500679016,hs,780,5,1,0,0
0,0.0,0.5,0.5,0.8,0.44999998807907104,hs,781,7,0,0,1
0,0.0,0.44583332538604736,0.44583332538604736,0.2,0.40958333015441895,hs,783,5,0,1,0
1,0.04201680482856768,0.551111102104187,0.5066666603088379,0.4,0.4922778010368347,hs,784,7,1,0,0
1,0.0,0.2750000059604645,0.2750000059604645,0.6,0.3333333134651184,hs,785,10,1,1,1
1,0.014326675046957638,0.3687500059604645,0.3583333194255829,0.3,0.3545764088630676,hs,786,1,1,1,1
1,0.18518518191442285,0.4000000059604645,0.2750000059604645,0.5,0.35452085733413696,hs,787,10,1,1,1
1,0.0,0.5,0.5,0.7,0.5249999761581421,hs,788,2,1,1,1
0,-0.032802285107301606,0.3583333194255829,0.3826389014720917,0.6,0.36618056893348694,hs,789,4,0,1,0
0,0.017383143312283137,0.3878571391105652,0.37460318207740784,0.5,0.3512566089630127,hs,790,1,0,1,0
1,0.9999999999960001,0.25,0.0,0.7,0.20250001549720764,hs,791,4,1,1,1
1,0.0,0.2750000059604645,0.2750000059604645,0.6,0.2516666650772095,hs,792,3,1,1,1
1,0.07692306751792553,0.5249999761581421,0.44999998807907104,0.1,0.45548614859580994,hs,793,10,1,0,0
0,0.0,0.2750000059604645,0.2750000059604645,0.7,0.27500003576278687,hs,794,7,0,0,1
1,0.0,0.3233333230018616,0.3233333230018616,0.6,0.3288135230541229,hs,795,1,1,1,1
0,0.0,0.4895833432674408,0.4895833432674408,0.7,0.6088194847106934,hs,796,4,0,0,1
1,0.0,0.2133333384990692,0.2133333384990692,0.4,0.2133333384990692,hs,797,3,1,1,1
1,0.0,0.125,0.125,0.4,0.125,hs,798,2,1,0,0
0,0.0,0.0,0.0,0.3,0.05000000074505806,hs,799,8,0,1,0
1,0.0,0.6666666865348816,0.6666666865348816,0.4,0.6269444823265076,hs,800,3,1,0,0
1,0.0,0.7083333134651184,0.7083333134651184,0.4,0.6375000476837158,hs,801,5,1,1,1
0,0.0,0.0,0.0,0.5,0.027499999850988388,hs,802,9,0,0,1
0,0.0,0.0,0.0,0.6,0.0,hs,803,7,0,0,1
0,0.0,0.0,0.0,0.3,0.08958333730697632,hs,804,7,0,1,0
1,0.0,0.25833332538604736,0.25833332538604736,0.6,0.23249998688697815,hs,805,4,1,1,1
1,0.0,0.5,0.5,0.5,0.46875,hs,806,2,1,1,1
0,0.0,0.0,0.0,0.6,0.12433333694934845,hs,807,7,0,1,0
0,-0.030590644099843436,0.567460298538208,0.6032738089561462,0.6,0.6003432869911194,hs,808,9,0,1,0
1,0.0,0.5,0.5,0.5,0.5184166431427002,hs,809,7,1,0,0
0,0.02268039062988587,0.41333332657814026,0.39500001072883606,0.6,0.394159734249115,hs,810,4,0,0,1
0,0.0,0.4958333373069763,0.4958333373069763,0.5,0.4462500214576721,hs,811,4,0,1,0
1,0.0,0.1666666716337204,0.1666666716337204,0.3,0.14999999105930328,hs,812,6,1,1,1
1,0.0,0.518750011920929,0.518750011920929,0.2,0.5437500476837158,hs,813,7,1,0,0
0,0.0,0.125,0.125,0.4,0.1550000011920929,hs,814,4,0,1,0
0,0.0,0.5,0.5,0.7,0.44999998807907104,hs,815,1,0,0,1
1,-0.04631934004416178,0.4714285731315613,0.5172222256660461,0.5,0.5364623069763184,hs,816,2,1,0,0
0,-0.013909263263531143,0.5612499713897705,0.5770833492279053,0.4,0.5415922403335571,hs,817,5,0,1,0
0,-0.05668934555010175,0.4457142949104309,0.4992857277393341,0.5,0.45516666769981384,hs,818,2,0,0,1
0,0.0,0.38333332538604736,0.38333332538604736,0.5,0.3529603183269501,hs,819,9,0,1,0
1,0.008651939544810774,0.5019444227218628,0.4933333396911621,0.3,0.5415178537368774,hs,820,5,1,0,0
0,0.05477032929622949,0.4975000023841858,0.44583332538604736,0.0,0.43145832419395447,hs,821,5,0,1,0
0,0.0650887568597625,0.699999988079071,0.6144444346427917,0.4,0.6417440176010132,hs,822,6,0,1,0
1,0.0,0.5,0.5,0.4,0.47708335518836975,hs,823,2,1,0,0
0,0.0,0.5166666507720947,0.5166666507720947,0.2,0.4837222099304199,hs,824,3,0,1,0
1,0.0,0.375,0.375,0.3,0.34583330154418945,hs,825,1,1,1,1
1,-0.999999999998,0.0,0.5,0.7,0.4233333170413971,hs,826,6,1,1,1
1,-0.999999999998,0.0,0.5,0.7,0.4233333170413971,hs,827,2,1,1,1
0,0.0,0.21458333730697632,0.21458333730697632,0.6,0.2387152910232544,hs,828,4,0,1,0
1,-0.005010742659689371,0.4826388955116272,0.48750001192092896,0.4,0.4771825671195984,hs,830,5,1,1,1
1,0.0,0.4933333396911621,0.4933333396911621,0.4,0.5099999904632568,hs,831,10,1,1,1
0,0.49720670658872473,0.5583333373069763,0.1875,0.2,0.7176041603088379,hs,833,10,0,0,1
0,0.0,0.1666666716337204,0.1666666716337204,0.3,0.24243053793907166,hs,834,9,0,1,0
0,-0.018315033670218094,0.4466666579246521,0.4633333384990692,0.6,0.4540277421474457,hs,835,6,0,0,1
0,0.10280370551915136,0.32777777314186096,0.2666666805744171,0.3,0.2931250035762787,hs,836,3,0,1,0
1,-0.19999998266017607,0.2750000059604645,0.4124999940395355,0.4,0.4073333144187927,hs,837,6,1,0,0
0,0.011988442981290395,0.8500000238418579,0.8298611044883728,0.5,0.7892500162124634,hs,838,6,0,0,1
0,-0.13368982648146444,0.3375000059604645,0.4416666626930237,0.7,0.45644792914390564,hs,839,4,0,0,1
0,0.0,0.6547619104385376,0.6547619104385376,0.6,0.6147539615631104,hs,840,1,0,0,1
1,0.0,0.4166666567325592,0.4166666567325592,0.4,0.3750000298023224,hs,841,2,1,0,0
0,0.1891891996381991,0.36666667461395264,0.25,0.5,0.47441667318344116,hs,843,1,0,0,1
1,0.0,0.2750000059604645,0.2750000059604645,0.4,0.26077383756637573,hs,844,6,1,1,1
1,0.0,0.1666666716337204,0.1666666716337204,0.4,0.14999999105930328,hs,845,2,1,1,1
0,0.11111108461986159,0.2083333283662796,0.1666666716337204,0.4,0.26555556058883667,hs,847,2,0,1,0
1,0.0,0.2750000059604645,0.2750000059604645,0.8,0.3958333432674408,hs,848,2,1,1,1
1,0.5348837180282326,0.550000011920929,0.1666666716337204,0.2,0.4116666913032532,hs,849,1,1,0,0
0,-0.02439022120939111,0.5,0.5249999761581421,0.5,0.5577648282051086,hs,850,10,0,0,1
0,0.04878051439820581,0.4300000071525574,0.38999998569488525,0.3,0.40712499618530273,hs,851,6,0,1,0
1,0.07258750039330061,0.6541666388511658,0.565625011920929,0.4,0.6969236135482788,hs,852,8,1,0,0
0,0.0,0.5166666507720947,0.5166666507720947,0.6,0.4649999737739563,hs,853,8,0,1,0
1,0.0,0.1666666716337204,0.1666666716337204,0.5,0.15166667103767395,hs,854,6,1,1,1
1,0.0,0.1666666716337204,0.1666666716337204,0.2,0.41833335161209106,hs,855,7,1,0,0
0,0.0,0.5,0.5,0.6,0.48055559396743774,hs,856,1,0,0,1
0,0.0,0.5,0.5,0.6,0.44999998807907104,hs,857,2,0,0,1
1,0.012442215701084097,0.49444442987442017,0.48229166865348816,0.5,0.4857361316680908,hs,858,1,1,0,0
0,-0.2909535401010038,0.3020833432674408,0.550000011920929,0.7,0.4667559564113617,hs,859,5,0,0,1
1,0.0,0.0,0.0,0.6,0.2175000160932541,hs,860,10,1,1,1
0,0.0,0.5770833492279053,0.5770833492279053,0.4,0.5266666412353516,hs,862,4,0,1,0
0,0.0,0.0,0.0,0.5,0.027499999850988388,hs,863,5,0,0,1
0,0.0,0.5,0.5,0.6,0.47291669249534607,hs,864,7,0,1,0
0,-0.022801266788962764,0.6666666865348816,0.6977777481079102,0.6,0.664513885974884,hs,865,1,0,0,1
1,0.1428571574537087,0.1666666716337204,0.125,0.3,0.15729168057441711,hs,866,6,1,1,1
1,0.08557459624240407,0.4625000059604645,0.3895833194255829,0.7,0.41625696420669556,hs,867,3,1,0,0
0,0.0,0.23749999701976776,0.23749999701976776,0.6,0.23590275645256042,hs,868,10,0,1,0
1,0.0,0.125,0.125,0.4,0.19583332538604736,hs,869,2,1,0,0
0,-0.053757045996665434,0.4424999952316284,0.4927777647972107,0.8,0.43725696206092834,hs,870,6,0,0,1
0,-0.04844443367422814,0.4248015880584717,0.4680555462837219,0.6,0.42686009407043457,hs,871,4,0,0,1
0,-0.05206803643481476,0.47428572177886963,0.5263888835906982,0.4,0.4743115305900574,hs,872,9,0,0,1
1,0.2525693006635566,0.6982638835906982,0.4166666567325592,0.4,0.6619940996170044,hs,873,9,1,0,0
1,-0.0450450659436054,0.2944444417953491,0.3222222328186035,0.6,0.3477500081062317,hs,874,3,1,1,1
1,0.0006956979084628314,0.41620370745658875,0.4156250059604645,0.3,0.40640512108802795,hs,875,3,1,0,0
1,0.03154447037299413,0.49960318207740784,0.4690476059913635,0.4,0.4662579596042633,hs,876,3,1,0,0
1,0.03532628639005839,0.4254629611968994,0.39642858505249023,0.4,0.4546683430671692,hs,877,10,1,0,0
0,-0.053093034155834835,0.44999998807907104,0.5004629492759705,0.8,0.44929924607276917,hs,878,5,0,0,1
1,0.03702848103070626,0.41620370745658875,0.38648149371147156,0.3,0.38617461919784546,hs,879,2,1,0,0
1,0.0045557799487131075,0.5249999761581421,0.5202381014823914,0.5,0.48805055022239685,hs,880,10,1,0,0
0,-0.05033176742211093,0.4074999988079071,0.4506944417953491,0.6,0.4209335446357727,hs,881,2,0,0,1
1,0.0,0.3333333432674408,0.3333333432674408,0.3,0.33856943249702454,hs,882,10,1,1,1
1,0.0,0.6666666865348816,0.6666666865348816,0.3,0.5999999642372131,hs,883,7,1,0,0
0,-0.043512200428793814,0.36473214626312256,0.39791667461395264,0.6,0.3804444372653961,hs,884,6,0,0,1
1,0.015682541118299774,0.43101853132247925,0.4177083373069763,0.3,0.41067129373550415,hs,885,5,1,0,0
1,-0.0009941447547898784,0.6480158567428589,0.6493055820465088,0.7,0.602857232093811,hs,886,2,1,1,1
0,-0.041642241231416355,0.36473214626312256,0.39642858505249023,0.6,0.3857288360595703,hs,887,6,0,0,1
0,-0.01641083684011863,0.6451388597488403,0.6666666865348816,0.7,0.6049582958221436,hs,888,2,0,0,1
0,-0.05254380792245304,0.39444443583488464,0.4381944537162781,0.6,0.3982639014720917,hs,889,4,0,1,0
1,0.04156892694448419,0.5176587104797363,0.47633928060531616,0.4,0.4711332321166992,hs,890,1,1,0,0
0,0.9999999999960001,0.25,0.0,0.5,0.20000000298023224,hs,891,2,0,0,1
1,0.0,0.2750000059604645,0.2750000059604645,0.6,0.29750001430511475,hs,892,8,1,1,1
1,-0.9999999999960001,0.0,0.25,0.8,0.09687499701976776,hs,893,2,1,1,1
0,-0.042654043966040174,0.5049999952316284,0.550000011920929,0.5,0.4882500171661377,hs,894,3,0,0,1
0,0.07259756370497712,0.4437499940395355,0.3836805522441864,0.5,0.7206180691719055,hs,895,6,0,0,1
1,0.0,0.5,0.5,0.6,0.44999998807907104,hs,896,7,1,0,0
1,0.0,0.5,0.5,0.5,0.44999998807907104,hs,897,1,1,0,0
1,0.0,0.2864583432674408,0.2864583432674408,0.5,0.26517361402511597,hs,898,9,1,1,1
1,-0.046554938054595756,0.6222222447395325,0.6829861402511597,0.7,0.6166134476661682,hs,900,5,1,1,1
1,0.009287916646969934,0.6791666746139526,0.6666666865348816,0.6,0.6319266557693481,hs,901,6,1,1,1
0,0.010207223814879205,0.48601189255714417,0.4761904776096344,0.3,0.45276784896850586,hs,902,4,0,1,0
1,0.17808217869398135,0.23888888955116272,0.1666666716337204,0.2,0.20673608779907227,hs,903,9,1,1,1
0,0.0,0.4895833432674408,0.4895833432674408,0.5,0.541236162185669,hs,904,5,0,0,1
0,0.0,0.4166666567325592,0.4166666567325592,0.4,0.3927777409553528,hs,905,1,0,1,0
0,0.00751878971416412,0.5583333373069763,0.550000011920929,0.4,0.5118055939674377,hs,906,4,0,1,0
0,0.026737987923087382,0.7523809671401978,0.7131944298744202,0.4,0.7457897067070007,hs,907,6,0,0,1
1,0.0,0.125,0.125,0.7,0.15541668236255646,hs,908,5,1,1,1
0,0.0,0.4895833432674408,0.4895833432674408,0.6,0.4661458134651184,hs,909,8,0,1,0
1,-0.0405186566106188,0.4933333396911621,0.5350000262260437,0.7,0.4712499976158142,hs,910,1,1,1,1
1,0.0,0.5166666507720947,0.5166666507720947,0.4,0.4649999737739563,hs,911,6,1,0,0
0,0.12568305455589815,0.21458333730697632,0.1666666716337204,0.6,0.23541665077209473,hs,912,8,0,1,0
1,0.0,0.3333333432674408,0.3333333432674408,0.4,0.3127777874469757,hs,913,5,1,1,1
0,0.0,0.125,0.125,0.3,0.19843748211860657,hs,915,3,0,1,0
1,0.0,0.5770833492279053,0.5770833492279053,0.6,0.5684375166893005,hs,916,10,1,0,0
0,0.0,0.5770833492279053,0.5770833492279053,0.2,0.6278630495071411,hs,917,10,0,1,0
1,0.00977197786387332,0.5166666507720947,0.5066666603088379,0.7,0.47655755281448364,hs,918,7,1,1,1
1,0.017793592947284307,0.6355555653572083,0.6133333444595337,0.6,0.5846666097640991,hs,919,8,1,1,1
0,-0.33333333333244447,0.125,0.25,0.3,0.2938541769981384,hs,921,2,0,0,1
0,-0.006932998083279176,0.6266666650772095,0.6354166865348816,0.8,0.5797778367996216,hs,922,6,0,0,1
0,0.0,0.4933333396911621,0.4933333396911621,0.6,0.4440000057220459,hs,923,9,0,0,1
0,0.05069122874628618,0.23749999701976776,0.21458333730697632,0.5,0.2364235818386078,hs,924,10,0,1,0
0,0.0,0.0,0.0,0.7,0.03541667014360428,hs,925,5,0,1,0
1,0.0,0.0,0.0,0.6,0.17416666448116302,hs,926,10,1,1,1
1,0.45945946642467717,0.3375000059604645,0.125,0.6,0.3816666603088379,hs,927,4,1,1,1
0,-0.07692307057444035,0.1666666716337204,0.1944444477558136,0.6,0.16946430504322052,hs,928,4,0,1,0
0,-0.0226364817448735,0.38229167461395264,0.4000000059604645,0.5,0.3655208349227905,hs,929,8,0,1,0
0,0.2903225707210166,0.5,0.2750000059604645,0.5,0.5033333897590637,hs,930,5,0,0,1
0,0.0,0.0,0.0,0.6,0.12433333694934845,hs,931,10,0,1,0
0,-0.054361571751226995,0.3895833194255829,0.43437498807907104,0.7,0.4140624403953552,hs,932,7,0,0,1
0,0.1208791116658826,0.637499988079071,0.5,0.4,0.570062518119812,hs,933,8,0,0,1
0,0.0,0.5166666507720947,0.5166666507720947,0.4,0.5274959802627563,hs,934,9,0,1,0
0,-0.014061887477848447,0.4260416626930237,0.4381944537162781,0.4,0.4065903127193451,hs,935,1,0,1,0
0,0.25614592986562174,0.550000011920929,0.3256944417953491,0.5,0.47256946563720703,hs,936,1,0,0,1
1,0.0,0.3583333194255829,0.3583333194255829,0.3,0.38374996185302734,hs,938,1,1,0,0
0,-0.018315033670218094,0.4466666579246521,0.4633333384990692,0.6,0.49869441986083984,hs,939,1,0,0,1
0,0.0,0.7083333134651184,0.7083333134651184,0.8,0.6707985997200012,hs,940,9,0,0,1
1,0.0,0.25,0.25,0.5,0.22499999403953552,hs,941,4,1,0,0
0,0.0,0.2750000059604645,0.2750000059604645,0.7,0.24750001728534698,hs,942,8,0,0,1
0,-0.005578282015790481,0.6963541507720947,0.7041666507720947,0.7,0.6572906374931335,hs,943,9,0,0,1
1,0.01325993939819444,0.46875,0.4564814865589142,0.6,0.48434463143348694,hs,944,6,1,0,0
0,0.0,0.5249999761581421,0.5249999761581421,0.5,0.48500004410743713,hs,945,8,0,1,0
0,-0.04276987333618381,0.4895833432674408,0.5333333611488342,0.6,0.48604169487953186,hs,946,8,0,1,0
1,0.0,0.5166666507720947,0.5166666507720947,0.1,0.477388858795166,hs,947,10,1,0,0
0,0.0,0.375,0.375,0.5,0.3395833373069763,hs,948,1,0,1,0
0,0.0,0.125,0.125,0.5,0.16183333098888397,hs,949,3,0,1,0
0,-0.18986362845035604,0.5550264716148376,0.8151785731315613,0.8,0.6836276650428772,hs,950,6,0,0,1
0,-0.18562874409758942,0.5509259104728699,0.8020833134651184,0.8,0.7304457426071167,hs,952,3,0,0,1
0,-0.1255610035401797,0.6088888645172119,0.7837499976158142,0.8,0.7559424638748169,hs,953,3,0,0,1
1,0.08477219175112001,0.8453124761581421,0.7131944298744202,0.3,0.7858675718307495,hs,955,8,1,0,0
1,-0.04424778686368995,0.3375000059604645,0.3687500059604645,0.7,0.33125001192092896,hs,956,10,1,1,1
1,0.047619058431636115,0.550000011920929,0.5,0.4,0.5388094782829285,hs,957,3,1,0,0
1,0.0,0.0,0.0,0.4,0.0,hs,958,6,1,0,0
1,0.0,0.125,0.125,0.5,0.13124999403953552,hs,959,8,1,1,1
1,0.0,0.5,0.5,0.7,0.4583333134651184,hs,961,7,1,1,1
0,0.0,0.5770833492279053,0.5770833492279053,0.7,0.5193750262260437,hs,962,5,0,1,0
0,0.044699885445753054,0.4260416626930237,0.3895833194255829,0.7,0.4403124749660492,hs,963,9,0,1,0
1,-0.0043457018076064795,0.35798612236976624,0.3611111044883728,0.5,0.3774107098579407,hs,964,5,1,0,0
1,-0.0344827556439762,0.6666666865348816,0.7142857313156128,0.6,0.6541308760643005,hs,965,4,1,0,0
0,-0.02463055367450563,0.4124999940395355,0.4333333373069763,0.9,0.41705554723739624,hs,967,8,0,0,1
1,-0.01834862249864373,0.29722222685813904,0.3083333373069763,0.4,0.3466111123561859,hs,968,6,1,0,0
1,0.0,0.36666667461395264,0.36666667461395264,0.8,0.45944443345069885,hs,969,10,1,1,1
0,-0.12180350580589809,0.3452380895614624,0.44100528955459595,0.7,0.3992966115474701,hs,970,10,0,0,1
1,0.0,0.6666666865348816,0.6666666865348816,0.5,0.5999999642372131,hs,971,1,1,0,0
0,-0.02453223048769388,0.5236607193946838,0.550000011920929,0.8,0.6321874856948853,hs,972,2,0,0,1
1,0.020645537968814,0.731249988079071,0.7016666531562805,0.7,0.7415208220481873,hs,973,8,1,0,0
0,-0.1664212149186633,0.3930555582046509,0.550000011920929,0.9,0.47930559515953064,hs,974,8,0,0,1
1,0.0,0.5,0.5,0.5,0.4736666679382324,hs,977,6,1,0,0
0,-0.0018894661755176217,0.8384920358657837,0.8416666388511658,0.4,0.8495637774467468,hs,978,4,0,0,1
0,0.0,0.1666666716337204,0.1666666716337204,0.7,0.18687498569488525,hs,979,3,0,1,0
0,-0.18134712824060983,0.4937500059604645,0.7124999761581421,0.7,0.6200694441795349,hs,980,4,0,0,1
0,-0.0378912328144918,0.2433333396911621,0.26249998807907104,0.9,0.3891666531562805,hs,981,7,0,0,1
0,-0.07297829016854475,0.4895833432674408,0.5666666626930237,0.5,0.6085138916969299,hs,982,9,0,0,1
0,0.0,0.0,0.0,0.6,0.0,hs,983,6,0,0,1
0,0.05937811439918798,0.5885714292526245,0.5225926041603088,0.4,0.5890063047409058,hs,984,8,0,1,0
0,0.0,0.5166666507720947,0.5166666507720947,0.5,0.4649999737739563,hs,985,1,0,0,1
0,0.08631579592906682,0.4223214387893677,0.3552083373069763,0.4,0.43011990189552307,hs,986,10,0,1,0
0,-0.002304161819460756,0.5154761672019958,0.5178571343421936,0.6,0.5356923937797546,hs,987,3,0,1,0
0,0.0,0.2708333432674408,0.2708333432674408,0.5,0.2712499797344208,hs,988,1,0,1,0
0,0.0,0.5166666507720947,0.5166666507720947,0.6,0.4649999737739563,hs,989,3,0,0,1
0,0.0,0.3233333230018616,0.3233333230018616,0.4,0.363777756690979,hs,990,8,0,1,0
1,-0.47400991465658354,0.1770833283662796,0.4962500035762787,0.4,0.4467678666114807,hs,991,6,1,0,0
0,-0.04303463186910208,0.508055567741394,0.5537499785423279,0.7,0.550819456577301,hs,992,8,0,0,1
0,0.0,0.5770833492279053,0.5770833492279053,0.7,0.5193750262260437,hs,993,4,0,0,1
0,-0.01818180115753323,0.5625,0.5833333134651184,0.5,0.582652747631073,hs,994,1,0,0,1
0,-0.04146341846354854,0.43666666746139526,0.4744444489479065,0.9,0.4653611183166504,hs,995,7,0,0,1
1,0.15052886682009378,0.5049999952316284,0.37285715341567993,0.2,0.45834818482398987,hs,996,5,1,0,0
0,-0.10204081434037006,0.2750000059604645,0.3375000059604645,0.6,0.4101041853427887,hs,997,6,0,0,1
1,0.03922967628571432,0.5059027671813965,0.4677083194255829,0.1,0.4612291753292084,hs,998,4,1,0,0
1,0.0,0.125,0.125,0.7,0.15541668236255646,hs,999,1,1,1,1
0,-0.07692305999387572,0.5,0.5833333134651184,0.8,0.5408540964126587,hs,1000,9,0,0,1
0,0.0,0.2750000059604645,0.2750000059604645,0.4,0.25979167222976685,hs,1001,4,0,1,0
1,0.06666665342113436,0.6399999856948853,0.5600000023841858,0.2,0.5539999604225159,hs,1002,1,1,1,1
0,-0.029024850825014034,0.4613095223903656,0.4888888895511627,0.6,0.43911710381507874,hs,1003,10,0,0,1
1,-0.007633580284007402,0.5416666865348816,0.550000011920929,0.2,0.49416667222976685,hs,1004,5,1,0,0
1,0.0,0.4933333396911621,0.4933333396911621,0.5,0.46399998664855957,hs,1005,3,1,1,1
0,0.04452055549501159,0.5648148059844971,0.5166666507720947,0.4,0.5637314915657043,hs,1006,10,0,1,0
1,-0.0034196423053118262,0.7083333134651184,0.7131944298744202,0.7,0.6589066982269287,hs,1007,3,1,1,1
1,0.0,0.36666667461395264,0.36666667461395264,0.3,0.38749998807907104,hs,1008,4,1,1,1
1,0.0,0.125,0.125,0.4,0.14374999701976776,hs,1009,4,1,1,1
0,-0.08061749697440135,0.5955555438995361,0.699999988079071,0.7,0.6726110577583313,hs,1010,10,0,0,1
0,0.05402059610875118,0.4437499940395355,0.3982639014720917,0.5,0.7389930486679077,hs,1011,8,0,0,1
1,0.0,0.4166666567325592,0.4166666567325592,0.5,0.5124961137771606,hs,1012,10,1,1,1
0,0.0,0.125,0.125,0.4,0.125,hs,1013,5,0,0,1
1,0.027216843130718822,0.609375,0.5770833492279053,0.4,0.5747569799423218,hs,1015,3,1,1,1
0,0.0769230705746001,0.7777777910232544,0.6666666865348816,0.5,0.7104623317718506,hs,1016,6,0,0,1
0,0.03797467819598756,0.512499988079071,0.4749999940395355,0.7,0.4604761004447937,hs,1017,8,0,1,0
0,-0.18182136023817677,0.5425925850868225,0.7837499976158142,0.8,0.7331501245498657,hs,1018,7,0,0,1
0,-0.01742815786721717,0.6208333373069763,0.6428571343421936,0.5,0.5796467661857605,hs,1019,10,0,1,0
0,0.018315001040379707,0.5791666507720947,0.5583333373069763,0.3,0.5315635204315186,hs,1020,2,0,1,0
0,-0.11805097175575341,0.5425925850868225,0.6878471970558167,0.7,0.660180926322937,hs,1021,8,0,0,1
1,0.0,0.36666667461395264,0.36666667461395264,0.3,0.33000001311302185,hs,1022,1,1,0,0
1,0.0,0.5166666507720947,0.5166666507720947,0.6,0.4649999737739563,hs,1023,2,1,0,0
0,0.0,0.6133333444595337,0.6133333444595337,0.6,0.5519999265670776,hs,1024,4,0,0,1
0,0.0,0.0,0.0,0.6,0.0,hs,1025,7,0,0,1
0,0.0,0.1875,0.1875,0.6,0.19447915256023407,hs,1026,8,0,1,0
0,-0.023890771652430327,0.7447916865348816,0.78125,0.4,0.7597569823265076,hs,1027,5,0,0,1
0,0.04761904356417393,0.18333333730697632,0.1666666716337204,0.6,0.6660555601119995,hs,1028,10,0,0,1
0,0.0,0.44583332538604736,0.44583332538604736,0.5,0.4012499451637268,hs,1029,5,0,0,1
0,0.004474970984490799,0.691428542137146,0.6852678656578064,0.7,0.6338121294975281,hs,1030,8,0,0,1
1,0.0,0.5,0.5,0.4,0.44999998807907104,hs,1031,4,1,0,0
0,-0.18182136023817677,0.5425925850868225,0.7837499976158142,0.8,0.7331501245498657,hs,1032,5,0,0,1
1,0.0,0.43611112236976624,0.43611112236976624,0.5,0.40134263038635254,hs,1033,6,1,1,1
1,0.0,0.0,0.0,0.4,0.0,hs,1034,7,1,0,0
1,0.0,0.375,0.375,0.4,0.3534027636051178,hs,1035,3,1,1,1
1,0.0,0.26249998807907104,0.26249998807907104,0.4,0.25826388597488403,hs,1036,7,1,1,1
1,-0.11479943494783078,0.35555556416511536,0.44777777791023254,0.1,0.46597224473953247,hs,1037,8,1,0,0
1,-0.02559308770863651,0.5433333516120911,0.5718749761581421,0.7,0.6169573664665222,hs,1038,7,1,1,1
0,-0.03392715238082365,0.4223214387893677,0.45198413729667664,0.4,0.4498802721500397,hs,1040,2,0,1,0
1,0.0,0.2666666805744171,0.2666666805744171,0.4,0.30248016119003296,hs,1041,7,1,1,1
1,0.0,0.5166666507720947,0.5166666507720947,0.5,0.49145835638046265,hs,1042,5,1,1,1
1,-0.015902694733406927,0.4870370328426361,0.5027777552604675,0.5,0.45359259843826294,hs,1043,9,1,1,1
1,0.02725370258800174,0.5104166865348816,0.4833333194255829,0.4,0.5143750905990601,hs,1044,5,1,1,1
0,0.0,0.5,0.5,0.5,0.5106874704360962,hs,1045,5,0,1,0
0,-0.07488150399220286,0.5809524059295654,0.675000011920929,0.7,0.6187915802001953,hs,1046,7,0,0,1
1,0.0,0.2708333432674408,0.2708333432674408,0.5,0.24375000596046448,hs,1047,10,1,0,0
1,-0.05161289935549617,0.612500011920929,0.6791666746139526,0.3,0.6936041712760925,hs,1048,5,1,0,0
0,-0.03387333147139175,0.4392857253551483,0.47008928656578064,0.7,0.477250337600708,hs,1049,3,0,0,1
0,0.0,0.4483333230018616,0.4483333230018616,0.5,0.41197219491004944,hs,1050,5,0,1,0
1,-0.9999999999960001,0.0,0.25,0.8,0.2783333361148834,hs,1051,10,1,1,1
0,0.0,0.550000011920929,0.550000011920929,0.7,0.6506547927856445,hs,1052,8,0,0,1
1,0.0,0.5,0.5,0.3,0.5512500405311584,hs,1054,2,1,0,0
0,-0.9999999999957895,0.0,0.23749999701976776,0.1,0.3016666769981384,hs,1055,9,0,1,0
0,0.0,0.0,0.0,0.3,0.05000000074505806,hs,1056,6,0,1,0
1,0.0,0.5166666507720947,0.5166666507720947,0.5,0.51666659116745,hs,1057,7,1,0,0
0,0.0,0.21458333730697632,0.21458333730697632,0.5,0.24729163944721222,hs,1058,8,0,1,0
0,0.05882352941170934,0.5625,0.5,0.5,0.5142187476158142,hs,1059,4,0,1,0
1,-0.09771310735847456,0.3013888895511627,0.36666667461395264,0.7,0.34013888239860535,hs,1060,7,1,0,0
1,0.0,0.30666667222976685,0.30666667222976685,0.5,0.29127779603004456,hs,1062,6,1,1,1
0,0.0,0.41333332657814026,0.41333332657814026,0.5,0.3720000386238098,hs,1063,2,0,0,1
0,0.07092907649686077,0.5955555438995361,0.5166666507720947,0.3,0.5181666612625122,hs,1064,8,0,1,0
0,0.0,0.7333333492279053,0.7333333492279053,0.7,0.6600000262260437,hs,1065,1,0,0,1
1,0.0415512617128155,0.4476190507411957,0.4119047522544861,0.4,0.43145832419395447,hs,1066,5,1,1,1
1,0.5463137963493384,0.4260416626930237,0.125,0.5,0.445666640996933,hs,1067,4,1,1,1
0,-0.9999999999980369,0.0,0.5093749761581421,0.6,0.4841041564941406,hs,1068,4,0,1,0
1,-0.007862587627148244,0.3797222077846527,0.385740727186203,0.5,0.3583518862724304,hs,1069,7,1,1,1
1,0.0,0.5770833492279053,0.5770833492279053,0.6,0.5415624380111694,hs,1070,10,1,0,0
0,0.11864404971468663,0.34375,0.2708333432674408,0.4,0.3902430534362793,hs,1071,4,0,1,0
0,-0.0709583100181186,0.4409722089767456,0.5083333253860474,0.6,0.5119027495384216,hs,1072,7,0,0,1
1,0.0,0.5,0.5,0.5,0.4675833284854889,hs,1073,4,1,1,1
1,-0.0016739427037745875,0.6212499737739563,0.6233333349227905,0.5,0.6437538862228394,hs,1074,4,1,1,1
1,-0.01052630564511585,0.4895833432674408,0.5,0.5,0.4846130907535553,hs,1075,1,1,1,1
1,0.013408592616431795,0.5128571391105652,0.4992857277393341,0.3,0.4618571400642395,hs,1076,10,1,0,0
1,-0.10714284193751382,0.625,0.7749999761581421,0.6,0.7560000419616699,hs,1077,5,1,0,0
1,0.025961353321885237,0.7300000190734863,0.6930555701255798,0.6,0.6552639603614807,hs,1078,6,1,0,0
1,0.007451536360776697,0.35208332538604736,0.34687501192092896,0.5,0.35851186513900757,hs,1080,2,1,0,0
1,0.3356401196532016,0.5361111164093018,0.2666666805744171,0.2,0.4456041753292084,hs,1081,5,1,0,0
0,0.012244886519846043,0.5166666507720947,0.5041666626930237,0.2,0.46687498688697815,hs,1082,3,0,1,0
1,0.0,0.2750000059604645,0.2750000059604645,0.4,0.24750001728534698,hs,1083,1,1,0,0
0,-0.03114928703828337,0.4697916805744171,0.5,0.6,0.49000000953674316,hs,1084,4,0,0,1
1,0.0,0.0,0.0,0.7,0.03750000149011612,hs,1085,10,1,1,1
1,0.32055747031801146,0.5263888835906982,0.2708333432674408,0.3,0.4300277829170227,hs,1086,9,1,0,0
1,-0.04329004010651533,0.3683333396911621,0.40166667103767395,0.3,0.371055543422699,hs,1087,7,1,1,1
0,0.0,0.2708333432674408,0.2708333432674408,0.7,0.2593750059604645,hs,1088,8,0,1,0
0,-0.1797556511630587,0.4895833432674408,0.7041666507720947,0.9,0.5721875429153442,hs,1089,5,0,0,1
1,0.0,0.2708333432674408,0.2708333432674408,0.6,0.24375000596046448,hs,1090,7,1,1,1
0,-0.24999998882337895,0.125,0.2083333283662796,0.5,0.23914583027362823,hs,1091,3,0,1,0
1,0.0,0.3583333194255829,0.3583333194255829,0.3,0.3531250059604645,hs,1092,1,1,0,0
1,-0.1000000238417579,0.44999998807907104,0.550000011920929,0.5,0.487000048160553,hs,1093,4,1,1,1
1,0.0,0.2666666805744171,0.2666666805744171,0.4,0.26597219705581665,hs,1094,10,1,1,1
0,0.0,0.5,0.5,0.7,0.44999998807907104,hs,1095,3,0,0,1
1,0.6296296361696728,0.550000011920929,0.125,0.6,0.8348214030265808,hs,1096,1,1,0,0
1,0.0,0.5,0.5,0.4,0.44999998807907104,hs,1098,2,1,0,0
1,0.0,0.7333333492279053,0.7333333492279053,0.3,0.6600000262260437,hs,1099,5,1,0,0
1,0.0,0.2750000059604645,0.2750000059604645,0.6,0.34552085399627686,hs,1100,8,1,1,1
0,-0.9999999999980369,0.0,0.5093749761581421,0.6,0.4841041564941406,hs,1102,6,0,1,0
0,0.0,0.5166666507720947,0.5166666507720947,0.8,0.4816666543483734,hs,1103,6,0,0,1
1,0.0,0.5,0.5,0.4,0.5062500238418579,hs,1104,5,1,0,0
1,-0.11758283759044413,0.28857141733169556,0.36547619104385376,0.5,0.40632539987564087,hs,1105,9,1,1,1
1,0.0,0.5166666507720947,0.5166666507720947,0.5,0.49416667222976685,hs,1106,10,1,1,1
1,0.0701001398994282,0.3895833194255829,0.3385416567325592,0.6,0.3739166855812073,hs,1107,9,1,1,1
0,0.0,0.5249999761581421,0.5249999761581421,0.6,0.49958333373069763,hs,1108,7,0,1,0
0,0.019618680733172376,0.512499988079071,0.4927777647972107,0.6,0.4811111092567444,hs,1109,7,0,1,0
1,0.0,0.2666666805744171,0.2666666805744171,0.8,0.24000000953674316,hs,1110,7,1,1,1
1,-0.01739131867996434,0.47083333134651184,0.48750001192092896,0.5,0.43967461585998535,hs,1111,3,1,1,1
1,-0.016886967536196913,0.5579166412353516,0.5770833492279053,0.6,0.518375039100647,hs,1112,4,1,1,1
0,0.0,0.125,0.125,0.6,0.11249999701976776,hs,1113,5,0,0,1
0,-0.062271052673940785,0.2666666805744171,0.3020833432674408,0.8,0.27552086114883423,hs,1114,3,0,0,1
1,0.0,0.0,0.0,0.5,0.11404166370630264,hs,1115,1,1,1,1
1,-0.012244886519846043,0.5041666626930237,0.5166666507720947,0.5,0.4649999737739563,hs,1116,7,1,0,0
0,0.0,0.5,0.5,0.8,0.44999998807907104,hs,1117,8,0,0,1
1,0.0,0.5770833492279053,0.5770833492279053,0.5,0.5444096922874451,hs,1118,4,1,1,1
0,0.0,0.5,0.5,0.6,0.44999998807907104,hs,1119,3,0,0,1
1,-0.05882351456212331,0.6666666865348816,0.75,0.7,0.703666627407074,hs,1120,8,1,0,0
1,0.17073172093248773,0.25,0.1770833283662796,0.6,0.26569443941116333,hs,1121,3,1,1,1
1,0.0,0.5166666507720947,0.5166666507720947,0.4,0.5178332924842834,hs,1122,2,1,0,0
1,0.0,0.5770833492279053,0.5770833492279053,0.6,0.5193750262260437,hs,1123,1,1,0,0
1,-0.015337430783357264,0.44583332538604736,0.45972222089767456,0.6,0.4781111180782318,hs,1124,6,1,1,1
1,0.9999999999963637,0.2750000059604645,0.0,0.7,0.42624998092651367,hs,1125,1,1,1,1
1,-0.09274195209930135,0.4166666567325592,0.5018518567085266,0.8,0.4295462965965271,hs,1126,4,1,0,0
1,0.0,0.28833332657814026,0.28833332657814026,0.4,0.261722207069397,hs,1127,7,1,1,1
1,0.07042251818462841,0.3166666626930237,0.2750000059604645,0.3,0.3004166781902313,hs,1128,9,1,1,1
1,0.04769605084466555,0.675000011920929,0.6135416626930237,0.1,0.6070208549499512,hs,1129,8,1,0,0
1,0.16030533739831387,0.4749999940395355,0.34375,0.5,0.4533286988735199,hs,1130,4,1,1,1
0,0.0,0.7083333134651184,0.7083333134651184,0.6,0.6402778029441833,hs,1131,5,0,0,1
0,0.036585330750334336,0.3541666567325592,0.3291666805744171,0.4,0.36938756704330444,hs,1132,2,0,1,0
0,-0.005181342349751961,0.6399999856948853,0.6466666460037231,0.5,0.586513876914978,hs,1133,4,0,1,0
1,0.04255318906087006,0.40833333134651184,0.375,0.6,0.3884027600288391,hs,1134,5,1,1,1
1,0.013157882353592516,0.5133333206176758,0.5,0.3,0.4829999804496765,hs,1135,6,1,0,0
1,0.18518518191442285,0.4000000059604645,0.2750000059604645,0.5,0.3592187166213989,hs,1136,9,1,1,1
1,-0.4882600843895697,0.1770833283662796,0.5149999856948853,0.4,0.5052797794342041,hs,1137,2,1,0,0
0,0.0,0.5,0.5,0.2,0.46875,hs,1138,7,0,1,0
0,0.0,0.4933333396911621,0.4933333396911621,0.6,0.5104444622993469,hs,1139,9,0,1,0
0,0.0,0.4166666567325592,0.4166666567325592,0.7,0.3750000298023224,hs,1140,5,0,0,1
1,0.061340908418819694,0.5535714030265808,0.4895833432674408,0.3,0.48739880323410034,hs,1141,7,1,1,1
0,0.04966139380820073,0.7749999761581421,0.7016666531562805,0.8,0.690166711807251,hs,1142,5,0,0,1
0,0.0,0.1666666716337204,0.1666666716337204,0.5,0.14999999105930328,hs,1143,6,0,1,0
0,0.0,0.5166666507720947,0.5166666507720947,0.7,0.4649999737739563,hs,1144,9,0,0,1
0,0.01052630564511585,0.5,0.4895833432674408,0.4,0.4846130907535553,hs,1145,5,0,1,0
0,-0.06281408015008709,0.44404762983322144,0.5035714507102966,0.4,0.5019841194152832,hs,1146,8,0,1,0
0,0.0,0.5,0.5,0.6,0.44999998807907104,hs,1147,6,0,1,0
1,0.0,0.2750000059604645,0.2750000059604645,0.4,0.3063125014305115,hs,1148,1,1,1,1
0,0.0,0.1666666716337204,0.1666666716337204,0.5,0.14999999105930328,hs,1149,6,0,0,1
0,0.008470044112604155,0.5291666388511658,0.5202777981758118,0.3,0.4883968234062195,hs,1150,6,0,1,0
0,-0.060718707410303475,0.3947916626930237,0.44583332538604736,0.7,0.42750000953674316,hs,1151,7,0,1,0
0,0.0,0.4166666567325592,0.4166666567325592,0.6,0.3750000298023224,hs,1152,10,0,0,1
0,0.0,0.4933333396911621,0.4933333396911621,0.5,0.5174583196640015,hs,1153,2,0,1,0
1,0.0,0.0,0.0,0.3,0.03541667014360428,hs,1154,9,1,1,1
0,-0.23076921794397104,0.550000011920929,0.8799999952316284,0.4,0.831000030040741,hs,1155,2,0,0,1
0,0.002967356279330005,0.7041666507720947,0.699999988079071,0.3,0.6320832371711731,hs,1156,7,0,1,0
0,0.01706482512091312,0.6898148059844971,0.6666666865348816,0.3,0.6256799101829529,hs,1157,8,0,1,0
1,-0.9999999999981819,0.0,0.550000011920929,0.8,0.4399999976158142,hs,1158,1,1,1,1
1,-0.1018633356183727,0.40166667103767395,0.4927777647972107,0.6,0.5155695080757141,hs,1159,7,1,0,0
0,-0.11111111111101234,0.5,0.625,0.3,0.6531190276145935,hs,1160,2,0,0,1
0,0.005988018309853204,0.3499999940395355,0.34583333134651184,0.5,0.405708372592926,hs,1161,2,0,0,1
0,0.0,0.125,0.125,0.5,0.12083332240581512,hs,1162,10,0,1,0
0,-0.04366811869035436,0.2433333396911621,0.26555556058883667,0.7,0.31727778911590576,hs,1163,7,0,0,1
1,0.1076922914401842,0.375,0.3020833432674408,0.3,0.3544444441795349,hs,1164,3,1,0,0
0,0.0,0.2708333432674408,0.2708333432674408,0.3,0.2708333134651184,hs,1165,3,0,1,0
0,0.0,0.637499988079071,0.637499988079071,0.6,0.5984225869178772,hs,1166,5,0,1,0
0,-0.044910195012543515,0.3797619044780731,0.4154762029647827,0.7,0.4152083396911621,hs,1167,8,0,1,0
0,0.0,0.5166666507720947,0.5166666507720947,0.2,0.5529762506484985,hs,1168,10,0,1,0
1,0.0,0.5,0.5,0.3,0.44999998807907104,hs,1169,9,1,1,1
0,0.14482757259897755,0.41499999165534973,0.3100000023841858,0.4,0.3989444375038147,hs,1170,4,0,1,0
1,0.040000018310469725,0.2708333432674408,0.25,0.4,0.4750000536441803,hs,1171,5,1,0,0
1,0.0,0.3583333194255829,0.3583333194255829,0.3,0.3462846875190735,hs,1172,2,1,1,1
1,0.0,0.4483333230018616,0.4483333230018616,0.4,0.4290972352027893,hs,1173,1,1,1,1
1,0.0,0.3895833194255829,0.3895833194255829,0.5,0.35656246542930603,hs,1174,8,1,1,1
1,0.18114143986629164,0.39666667580604553,0.2750000059604645,0.3,0.37050002813339233,hs,1175,5,1,1,1
1,0.0,0.4895833432674408,0.4895833432674408,0.5,0.5165277719497681,hs,1176,2,1,1,1
0,0.0,0.2708333432674408,0.2708333432674408,0.7,0.2593750059604645,hs,1177,3,0,1,0
1,-0.12078346008512303,0.28857141733169556,0.3678571283817291,0.5,0.44408732652664185,hs,1178,3,1,1,1
1,0.0,0.5,0.5,0.7,0.45333331823349,hs,1180,3,1,1,1
0,0.0,0.36666667461395264,0.36666667461395264,0.4,0.37352776527404785,hs,1181,8,0,1,0
0,-0.999999999992,0.0,0.125,0.5,0.125,hs,1182,8,0,1,0
1,-0.004968957278115622,0.5562499761581421,0.5618055462837219,0.7,0.5108888745307922,hs,1183,5,1,1,1
0,-0.05142857259629179,0.5533333420753479,0.6133333444595337,0.5,0.5459999442100525,hs,1184,9,0,0,1
0,-0.03896105856448447,0.4933333396911621,0.5333333611488342,0.4,0.4950833320617676,hs,1185,6,0,0,1
1,0.0,0.5166666507720947,0.5166666507720947,0.5,0.5220833420753479,hs,1186,6,1,1,1
0,0.0,0.3895833194255829,0.3895833194255829,0.7,0.3506249785423279,hs,1187,4,0,0,1
1,0.0,0.3281745910644531,0.3281745910644531,0.6,0.3324761986732483,hs,1188,2,1,1,1
1,0.12821900467639197,0.4335416555404663,0.33500000834465027,0.2,0.43287500739097595,hs,1189,9,1,0,0
1,-0.11864404971468663,0.2708333432674408,0.34375,0.4,0.5,hs,1190,5,1,0,0
1,0.0,0.4833333194255829,0.4833333194255829,0.7,0.4538492262363434,hs,1191,6,1,1,1
1,-0.09090909090902478,0.625,0.75,0.8,0.6159999966621399,hs,1192,7,1,0,0
1,0.0,0.125,0.125,0.4,0.15312500298023224,hs,1193,2,1,1,1
1,0.0,0.0,0.0,0.6,0.27933329343795776,hs,1194,2,1,0,0
0,-0.09428706470513057,0.3385416567325592,0.4090277850627899,0.9,0.3968055844306946,hs,1195,10,0,0,1
0,0.07492504819930572,0.5604166388511658,0.48229166865348816,0.5,0.5200208425521851,hs,1196,3,0,1,0
1,0.0,0.5770833492279053,0.5770833492279053,0.4,0.5193750262260437,hs,1197,5,1,1,1
0,-0.017268440974757073,0.4347222149372101,0.44999998807907104,0.5,0.4149305820465088,hs,1198,1,0,1,0
0,-0.022828316890447366,0.5722222328186035,0.5989583134651184,0.6,0.6304860711097717,hs,1199,7,0,0,1
1,-0.05600001785270248,0.32777777314186096,0.36666667461395264,0.7,0.3957063555717468,hs,1200,8,1,0,0
1,0.0676691648452579,0.5916666388511658,0.5166666507720947,0.5,0.519736111164093,hs,1201,1,1,0,0
1,0.0,0.6666666865348816,0.6666666865348816,0.4,0.5999999642372131,hs,1202,7,1,0,0
0,-0.19948185837187785,0.21458333730697632,0.32152777910232544,0.5,0.3426041305065155,hs,1203,1,0,1,0
1,-0.024390243902419985,0.625,0.65625,0.5,0.8056249618530273,hs,1204,10,1,0,0
0,0.0,0.2708333432674408,0.2708333432674408,0.5,0.265625,hs,1205,8,0,1,0
0,0.0,0.7083333134651184,0.7083333134651184,0.7,0.6375000476837158,hs,1206,10,0,1,0
1,-0.054945081720647375,0.3583333194255829,0.4000000059604645,0.8,0.43083328008651733,hs,1207,4,1,1,1
0,0.0,0.4933333396911621,0.4933333396911621,0.4,0.4478333592414856,hs,1208,6,0,1,0
0,-0.041398326955148855,0.6512500047683716,0.7074999809265137,0.8,0.6195972561836243,hs,1209,5,0,0,1
1,0.07277629009283472,0.41458332538604736,0.3583333194255829,0.7,0.5339533686637878,hs,1210,3,1,1,1
0,0.0,0.5874999761581421,0.5874999761581421,0.5,0.5287500619888306,hs,1211,6,0,0,1
0,-0.08363638718649244,0.3499999940395355,0.4138889014720917,0.4,0.3875417113304138,hs,1212,7,0,1,0
1,0.0,0.125,0.125,0.5,0.11249999701976776,hs,1213,1,1,1,1
1,0.0,0.5,0.5,0.3,0.46687498688697815,hs,1214,4,1,0,0
0,-0.16011502176419137,0.2433333396911621,0.3361110985279083,0.7,0.42956942319869995,hs,1215,10,0,0,1
1,0.0,0.4033333361148834,0.4033333361148834,0.5,0.3830000162124634,hs,1216,2,1,1,1
1,0.0,0.2708333432674408,0.2708333432674408,0.2,0.2593750059604645,hs,1217,1,1,1,1
0,0.05882351456212331,0.75,0.6666666865348816,0.3,0.6506944894790649,hs,1218,5,0,1,0
0,0.0,0.5,0.5,0.4,0.4749999940395355,hs,1219,9,0,1,0
0,0.0,0.2433333396911621,0.2433333396911621,0.5,0.21900001168251038,hs,1220,3,0,0,1
1,0.0,0.3333333432674408,0.3333333432674408,0.3,0.29999998211860657,hs,1221,9,1,1,1
0,0.0,0.4166666567325592,0.4166666567325592,0.4,0.3750000298023224,hs,1222,4,0,1,0
1,-0.0018148889433274645,0.859375,0.862500011920929,0.4,0.8474553823471069,hs,1223,8,1,0,0
1,-0.031061322118507304,0.41197916865348816,0.43839284777641296,0.3,0.3924850821495056,hs,1224,8,1,1,1
1,-0.03062115535962639,0.5770833492279053,0.6135416626930237,0.5,0.5829514265060425,hs,1225,3,1,0,0
0,0.0,0.0,0.0,0.7,0.15666666626930237,hs,1226,5,0,0,1
1,-0.005947317921683219,0.48750001192092896,0.4933333396911621,0.4,0.49581247568130493,hs,1227,5,1,1,1
0,0.0,0.0,0.0,0.7,0.03541667014360428,hs,1228,1,0,1,0
1,0.011402508168263062,0.4927777647972107,0.4816666543483734,0.6,0.504236102104187,hs,1229,7,1,1,1
1,-0.0041840964114410635,0.4958333373069763,0.5,0.6,0.44958335161209106,hs,1230,3,1,1,1
0,0.0,0.44999998807907104,0.44999998807907104,0.4,0.4195833206176758,hs,1231,4,0,1,0
0,0.0,0.0,0.0,0.5,0.027499999850988388,hs,1232,10,0,0,1
0,-0.11184211501482405,0.375,0.4694444537162781,0.6,0.4039236009120941,hs,1233,8,0,1,0
0,0.0,0.5,0.5,0.9,0.44999998807907104,hs,1234,1,0,0,1
0,0.0,0.5,0.5,0.8,0.44999998807907104,hs,1235,6,0,0,1
0,0.0,0.5,0.5,0.8,0.44999998807907104,hs,1236,6,0,0,1
1,0.0582524583659985,0.3633333444595337,0.3233333230018616,0.4,0.32216665148735046,hs,1237,4,1,1,1
1,0.14285714285681633,0.25,0.1875,0.5,0.2720833420753479,hs,1238,7,1,0,0
1,-0.03719909993980734,0.4888888895511627,0.5266666412353516,0.5,0.4894999861717224,hs,1239,10,1,0,0
1,0.0,0.4166666567325592,0.4166666567325592,0.6,0.3750000298023224,hs,1240,2,1,0,0
0,-0.03076651667409527,0.7569444179534912,0.8050000071525574,0.4,0.7552499771118164,hs,1241,8,0,0,1
0,-0.034106398906100004,0.3687500059604645,0.3947916626930237,0.6,0.3588889241218567,hs,1243,7,0,1,0
1,0.0,0.5770833492279053,0.5770833492279053,0.3,0.5193750262260437,hs,1244,2,1,0,0
1,0.05413685295849067,0.3583333194255829,0.32152777910232544,0.4,0.34416666626930237,hs,1245,8,1,1,1
0,-0.011235958926114589,0.6844444274902344,0.699999988079071,0.6,0.7012499570846558,hs,1246,1,0,0,1
1,0.0,0.5,0.5,0.6,0.5192261934280396,hs,1247,9,1,1,1
1,-0.18662949926836897,0.2433333396911621,0.35499998927116394,0.7,0.36772221326828003,hs,1248,1,1,1,1
0,-0.019021155916873228,0.637499988079071,0.6622222065925598,0.6,0.6034190058708191,hs,1249,3,0,1,0
1,0.0,0.4124999940395355,0.4124999940395355,0.5,0.475747674703598,hs,1250,4,1,1,1
1,0.0,0.3895833194255829,0.3895833194255829,0.5,0.3670833110809326,hs,1251,10,1,1,1
0,0.012947458249614328,0.4618055522441864,0.44999998807907104,0.4,0.4801388680934906,hs,1252,6,0,1,0
1,-0.08133972968610145,0.5,0.5885416865348816,0.7,0.5445208549499512,hs,1253,2,1,1,1
0,-0.08180299655594246,0.2864583432674408,0.3375000059604645,0.6,0.3694394826889038,hs,1254,2,0,1,0
1,0.0,0.125,0.125,0.3,0.11249999701976776,hs,1255,5,1,0,0
0,-0.06666668256114971,0.3499999940395355,0.4000000059604645,0.9,0.4286111295223236,hs,1256,10,0,0,1
0,-0.023999999267559715,0.6354166865348816,0.6666666865348816,0.4,0.596666693687439,hs,1257,8,0,1,0
0,-0.042149118493670104,0.5744444727897644,0.625,0.9,0.5574444532394409,hs,1258,2,0,0,1
0,0.03355704783895711,0.48124998807907104,0.44999998807907104,0.2,0.42093056440353394,hs,1259,2,0,1,0
0,0.07423581522533855,0.34166666865348816,0.2944444417953491,0.5,0.33581942319869995,hs,1260,8,0,1,0
1,-0.0024449854233836938,0.6800000071525574,0.6833333373069763,0.4,0.6463750600814819,hs,1261,4,1,1,1
1,0.05882351456212331,0.75,0.6666666865348816,0.5,0.7059444785118103,hs,1262,8,1,0,0
1,0.0,0.1666666716337204,0.1666666716337204,0.5,0.1666666567325592,hs,1263,4,1,1,1
0,0.0,0.0,0.0,0.9,0.0,hs,1264,6,0,0,1
0,0.395161280436619,0.28833332657814026,0.125,0.6,0.35948213934898376,hs,1265,2,0,0,1
0,0.0,0.1666666716337204,0.1666666716337204,0.4,0.14999999105930328,hs,1266,10,0,1,0
0,0.06511625837406715,0.3816666603088379,0.33500000834465027,0.7,0.3941250145435333,hs,1267,9,0,0,1
1,0.0,0.4166666567325592,0.4166666567325592,0.6,0.4311508238315582,hs,1268,1,1,1,1
0,-0.030927851205400893,0.6266666650772095,0.6666666865348816,0.6,0.6680001020431519,hs,1269,7,0,0,1
0,-0.061224504690835915,0.7666666507720947,0.8666666746139526,0.7,0.8607500791549683,hs,1270,1,0,0,1
1,-0.04615385800419468,0.5166666507720947,0.5666666626930237,0.6,0.534166693687439,hs,1271,9,1,1,1
0,-0.023255847479065034,0.5249999761581421,0.550000011920929,0.9,0.4925000071525574,hs,1272,3,0,0,1
0,0.0,0.5,0.5,0.7,0.44999998807907104,hs,1273,9,0,0,1
1,0.0,0.125,0.125,0.4,0.11249999701976776,hs,1274,9,1,0,0
1,0.0,0.550000011920929,0.550000011920929,0.2,0.49500003457069397,hs,1275,9,1,0,0
1,0.0,0.21458333730697632,0.21458333730697632,0.5,0.20926585793495178,hs,1276,4,1,0,0
0,0.05403404085833698,0.49444442987442017,0.4437499940395355,0.0,0.4300764203071594,hs,1277,7,0,1,0
0,-0.11578951383882106,0.5249999761581421,0.6625000238418579,0.8,0.5581110715866089,hs,1278,1,0,0,1
1,-0.020610050299731966,0.4124999940395355,0.4298610985279083,0.6,0.44234123826026917,hs,1279,6,1,1,1
0,0.0,0.5625,0.5625,0.5,0.5062500238418579,hs,1280,9,0,0,1
0,0.6296296361696728,0.550000011920929,0.125,0.4,0.445666640996933,hs,1281,5,0,1,0
1,0.0,0.3333333432674408,0.3333333432674408,0.4,0.3127777874469757,hs,1282,7,1,1,1
1,0.0,0.44583332538604736,0.44583332538604736,0.5,0.4102083146572113,hs,1283,1,1,1,1
1,-0.1504424434266322,0.2666666805744171,0.3611111044883728,0.7,0.2956944406032562,hs,1284,2,1,1,1
1,0.0,0.5166666507720947,0.5166666507720947,0.5,0.49816665053367615,hs,1285,3,1,1,1
1,0.10442477786471077,0.5199999809265137,0.4216666519641876,0.3,0.48129168152809143,hs,1286,9,1,0,0
0,0.0,0.3404761850833893,0.3404761850833893,0.3,0.33896827697753906,hs,1287,2,0,1,0
1,0.0582524583659985,0.3633333444595337,0.3233333230018616,0.4,0.33400002121925354,hs,1288,7,1,1,1
1,0.0,0.36666667461395264,0.36666667461395264,0.9,0.3591666519641876,hs,1289,8,1,1,1
0,0.0,0.36666667461395264,0.36666667461395264,0.6,0.33000001311302185,hs,1290,7,0,0,1
0,0.032504784298553406,0.44999998807907104,0.4216666519641876,0.4,0.4232291579246521,hs,1291,5,0,1,0
1,-0.10924371263147938,0.2944444417953491,0.36666667461395264,0.3,0.3535694479942322,hs,1292,9,1,1,1
1,0.0,0.2708333432674408,0.2708333432674408,0.6,0.24861112236976624,hs,1293,2,1,1,1
0,-0.008748962853356865,0.5451388955116272,0.5547618865966797,0.4,0.5980525612831116,hs,1294,4,0,1,0
0,0.0,0.41333332657814026,0.41333332657814026,0.7,0.47862499952316284,hs,1295,6,0,0,1
0,0.030303001403786552,0.7083333134651184,0.6666666865348816,0.4,0.6779028177261353,hs,1297,8,0,0,1
0,0.11253431275300833,0.7599999904632568,0.606249988079071,0.6,0.7559999823570251,hs,1298,9,0,0,1
1,0.0,0.3683333396911621,0.3683333396911621,0.2,0.3683333396911621,hs,1299,3,1,0,0
1,-0.29200653419326217,0.3013888895511627,0.550000011920929,0.6,0.4702083468437195,hs,1300,7,1,0,0
0,0.04437365546590206,0.5244791507720947,0.4799107015132904,0.3,0.46849551796913147,hs,1301,5,0,1,0
1,0.0,0.25,0.25,0.3,0.25,hs,1302,9,1,1,1
1,-0.02576114118630321,0.46222221851348877,0.4866666793823242,0.6,0.4667778015136719,hs,1303,6,1,0,0
1,0.0,0.4166666567325592,0.4166666567325592,0.6,0.3750000298023224,hs,1304,8,1,1,1
1,0.011333903958164825,0.4833333194255829,0.4724999964237213,0.4,0.4479583203792572,hs,1305,1,1,1,1
1,0.039281716904014864,0.48229166865348816,0.44583332538604736,0.8,0.4462003707885742,hs,1306,2,1,1,1
0,-0.14285716055039538,0.4124999940395355,0.550000011920929,0.9,0.45762506127357483,hs,1307,9,0,0,1
0,0.0,0.0,0.0,0.4,0.12666666507720947,hs,1308,8,0,1,0
1,0.0,0.375,0.375,0.6,0.38230156898498535,hs,1309,4,1,1,1
0,-0.37062936853009615,0.1875,0.40833333134651184,0.9,0.28337499499320984,hs,1310,10,0,0,1
1,0.0,0.6666666865348816,0.6666666865348816,0.5,0.6666666269302368,hs,1311,3,1,0,0
0,-0.5652173822894297,0.125,0.44999998807907104,0.5,0.39941662549972534,hs,1313,4,0,0,1
1,0.0,0.3583333194255829,0.3583333194255829,0.4,0.3619791567325592,hs,1314,7,1,1,1
1,0.0,0.125,0.125,0.7,0.11249999701976776,hs,1315,10,1,1,1
0,-0.15492959161794592,0.4761904776096344,0.6507936716079712,0.5,0.7198015451431274,hs,1316,10,0,0,1
0,0.0,0.0,0.0,0.9,0.0,hs,1317,5,0,0,1
1,0.0,0.0,0.0,0.7,0.03750000149011612,hs,1318,2,1,1,1
1,0.0,0.25,0.25,0.4,0.2835312485694885,hs,1319,2,1,1,1
1,0.1428571574537087,0.1666666716337204,0.125,0.3,0.20766668021678925,hs,1320,9,1,0,0
0,0.0,0.125,0.125,0.4,0.20000000298023224,hs,1321,9,0,1,0
0,0.0,0.5583333373069763,0.5583333373069763,0.5,0.5672916769981384,hs,1322,8,0,1,0
0,0.0,0.21458333730697632,0.21458333730697632,0.6,0.2176041603088379,hs,1323,1,0,1,0
0,0.0,0.5,0.5,0.5,0.48124998807907104,hs,1324,4,0,0,1
0,-0.11764705263609218,0.5,0.6333333253860474,0.7,0.5842361450195312,hs,1325,3,0,0,1
0,0.0,0.0,0.0,0.6,0.0,hs,1326,2,0,0,1
1,0.0,0.2864583432674408,0.2864583432674408,0.4,0.2578125,hs,1327,6,1,1,1
0,0.0,0.4166666567325592,0.4166666567325592,0.7,0.3791666626930237,hs,1328,8,0,1,0
0,0.26380368959543804,0.21458333730697632,0.125,0.5,0.3541666567325592,hs,1329,6,0,0,1
1,-0.0466830475465578,0.3233333230018616,0.35499998927116394,0.4,0.32244542241096497,hs,1330,2,1,1,1
0,0.03199532330105236,0.6159722208976746,0.5777778029441833,0.5,0.5787361264228821,hs,1331,10,0,0,1
0,-0.999999999992,0.0,0.125,0.5,0.125,hs,1332,9,0,1,0
0,0.0,0.0,0.0,0.9,0.0,hs,1333,2,0,0,1
0,0.03984063475379381,0.4350000023841858,0.40166667103767395,0.6,0.4617360532283783,hs,1334,7,0,0,1
1,0.0,0.2708333432674408,0.2708333432674408,0.5,0.24375000596046448,hs,1335,3,1,1,1
1,0.030303006395460973,0.5059523582458496,0.4761904776096344,0.7,0.5137976408004761,hs,1336,8,1,1,1
1,-0.9999999999960001,0.0,0.25,0.8,0.09687499701976776,hs,1337,8,1,1,1
1,0.0,0.0,0.0,0.7,0.05000000074505806,hs,1338,9,1,1,1
1,0.0,0.125,0.125,0.5,0.11249999701976776,hs,1339,10,1,0,0
1,-0.13053350576097072,0.39895832538604736,0.518750011920929,0.6,0.4694444239139557,hs,1340,10,1,1,1
1,0.0,0.6666666865348816,0.6666666865348816,0.6,0.6919721961021423,hs,1341,5,1,1,1
1,-0.19999998569440544,0.1666666716337204,0.25,0.9,0.16597221791744232,hs,1342,4,1,1,1
1,-0.03623529240692406,0.35555556416511536,0.38229167461395264,0.5,0.397775799036026,hs,1343,1,1,0,0
0,-0.014925359112819385,0.6875,0.7083333134651184,0.5,0.6354166865348816,hs,1344,8,0,1,0
0,0.12280702488190143,0.4000000059604645,0.3125,0.5,0.3631249666213989,hs,1345,10,0,0,1
0,-0.08713691960863477,0.36666667461395264,0.43666666746139526,0.6,0.3803194463253021,hs,1346,9,0,0,1
1,0.0,0.125,0.125,0.6,0.15208333730697632,hs,1347,10,1,1,1
1,-0.03030300164260484,0.36666667461395264,0.3895833194255829,0.5,0.38729166984558105,hs,1348,2,1,0,0
1,-0.3684210684811905,0.125,0.2708333432674408,0.9,0.21133334934711456,hs,1349,8,1,1,1
0,-0.14285714285681633,0.1875,0.25,0.6,0.2512499690055847,hs,1350,10,0,1,0
1,-0.059760966665469616,0.3511904776096344,0.3958333432674408,0.8,0.34530553221702576,hs,1351,2,1,1,1
0,0.0,0.4166666567325592,0.4166666567325592,0.5,0.3895833194255829,hs,1352,6,0,1,0
0,-0.00401606056544114,0.5166666507720947,0.5208333134651184,0.3,0.5285138487815857,hs,1353,6,0,1,0
1,0.0,0.2750000059604645,0.2750000059604645,0.9,0.27500003576278687,hs,1354,1,1,1,1
1,0.024752486991965073,0.4312500059604645,0.4104166626930237,0.3,0.38604170083999634,hs,1355,5,1,1,1
1,0.2392426890938555,0.625,0.3836805522441864,0.7,0.7107499837875366,hs,1356,1,1,0,0
1,-0.012442215701084097,0.48229166865348816,0.49444442987442017,0.4,0.4490625262260437,hs,1357,2,1,1,1
0,-0.12650599035282684,0.3020833432674408,0.3895833194255829,0.5,0.46140971779823303,hs,1358,7,0,0,1
0,0.02697492580770138,0.6662499904632568,0.6312500238418579,0.5,0.6134583353996277,hs,1359,8,0,1,0
0,0.0,0.125,0.125,0.4,0.12604168057441711,hs,1360,5,0,1,0
1,0.0,0.5,0.5,0.7,0.45333331823349,hs,1361,9,1,1,1
0,-0.17241377949515818,0.125,0.1770833283662796,0.5,0.1614583283662796,hs,1362,5,0,1,0
0,0.0,0.2750000059604645,0.2750000059604645,0.8,0.2744166851043701,hs,1363,3,0,0,1
0,-0.11719938520651153,0.3020833432674408,0.38229167461395264,0.7,0.36397916078567505,hs,1364,7,0,0,1
0,-0.04761904041056445,0.375,0.4124999940395355,0.7,0.4154563844203949,hs,1365,2,0,0,1
1,0.0,0.0,0.0,0.7,0.05000000074505806,hs,1366,5,1,1,1
1,0.07829979461423477,0.2510416805744171,0.21458333730697632,0.3,0.23732638359069824,hs,1367,7,1,1,1
0,-0.1707317351674205,0.3895833194255829,0.550000011920929,0.5,0.46395835280418396,hs,1368,10,0,0,1
1,0.0,0.4895833432674408,0.4895833432674408,0.7,0.4427083134651184,hs,1369,9,1,1,1
0,0.030303001403720442,0.1770833283662796,0.1666666716337204,0.5,0.17687499523162842,hs,1370,3,0,0,1
0,0.0,0.44999998807907104,0.44999998807907104,0.5,0.470073401927948,hs,1371,1,0,0,1
1,-0.18518518191442285,0.2750000059604645,0.4000000059604645,1.0,0.2834375202655792,hs,1373,5,1,1,1
0,-0.17241377949515818,0.125,0.1770833283662796,0.5,0.1614583283662796,hs,1374,9,0,1,0
1,0.0,0.5,0.5,0.4,0.44999998807907104,hs,1375,3,1,1,1
0,0.0,0.5166666507720947,0.5166666507720947,0.5,0.4649999737739563,hs,1376,7,0,0,1
1,-0.030042940413186343,0.5649999976158142,0.6000000238418579,0.5,0.5503581762313843,hs,1377,8,1,1,1
1,0.0,0.4033333361148834,0.4033333361148834,0.7,0.3726111054420471,hs,1378,7,1,1,1
0,0.0,0.5625,0.5625,0.6,0.6327083110809326,hs,1379,7,0,0,1
1,0.0,0.3375000059604645,0.3375000059604645,0.4,0.323888897895813,hs,1380,3,1,1,1
1,0.0,0.0,0.0,0.7,0.05000000074505806,hs,1381,1,1,1,1
0,0.040844413671440434,0.44999998807907104,0.414682537317276,0.3,0.4652182459831238,hs,1382,6,0,1,0
0,0.06403941886445767,0.75,0.6597222089767456,0.2,0.6718055009841919,hs,1383,9,0,0,1
1,0.019021155916873228,0.6622222065925598,0.637499988079071,0.4,0.6056534647941589,hs,1384,8,1,1,1
1,-0.0678810764348842,0.5649999976158142,0.6472916603088379,0.7,0.5945515632629395,hs,1385,5,1,1,1
0,0.0,0.5,0.5,0.8,0.4937500059604645,hs,1386,2,0,0,1
0,0.02857143918743384,0.4124999940395355,0.3895833194255829,0.7,0.3735833168029785,hs,1387,1,0,0,1
0,-0.9999999999960001,0.0,0.25,0.6,0.22499999403953552,hs,1388,1,0,0,1
0,0.05882352941170934,0.5625,0.5,0.7,0.5632291436195374,hs,1389,1,0,0,1
1,0.0,0.4895833432674408,0.4895833432674408,0.7,0.44062501192092896,hs,1390,10,1,1,1
1,-0.15104352296010196,0.4166666567325592,0.5649305582046509,0.6,0.5414136648178101,hs,1391,4,1,1,1
1,0.0,0.4895833432674408,0.4895833432674408,0.6,0.45658332109451294,hs,1392,3,1,1,1
1,-0.6842105263152133,0.1875,1.0,1.0,0.5922916531562805,hs,1393,1,1,0,0
1,0.0,0.125,0.125,0.6,0.13958333432674408,hs,1394,7,1,1,1
0,-0.022086857486299037,0.3566666543483734,0.3727777898311615,0.7,0.394569456577301,hs,1395,9,0,0,1
0,0.0,0.0,0.0,0.7,0.03541667014360428,hs,1396,10,0,1,0
1,0.19999999999936002,0.1875,0.125,0.5,0.27045831084251404,hs,1397,10,1,1,1
0,0.0,0.2750000059604645,0.2750000059604645,0.5,0.3447916805744171,hs,1398,7,0,0,1
1,-0.0529914269080094,0.5770833492279053,0.6416666507720947,0.9,0.5560346841812134,hs,1399,4,1,1,1
1,0.012777067507987317,0.6743055582046509,0.6572916507720947,0.9,0.6421180963516235,hs,1400,5,1,1,1
0,-0.2509090640481395,0.21458333730697632,0.3583333194255829,0.8,0.3537847399711609,hs,1401,2,0,1,0
1,0.9999999999960001,0.25,0.0,0.3,0.15666666626930237,hs,1403,10,1,0,0
0,-0.05548387411152365,0.3812499940395355,0.4260416626930237,0.4,0.4464791715145111,hs,1404,9,0,0,1
1,0.0036630211679506033,0.4756944477558136,0.4722222089767456,0.4,0.4753125309944153,hs,1405,9,1,1,1
0,0.0,0.30666667222976685,0.30666667222976685,0.4,0.3219444751739502,hs,1406,7,0,1,0
1,0.0,0.0,0.0,0.7,0.08958333730697632,hs,1407,8,1,1,1
0,-0.00924214872292322,0.7444444298744202,0.7583333253860474,0.3,0.7625555992126465,hs,1408,2,0,1,0
0,-0.01158300006741693,0.2666666805744171,0.27291667461395264,0.7,0.27069443464279175,hs,1409,9,0,1,0
1,0.0,0.3333333432674408,0.3333333432674408,0.7,0.29999998211860657,hs,1410,10,1,1,1
1,0.032258061725021915,0.35555556416511536,0.3333333432674408,0.4,0.36298614740371704,hs,1411,2,1,0,0
0,-0.07299273502737062,0.4409722089767456,0.5104166865348816,0.1,0.7070833444595337,hs,1412,5,0,0,1
1,-0.0187500380677928,0.5233333110809326,0.5433333516120911,0.3,0.5231665968894958,hs,1413,9,1,0,0
0,0.03971121846225363,0.4000000059604645,0.36944442987442017,0.5,0.384464293718338,hs,1414,9,0,0,1
1,0.015985799976274945,0.5958333611488342,0.5770833492279053,0.6,0.5443124771118164,hs,1415,9,1,1,1
0,-0.04761905843159077,0.25,0.2750000059604645,0.5,0.2994583547115326,hs,1416,1,0,1,0
0,0.038759708834320526,0.5583333373069763,0.5166666507720947,0.5,0.5126111507415771,hs,1417,5,0,1,0
0,-0.13368982648146444,0.3375000059604645,0.4416666626930237,0.7,0.42634376883506775,hs,1418,3,0,0,1
0,0.0,0.5166666507720947,0.5166666507720947,0.6,0.4649999737739563,hs,1419,3,0,0,1
1,-0.044699885445753054,0.3895833194255829,0.4260416626930237,0.5,0.38364583253860474,hs,1420,5,1,1,1
1,0.0,0.25,0.25,0.4,0.22499999403953552,hs,1421,10,1,1,1
1,0.9999999999977144,0.4375,0.0,0.7,0.40725699067115784,hs,1422,9,1,1,1
0,0.0,0.28833332657814026,0.28833332657814026,0.6,0.27224406599998474,hs,1423,3,0,1,0
1,0.45945946642467717,0.3375000059604645,0.125,0.4,0.45250001549720764,hs,1424,6,1,0,0
1,0.17241377949515818,0.1770833283662796,0.125,0.8,0.19479165971279144,hs,1425,2,1,1,1
0,0.0,0.5333333611488342,0.5333333611488342,0.6,0.4822222590446472,hs,1426,4,0,1,0
1,0.016503752015437405,0.3671296238899231,0.3552083373069763,0.5,0.4522189199924469,hs,1427,7,1,1,1
1,-0.10771581693739664,0.2433333396911621,0.3020833432674408,0.4,0.3956131041049957,hs,1428,2,1,1,1
1,0.0,0.2666666805744171,0.2666666805744171,0.6,0.25388890504837036,hs,1429,8,1,1,1
0,0.0,0.3375000059604645,0.3375000059604645,0.2,0.34421879053115845,hs,1430,3,0,1,0
1,0.0,0.6666666865348816,0.6666666865348816,0.3,0.625,hs,1431,2,1,0,0
1,0.0,0.0,0.0,0.3,0.03541667014360428,hs,1432,7,1,1,1
0,-0.03125001536677584,0.3229166567325592,0.34375,0.4,0.30937498807907104,hs,1433,3,0,1,0
1,0.0,0.0,0.0,0.7,0.03750000149011612,hs,1434,8,1,1,1
1,0.0,0.125,0.125,0.5,0.1550000011920929,hs,1435,8,1,1,1
1,0.9999999999962501,0.2666666805744171,0.0,0.5,0.2917500138282776,hs,1436,2,1,1,1
0,0.0,0.0,0.0,0.5,0.027499999850988388,hs,1437,6,0,0,1
1,0.032258090565993894,0.5333333611488342,0.5,0.5,0.5334374904632568,hs,1438,3,1,1,1
1,0.05882352941170934,0.5625,0.5,0.8,0.5401042103767395,hs,1439,8,1,1,1
1,-0.12499999161781565,0.1944444477558136,0.25,0.4,0.24137499928474426,hs,1440,1,1,1,1
1,0.0,0.5770833492279053,0.5770833492279053,0.5,0.5786805748939514,hs,1441,5,1,1,1
0,-0.05263157894732409,0.5625,0.625,0.8,0.5444999933242798,hs,1442,6,0,1,0
0,0.0,0.2750000059604645,0.2750000059604645,0.5,0.2565000057220459,hs,1443,10,0,1,0
0,0.9999999999960001,0.25,0.0,0.4,0.2722916603088379,hs,1444,3,0,1,0
1,0.0,0.5,0.5,0.7,0.45333331823349,hs,1445,5,1,1,1
0,-0.14709852541952534,0.5266666412353516,0.7083333134651184,0.6,0.7650774121284485,hs,1446,2,0,0,1
1,-0.07907744381489429,0.3105555474758148,0.3638888895511627,0.7,0.4205138683319092,hs,1447,9,1,1,1
0,0.038759708834320526,0.5583333373069763,0.5166666507720947,0.4,0.5233333110809326,hs,1448,2,0,1,0
0,-0.1428571574537087,0.125,0.1666666716337204,0.5,0.23529164493083954,hs,1449,1,0,1,0
0,-0.04494381887020876,0.7083333134651184,0.7749999761581421,0.4,0.7114583253860474,hs,1450,7,0,0,1
1,0.0,0.2666666805744171,0.2666666805744171,0.4,0.2455555498600006,hs,1451,6,1,1,1
0,0.0,0.4895833432674408,0.4895833432674408,0.7,0.44062501192092896,hs,1452,2,0,0,1
1,0.0,0.5625,0.5625,0.7,0.534583330154419,hs,1453,8,1,1,1
0,-0.044699885445753054,0.3895833194255829,0.4260416626930237,0.3,0.4065069556236267,hs,1454,6,0,1,0
0,-0.009901022269982332,0.7083333134651184,0.7225000262260437,0.8,0.6592499017715454,hs,1455,3,0,0,1
1,0.0,0.125,0.125,0.7,0.125,hs,1456,7,1,1,1
0,0.0,0.125,0.125,0.4,0.13124999403953552,hs,1457,4,0,1,0
0,0.0,0.2708333432674408,0.2708333432674408,0.6,0.2517361044883728,hs,1458,6,0,1,0
1,0.0,0.4166666567325592,0.4166666567325592,0.6,0.49636110663414,hs,1459,2,1,0,0
1,0.0,0.3583333194255829,0.3583333194255829,0.6,0.3297916352748871,hs,1460,1,1,1,1
1,0.018918200309927354,0.6638888716697693,0.6392360925674438,0.3,0.6825348138809204,hs,1461,2,1,1,1
0,0.0,0.6666666865348816,0.6666666865348816,0.4,0.6666666269302368,hs,1462,8,0,0,1
1,0.0,0.2666666805744171,0.2666666805744171,0.5,0.30688491463661194,hs,1463,4,1,1,1
1,-0.08620689057160229,0.23555555939674377,0.2800000011920929,0.4,0.2619999945163727,hs,1464,10,1,1,1
0,0.0,0.0,0.0,0.3,0.03750000149011612,hs,1465,1,0,1,0
1,0.0,0.1666666716337204,0.1666666716337204,0.4,0.2243611067533493,hs,1466,2,1,1,1
0,-0.4339622565113059,0.1666666716337204,0.42222222685813904,0.6,0.36871233582496643,hs,1467,3,0,0,1
0,0.0,0.0,0.0,0.5,0.11404166370630264,hs,1468,3,0,1,0
1,-0.030303001403720442,0.1666666716337204,0.1770833283662796,0.4,0.19215276837348938,hs,1469,7,1,0,0
1,-0.19999999999936002,0.125,0.1875,0.3,0.19187499582767487,hs,1470,9,1,1,1
1,0.0,0.3333333432674408,0.3333333432674408,0.6,0.3190416693687439,hs,1471,8,1,1,1
1,-0.001808342401429335,0.574999988079071,0.5770833492279053,0.4,0.5191667675971985,hs,1472,1,1,0,0
1,0.0,0.125,0.125,0.8,0.11249999701976776,hs,1473,9,1,1,1
1,-0.03399312266498641,0.5345237851142883,0.5721428394317627,0.7,0.5158981084823608,hs,1474,1,1,1,1
1,0.0,0.518750011920929,0.518750011920929,0.4,0.46960416436195374,hs,1475,5,1,1,1
0,-0.1046025299940993,0.44583332538604736,0.550000011920929,0.8,0.4912499785423279,hs,1476,10,0,0,1
1,0.0,0.0,0.0,0.5,0.027499999850988388,hs,1477,7,1,0,0
0,-0.030156790742912595,0.31904762983322144,0.33888888359069824,0.5,0.30811506509780884,hs,1478,6,0,1,0
1,0.1467429849153662,0.5562499761581421,0.4138889014720917,0.8,0.7228471636772156,hs,1479,3,1,0,0
1,0.0,0.4483333230018616,0.4483333230018616,0.7,0.4034999907016754,hs,1480,3,1,1,1
1,0.0,0.4166666567325592,0.4166666567325592,0.5,0.3750000298023224,hs,1481,8,1,1,1
0,0.0,0.1875,0.1875,0.7,0.1875,hs,1482,9,0,1,0
0,0.0,0.5,0.5,0.7,0.5,hs,1483,2,0,1,0
1,0.045780476065476965,0.4514285624027252,0.4119047522544861,0.7,0.4097856879234314,hs,1484,6,1,1,1
0,0.0,0.5,0.5,0.6,0.5,hs,1485,5,0,0,1
1,0.0,0.28833332657814026,0.28833332657814026,0.6,0.2707222104072571,hs,1486,6,1,1,1
1,0.0,0.30666667222976685,0.30666667222976685,0.5,0.29127779603004456,hs,1487,8,1,1,1
1,-0.042847277285425193,0.5770833492279053,0.6287500262260437,1.0,0.5490971803665161,hs,1488,8,1,1,1
0,0.03225808014602976,0.4444444477558136,0.4166666567325592,0.6,0.42750000953674316,hs,1489,8,0,1,0
1,0.0,0.2666666805744171,0.2666666805744171,0.6,0.2998611330986023,hs,1490,3,1,1,1
1,0.012165443996072688,0.37142857909202576,0.36250001192092896,0.4,0.3923929035663605,hs,1491,6,1,1,1
1,-0.029126185781580136,0.6666666865348816,0.7066666483879089,0.4,0.6747778058052063,hs,1492,3,1,0,0
0,0.008403353263111571,0.375,0.3687500059604645,0.5,0.40187495946884155,hs,1493,9,0,0,1
0,0.0,0.2864583432674408,0.2864583432674408,0.6,0.2772916555404663,hs,1494,6,0,1,0
1,0.0,0.6666666865348816,0.6666666865348816,0.5,0.6583333611488342,hs,1495,4,1,0,0
1,-0.278021979965098,0.36500000953674316,0.6461111307144165,0.6,0.5882777571678162,hs,1496,2,1,1,1
1,0.0,0.125,0.125,0.7,0.11249999701976776,hs,1497,9,1,1,1
0,-0.06696993366282643,0.6409721970558167,0.7329860925674438,0.8,0.6405439376831055,hs,1498,8,0,1,0
1,0.0,0.28833332657814026,0.28833332657814026,0.5,0.27072224020957947,hs,1499,7,1,1,1
1,0.0,0.4166666567325592,0.4166666567325592,0.6,0.3958333134651184,hs,1500,10,1,1,1
1,0.3333333333329293,0.550000011920929,0.2750000059604645,0.3,0.5918749570846558,hs,1501,6,1,0,0
1,0.0,0.4933333396911621,0.4933333396911621,0.3,0.46783334016799927,hs,1502,9,1,1,1
1,-0.08133972968610145,0.5,0.5885416865348816,0.7,0.5445208549499512,hs,1503,5,1,1,1
0,0.0,0.125,0.125,0.6,0.11249999701976776,hs,1504,6,0,0,1
1,0.07110360630294953,0.5722222328186035,0.4962500035762787,0.1,0.4826735854148865,hs,1505,7,1,0,0
1,0.0,0.3125,0.3125,0.6,0.28125,hs,1506,2,1,1,1
1,0.0,0.125,0.125,0.3,0.11249999701976776,hs,1507,2,1,0,0
1,0.0,0.4166666567325592,0.4166666567325592,0.6,0.3750000298023224,hs,1508,9,1,0,0
0,0.0,0.5625,0.5625,0.6,0.5625,hs,1509,1,0,0,1
1,0.0,0.125,0.125,0.8,0.11249999701976776,hs,1510,10,1,1,1
0,0.0,0.4000000059604645,0.4000000059604645,0.4,0.36000004410743713,hs,1511,8,0,1,0
0,0.0,0.2750000059604645,0.2750000059604645,0.6,0.2537500262260437,hs,1513,9,0,1,0
1,0.0,0.125,0.125,0.4,0.13750000298023224,hs,1514,8,1,1,1
0,-0.13043476458071196,0.5,0.6499999761581421,0.7,0.5667708516120911,hs,1515,6,0,0,1
1,-0.9999999999963637,0.0,0.2750000059604645,0.6,0.46416670083999634,hs,1516,7,1,0,0
1,-0.12149531710698183,0.4895833432674408,0.625,0.5,0.6311666369438171,hs,1517,4,1,0,0
1,0.0,0.4933333396911621,0.4933333396911621,0.4,0.4440000057220459,hs,1518,5,1,0,0
0,0.0,0.125,0.125,0.5,0.1547916680574417,hs,1519,4,0,1,0
0,0.0,0.18333333730697632,0.18333333730697632,0.6,0.6852916479110718,hs,1520,7,0,0,1
0,-0.05882352941170934,0.5,0.5625,0.3,0.6626666784286499,hs,1521,2,0,1,0
0,-0.051020432739894254,0.5166666507720947,0.5722222328186035,0.7,0.5193055868148804,hs,1522,1,0,1,0
1,0.0,0.4166666567325592,0.4166666567325592,0.4,0.4486111104488373,hs,1523,4,1,1,1
1,-0.9999999999962501,0.0,0.2666666805744171,0.6,0.18541666865348816,hs,1524,2,1,1,1
0,0.04494381887011787,0.19374999403953552,0.1770833283662796,0.6,0.6670972108840942,hs,1525,2,0,0,1
0,0.14275741149105392,0.48720237612724304,0.36547619104385376,0.3,0.4242539405822754,hs,1526,7,0,1,0
1,0.0,0.0,0.0,0.1,0.0,hs,1527,2,1,0,0
0,0.05956109979646324,0.7511110901832581,0.6666666865348816,0.4,0.7029027938842773,hs,1528,4,0,0,1
1,0.23887972947793387,0.4476190507411957,0.2750000059604645,0.1,0.3603244125843048,hs,1529,9,1,0,0
1,-0.040000018310508124,0.5,0.5416666865348816,0.5,0.5467361211776733,hs,1530,6,1,0,0
1,0.0,0.7083333134651184,0.7083333134651184,0.5,0.6375000476837158,hs,1531,2,1,0,0
0,0.0702239044287965,0.5014285445213318,0.43562498688697815,0.2,0.44947123527526855,hs,1532,1,0,1,0
0,-0.023923478816743362,0.5099999904632568,0.5350000262260437,0.7,0.5449582934379578,hs,1533,9,0,1,0
1,0.08323937892334461,0.5147321224212646,0.43562498688697815,0.6,0.47128573060035706,hs,1534,8,1,1,1
1,-0.030303001403720442,0.1666666716337204,0.1770833283662796,0.4,0.19562502205371857,hs,1535,10,1,0,0
1,0.004545450112045113,0.3683333396911621,0.36500000953674316,0.6,0.3366388976573944,hs,1536,2,1,1,1
1,0.020408161031044245,0.5555555820465088,0.5333333611488342,0.4,0.520027756690979,hs,1537,6,1,0,0
1,0.0,0.3333333432674408,0.3333333432674408,0.4,0.31700000166893005,hs,1538,3,1,1,1
0,0.0,0.2708333432674408,0.2708333432674408,0.7,0.2509920597076416,hs,1539,9,0,1,0
0,0.062033106156308145,0.5885714292526245,0.5198147892951965,0.3,0.542234480381012,hs,1540,2,0,1,0
0,0.9999999999960001,0.25,0.0,0.3,0.20250001549720764,hs,1541,10,0,1,0
0,0.9999999999960001,0.25,0.0,0.5,0.2917500138282776,hs,1542,5,0,1,0
1,-0.1477272681090323,0.5625,0.7574999928474426,0.3,0.7313898801803589,hs,1543,3,1,0,0
0,0.0,0.5,0.5,0.7,0.48874998092651367,hs,1544,5,0,0,1
0,0.0,0.44583332538604736,0.44583332538604736,0.6,0.4012499451637268,hs,1545,2,0,0,1
1,0.0,0.125,0.125,0.7,0.1679166853427887,hs,1546,9,1,1,1
1,-0.33333333333244447,0.125,0.25,0.9,0.140625,hs,1547,4,1,1,1
0,0.0,0.5166666507720947,0.5166666507720947,0.2,0.4752778112888336,hs,1548,3,0,1,0
0,0.0,0.125,0.125,0.5,0.11249999701976776,hs,1549,10,0,1,0
1,0.0,0.0,0.0,0.6,0.27933329343795776,hs,1550,2,1,0,0
0,0.0,0.44999998807907104,0.44999998807907104,0.7,0.4050000309944153,hs,1551,1,0,0,1
1,0.0,0.2976190447807312,0.2976190447807312,0.5,0.267857164144516,hs,1552,2,1,1,1
0,-0.0743550759494668,0.6354166865348816,0.737500011920929,0.9,0.6481944918632507,hs,1553,1,0,1,0
0,0.0,0.44583332538604736,0.44583332538604736,0.6,0.42750000953674316,hs,1554,10,0,0,1
1,0.0,0.4166666567325592,0.4166666567325592,0.2,0.40805554389953613,hs,1555,2,1,0,0
0,0.0,0.3895833194255829,0.3895833194255829,0.5,0.46687498688697815,hs,1556,8,0,0,1
0,0.0,0.5,0.5,0.6,0.5529166460037231,hs,1557,9,0,0,1
1,0.0,0.5833333134651184,0.5833333134651184,0.5,0.536309540271759,hs,1558,5,1,1,1
0,0.0,0.5,0.5,0.5,0.542138934135437,hs,1559,7,0,1,0
0,0.0,0.125,0.125,0.5,0.13750000298023224,hs,1560,9,0,1,0
1,0.0,0.4895833432674408,0.4895833432674408,0.6,0.4506666660308838,hs,1561,3,1,1,1
0,0.0,0.125,0.125,0.5,0.140625,hs,1562,10,0,1,0
1,-0.37500000931275684,0.25,0.550000011920929,0.5,0.5120000243186951,hs,1563,4,1,0,0
1,-0.0031890694796045563,0.37986111640930176,0.38229167461395264,0.3,0.4308541715145111,hs,1564,8,1,0,0
1,0.33333333333244447,0.25,0.125,0.7,0.23770833015441895,hs,1565,8,1,1,1
1,0.0,0.4033333361148834,0.4033333361148834,0.7,0.38636112213134766,hs,1566,10,1,1,1
0,0.0,0.2750000059604645,0.2750000059604645,0.7,0.269097238779068,hs,1567,3,0,1,0
0,0.0,0.1770833283662796,0.1770833283662796,0.4,0.15937501192092896,hs,1568,3,0,1,0
0,-0.010810800779452366,0.3812499940395355,0.3895833194255829,0.4,0.3607291579246521,hs,1569,1,0,1,0
1,-0.01594534739803324,0.75,0.7743055820465088,0.6,0.7159721851348877,hs,1570,9,1,0,0
1,-0.05691053809180332,0.3020833432674408,0.3385416567325592,0.6,0.32694441080093384,hs,1571,10,1,1,1
0,0.0,0.5166666507720947,0.5166666507720947,0.7,0.5108333826065063,hs,1572,4,0,0,1
1,0.0,0.2666666805744171,0.2666666805744171,0.8,0.24763889610767365,hs,1573,2,1,1,1
1,0.1432791422338416,0.40312498807907104,0.3020833432674408,0.1,0.3489583134651184,hs,1574,7,1,1,1
1,-0.026262636771402097,0.40166667103767395,0.4233333468437195,0.6,0.4480000138282776,hs,1575,4,1,1,1
0,0.0,0.3895833194255829,0.3895833194255829,0.5,0.3649791479110718,hs,1576,5,0,1,0
0,0.0,0.0,0.0,0.3,0.07500000298023224,hs,1577,10,0,0,1
1,0.0,0.2666666805744171,0.2666666805744171,0.3,0.27291667461395264,hs,1578,8,1,1,1
1,0.0,0.5166666507720947,0.5166666507720947,0.6,0.5289514064788818,hs,1579,8,1,1,1
1,0.0015455825467852091,0.44999998807907104,0.4486111104488373,0.6,0.41346627473831177,hs,1580,8,1,1,1
0,-0.9999999999981819,0.0,0.550000011920929,0.9,0.3827083110809326,hs,1581,1,0,0,1
0,0.0,0.6666666865348816,0.6666666865348816,0.4,0.5999999642372131,hs,1582,4,0,0,1
0,0.0,0.1666666716337204,0.1666666716337204,0.5,0.14999999105930328,hs,1583,10,0,0,1
1,-0.05376342762845218,0.36666667461395264,0.40833333134651184,0.6,0.35916668176651,hs,1584,10,1,1,1
0,0.0,0.0,0.0,0.4,0.12666666507720947,hs,1585,2,0,1,0
0,-0.08456659507548721,0.5154761672019958,0.6107142567634583,0.7,0.5397956371307373,hs,1586,10,0,0,1
0,0.0,0.1770833283662796,0.1770833283662796,0.4,0.17675000429153442,hs,1589,8,0,1,0
0,0.0,0.6133333444595337,0.6133333444595337,0.4,0.5920416116714478,hs,1590,1,0,0,1
1,0.0,0.36666667461395264,0.36666667461395264,0.4,0.33000001311302185,hs,1591,3,1,0,0
1,-0.10447763010439973,0.4166666567325592,0.5138888955116272,0.9,0.47450000047683716,hs,1592,7,1,1,1
0,-0.22448980187607448,0.3166666626930237,0.5,1.0,0.3609791398048401,hs,1593,4,0,0,1
1,-0.0069323868928310595,0.4092857241630554,0.41499999165534973,0.8,0.42070236802101135,hs,1594,10,1,1,1
1,0.0,0.4583333432674408,0.4583333432674408,0.3,0.43111109733581543,hs,1595,8,1,1,1
0,0.03936313957849385,0.4895833432674408,0.45249998569488525,0.6,0.43691664934158325,hs,1596,2,0,0,1
0,-0.018090435355675328,0.6784722208976746,0.7034721970558167,0.4,0.6333432793617249,hs,1597,5,0,1,0
0,-0.999999999992,0.0,0.125,0.5,0.125,hs,1598,7,0,1,0
1,0.0,0.0,0.0,0.5,0.0625,hs,1599,9,1,1,1
0,0.0,0.5770833492279053,0.5770833492279053,0.2,0.5536457896232605,hs,1600,1,0,1,0
0,0.0,0.7333333492279053,0.7333333492279053,0.8,0.73333340883255,hs,1601,3,0,0,1
1,0.013669800868188024,0.2869047522544861,0.27916666865348816,0.5,0.26430952548980713,hs,1602,10,1,1,1
0,-0.0115858221811425,0.3791666626930237,0.38805556297302246,0.4,0.359083354473114,hs,1603,7,0,1,0
1,-0.06223479753734186,0.3683333396911621,0.4172222316265106,0.9,0.3580416738986969,hs,1604,7,1,1,1
0,0.0,0.4166666567325592,0.4166666567325592,0.3,0.3750000298023224,hs,1605,7,0,1,0
0,-0.0973451036154511,0.42500001192092896,0.5166666507720947,0.8,0.46531254053115845,hs,1606,3,0,1,0
1,0.4827586058052131,0.3583333194255829,0.125,0.5,0.36516666412353516,hs,1607,9,1,0,0
1,0.0,0.4166666567325592,0.4166666567325592,0.4,0.4194444715976715,hs,1608,9,1,1,1
1,0.0,0.0,0.0,0.5,0.027499999850988388,hs,1609,4,1,0,0
0,0.0,0.125,0.125,0.5,0.140625,hs,1610,2,0,1,0
0,-0.10204081434037006,0.2750000059604645,0.3375000059604645,0.5,0.31049999594688416,hs,1611,2,0,1,0
0,0.0,0.30666667222976685,0.30666667222976685,0.4,0.29127779603004456,hs,1612,6,0,1,0
1,-0.06241297778281627,0.3673610985279083,0.41626983880996704,0.8,0.42996034026145935,hs,1613,10,1,1,1
1,-0.024691363475480295,0.4937500059604645,0.518750011920929,0.6,0.5103472471237183,hs,1614,5,1,1,1
1,0.0,0.4166666567325592,0.4166666567325592,0.6,0.3750000298023224,hs,1615,3,1,0,0
0,0.0,0.36666667461395264,0.36666667461395264,0.7,0.33000001311302185,hs,1616,2,0,0,1
0,0.0,0.0,0.0,0.9,0.0,hs,1617,2,0,0,1
1,0.0,0.1666666716337204,0.1666666716337204,0.6,0.14999999105930328,hs,1618,9,1,0,0
0,-0.003745310392395602,0.4749999940395355,0.47857141494750977,0.4,0.4942946434020996,hs,1619,9,0,1,0
0,-0.037147088250176416,0.3375000059604645,0.3635416626930237,0.3,0.38815629482269287,hs,1620,6,0,1,0
1,0.0,0.4166666567325592,0.4166666567325592,0.5,0.3750000298023224,hs,1621,5,1,1,1
0,0.024761881147083865,0.4483333230018616,0.4266666769981384,0.4,0.4224126935005188,hs,1622,8,0,1,0
1,0.0,0.4166666567325592,0.4166666567325592,0.5,0.3750000298023224,hs,1623,5,1,0,0
0,0.0,0.4416666626930237,0.4416666626930237,0.6,0.40499502420425415,hs,1624,1,0,1,0
1,-0.04605263312677916,0.3020833432674408,0.33125001192092896,0.6,0.30781251192092896,hs,1625,2,1,1,1
1,0.07692305999387572,0.5833333134651184,0.5,0.3,0.5206249952316284,hs,1626,7,1,1,1
0,0.0,0.5770833492279053,0.5770833492279053,0.4,0.5638243556022644,hs,1627,1,0,0,1
1,-0.0056074713877583195,0.44333332777023315,0.4483333230018616,0.7,0.40558329224586487,hs,1628,3,1,1,1
0,0.07514447855846197,0.7749999761581421,0.6666666865348816,0.8,0.68666672706604,hs,1629,5,0,0,1
0,-0.0089638060768278,0.5484126806259155,0.5583333373069763,0.6,0.5120139122009277,hs,1630,2,0,1,0
1,-0.03791604779963723,0.5770833492279053,0.6225694417953491,0.7,0.632479190826416,hs,1631,9,1,1,1
0,0.0,0.2708333432674408,0.2708333432674408,0.7,0.2593750059604645,hs,1632,3,0,1,0
0,0.0,0.0,0.0,0.5,0.027499999850988388,hs,1633,5,0,0,1
0,-0.047748989693892706,0.3635416626930237,0.4000000059604645,0.5,0.39635422825813293,hs,1634,5,0,0,1
1,-0.04686777732768299,0.7131944298744202,0.7833333611488342,0.7,0.7112500667572021,hs,1635,6,1,1,1
1,-0.052991426907987665,0.3847222328186035,0.4277777671813965,0.3,0.3920833468437195,hs,1636,7,1,1,1
0,0.0,0.25,0.25,0.5,0.30328574776649475,hs,1637,4,0,1,0
1,-0.08333330435871406,0.2750000059604645,0.32499998807907104,0.5,0.30041664838790894,hs,1638,4,1,1,1
1,0.19999998569440544,0.25,0.1666666716337204,0.5,0.27250000834465027,hs,1639,7,1,0,0
1,0.0,0.5166666507720947,0.5166666507720947,0.5,0.4649999737739563,hs,1640,9,1,0,0
0,0.008230444801489815,0.40833333134651184,0.40166667103767395,0.3,0.4571250081062317,hs,1641,9,0,1,0
0,0.0,0.5166666507720947,0.5166666507720947,0.7,0.4649999737739563,hs,1642,7,0,0,1
0,0.0,0.6666666865348816,0.6666666865348816,0.6,0.5999999642372131,hs,1643,1,0,1,0
1,-0.14285714285692022,0.2750000059604645,0.36666667461395264,0.5,0.4710000157356262,hs,1644,3,1,1,1
0,-0.08474576134192144,0.3375000059604645,0.4000000059604645,0.8,0.3881250023841858,hs,1645,4,0,0,1
1,0.04267822984959664,0.7083333134651184,0.6503472328186035,0.2,0.6304166913032532,hs,1646,8,1,1,1
1,0.0,0.3499999940395355,0.3499999940395355,0.8,0.35583335161209106,hs,1647,7,1,1,1
0,-0.22828786744990076,0.34555554389953613,0.550000011920929,0.7,0.7535356879234314,hs,1648,8,0,0,1
0,-0.04504504349696569,0.6625000238418579,0.7250000238418579,0.5,0.6521666646003723,hs,1649,5,0,0,1
1,0.0,0.3333333432674408,0.3333333432674408,0.5,0.3100000023841858,hs,1650,4,1,1,1
0,-0.0496486069052204,0.43666666746139526,0.48229166865348816,0.8,0.4700624942779541,hs,1651,3,0,0,1
1,-0.05691053809180332,0.3020833432674408,0.3385416567325592,0.4,0.30954861640930176,hs,1652,7,1,1,1
1,0.0,0.4166666567325592,0.4166666567325592,0.4,0.3750000298023224,hs,1653,4,1,0,0
1,0.0,0.6666666865348816,0.6666666865348816,0.9,0.6897222995758057,hs,1654,10,1,1,1
1,0.0,0.125,0.125,0.5,0.11249999701976776,hs,1655,7,1,0,0
1,0.0,0.4166666567325592,0.4166666567325592,0.4,0.3878472149372101,hs,1656,4,1,1,1
0,0.05263156705932832,0.2083333283662796,0.1875,0.4,0.26500001549720764,hs,1657,9,0,1,0
0,-0.22828786744990076,0.34555554389953613,0.550000011920929,0.6,0.7687579393386841,hs,1658,8,0,0,1
1,0.0,0.5,0.5,0.3,0.49958333373069763,hs,1659,3,1,0,0
1,0.0,0.21458333730697632,0.21458333730697632,0.6,0.19312503933906555,hs,1660,8,1,0,0
1,0.10181996810561865,0.5833333134651184,0.4755208194255829,0.4,0.5041353702545166,hs,1661,7,1,1,1
1,-0.010554079750815652,0.46875,0.47874999046325684,0.8,0.4355902671813965,hs,1662,7,1,1,1
0,0.0,0.125,0.125,0.2,0.15541668236255646,hs,1663,9,0,1,0
0,0.07920791868852144,0.605555534362793,0.5166666507720947,0.3,0.5219444036483765,hs,1664,4,0,1,0
0,0.0,0.0,0.0,0.9,0.0,hs,1665,6,0,0,1
1,0.33333333333244447,0.25,0.125,0.2,0.20354166626930237,hs,1666,3,1,1,1
1,0.0,0.125,0.125,0.4,0.13750000298023224,hs,1667,4,1,1,1
1,-0.11111110040751619,0.2750000059604645,0.34375,0.5,0.37833333015441895,hs,1668,4,1,1,1
1,0.0,0.0,0.0,0.6,0.27933329343795776,hs,1670,3,1,0,0
0,0.0,0.125,0.125,0.5,0.11249999701976776,hs,1671,4,0,0,1
1,0.0,0.125,0.125,0.7,0.16583332419395447,hs,1672,10,1,1,1
1,0.999999999992,0.125,0.0,0.4,0.12433333694934845,hs,1673,10,1,1,1
1,0.09660575573010337,0.5,0.4119047522544861,0.1,0.5432440042495728,hs,1674,5,1,0,0
0,0.0,0.4895833432674408,0.4895833432674408,0.4,0.44062501192092896,hs,1675,8,0,1,0
1,-0.08326964879678042,0.5,0.590833306312561,0.2,0.5584583282470703,hs,1676,4,1,0,0
0,0.0,0.125,0.125,0.4,0.11249999701976776,hs,1678,9,0,0,1
1,0.0,0.2708333432674408,0.2708333432674408,0.4,0.24861112236976624,hs,1679,5,1,1,1
1,-0.06093189155543742,0.27291667461395264,0.3083333373069763,0.4,0.37452778220176697,hs,1680,7,1,0,0
0,-0.005235627033391335,0.6597222089767456,0.6666666865348816,0.7,0.6144722700119019,hs,1681,5,0,0,1
0,0.999999999992,0.125,0.0,0.6,0.11183333396911621,hs,1682,4,0,1,0
0,0.05617977768876242,0.29374998807907104,0.26249998807907104,0.5,0.29767856001853943,hs,1683,7,0,1,0
0,-0.01878109676418662,0.5333333611488342,0.5537499785423279,0.3,0.5025516152381897,hs,1684,2,0,1,0
1,0.04775900861196505,0.49513888359069824,0.44999998807907104,0.7,0.4589027762413025,hs,1685,10,1,1,1
1,-0.9999999999963637,0.0,0.2750000059604645,0.6,0.46416670083999634,hs,1686,8,1,1,1
0,0.0,0.0,0.0,0.4,0.17416666448116302,hs,1687,7,0,1,0
0,-0.11164180240206964,0.41333332657814026,0.5172222256660461,0.6,0.49024996161460876,hs,1688,4,0,0,1
1,0.0,0.28833332657814026,0.28833332657814026,0.4,0.3265139162540436,hs,1689,10,1,1,1
1,0.0,0.5,0.5,0.6,0.48750001192092896,hs,1691,10,1,1,1
0,0.0,0.0,0.0,0.9,0.0,hs,1692,1,0,0,1
0,0.0,0.0,0.0,0.9,0.0,hs,1693,1,0,0,1
1,0.0,0.44999998807907104,0.44999998807907104,0.4,0.4706481397151947,hs,1694,6,1,1,1
1,0.0,0.5,0.5,0.5,0.5087499618530273,hs,1695,9,1,1,1
0,0.0,0.4166666567325592,0.4166666567325592,0.6,0.3750000298023224,hs,1696,5,0,0,1
1,0.0,0.5166666507720947,0.5166666507720947,0.2,0.4649999737739563,hs,1697,9,1,0,0
1,-0.017045487241790513,0.6006944179534912,0.6215277910232544,0.6,0.6269662976264954,hs,1698,7,1,0,0
0,0.0,0.2666666805744171,0.2666666805744171,0.4,0.24000000953674316,hs,1699,2,0,0,1
1,0.13157891764844545,0.3583333194255829,0.2750000059604645,0.4,0.3269583582878113,hs,1700,9,1,1,1
0,0.0,0.4074999988079071,0.4074999988079071,0.6,0.4302639067173004,hs,1701,9,0,0,1
1,0.0,0.6666666865348816,0.6666666865348816,0.4,0.5999999642372131,hs,1702,6,1,0,0
0,0.0,0.6666666865348816,0.6666666865348816,0.7,0.6152777671813965,hs,1703,7,0,0,1
1,0.0,0.6666666865348816,0.6666666865348816,0.3,0.5999999642372131,hs,1704,10,1,0,0
1,0.05785125798918377,0.35555556416511536,0.3166666626930237,0.5,0.382111132144928,hs,1705,6,1,0,0
1,-0.0009910368035285291,0.30000001192092896,0.300595223903656,0.5,0.28196829557418823,hs,1706,8,1,1,1
1,-0.08417510986319962,0.4722222089767456,0.5590277910232544,0.6,0.507111132144928,hs,1707,1,1,1,1
0,0.03448277563031032,0.625,0.5833333134651184,0.4,0.5583332777023315,hs,1708,1,0,1,0
1,0.0,0.5333333611488342,0.5333333611488342,0.6,0.5,hs,1709,3,1,1,1
0,0.0,0.5625,0.5625,0.5,0.5062500238418579,hs,1710,3,0,1,0
1,0.012048191680904628,0.6666666865348816,0.6507936716079712,0.3,0.5984126925468445,hs,1711,7,1,1,1
1,-0.02645500142575996,0.6133333444595337,0.6466666460037231,0.6,0.584476113319397,hs,1712,9,1,1,1
1,0.0,0.3375000059604645,0.3375000059604645,0.5,0.3231249749660492,hs,1713,2,1,0,0
1,0.0,0.125,0.125,0.5,0.11249999701976776,hs,1714,6,1,0,0
1,0.0,0.5,0.5,0.4,0.5321458578109741,hs,1715,1,1,0,0
0,0.0,0.550000011920929,0.550000011920929,0.7,0.5500000715255737,hs,1717,2,0,0,1
1,-0.04238179715932649,0.3797222077846527,0.41333332657814026,0.4,0.41163888573646545,hs,1718,6,1,0,0
0,0.10204081434037006,0.3375000059604645,0.2750000059604645,0.8,0.3642708659172058,hs,1719,2,0,1,0
0,-0.011884562826336076,0.40416666865348816,0.4138889014720917,0.6,0.38333335518836975,hs,1720,6,0,1,0
0,-0.09565214389656558,0.5777778029441833,0.699999988079071,0.9,0.65520840883255,hs,1721,8,0,0,1
0,0.06223479753734186,0.4172222316265106,0.3683333396911621,0.3,0.3664920926094055,hs,1722,2,0,1,0
1,0.0,0.3583333194255829,0.3583333194255829,0.6,0.42027777433395386,hs,1723,2,1,1,1
0,0.06666668001803255,0.4761904776096344,0.4166666567325592,0.7,0.6523898839950562,hs,1724,1,0,0,1
0,0.0,0.5166666507720947,0.5166666507720947,0.6,0.4649999737739563,hs,1725,7,0,0,1
1,0.0,0.7083333134651184,0.7083333134651184,0.3,0.6507291793823242,hs,1726,7,1,0,0
1,0.0,0.3683333396911621,0.3683333396911621,0.3,0.3563610911369324,hs,1727,10,1,1,1
1,0.0,0.6666666865348816,0.6666666865348816,0.6,0.6267361640930176,hs,1728,9,1,0,0
0,-0.0009267898219503208,0.32083332538604736,0.3214285671710968,0.5,0.3495595157146454,hs,1729,9,0,1,0
1,0.0,0.0,0.0,0.6,0.2175000160932541,hs,1730,10,1,1,1
0,0.0,0.5,0.5,0.6,0.44999998807907104,hs,1731,10,0,0,1
0,0.0,0.5166666507720947,0.5166666507720947,0.6,0.4649999737739563,hs,1732,8,0,1,0
0,-0.523809529214843,0.125,0.4000000059604645,0.6,0.419952392578125,hs,1733,7,0,0,1
1,-0.047619058431636115,0.5,0.550000011920929,0.6,0.5319643020629883,hs,1734,10,1,0,0
1,0.024390241900096556,0.7437499761581421,0.7083333134651184,0.3,0.6817896962165833,hs,1735,8,1,0,0
1,-0.005025120661204997,0.33000001311302185,0.3333333432674408,0.5,0.30355554819107056,hs,1736,1,1,1,1
1,-0.10204081434037006,0.2750000059604645,0.3375000059604645,0.6,0.2941666543483734,hs,1737,6,1,1,1
0,0.0,0.5166666507720947,0.5166666507720947,0.6,0.4858333170413971,hs,1738,6,0,1,0
0,0.0,0.3233333230018616,0.3233333230018616,0.5,0.31344443559646606,hs,1739,4,0,1,0
0,0.03267970800732621,0.5266666412353516,0.4933333396911621,0.6,0.47841668128967285,hs,1740,5,0,1,0
1,0.04854367853317751,0.44999998807907104,0.40833333134651184,0.3,0.4466667175292969,hs,1741,3,1,1,1
0,0.0,0.1666666716337204,0.1666666716337204,0.5,0.14999999105930328,hs,1742,5,0,0,1
1,0.0,0.3083333373069763,0.3083333373069763,0.5,0.2941666543483734,hs,1743,8,1,1,1
0,0.0,0.0,0.0,0.7,0.15666666626930237,hs,1744,10,0,0,1
1,-0.10065362967684213,0.3583333194255829,0.4385416805744171,0.5,0.48451390862464905,hs,1745,9,1,1,1
1,-0.3684210684811905,0.125,0.2708333432674408,0.9,0.21133334934711456,hs,1746,6,1,1,1
1,0.0,0.2750000059604645,0.2750000059604645,0.6,0.3437499701976776,hs,1748,7,1,1,1
0,0.0,0.125,0.125,0.5,0.12083332240581512,hs,1749,4,0,1,0
1,0.0,0.2708333432674408,0.2708333432674408,0.3,0.29600000381469727,hs,1750,5,1,1,1
0,-0.15789473684183933,0.25,0.34375,0.6,0.359333336353302,hs,1751,10,0,0,1
0,0.0,0.5,0.5,0.7,0.5,hs,1753,1,0,0,1
0,-0.1428571574537087,0.125,0.1666666716337204,0.6,0.18958333134651184,hs,1754,7,0,1,0
1,0.23478259210984856,0.887499988079071,0.550000011920929,0.2,0.7233928442001343,hs,1755,6,1,0,0
0,-0.33333333333244447,0.125,0.25,0.3,0.30635419487953186,hs,1756,6,0,0,1
0,0.0,0.3895833194255829,0.3895833194255829,0.7,0.38343751430511475,hs,1757,3,0,0,1
0,-0.139862662626854,0.4958333373069763,0.6570833325386047,0.6,0.5836041569709778,hs,1758,10,0,0,1
1,-0.009548414848390046,0.5330555438995361,0.5433333516120911,0.1,0.5662916302680969,hs,1759,9,1,0,0
0,-0.1642778544711034,0.3947916626930237,0.550000011920929,0.9,0.4703125059604645,hs,1760,9,0,0,1
0,-0.21323532094530268,0.3566666543483734,0.550000011920929,0.7,0.7535356879234314,hs,1761,7,0,0,1
1,0.0,0.2750000059604645,0.2750000059604645,0.8,0.3958333432674408,hs,1762,9,1,1,1
0,0.1428571574537087,0.1666666716337204,0.125,0.7,0.1743750125169754,hs,1763,2,0,1,0
1,0.0,0.0,0.0,0.4,0.0,hs,1764,2,1,0,0
0,0.0,0.5,0.5,0.8,0.5483333468437195,hs,1765,4,0,0,1
0,-0.08571427209026895,0.4000000059604645,0.4749999940395355,0.7,0.4429166913032532,hs,1766,5,0,0,1
0,-0.15044247048174084,0.1666666716337204,0.2256944477558136,0.3,0.27063193917274475,hs,1767,3,0,1,0
1,0.037593972304445444,0.6612499952316284,0.6133333444595337,0.3,0.5892592668533325,hs,1768,4,1,1,1
1,0.0,0.4483333230018616,0.4483333230018616,0.4,0.4583333134651184,hs,1769,8,1,0,0
1,0.08761765827521086,0.7822916507720947,0.65625,0.4,0.722322940826416,hs,1771,9,1,0,0
1,-0.017341065316757956,0.3541666567325592,0.36666667461395264,0.6,0.3412500023841858,hs,1772,4,1,1,1
0,0.0,0.6666666865348816,0.6666666865348816,0.6,0.5999999642372131,hs,1773,2,0,0,1
0,0.0,0.6666666865348816,0.6666666865348816,0.6,0.6219445466995239,hs,1774,4,0,0,1
1,0.4201183451984153,1.0,0.40833333134651184,0.5,0.8356666564941406,hs,1775,8,1,0,0
1,0.3333333333329293,0.550000011920929,0.2750000059604645,0.3,0.674375057220459,hs,1776,9,1,0,0
0,0.0,0.0,0.0,0.4,0.27933329343795776,hs,1777,5,0,0,1
0,0.0,0.1666666716337204,0.1666666716337204,0.4,0.14999999105930328,hs,1778,7,0,0,1
1,0.01923075071451141,0.4416666626930237,0.42500001192092896,0.3,0.4070833623409271,hs,1779,3,1,1,1
1,-0.9999999999981819,0.0,0.550000011920929,0.8,0.4399999976158142,hs,1780,1,1,1,1
0,0.03813834287176729,0.5576388835906982,0.5166666507720947,0.2,0.4940555989742279,hs,1781,4,0,1,0
0,0.0,0.125,0.125,0.4,0.11249999701976776,hs,1782,6,0,0,1
1,0.0,0.125,0.125,0.5,0.125,hs,1783,8,1,1,1
1,-0.1202046355814437,0.3583333194255829,0.45625001192092896,0.9,0.3607291877269745,hs,1784,7,1,1,1
0,-0.021406707226390112,0.6666666865348816,0.6958333253860474,0.6,0.632847249507904,hs,1785,9,0,1,0
1,-0.10067506014136626,0.425555557012558,0.5208333134651184,0.6,0.5265933275222778,hs,1786,10,1,1,1
1,0.0,0.6666666865348816,0.6666666865348816,0.4,0.5999999642372131,hs,1787,6,1,0,0
1,0.0,0.3683333396911621,0.3683333396911621,0.4,0.33149999380111694,hs,1788,8,1,0,0
0,0.14473684024754924,0.36250001192092896,0.2708333432674408,0.2,0.3230694830417633,hs,1789,1,0,1,0
1,0.0,0.125,0.125,0.3,0.35948213934898376,hs,1790,6,1,0,0
1,0.0,0.2750000059604645,0.2750000059604645,0.4,0.27250000834465027,hs,1792,7,1,1,1
1,-0.033419027957495455,0.5222222208976746,0.5583333373069763,0.7,0.5268749594688416,hs,1793,10,1,1,1
1,0.020678226911166185,0.5141666531562805,0.4933333396911621,0.5,0.4762023389339447,hs,1794,7,1,1,1
1,-0.003575965235118155,0.5141666531562805,0.5178571343421936,0.3,0.4915357232093811,hs,1795,1,1,1,1
1,-0.034106398906100004,0.3687500059604645,0.3947916626930237,0.5,0.409951388835907,hs,1796,8,1,0,0
0,0.0,0.2433333396911621,0.2433333396911621,0.5,0.22122223675251007,hs,1797,9,0,1,0
0,0.0358422926433285,0.4816666543483734,0.4483333230018616,0.7,0.4510832726955414,hs,1798,2,0,0,1
0,-0.9999999999963637,0.0,0.2750000059604645,0.5,0.2238333523273468,hs,1799,10,0,1,0
0,0.0,0.5,0.5,0.6,0.44999998807907104,hs,1800,7,0,0,1
0,0.0,0.5,0.5,0.2,0.503333330154419,hs,1801,9,0,1,0
1,0.0,0.2708333432674408,0.2708333432674408,0.6,0.24375000596046448,hs,1802,7,1,1,1
0,0.0,0.4166666567325592,0.4166666567325592,0.6,0.3750000298023224,hs,1803,5,0,0,1
0,-0.0731707487269776,0.3166666626930237,0.36666667461395264,0.7,0.33395832777023315,hs,1804,7,0,0,1
1,0.0,0.4466666579246521,0.4466666579246521,0.5,0.4599999785423279,hs,1805,6,1,1,1
0,-0.05397983616876578,0.5744444727897644,0.6399999856948853,0.8,0.6334443688392639,hs,1806,9,0,0,1
0,0.0,0.0,0.0,0.6,0.0,hs,1807,8,0,0,1
0,-0.24210525206220934,0.30000001192092896,0.49166667461395264,0.9,0.40768057107925415,hs,1808,5,0,0,1
0,-0.005444666829980812,0.5708333253860474,0.5770833492279053,0.8,0.5199107527732849,hs,1809,8,0,1,0
1,0.0,0.36666667461395264,0.36666667461395264,0.8,0.4227777421474457,hs,1810,4,1,1,1
1,-0.04627007513096565,0.3506944477558136,0.3847222328186035,0.6,0.4305000305175781,hs,1811,5,1,1,1
1,0.0,0.125,0.125,0.7,0.11249999701976776,hs,1812,1,1,1,1
1,0.0,0.5166666507720947,0.5166666507720947,0.6,0.4949999749660492,hs,1813,1,1,1,1
0,0.15746656335265327,0.41499999165534973,0.3020833432674408,0.2,0.3606041371822357,hs,1814,8,0,1,0
0,-0.0059171542538165416,0.17499999701976776,0.1770833283662796,0.5,0.1805555522441864,hs,1815,3,0,0,1
0,-0.05982904889663066,0.7447916865348816,0.8395833373069763,1.0,0.7176557779312134,hs,1816,10,0,0,1
1,-0.023255833295163203,0.699999988079071,0.7333333492279053,0.5,0.6566667556762695,hs,1817,8,1,0,0
0,0.0,0.3895833194255829,0.3895833194255829,0.3,0.3603472113609314,hs,1818,5,0,1,0
1,0.0,0.3683333396911621,0.3683333396911621,0.7,0.3686111271381378,hs,1819,9,1,1,1
0,-0.09624793876824632,0.5770833492279053,0.699999988079071,1.0,0.5720416307449341,hs,1820,1,0,0,1
0,-0.08092481988257505,0.33125001192092896,0.3895833194255829,0.7,0.35135418176651,hs,1821,1,0,0,1
0,-0.25358849277375384,0.2708333432674408,0.4548611044883728,0.7,0.42274999618530273,hs,1822,4,0,0,1
0,0.0,0.4166666567325592,0.4166666567325592,0.3,0.3913888931274414,hs,1823,9,0,1,0
1,-0.07692307057444035,0.1666666716337204,0.1944444477558136,0.5,0.3082341253757477,hs,1824,2,1,1,1
0,0.05882352941170934,0.5625,0.5,0.4,0.5975832939147949,hs,1825,7,0,0,1
1,0.0,0.3125,0.3125,0.3,0.2898809313774109,hs,1826,2,1,1,1
1,0.0,0.4166666567325592,0.4166666567325592,0.5,0.38482141494750977,hs,1828,1,1,1,1
0,0.025641046802418067,0.6666666865348816,0.6333333253860474,0.5,0.5964583158493042,hs,1829,2,0,0,1
1,0.03225808014602976,0.4444444477558136,0.4166666567325592,0.5,0.40041667222976685,hs,1830,9,1,1,1
0,0.04693141353526295,0.3020833432674408,0.2750000059604645,0.3,0.3244345188140869,hs,1831,2,0,1,0
0,0.035608317800347254,0.3635416626930237,0.3385416567325592,0.6,0.3490178883075714,hs,1832,10,0,0,1
0,-0.999999999994,0.0,0.1666666716337204,0.8,0.2279583215713501,hs,1833,9,0,0,1
1,0.0,0.5,0.5,0.4,0.44999998807907104,hs,1834,3,1,0,0
1,0.037105750098866276,0.3105555474758148,0.28833332657814026,0.5,0.30372223258018494,hs,1835,5,1,1,1
1,0.11111108461986159,0.2083333283662796,0.1666666716337204,0.4,0.1879861056804657,hs,1836,8,1,0,0
0,0.0,0.125,0.125,0.5,0.11249999701976776,hs,1837,2,0,0,1
1,0.007518776370591572,0.3722222149372101,0.36666667461395264,0.7,0.42925000190734863,hs,1838,4,1,1,1
0,-0.04070795127016582,0.6452381014823914,0.699999988079071,0.8,0.6967784762382507,hs,1839,10,0,0,1
1,-0.001112335405713662,0.40089285373687744,0.4017857015132904,0.6,0.36984124779701233,hs,1840,3,1,1,1
0,-0.1428571574537087,0.125,0.1666666716337204,0.7,0.20864582061767578,hs,1841,4,0,1,0
0,0.0,0.0,0.0,0.5,0.14166666567325592,hs,1842,5,0,0,1
1,0.0,0.5770833492279053,0.5770833492279053,0.3,0.5193750262260437,hs,1843,5,1,0,0
0,0.23798361140291768,0.550000011920929,0.3385416567325592,0.2,0.4387499690055847,hs,1844,7,0,1,0
1,0.0,0.5,0.5,0.4,0.44999998807907104,hs,1846,7,1,0,0
1,0.0,0.0,0.0,0.4,0.0,hs,1847,4,1,0,0
1,0.0754716718013812,0.7124999761581421,0.612500011920929,0.6,0.6465000510215759,hs,1848,6,1,0,0
0,0.0,0.78125,0.78125,0.7,0.7384226322174072,hs,1849,9,0,0,1
1,-0.07843138457986858,0.4699999988079071,0.550000011920929,0.8,0.4802291989326477,hs,1850,5,1,1,1
1,0.0724637671143097,0.4625000059604645,0.4000000059604645,0.4,0.4165624976158142,hs,1851,2,1,1,1
0,0.0,0.30000001192092896,0.30000001192092896,0.6,0.2886805534362793,hs,1852,9,0,1,0
1,0.0,0.4166666567325592,0.4166666567325592,0.5,0.3750000298023224,hs,1853,1,1,0,0
0,-0.1039426589455067,0.5208333134651184,0.6416666507720947,0.9,0.6109374761581421,hs,1854,10,0,0,1
1,0.0,0.3895833194255829,0.3895833194255829,0.7,0.367499977350235,hs,1855,5,1,1,1
1,0.05063291927151602,0.5533333420753479,0.5,0.4,0.5155521035194397,hs,1856,7,1,1,1
0,0.05122950622563517,0.40714284777641296,0.36746031045913696,0.5,0.3569900691509247,hs,1857,3,0,1,0
1,0.14782609993643367,0.550000011920929,0.40833333134651184,0.0,0.41750001907348633,hs,1858,2,1,0,0
0,-0.20079522218253323,0.5583333373069763,0.8388888835906982,0.5,0.7595803141593933,hs,1859,10,0,0,1
1,0.17241377949515818,0.1770833283662796,0.125,0.4,0.34166663885116577,hs,1860,10,1,0,0
1,-0.0036900573526623486,0.824999988079071,0.8311111330986023,0.2,0.7602380514144897,hs,1861,6,1,0,0
0,0.0,0.2750000059604645,0.2750000059604645,0.3,0.2516666650772095,hs,1862,2,0,1,0
0,-0.999999999992,0.0,0.125,0.1,0.20520833134651184,hs,1863,3,0,1,0
0,-0.12899667546701116,0.4937500059604645,0.6399999856948853,0.9,0.6172916293144226,hs,1864,4,0,0,1
0,-0.12650599035282684,0.3020833432674408,0.3895833194255829,0.6,0.34111112356185913,hs,1865,4,0,1,0
1,0.0,0.2750000059604645,0.2750000059604645,0.4,0.28927081823349,hs,1866,9,1,1,1
1,-0.03846153713890578,0.4166666567325592,0.44999998807907104,0.5,0.4677380919456482,hs,1867,10,1,1,1
0,0.0,0.3083333373069763,0.3083333373069763,0.5,0.33556246757507324,hs,1868,4,0,0,1
0,-0.01923075104516648,0.6800000071525574,0.7066666483879089,0.8,0.6457778215408325,hs,1869,4,0,0,1
1,-0.13946586655354393,0.3020833432674408,0.4000000059604645,0.9,0.31427082419395447,hs,1870,1,1,1,1
0,0.009009000494737789,0.3499999940395355,0.34375,0.5,0.41632145643234253,hs,1871,10,0,1,0
1,0.09433962819695693,0.44305557012557983,0.36666667461395264,0.2,0.4119841456413269,hs,1872,8,1,0,0
0,0.054874824148779706,0.550000011920929,0.4927777647972107,0.4,0.48927778005599976,hs,1873,10,0,0,1
1,0.0,0.18333333730697632,0.18333333730697632,0.5,0.16500000655651093,hs,1874,1,1,1,1
1,-0.039281716904014864,0.44583332538604736,0.48229166865348816,0.6,0.48298612236976624,hs,1875,2,1,1,1
1,0.0,0.5166666507720947,0.5166666507720947,0.2,0.51666659116745,hs,1876,1,1,0,0
0,0.0,0.3895833194255829,0.3895833194255829,0.5,0.3639930486679077,hs,1877,8,0,1,0
0,-0.0025813014236354,0.6708333492279053,0.6743055582046509,0.6,0.6935415863990784,hs,1878,2,0,1,0
0,-0.09479306238212316,0.3766666650772095,0.4555555582046509,0.9,0.40563884377479553,hs,1879,10,0,0,1
1,-0.3684210684811905,0.125,0.2708333432674408,0.7,0.22300001978874207,hs,1880,5,1,1,1
1,0.0,0.3583333194255829,0.3583333194255829,0.7,0.3660833239555359,hs,1881,4,1,1,1
1,0.031206598791258786,0.4858333468437195,0.45642855763435364,0.4,0.5049352049827576,hs,1882,2,1,1,1
0,0.05479449915666942,0.6844444274902344,0.6133333444595337,0.3,0.6588888764381409,hs,1883,9,0,1,0
1,0.0,0.125,0.125,0.4,0.140625,hs,1884,8,1,1,1
0,0.0,0.125,0.125,0.4,0.11249999701976776,hs,1885,10,0,1,0
0,-0.28097731343612103,0.21458333730697632,0.38229167461395264,0.5,0.30010420083999634,hs,1886,10,0,1,0
1,0.12202852054411452,0.737500011920929,0.5770833492279053,0.2,0.6477083563804626,hs,1887,3,1,0,0
0,-0.03295131452447578,0.4017857015132904,0.42916667461395264,0.6,0.47566670179367065,hs,1888,1,0,0,1
1,0.0,0.125,0.125,0.5,0.1550000011920929,hs,1889,9,1,1,1
1,0.09433961309272373,0.3222222328186035,0.2666666805744171,0.5,0.2993749976158142,hs,1890,8,1,1,1
1,-0.05376342762845218,0.36666667461395264,0.40833333134651184,0.7,0.36722221970558167,hs,1891,1,1,1,1
0,0.0,0.2708333432674408,0.2708333432674408,0.4,0.28541669249534607,hs,1892,7,0,1,0
1,0.08587255621306854,0.4355555474758148,0.36666667461395264,0.4,0.41669243574142456,hs,1893,9,1,0,0
1,-0.12631576470701156,0.27666667103767395,0.3566666543483734,0.5,0.4269166588783264,hs,1894,4,1,0,0
0,0.0,0.5166666507720947,0.5166666507720947,0.6,0.49634724855422974,hs,1895,1,0,1,0
1,0.0,0.125,0.125,0.5,0.11249999701976776,hs,1896,8,1,0,0
0,0.06432746532228652,0.7583333253860474,0.6666666865348816,0.5,0.7789861559867859,hs,1897,3,0,0,1
1,0.0,0.125,0.125,0.4,0.11249999701976776,hs,1898,7,1,0,0
0,0.03062115535962639,0.6135416626930237,0.5770833492279053,0.3,0.5522916316986084,hs,1899,9,0,1,0
1,0.0,0.1666666716337204,0.1666666716337204,0.3,0.2197916954755783,hs,1900,7,1,1,1
1,0.19999999999936002,0.1875,0.125,0.5,0.27410414814949036,hs,1901,3,1,1,1
0,0.0,0.0,0.0,0.9,0.0,hs,1902,9,0,0,1
0,0.0,0.5,0.5,0.6,0.44999998807907104,hs,1903,3,0,0,1
1,0.0676691648452579,0.5916666388511658,0.5166666507720947,0.2,0.5367361307144165,hs,1904,7,1,0,0
1,0.0,0.7083333134651184,0.7083333134651184,0.4,0.6375000476837158,hs,1905,3,1,1,1
0,0.0,0.125,0.125,0.5,0.12083332240581512,hs,1906,8,0,1,0
0,-0.03407984698676775,0.41333332657814026,0.4424999952316284,0.4,0.4422569274902344,hs,1907,7,0,1,0
0,-0.999999999992,0.0,0.125,0.5,0.11249999701976776,hs,1908,1,0,0,1
0,-0.1103840391275428,0.35874998569488525,0.44777777791023254,0.9,0.41402778029441833,hs,1909,10,0,0,1
0,-0.9999999999960001,0.0,0.25,0.6,0.22499999403953552,hs,1910,2,0,0,1
1,0.0,0.4895833432674408,0.4895833432674408,0.4,0.4697917103767395,hs,1911,7,1,1,1
1,0.0,0.375,0.375,0.4,0.3437499701976776,hs,1912,5,1,1,1
1,0.011857731534611296,0.4266666769981384,0.4166666567325592,0.4,0.3938194513320923,hs,1913,5,1,1,1
1,-0.999999999992,0.0,0.125,0.7,0.16583332419395447,hs,1914,3,1,1,1
1,0.0,0.0,0.0,0.5,0.027499999850988388,hs,1915,8,1,0,0
1,0.0,0.34761905670166016,0.34761905670166016,0.4,0.31682538986206055,hs,1916,9,1,1,1
1,-0.010528847296509278,0.648888885974884,0.6626983880996704,0.5,0.5978254079818726,hs,1917,3,1,0,0
1,0.0,0.4483333230018616,0.4483333230018616,0.5,0.4099305272102356,hs,1918,2,1,0,0
0,-0.999999999994,0.0,0.1666666716337204,0.8,0.2279583215713501,hs,1919,7,0,0,1
0,-0.030303001403786552,0.6666666865348816,0.7083333134651184,0.7,0.6393055319786072,hs,1920,9,0,0,1
0,-0.05817176908180556,0.7083333134651184,0.7958333492279053,0.8,0.731583297252655,hs,1921,4,0,0,1
1,0.009507368385903063,0.4866666793823242,0.47749999165534973,0.8,0.49044838547706604,hs,1922,2,1,1,1
1,0.0,0.5770833492279053,0.5770833492279053,0.6,0.5916666388511658,hs,1923,6,1,1,1
1,-0.0489510629420327,0.7083333134651184,0.78125,0.7,0.722083330154419,hs,1924,8,1,0,0
1,-0.12107622359503399,0.49000000953674316,0.625,0.8,0.5415545701980591,hs,1925,4,1,1,1
0,-0.10908553041968151,0.5260416865348816,0.6548610925674438,1.0,0.5328819155693054,hs,1926,1,0,0,1
1,0.06403941886445767,0.75,0.6597222089767456,0.2,0.6551944613456726,hs,1927,7,1,0,0
1,0.04105090959967806,0.37738096714019775,0.34761905670166016,0.4,0.35240572690963745,hs,1928,5,1,1,1
1,-0.01516471776833562,0.5885416865348816,0.6066666841506958,0.4,0.5592917203903198,hs,1929,8,1,1,1
0,-0.023911410692355944,0.5770833492279053,0.6053571701049805,0.6,0.6110565662384033,hs,1930,10,0,0,1
0,-0.049132928111281324,0.6266666650772095,0.691428542137146,0.8,0.6555148959159851,hs,1931,3,0,0,1
0,-0.07843138457986858,0.4699999988079071,0.550000011920929,0.9,0.4832499921321869,hs,1932,7,0,0,1
0,-0.41176469488200307,0.1875,0.44999998807907104,1.0,0.2971458435058594,hs,1933,10,0,0,1
1,0.0,0.4166666567325592,0.4166666567325592,0.7,0.3963888883590698,hs,1934,8,1,1,1
1,-0.11111111111097643,0.36666667461395264,0.4583333432674408,0.9,0.37183332443237305,hs,1935,2,1,1,1
0,0.047619058431636115,0.550000011920929,0.5,0.2,0.6392499804496765,hs,1936,10,0,0,1
0,-0.523809529214843,0.125,0.4000000059604645,0.6,0.41411906480789185,hs,1938,8,0,0,1
1,0.0,0.0,0.0,0.4,0.0,hs,1939,6,1,0,0
1,0.0,0.125,0.125,0.5,0.11249999701976776,hs,1940,4,1,1,1
1,-0.1422845799099862,0.3566666543483734,0.4749999940395355,0.9,0.4274999499320984,hs,1941,1,1,1,1
0,0.0,0.3020833432674408,0.3020833432674408,0.6,0.31302085518836975,hs,1942,3,0,1,0
0,0.02534115234712512,0.6575000286102295,0.625,0.5,0.6107112765312195,hs,1943,9,0,1,0
0,0.116377475732076,0.45798611640930176,0.36250001192092896,0.4,0.4230863153934479,hs,1944,3,0,1,0
0,-0.035971239310176324,0.5583333373069763,0.6000000238418579,0.4,0.7159305810928345,hs,1945,9,0,0,1
1,0.0,0.0,0.0,0.6,0.12666666507720947,hs,1946,10,1,1,1
1,-0.02092812926094322,0.4483333230018616,0.4675000011920929,0.6,0.4234999716281891,hs,1947,10,1,1,1
1,0.01077569830762166,0.7314285635948181,0.715833306312561,0.6,0.6584762334823608,hs,1948,6,1,1,1
0,-0.004975162335291422,0.5208333134651184,0.5260416865348816,0.6,0.4822222590446472,hs,1949,2,0,1,0
0,0.00810081502970158,0.6666666865348816,0.6559523940086365,0.4,0.5989285707473755,hs,1950,10,0,1,0
0,0.10204081434037006,0.3375000059604645,0.2750000059604645,0.3,0.3489583134651184,hs,1951,9,0,1,0
0,0.0,0.5,0.5,0.5,0.47154170274734497,hs,1952,2,0,0,1
1,0.0,0.0,0.0,0.7,0.07500000298023224,hs,1954,9,1,0,0
0,-0.22272045646327218,0.2708333432674408,0.4260416626930237,0.7,0.4154375195503235,hs,1955,10,0,0,1
1,-0.025006603783510755,0.36746031045913696,0.38630953431129456,0.4,0.392130970954895,hs,1956,1,1,1,1
1,0.0,0.7083333134651184,0.7083333134651184,0.5,0.7083333730697632,hs,1957,2,1,0,0
1,-0.9999999999953397,0.0,0.21458333730697632,0.5,0.24437499046325684,hs,1958,1,1,0,0
0,-0.9999999999960001,0.0,0.25,0.2,0.29547619819641113,hs,1959,9,0,0,1
0,0.0,0.44404762983322144,0.44404762983322144,0.6,0.4319503903388977,hs,1960,7,0,1,0
0,-0.09243696603492549,0.3375000059604645,0.40625,0.9,0.429541677236557,hs,1961,6,0,0,1
1,0.0,0.2750000059604645,0.2750000059604645,0.5,0.3087916970252991,hs,1962,10,1,1,1
0,0.9999999999963637,0.2750000059604645,0.0,0.3,0.40725699067115784,hs,1963,6,0,1,0
1,0.07220010310411831,0.6548610925674438,0.5666666626930237,0.5,0.5947500467300415,hs,1964,8,1,0,0
0,-0.4915254319467823,0.125,0.36666667461395264,0.7,0.35130956768989563,hs,1965,9,0,0,1
0,0.33333333333244447,0.25,0.125,0.3,0.15416666865348816,hs,1966,7,0,1,0
1,-0.04554862975487418,0.5122222304344177,0.5611110925674438,0.7,0.5231666564941406,hs,1967,5,1,1,1
0,0.0,0.2750000059604645,0.2750000059604645,0.5,0.2537500262260437,hs,1968,2,0,1,0
0,0.0,0.0,0.0,0.9,0.0,hs,1969,3,0,0,1
0,0.054871216801662064,0.4906249940395355,0.43958333134651184,0.7,0.441694438457489,hs,1970,10,0,1,0
0,-0.5312499982527741,0.125,0.40833333134651184,0.6,0.3738511800765991,hs,1971,5,0,0,1
0,-0.06334841951133063,0.4312500059604645,0.4895833432674408,0.6,0.5114067792892456,hs,1972,1,0,0,1
1,-0.0041840964114410635,0.4958333373069763,0.5,0.6,0.44958335161209106,hs,1973,5,1,1,1
0,0.0,0.1770833283662796,0.1770833283662796,0.8,0.2883402705192566,hs,1974,5,0,0,1
0,0.06631297744410382,0.47857141494750977,0.41904762387275696,0.2,0.4089418053627014,hs,1975,6,0,1,0
1,0.06852020820409395,0.5909722447395325,0.5151785612106323,0.4,0.5351477861404419,hs,1976,5,1,1,1
1,-0.06656512976997724,0.425555557012558,0.48625001311302185,0.6,0.4397638738155365,hs,1977,10,1,1,1
0,0.0,0.125,0.125,0.5,0.13750000298023224,hs,1978,2,0,1,0
1,-0.18348627051398153,0.2966666519641876,0.4300000071525574,0.9,0.3967222571372986,hs,1979,4,1,1,1
0,0.0,0.23749999701976776,0.23749999701976776,0.5,0.26338890194892883,hs,1980,5,0,1,0
1,-0.1503906176328816,0.3020833432674408,0.4090277850627899,0.8,0.332152783870697,hs,1981,1,1,1,1
1,0.026683613875534494,0.5049999952316284,0.47874999046325684,0.3,0.5432172417640686,hs,1982,4,1,0,0
1,0.0010810955262156997,0.48229166865348816,0.48124998807907104,0.5,0.446200430393219,hs,1983,9,1,1,1
0,-0.09497205587740874,0.3375000059604645,0.40833333134651184,0.9,0.359604150056839,hs,1984,10,0,0,1
1,-0.13089006411956716,0.27666667103767395,0.36000001430511475,0.7,0.44879165291786194,hs,1985,6,1,0,0
0,0.026175489623644032,0.42003968358039856,0.3986110985279083,0.5,0.39921924471855164,hs,1986,3,0,0,1
0,-0.1428571778899294,0.4166666567325592,0.5555555820465088,0.7,0.4969722330570221,hs,1987,5,0,0,1
0,0.0,0.5770833492279053,0.5770833492279053,0.6,0.5193750262260437,hs,1988,3,0,1,0
1,0.0,0.4166666567325592,0.4166666567325592,0.4,0.3750000298023224,hs,1989,4,1,0,0
0,0.0,0.35208332538604736,0.35208332538604736,0.7,0.33850693702697754,hs,1990,7,0,1,0
0,-0.051020432739894254,0.5166666507720947,0.5722222328186035,0.5,0.5118135213851929,hs,1991,7,0,1,0
1,0.0338658291345909,0.5618055462837219,0.5249999761581421,0.3,0.5012599229812622,hs,1992,8,1,1,1
0,0.0,0.25,0.25,0.7,0.30410414934158325,hs,1993,1,0,0,1
1,0.0969899694352983,0.6833333373069763,0.5625,0.5,0.6160625219345093,hs,1994,3,1,0,0
1,-0.23809524721814257,0.35555556416511536,0.5777778029441833,0.5,0.5137708783149719,hs,1995,1,1,0,0
0,0.0,0.5433333516120911,0.5433333516120911,0.3,0.5804741978645325,hs,1996,6,0,1,0
1,0.0,0.4761904776096344,0.4761904776096344,0.4,0.4954087734222412,hs,1997,4,1,1,1
0,0.10817121519215658,0.7911111116409302,0.6366666555404663,0.2,0.6795417070388794,hs,1998,5,0,1,0
1,0.026253006173769064,0.7465277910232544,0.7083333134651184,0.1,0.6629166603088379,hs,1999,6,1,0,0
0,-0.09795916371410969,0.3683333396911621,0.4483333230018616,0.5,0.4209443926811218,hs,2000,6,0,0,1
1,0.0,0.1666666716337204,0.1666666716337204,0.8,0.14999999105930328,hs,2001,4,1,1,1
0,0.03168152951817214,0.4409722089767456,0.4138889014720917,0.2,0.6657083630561829,hs,2002,2,0,0,1
0,0.0,0.37261903285980225,0.37261903285980225,0.5,0.38375991582870483,hs,2003,4,0,1,0
1,0.0,0.0,0.0,0.5,0.11404166370630264,hs,2004,3,1,1,1
1,0.05389220531017799,0.36666667461395264,0.3291666805744171,0.4,0.3586110770702362,hs,2005,2,1,1,1
1,-0.0392156842120192,0.40833333134651184,0.4416666626930237,0.6,0.39222222566604614,hs,2006,9,1,1,1
0,-0.030303001403720442,0.1666666716337204,0.1770833283662796,0.2,0.25712499022483826,hs,2007,6,0,1,0
1,0.0,0.2750000059604645,0.2750000059604645,0.3,0.24750001728534698,hs,2008,1,1,0,0
0,0.07112971274765771,0.35555556416511536,0.3083333373069763,0.2,0.32261109352111816,hs,2009,7,0,1,0
1,0.19999998569440544,0.25,0.1666666716337204,0.5,0.2750000059604645,hs,2010,7,1,0,0
1,0.0,0.4895833432674408,0.4895833432674408,0.4,0.44062501192092896,hs,2012,8,1,1,1
1,0.9999999999960001,0.25,0.0,0.5,0.20000000298023224,hs,2013,5,1,0,0
1,0.0,0.25,0.25,0.6,0.22499999403953552,hs,2014,10,1,1,1
1,-0.08823530861911233,0.41333332657814026,0.4933333396911621,0.6,0.510084331035614,hs,2015,5,1,1,1
1,0.05917754744956368,0.36666667461395264,0.3256944417953491,0.2,0.36395835876464844,hs,2016,8,1,0,0
1,0.049539664495177355,0.4749999940395355,0.43015873432159424,0.4,0.4430158734321594,hs,2017,3,1,1,1
1,0.0487804811860159,0.40312498807907104,0.3656249940395355,0.3,0.38260418176651,hs,2018,6,1,1,1
1,-0.017730542998932397,0.5129629373550415,0.5314815044403076,0.5,0.49800461530685425,hs,2019,9,1,1,1
1,0.0,0.2750000059604645,0.2750000059604645,0.4,0.2564999759197235,hs,2020,6,1,1,1
0,0.11724136230050242,0.3375000059604645,0.2666666805744171,0.8,0.4454166293144226,hs,2021,2,0,0,1
0,0.0,0.3499999940395355,0.3499999940395355,0.5,0.32770833373069763,hs,2022,10,0,1,0
1,0.0,0.5,0.5,0.4,0.44999998807907104,hs,2023,10,1,0,0
0,-0.13361463959487238,0.3422222137451172,0.44777777791023254,0.9,0.3966805636882782,hs,2024,1,0,0,1
0,0.0,0.5,0.5,0.6,0.44999998807907104,hs,2025,10,0,1,0
1,0.33333333333244447,0.25,0.125,0.2,0.24583332240581512,hs,2026,7,1,0,0
0,0.0,0.550000011920929,0.550000011920929,0.4,0.843000054359436,hs,2027,2,0,0,1
1,-0.047619058431636115,0.5,0.550000011920929,0.1,0.6152499914169312,hs,2028,10,1,0,0
0,0.0,0.0,0.0,0.5,0.11404166370630264,hs,2029,10,0,1,0
1,-0.022311125682537434,0.4412499964237213,0.46138888597488403,0.6,0.4113551676273346,hs,2030,2,1,1,1
0,-0.021148016146338232,0.3375000059604645,0.35208332538604736,0.5,0.32540276646614075,hs,2031,9,0,1,0
1,-0.023999999267559715,0.6354166865348816,0.6666666865348816,0.4,0.5961805582046509,hs,2032,8,1,1,1
1,0.0,0.2750000059604645,0.2750000059604645,0.3,0.3111250400543213,hs,2033,10,1,1,1
0,-0.999999999992,0.0,0.125,0.5,0.11249999701976776,hs,2034,6,0,0,1
1,-0.02721257845672591,0.551111102104187,0.581944465637207,0.6,0.5872579216957092,hs,2035,7,1,1,1
0,0.0,0.4833333194255829,0.4833333194255829,0.6,0.4389285445213318,hs,2036,3,0,1,0
0,0.0,0.2750000059604645,0.2750000059604645,0.5,0.35452380776405334,hs,2037,2,0,1,0
0,-0.019920335187025774,0.20499999821186066,0.2133333384990692,0.4,0.2045000046491623,hs,2038,7,0,1,0
0,-0.07692305999387572,0.5,0.5833333134651184,0.8,0.5496041178703308,hs,2039,2,0,0,1
0,0.7254901909444396,0.7857142686843872,0.125,0.3,0.8223214149475098,hs,2040,6,0,0,1
0,-0.05802904789831448,0.4483333230018616,0.5035714507102966,0.8,0.46889883279800415,hs,2041,1,0,0,1
1,0.0037243913133545785,0.4491666555404663,0.44583332538604736,0.6,0.4357143044471741,hs,2042,5,1,1,1
0,-0.23985238177215626,0.21458333730697632,0.3499999940395355,0.5,0.4714583456516266,hs,2043,9,0,1,0
0,0.0,0.0,0.0,0.9,0.0,hs,2044,5,0,0,1
0,0.0,0.5,0.5,0.6,0.47291669249534607,hs,2045,7,0,1,0
0,-0.2369942010120847,0.2750000059604645,0.44583332538604736,0.8,0.36529165506362915,hs,2046,7,0,0,1
0,0.0,0.0,0.0,0.9,0.0,hs,2047,9,0,0,1
0,-0.03222283765724967,0.6152777671813965,0.65625,0.5,0.6209722757339478,hs,2048,6,0,0,1
1,-0.027216900160590238,0.5129629373550415,0.5416666865348816,0.4,0.5025780200958252,hs,2049,7,1,1,1
0,-0.3364632207650118,0.23555555939674377,0.4744444489479065,0.7,0.43402379751205444,hs,2050,7,0,0,1
0,0.0,0.3125,0.3125,0.7,0.28125,hs,2051,3,0,1,0
1,-0.003289482391169971,0.4208333194255829,0.4236111044883728,0.5,0.4130902886390686,hs,2052,5,1,1,1
1,0.03808487672710508,0.39750000834465027,0.3683333396911621,0.6,0.38677775859832764,hs,2053,1,1,1,1
0,0.0,0.25833332538604736,0.25833332538604736,0.7,0.23249998688697815,hs,2054,9,0,1,0
1,-0.015522007565726016,0.48229166865348816,0.4975000023841858,0.8,0.46071523427963257,hs,2057,5,1,1,1
1,0.0,0.36666667461395264,0.36666667461395264,0.3,0.35083332657814026,hs,2058,6,1,1,1
1,0.0,0.5,0.5,0.5,0.5021800398826599,hs,2059,9,1,0,0
1,0.022935807208217845,0.26547619700431824,0.25357142090797424,0.5,0.23997023701667786,hs,2060,8,1,1,1
0,0.0,0.0,0.0,0.9,0.0,hs,2061,3,0,0,1
0,-0.0188679061949234,0.5416666865348816,0.5625,0.5,0.527958333492279,hs,2062,5,0,1,0
0,0.999999999992,0.125,0.0,0.4,0.2175000160932541,hs,2063,1,0,1,0
0,-0.5604395558320091,0.125,0.4437499940395355,0.8,0.4051041603088379,hs,2064,1,0,0,1
1,0.0,0.18333333730697632,0.18333333730697632,0.5,0.16500000655651093,hs,2065,3,1,1,1
1,0.0,0.1666666716337204,0.1666666716337204,0.2,0.41833335161209106,hs,2066,1,1,0,0
1,0.0,0.125,0.125,0.5,0.12604168057441711,hs,2067,4,1,1,1
0,0.0,0.5,0.5,0.7,0.47291669249534607,hs,2068,8,0,1,0
0,-0.0019267805033483878,0.6474999785423279,0.6499999761581421,0.6,0.628166675567627,hs,2069,7,0,0,1
0,0.0,0.5,0.5,0.3,0.4827083647251129,hs,2070,2,0,1,0
1,0.3314037507085452,0.5476190447807312,0.2750000059604645,0.3,0.48851194977760315,hs,2071,5,1,0,0
1,-0.01052630564511585,0.4895833432674408,0.5,0.5,0.4846130907535553,hs,2072,3,1,1,1
0,-0.16935484568700038,0.21458333730697632,0.3020833432674408,0.8,0.2998958230018616,hs,2073,6,0,1,0
0,-0.03626946922388331,0.5166666507720947,0.5555555820465088,0.8,0.49159717559814453,hs,2074,5,0,1,0
1,0.044521455783893875,0.46642857789993286,0.4266666769981384,0.5,0.422412633895874,hs,2075,10,1,1,1
1,-0.36170215032452685,0.25,0.5333333611488342,0.5,0.4803333282470703,hs,2076,4,1,0,0
0,0.0,0.5770833492279053,0.5770833492279053,0.5,0.5403819680213928,hs,2077,1,0,1,0
1,0.001359873716725881,0.4017857015132904,0.40069442987442017,0.6,0.7748938202857971,hs,2078,8,1,0,0
1,0.041749489864761166,0.27291667461395264,0.2510416805744171,0.4,0.32093748450279236,hs,2079,4,1,0,0
1,0.0,0.1770833283662796,0.1770833283662796,0.8,0.15937501192092896,hs,2080,8,1,1,1
1,-0.05376342762845218,0.36666667461395264,0.40833333134651184,0.6,0.35916668176651,hs,2081,2,1,1,1
1,0.0635209018172027,0.4069444537162781,0.3583333194255829,0.7,0.41371527314186096,hs,2082,9,1,1,1
1,0.0,0.2976190447807312,0.2976190447807312,0.4,0.2795634865760803,hs,2084,1,1,1,1
0,0.0,0.0,0.0,0.9,0.0,hs,2085,4,0,0,1
0,-0.07692305999387572,0.5,0.5833333134651184,0.8,0.5166458487510681,hs,2086,9,0,0,1
1,0.0,0.375,0.375,0.5,0.3449166715145111,hs,2087,4,1,1,1
1,0.0,0.0,0.0,0.5,0.027499999850988388,hs,2088,5,1,0,0
1,-0.02249040663722335,0.4124999940395355,0.4314814805984497,0.6,0.39040607213974,hs,2089,2,1,1,1
1,0.0,0.5166666507720947,0.5166666507720947,0.8,0.47611111402511597,hs,2090,9,1,1,1
