run_name,fold,train_size,val_size,balanced_accuracy,recall,precision,f1,accuracy,random_state,K,T,eta,v_init,track_path,track_vweights,track_metrics,vweight_0,vweight_1,vweight_2,prototype_indices,prototypes_label_0,prototypes_label_1,K_0,K_1
m3glvq_k0_3_k1_3_eta_0003,0,1620,405,0.5765692112456072,0.8028846153846154,0.5661016949152542,0.6640159045725647,0.582716049382716,42,"{0: 3, 1: 3}",150,0.003,[0.33333333 0.33333333 0.33333333],True,True,True,0.3556970757731645,0.328191637446988,0.3161112867798473,"[222, 1269, 299, 630, 1398, 1447]","[222, 1269, 299]","[630, 1398, 1447]",3,3
m3glvq_k0_3_k1_3_eta_0003,1,1620,405,0.5151552128074971,0.5480769230769231,0.5277777777777778,0.5377358490566038,0.5160493827160494,42,"{0: 3, 1: 3}",150,0.003,[0.33333333 0.33333333 0.33333333],True,True,True,0.5677691244492552,0.2160142609038374,0.2162166146469073,"[453, 198, 294, 692, 201, 1442]","[453, 198, 294]","[692, 201, 1442]",3,3
m3glvq_k0_3_k1_3_eta_0003,2,1620,405,0.5831218274111676,0.75,0.5756457564575646,0.651356993736952,0.5876543209876544,42,"{0: 3, 1: 3}",150,0.003,[0.33333333 0.33333333 0.33333333],True,True,True,0.3409141845442705,0.3360089502161865,0.3230768652395431,"[1503, 1548, 1247, 978, 1359, 1442]","[1503, 1548, 1247]","[978, 1359, 1442]",3,3
m3glvq_k0_3_k1_3_eta_0003,3,1620,405,0.5547870004391744,0.7004830917874396,0.5534351145038168,0.6183368869936035,0.5580246913580247,42,"{0: 3, 1: 3}",150,0.003,[0.33333333 0.33333333 0.33333333],True,True,True,0.3179066871585453,0.3852297809640932,0.2968635318773616,"[302, 957, 1492, 1444, 453, 25]","[302, 957, 1492]","[1444, 453, 25]",3,3
m3glvq_k0_3_k1_3_eta_0003,4,1620,405,0.5851998243302592,0.8067632850241546,0.5699658703071673,0.668,0.5901234567901235,42,"{0: 3, 1: 3}",150,0.003,[0.33333333 0.33333333 0.33333333],True,True,True,0.3446727613206433,0.334191301270639,0.3211359374087177,"[1005, 1545, 233, 759, 1258, 1025]","[1005, 1545, 233]","[759, 1258, 1025]",3,3
m3glvq_k0_3_k1_4_eta_0003,0,1620,405,0.6130539828192112,0.6778846153846154,0.6130434782608696,0.6438356164383562,0.6148148148148148,42,"{0: 3, 1: 4}",150,0.003,[0.33333333 0.33333333 0.33333333],True,True,True,0.5405115431377053,0.3311576551695862,0.1283308016927084,"[222, 1352, 983, 462, 1447, 668, 1398]","[222, 1352, 983]","[462, 1447, 668, 1398]",3,4
m3glvq_k0_3_k1_4_eta_0003,1,1620,405,0.577106110894182,0.7836538461538461,0.5679442508710801,0.6585858585858585,0.582716049382716,42,"{0: 3, 1: 4}",150,0.003,[0.33333333 0.33333333 0.33333333],True,True,True,0.5283240985947717,0.3474657939211479,0.1242101074840803,"[1543, 958, 226, 1390, 1349, 1442, 148]","[1543, 958, 226]","[1390, 1349, 1442, 148]",3,4
m3glvq_k0_3_k1_4_eta_0003,2,1620,405,0.580449531433034,0.7548076923076923,0.572992700729927,0.6514522821576764,0.5851851851851851,42,"{0: 3, 1: 4}",150,0.003,[0.33333333 0.33333333 0.33333333],True,True,True,0.3462984476757951,0.3358970844590057,0.3178044678651992,"[1247, 1503, 1548, 698, 978, 1392, 1442]","[1247, 1503, 1548]","[698, 978, 1392, 1442]",3,4
m3glvq_k0_3_k1_4_eta_0003,3,1620,405,0.5507246376811594,0.6570048309178744,0.5528455284552846,0.6004415011037527,0.5530864197530864,42,"{0: 3, 1: 4}",150,0.003,[0.33333333 0.33333333 0.33333333],True,True,True,0.5461807228575407,0.3235202747543145,0.1302990023881447,"[1039, 745, 1492, 682, 1444, 194, 840]","[1039, 745, 1492]","[682, 1444, 194, 840]",3,4
m3glvq_k0_3_k1_4_eta_0003,4,1620,405,0.580149319279754,0.6956521739130435,0.576,0.6301969365426695,0.582716049382716,42,"{0: 3, 1: 4}",150,0.003,[0.33333333 0.33333333 0.33333333],True,True,True,0.5541530970580433,0.2850933773422608,0.1607535255996959,"[233, 973, 1005, 1258, 1025, 1368, 759]","[233, 973, 1005]","[1258, 1025, 1368, 759]",3,4
m3glvq_k0_3_k1_5_eta_0003,0,1620,405,0.5959586099180008,0.6538461538461539,0.5991189427312775,0.6252873563218391,0.5975308641975309,42,"{0: 3, 1: 5}",150,0.003,[0.33333333 0.33333333 0.33333333],True,True,True,0.5655551298489476,0.2864298906268231,0.1480149795242294,"[1352, 222, 983, 1398, 1132, 668, 1466, 1447]","[1352, 222, 983]","[1398, 1132, 668, 1466, 1447]",3,5
m3glvq_k0_3_k1_5_eta_0003,1,1620,405,0.5578753416634128,0.7451923076923077,0.5555555555555556,0.6365503080082136,0.562962962962963,42,"{0: 3, 1: 5}",150,0.003,[0.33333333 0.33333333 0.33333333],True,True,True,0.3299478714908299,0.541888713852247,0.1281634146569231,"[366, 198, 294, 734, 1442, 520, 1433, 201]","[366, 198, 294]","[734, 1442, 520, 1433, 201]",3,5
m3glvq_k0_3_k1_5_eta_0003,2,1620,405,0.5608160874658337,0.7307692307692307,0.5588235294117647,0.6333333333333334,0.5654320987654321,42,"{0: 3, 1: 5}",150,0.003,[0.33333333 0.33333333 0.33333333],True,True,True,0.3535681396973674,0.4486404855123742,0.1977913747902583,"[1548, 1503, 1247, 353, 978, 297, 1442, 1359]","[1548, 1503, 1247]","[353, 978, 297, 1442, 1359]",3,5
m3glvq_k0_3_k1_5_eta_0003,3,1620,405,0.514163372859025,0.7101449275362319,0.5212765957446809,0.6012269938650306,0.5185185185185185,42,"{0: 3, 1: 5}",150,0.003,[0.33333333 0.33333333 0.33333333],True,True,True,0.3828461035836875,0.4865728050259159,0.1305810913903966,"[1492, 14, 985, 165, 682, 771, 194, 231]","[1492, 14, 985]","[165, 682, 771, 194, 231]",3,5
m3glvq_k0_3_k1_5_eta_0003,4,1620,405,0.5726833552920509,0.6908212560386473,0.5697211155378487,0.6244541484716158,0.5753086419753086,42,"{0: 3, 1: 5}",150,0.003,[0.33333333 0.33333333 0.33333333],True,True,True,0.4699260519362422,0.3263122173071461,0.2037617307566115,"[1005, 973, 233, 1404, 382, 1025, 1368, 1097]","[1005, 973, 233]","[1404, 382, 1025, 1368, 1097]",3,5
m3glvq_k0_3_k1_6_eta_0003,0,1620,405,0.5557277430691137,0.8221153846153846,0.5498392282958199,0.6589595375722542,0.562962962962963,42,"{0: 3, 1: 6}",150,0.003,[0.33333333 0.33333333 0.33333333],True,True,True,0.3528399931374975,0.3270795437461912,0.3200804631163112,"[494, 1358, 1099, 668, 1466, 1398, 1357, 352, 1447]","[494, 1358, 1099]","[668, 1466, 1398, 1357, 352, 1447]",3,6
m3glvq_k0_3_k1_6_eta_0003,1,1620,405,0.5738969152674737,0.8076923076923077,0.5637583892617449,0.6640316205533597,0.5802469135802469,42,"{0: 3, 1: 6}",150,0.003,[0.33333333 0.33333333 0.33333333],True,True,True,0.5377940885186092,0.3117255946695995,0.1504803168117912,"[1543, 748, 294, 429, 1349, 148, 373, 1029, 725]","[1543, 748, 294]","[429, 1349, 148, 373, 1029, 725]",3,6
m3glvq_k0_3_k1_6_eta_0003,2,1620,405,0.552542951971886,0.6634615384615384,0.5564516129032258,0.6052631578947367,0.5555555555555556,42,"{0: 3, 1: 6}",150,0.003,[0.33333333 0.33333333 0.33333333],True,True,True,0.3692659984632669,0.5130199672119514,0.1177140343247816,"[1541, 579, 1247, 1359, 1018, 1442, 910, 353, 297]","[1541, 579, 1247]","[1359, 1018, 1442, 910, 353, 297]",3,6
m3glvq_k0_3_k1_6_eta_0003,3,1620,405,0.5451251646903821,0.6811594202898551,0.5465116279069767,0.6064516129032258,0.5481481481481482,42,"{0: 3, 1: 6}",150,0.003,[0.33333333 0.33333333 0.33333333],True,True,True,0.5673163112806034,0.2857882941165262,0.1468953946028705,"[985, 957, 14, 682, 1041, 1444, 771, 394, 379]","[985, 957, 14]","[682, 1041, 1444, 771, 394, 379]",3,6
m3glvq_k0_3_k1_6_eta_0003,4,1620,405,0.5726833552920509,0.8019323671497585,0.5608108108108109,0.6600397614314115,0.5777777777777777,42,"{0: 3, 1: 6}",150,0.003,[0.33333333 0.33333333 0.33333333],True,True,True,0.5636030442358068,0.2395185448267153,0.1968784109374778,"[233, 1048, 1053, 1404, 1025, 31, 1368, 350, 1258]","[233, 1048, 1053]","[1404, 1025, 31, 1368, 350, 1258]",3,6
m3glvq_k0_3_k1_7_eta_0003,0,1620,405,0.5795099570480281,0.7884615384615384,0.5694444444444444,0.661290322580645,0.5851851851851851,42,"{0: 3, 1: 7}",150,0.003,[0.33333333 0.33333333 0.33333333],True,True,True,0.5662939491091601,0.2662670785717004,0.1674389723191394,"[222, 494, 983, 1357, 1398, 338, 1132, 1466, 1447, 668]","[222, 494, 983]","[1357, 1398, 338, 1132, 1466, 1447, 668]",3,7
m3glvq_k0_3_k1_7_eta_0003,1,1620,405,0.5629636860601328,0.6538461538461539,0.5666666666666667,0.6071428571428571,0.5654320987654321,42,"{0: 3, 1: 7}",150,0.003,[0.33333333 0.33333333 0.33333333],True,True,True,0.5750977965412708,0.2563274047912553,0.1685747986674739,"[453, 96, 958, 570, 1442, 644, 724, 394, 442, 145]","[453, 96, 958]","[570, 1442, 644, 724, 394, 442, 145]",3,7
m3glvq_k0_3_k1_7_eta_0003,2,1620,405,0.5751049394767669,0.7644230769230769,0.5678571428571428,0.651639344262295,0.5802469135802469,42,"{0: 3, 1: 7}",150,0.003,[0.33333333 0.33333333 0.33333333],True,True,True,0.4631470273783787,0.4152023188383651,0.121650653783256,"[1503, 1247, 1548, 297, 353, 1117, 978, 910, 1359, 1442]","[1503, 1247, 1548]","[297, 353, 1117, 978, 910, 1359, 1442]",3,7
m3glvq_k0_3_k1_7_eta_0003,3,1620,405,0.5121870882740448,0.6859903381642513,0.5201465201465202,0.5916666666666667,0.5160493827160494,42,"{0: 3, 1: 7}",150,0.003,[0.33333333 0.33333333 0.33333333],True,True,True,0.4584076810957713,0.4129945591678361,0.1285977597363924,"[957, 985, 14, 1489, 763, 507, 231, 1003, 682, 817]","[957, 985, 14]","[1489, 763, 507, 231, 1003, 682, 817]",3,7
m3glvq_k0_3_k1_7_eta_0003,4,1620,405,0.514163372859025,0.5990338164251208,0.5232067510548524,0.5585585585585586,0.5160493827160494,42,"{0: 3, 1: 7}",150,0.003,[0.33333333 0.33333333 0.33333333],True,True,True,0.5765502761021091,0.273816542590649,0.1496331813072419,"[605, 1327, 617, 431, 1025, 758, 1428, 1582, 171, 1500]","[605, 1327, 617]","[431, 1025, 758, 1428, 1582, 171, 1500]",3,7
m3glvq_k0_3_k1_8_eta_0003,0,1620,405,0.5835245021475987,0.7355769230769231,0.5773584905660377,0.6469344608879494,0.5876543209876544,42,"{0: 3, 1: 8}",150,0.003,[0.33333333 0.33333333 0.33333333],True,True,True,0.5620417333306637,0.3115101446945718,0.1264481219747646,"[1352, 983, 222, 1132, 1367, 1447, 668, 1398, 1357, 1466, 338]","[1352, 983, 222]","[1132, 1367, 1447, 668, 1398, 1357, 1466, 338]",3,8
m3glvq_k0_3_k1_8_eta_0003,1,1620,405,0.5728231159703241,0.8461538461538461,0.5605095541401274,0.6743295019157087,0.5802469135802469,42,"{0: 3, 1: 8}",150,0.003,[0.33333333 0.33333333 0.33333333],True,True,True,0.4931310322735397,0.3707693249931142,0.1360996427333459,"[1267, 958, 1494, 427, 1066, 984, 815, 823, 1349, 1442, 1390]","[1267, 958, 1494]","[427, 1066, 984, 815, 823, 1349, 1442, 1390]",3,8
m3glvq_k0_3_k1_8_eta_0003,2,1620,405,0.5588027137836783,0.8028846153846154,0.5529801324503312,0.6549019607843137,0.5654320987654321,42,"{0: 3, 1: 8}",150,0.003,[0.33333333 0.33333333 0.33333333],True,True,True,0.4799896663425252,0.3959390315886273,0.1240713020688473,"[1476, 188, 1503, 1380, 87, 1117, 353, 230, 1442, 1359, 297]","[1476, 188, 1503]","[1380, 87, 1117, 353, 230, 1442, 1359, 297]",3,8
m3glvq_k0_3_k1_8_eta_0003,3,1620,405,0.5509442248572683,0.7584541062801933,0.5470383275261324,0.6356275303643725,0.5555555555555556,42,"{0: 3, 1: 8}",150,0.003,[0.33333333 0.33333333 0.33333333],True,True,True,0.366032747679745,0.3313640819412884,0.3026031703789664,"[957, 504, 24, 29, 1146, 682, 260, 356, 1444, 1583, 1138]","[957, 504, 24]","[29, 1146, 682, 260, 356, 1444, 1583, 1138]",3,8
m3glvq_k0_3_k1_8_eta_0003,4,1620,405,0.5586297760210803,0.7536231884057971,0.5531914893617021,0.638036809815951,0.562962962962963,42,"{0: 3, 1: 8}",150,0.003,[0.33333333 0.33333333 0.33333333],True,True,True,0.5655864460032977,0.2678685639313791,0.1665449900653233,"[775, 1053, 233, 1025, 382, 759, 1368, 34, 1258, 350, 1055]","[775, 1053, 233]","[1025, 382, 759, 1368, 34, 1258, 350, 1055]",3,8
m3glvq_k0_3_k1_9_eta_0003,0,1620,405,0.5581315892229597,0.8269230769230769,0.5512820512820513,0.6615384615384616,0.5654320987654321,42,"{0: 3, 1: 9}",150,0.003,[0.33333333 0.33333333 0.33333333],True,True,True,0.4622117852047399,0.3345211356070949,0.2032670791881652,"[494, 983, 222, 668, 1472, 1466, 953, 1155, 347, 352, 745, 1357]","[494, 983, 222]","[668, 1472, 1466, 953, 1155, 347, 352, 745, 1357]",3,9
m3glvq_k0_3_k1_9_eta_0003,1,1620,405,0.5219396720031237,0.7596153846153846,0.5284280936454849,0.6232741617357002,0.528395061728395,42,"{0: 3, 1: 9}",150,0.003,[0.33333333 0.33333333 0.33333333],True,True,True,0.5784281318385861,0.2732300510004731,0.1483418171609407,"[958, 1543, 366, 238, 724, 1082, 664, 968, 644, 1029, 1482, 1433]","[958, 1543, 366]","[238, 724, 1082, 664, 968, 644, 1029, 1482, 1433]",3,9
m3glvq_k0_3_k1_9_eta_0003,2,1620,405,0.5572042171026943,0.7692307692307693,0.5536332179930796,0.6438631790744468,0.562962962962963,42,"{0: 3, 1: 9}",150,0.003,[0.33333333 0.33333333 0.33333333],True,True,True,0.4661185980895937,0.404477141549254,0.1294042603611521,"[1503, 1247, 1548, 1239, 353, 1337, 978, 910, 1421, 1063, 1359, 723]","[1503, 1247, 1548]","[1239, 353, 1337, 978, 910, 1421, 1063, 1359, 723]",3,9
m3glvq_k0_3_k1_9_eta_0003,3,1620,405,0.5264602547211243,0.7246376811594203,0.5300353356890459,0.6122448979591838,0.5308641975308642,42,"{0: 3, 1: 9}",150,0.003,[0.33333333 0.33333333 0.33333333],True,True,True,0.5719260721521877,0.2405378002828486,0.1875361275649636,"[14, 985, 1492, 763, 1444, 1008, 25, 1544, 29, 856, 1036, 1141]","[14, 985, 1492]","[763, 1444, 1008, 25, 1544, 29, 856, 1036, 1141]",3,9
m3glvq_k0_3_k1_9_eta_0003,4,1620,405,0.5097716293368467,0.6811594202898551,0.5183823529411765,0.5887265135699374,0.5135802469135803,42,"{0: 3, 1: 9}",150,0.003,[0.33333333 0.33333333 0.33333333],True,True,True,0.5697871014574194,0.2763179955913185,0.1538949029512622,"[1005, 973, 14, 1121, 31, 207, 1025, 1439, 976, 1368, 237, 1404]","[1005, 973, 14]","[1121, 31, 207, 1025, 1439, 976, 1368, 237, 1404]",3,9
m3glvq_k0_3_k1_10_eta_0003,0,1620,405,0.5779114603670441,0.7548076923076923,0.5709090909090909,0.650103519668737,0.582716049382716,42,"{0: 3, 1: 10}",150,0.003,[0.33333333 0.33333333 0.33333333],True,True,True,0.5564858691424996,0.3145999826717526,0.1289141481857477,"[1352, 222, 1585, 352, 1447, 345, 753, 1357, 1466, 1132, 1254, 31, 668]","[1352, 222, 1585]","[352, 1447, 345, 753, 1357, 1466, 1132, 1254, 31, 668]",3,10
m3glvq_k0_3_k1_10_eta_0003,1,1620,405,0.5597422881686841,0.7692307692307693,0.5555555555555556,0.6451612903225806,0.5654320987654321,42,"{0: 3, 1: 10}",150,0.003,[0.33333333 0.33333333 0.33333333],True,True,True,0.4946403484586087,0.3506900821991545,0.1546695693422367,"[1494, 294, 1345, 725, 1596, 1349, 929, 1359, 31, 364, 1029, 984, 233]","[1494, 294, 1345]","[725, 1596, 1349, 929, 1359, 31, 364, 1029, 984, 233]",3,10
m3glvq_k0_3_k1_10_eta_0003,2,1620,405,0.5425126903553299,0.75,0.5435540069686411,0.6303030303030303,0.5481481481481482,42,"{0: 3, 1: 10}",150,0.003,[0.33333333 0.33333333 0.33333333],True,True,True,0.5226195179278701,0.3503599619976065,0.1270205200745234,"[188, 1503, 374, 297, 1063, 730, 139, 156, 1392, 1442, 1374, 528, 962]","[188, 1503, 374]","[297, 1063, 730, 139, 156, 1392, 1442, 1374, 528, 962]",3,10
m3glvq_k0_3_k1_10_eta_0003,3,1620,405,0.5333772507685551,0.8647342995169082,0.5311572700296736,0.6580882352941176,0.5407407407407407,42,"{0: 3, 1: 10}",150,0.003,[0.33333333 0.33333333 0.33333333],True,True,True,0.5763252189774019,0.2863782120870194,0.1372965689355788,"[745, 985, 1492, 1583, 701, 143, 1444, 400, 162, 50, 1355, 1008, 763]","[745, 985, 1492]","[1583, 701, 143, 1444, 400, 162, 50, 1355, 1008, 763]",3,10
m3glvq_k0_3_k1_10_eta_0003,4,1620,405,0.5231664470794906,0.7584541062801933,0.5268456375838926,0.6217821782178218,0.528395061728395,42,"{0: 3, 1: 10}",150,0.003,[0.33333333 0.33333333 0.33333333],True,True,True,0.572941916719703,0.2518814269344207,0.1751766563458763,"[775, 233, 384, 729, 1508, 1175, 1025, 1404, 758, 1368, 736, 1582, 237]","[775, 233, 384]","[729, 1508, 1175, 1025, 1404, 758, 1368, 736, 1582, 237]",3,10
m3glvq_k0_4_k1_3_eta_0003,0,1620,405,0.5872705974228817,0.6923076923076923,0.5853658536585366,0.6343612334801763,0.5901234567901235,42,"{0: 4, 1: 3}",150,0.003,[0.33333333 0.33333333 0.33333333],True,True,True,0.3518301707960387,0.3291785243600583,0.3189913048439029,"[1358, 1058, 1499, 299, 630, 1398, 1447]","[1358, 1058, 1499, 299]","[630, 1398, 1447]",4,3
m3glvq_k0_4_k1_3_eta_0003,1,1620,405,0.5974106794221008,0.7836538461538461,0.5842293906810035,0.6694045174537987,0.6024691358024692,42,"{0: 4, 1: 3}",150,0.003,[0.33333333 0.33333333 0.33333333],True,True,True,0.3512964953728588,0.329720937712952,0.3189825669141892,"[1494, 517, 294, 1543, 1442, 1390, 984]","[1494, 517, 294, 1543]","[1442, 1390, 984]",4,3
m3glvq_k0_4_k1_3_eta_0003,2,1620,405,0.5736528699726668,0.6346153846153846,0.5789473684210527,0.6055045871559633,0.5753086419753086,42,"{0: 4, 1: 3}",150,0.003,[0.33333333 0.33333333 0.33333333],True,True,True,0.4282123518892157,0.4550522059925003,0.1167354421182838,"[1503, 1476, 830, 579, 978, 1442, 1359]","[1503, 1476, 830, 579]","[978, 1442, 1359]",4,3
m3glvq_k0_4_k1_3_eta_0003,3,1620,405,0.5509442248572683,0.6473429951690821,0.5537190082644629,0.5968819599109132,0.5530864197530864,42,"{0: 4, 1: 3}",150,0.003,[0.33333333 0.33333333 0.33333333],True,True,True,0.3393711618864301,0.341687596095535,0.3189412420180349,"[24, 957, 504, 77, 453, 1008, 1444]","[24, 957, 504, 77]","[453, 1008, 1444]",4,3
m3glvq_k0_4_k1_3_eta_0003,4,1620,405,0.5663153271848924,0.748792270531401,0.5595667870036101,0.640495867768595,0.5703703703703704,42,"{0: 4, 1: 3}",150,0.003,[0.33333333 0.33333333 0.33333333],True,True,True,0.5767251749133002,0.2760804369362067,0.147194388150493,"[740, 1545, 1101, 1005, 1258, 1270, 1025]","[740, 1545, 1101, 1005]","[1258, 1270, 1025]",4,3
m3glvq_k0_4_k1_4_eta_0003,0,1620,405,0.5886372510737994,0.4615384615384615,0.631578947368421,0.5333333333333333,0.5851851851851851,42,"{0: 4, 1: 4}",150,0.003,[0.33333333 0.33333333 0.33333333],True,True,True,0.5402524545585438,0.32624043304645,0.1335071123950063,"[1352, 1499, 963, 386, 449, 630, 1447, 462]","[1352, 1499, 963, 386]","[449, 630, 1447, 462]",4,4
m3glvq_k0_4_k1_4_eta_0003,1,1620,405,0.5349106794221008,0.6586538461538461,0.541501976284585,0.5943600867678958,0.5382716049382716,42,"{0: 4, 1: 4}",150,0.003,[0.33333333 0.33333333 0.33333333],True,True,True,0.5772577296023881,0.2757994551744045,0.1469428152232073,"[1585, 198, 366, 447, 984, 1442, 1433, 201]","[1585, 198, 366, 447]","[984, 1442, 1433, 201]",4,4
m3glvq_k0_4_k1_4_eta_0003,2,1620,405,0.5590833658727059,0.7019230769230769,0.5593869731800766,0.6226012793176972,0.562962962962963,42,"{0: 4, 1: 4}",150,0.003,[0.33333333 0.33333333 0.33333333],True,True,True,0.3648846032517036,0.5163406342351887,0.1187747625131075,"[1247, 1351, 1548, 1541, 1359, 1442, 1392, 87]","[1247, 1351, 1548, 1541]","[1359, 1442, 1392, 87]",4,4
m3glvq_k0_4_k1_4_eta_0003,3,1620,405,0.5562143170838822,0.6376811594202898,0.559322033898305,0.5959367945823927,0.5580246913580247,42,"{0: 4, 1: 4}",150,0.003,[0.33333333 0.33333333 0.33333333],True,True,True,0.4013720198432869,0.4689343418227931,0.12969363833392,"[985, 504, 957, 14, 1008, 1444, 194, 1064]","[985, 504, 957, 14]","[1008, 1444, 194, 1064]",4,4
m3glvq_k0_4_k1_4_eta_0003,4,1620,405,0.5996925779534475,0.7246376811594203,0.5905511811023622,0.6507592190889371,0.6024691358024692,42,"{0: 4, 1: 4}",150,0.003,[0.33333333 0.33333333 0.33333333],True,True,True,0.5604777220252475,0.2740427958102787,0.1654794821644738,"[233, 1005, 1048, 1474, 1368, 759, 1025, 1258]","[233, 1005, 1048, 1474]","[1368, 759, 1025, 1258]",4,4
m3glvq_k0_4_k1_5_eta_0003,0,1620,405,0.572713295587661,0.6682692307692307,0.5743801652892562,0.6177777777777776,0.5753086419753086,42,"{0: 4, 1: 5}",150,0.003,[0.33333333 0.33333333 0.33333333],True,True,True,0.5702727613316128,0.2604402467084713,0.1692869919599159,"[494, 222, 299, 97, 668, 462, 1447, 1398, 1466]","[494, 222, 299, 97]","[668, 462, 1447, 1398, 1466]",4,5
m3glvq_k0_4_k1_5_eta_0003,1,1620,405,0.5601571651698555,0.6634615384615384,0.563265306122449,0.609271523178808,0.562962962962963,42,"{0: 4, 1: 5}",150,0.003,[0.33333333 0.33333333 0.33333333],True,True,True,0.3555493583865767,0.3306825504625368,0.3137680911508864,"[470, 294, 870, 1494, 644, 623, 1349, 1442, 1390]","[470, 294, 870, 1494]","[644, 623, 1349, 1442, 1390]",4,5
m3glvq_k0_4_k1_5_eta_0003,2,1620,405,0.57231062085123,0.6826923076923077,0.5725806451612904,0.6228070175438598,0.5753086419753086,42,"{0: 4, 1: 5}",150,0.003,[0.33333333 0.33333333 0.33333333],True,True,True,0.4999512569843943,0.2843172369961399,0.2157315060194657,"[1005, 1247, 1503, 1351, 1392, 978, 1239, 1442, 1359]","[1005, 1247, 1503, 1351]","[1392, 978, 1239, 1442, 1359]",4,5
m3glvq_k0_4_k1_5_eta_0003,3,1620,405,0.5557751427316644,0.5458937198067633,0.5678391959798995,0.5566502463054187,0.5555555555555556,42,"{0: 4, 1: 5}",150,0.003,[0.33333333 0.33333333 0.33333333],True,True,True,0.5624239895456766,0.300929602290193,0.1366464081641303,"[482, 504, 1134, 957, 1355, 1041, 771, 1444, 1008]","[482, 504, 1134, 957]","[1355, 1041, 771, 1444, 1008]",4,5
m3glvq_k0_4_k1_5_eta_0003,4,1620,405,0.5253623188405797,0.5507246376811594,0.5352112676056338,0.5428571428571428,0.5259259259259259,42,"{0: 4, 1: 5}",150,0.003,[0.33333333 0.33333333 0.33333333],True,True,True,0.5764758294521947,0.269007582553825,0.1545165879939803,"[1148, 384, 973, 233, 766, 207, 171, 759, 1025]","[1148, 384, 973, 233]","[766, 207, 171, 759, 1025]",4,5
m3glvq_k0_4_k1_6_eta_0003,0,1620,405,0.5752391643889105,0.7596153846153846,0.5683453237410072,0.6502057613168725,0.5802469135802469,42,"{0: 4, 1: 6}",150,0.003,[0.33333333 0.33333333 0.33333333],True,True,True,0.4080107097688572,0.3101373716649934,0.2818519185661494,"[494, 1106, 1499, 299, 745, 668, 65, 810, 1357, 366]","[494, 1106, 1499, 299]","[745, 668, 65, 810, 1357, 366]",4,6
m3glvq_k0_4_k1_6_eta_0003,1,1620,405,0.569369875048809,0.6971153846153846,0.5686274509803921,0.6263498920086393,0.5728395061728395,42,"{0: 4, 1: 6}",150,0.003,[0.33333333 0.33333333 0.33333333],True,True,True,0.3617012795624388,0.3202096657148516,0.3180890547227095,"[1494, 470, 378, 870, 1442, 233, 1390, 1349, 984, 364]","[1494, 470, 378, 870]","[1442, 233, 1390, 1349, 984, 364]",4,6
m3glvq_k0_4_k1_6_eta_0003,2,1620,405,0.5747144670050761,0.6875,0.5742971887550201,0.6258205689277899,0.5777777777777777,42,"{0: 4, 1: 6}",150,0.003,[0.33333333 0.33333333 0.33333333],True,True,True,0.4700688856711648,0.4153830793352334,0.1145480349936017,"[1541, 1005, 1476, 1064, 910, 1442, 353, 1359, 297, 978]","[1541, 1005, 1476, 1064]","[910, 1442, 353, 1359, 297, 978]",4,6
m3glvq_k0_4_k1_6_eta_0003,3,1620,405,0.5670838823012736,0.714975845410628,0.5627376425855514,0.6297872340425532,0.5703703703703704,42,"{0: 4, 1: 6}",150,0.003,[0.33333333 0.33333333 0.33333333],True,True,True,0.4396029900840445,0.4319974546819343,0.1283995552340212,"[957, 302, 1492, 14, 1431, 1064, 1008, 370, 1444, 194]","[957, 302, 1492, 14]","[1431, 1064, 1008, 370, 1444, 194]",4,6
m3glvq_k0_4_k1_6_eta_0003,4,1620,405,0.5714756258234519,0.7439613526570048,0.5641025641025641,0.6416666666666667,0.5753086419753086,42,"{0: 4, 1: 6}",150,0.003,[0.33333333 0.33333333 0.33333333],True,True,True,0.36048552268967,0.3239216946621783,0.3155927826481516,"[973, 233, 1053, 804, 34, 1368, 759, 1025, 1389, 1258]","[973, 233, 1053, 804]","[34, 1368, 759, 1025, 1389, 1258]",4,6
m3glvq_k0_4_k1_7_eta_0003,0,1620,405,0.5601449629051152,0.7548076923076923,0.5567375886524822,0.6408163265306123,0.5654320987654321,42,"{0: 4, 1: 7}",150,0.003,[0.33333333 0.33333333 0.33333333],True,True,True,0.5311573723461955,0.3361509704140957,0.1326916572397086,"[983, 1269, 1499, 1106, 463, 745, 1357, 1217, 366, 1155, 668]","[983, 1269, 1499, 1106]","[463, 745, 1357, 1217, 366, 1155, 668]",4,7
m3glvq_k0_4_k1_7_eta_0003,1,1620,405,0.5936645841468177,0.8269230769230769,0.5771812080536913,0.6798418972332017,0.6,42,"{0: 4, 1: 7}",150,0.003,[0.33333333 0.33333333 0.33333333],True,True,True,0.3769215880833073,0.3204451216445093,0.3026332902721835,"[1494, 1543, 294, 445, 1359, 823, 984, 1442, 364, 1349, 1390]","[1494, 1543, 294, 445]","[1359, 823, 984, 1442, 364, 1349, 1390]",4,7
m3glvq_k0_4_k1_7_eta_0003,2,1620,405,0.5652211050370949,0.7548076923076923,0.5607142857142857,0.6434426229508197,0.5703703703703704,42,"{0: 4, 1: 7}",150,0.003,[0.33333333 0.33333333 0.33333333],True,True,True,0.3552992355336497,0.3360198027286052,0.3086809617377451,"[1503, 1548, 1351, 1476, 978, 1239, 1117, 910, 353, 1442, 297]","[1503, 1548, 1351, 1476]","[978, 1239, 1117, 910, 353, 1442, 297]",4,7
m3glvq_k0_4_k1_7_eta_0003,3,1620,405,0.5241545893719807,0.714975845410628,0.5285714285714286,0.6078028747433264,0.528395061728395,42,"{0: 4, 1: 7}",150,0.003,[0.33333333 0.33333333 0.33333333],True,True,True,0.3346065690259489,0.5370080678078373,0.1283853631662138,"[1492, 985, 1214, 14, 1097, 1544, 1554, 194, 682, 867, 165]","[1492, 985, 1214, 14]","[1097, 1544, 1554, 194, 682, 867, 165]",4,7
m3glvq_k0_4_k1_7_eta_0003,4,1620,405,0.572463768115942,0.7004830917874396,0.5686274509803921,0.6277056277056278,0.5753086419753086,42,"{0: 4, 1: 7}",150,0.003,[0.33333333 0.33333333 0.33333333],True,True,True,0.5767130106141001,0.2860944081621532,0.1371925812237467,"[233, 384, 1048, 981, 1025, 834, 242, 759, 1368, 34, 1258]","[233, 384, 1048, 981]","[1025, 834, 242, 759, 1368, 34, 1258]",4,7
m3glvq_k0_4_k1_8_eta_0003,0,1620,405,0.6174590003904725,0.7019230769230769,0.6134453781512605,0.6547085201793722,0.6197530864197531,42,"{0: 4, 1: 8}",150,0.003,[0.33333333 0.33333333 0.33333333],True,True,True,0.5710590239288679,0.2587968047364027,0.1701441713347295,"[254, 386, 1585, 726, 1466, 29, 1357, 668, 745, 1155, 1596, 31]","[254, 386, 1585, 726]","[1466, 29, 1357, 668, 745, 1155, 1596, 31]",4,8
m3glvq_k0_4_k1_8_eta_0003,1,1620,405,0.5550688207731355,0.7548076923076923,0.5528169014084507,0.6382113821138211,0.5604938271604938,42,"{0: 4, 1: 8}",150,0.003,[0.33333333 0.33333333 0.33333333],True,True,True,0.5487743578113103,0.3200864681510656,0.1311391740376239,"[1494, 198, 294, 366, 442, 636, 1390, 1442, 258, 984, 201, 394]","[1494, 198, 294, 366]","[442, 636, 1390, 1442, 258, 984, 201, 394]",4,8
m3glvq_k0_4_k1_8_eta_0003,2,1620,405,0.5422564427957829,0.6682692307692307,0.547244094488189,0.6017316017316018,0.5456790123456791,42,"{0: 4, 1: 8}",150,0.003,[0.33333333 0.33333333 0.33333333],True,True,True,0.5262015884446687,0.3446501333262947,0.1291482782290366,"[1541, 838, 188, 374, 1359, 978, 531, 1139, 1063, 664, 1015, 524]","[1541, 838, 188, 374]","[1359, 978, 531, 1139, 1063, 664, 1015, 524]",4,8
m3glvq_k0_4_k1_8_eta_0003,3,1620,405,0.5469916556873079,0.7101449275362319,0.5464684014869888,0.6176470588235293,0.5506172839506173,42,"{0: 4, 1: 8}",150,0.003,[0.33333333 0.33333333 0.33333333],True,True,True,0.5477043786741626,0.2449812966719499,0.2073143246538876,"[1312, 957, 24, 1492, 1355, 1612, 1008, 856, 849, 1341, 1444, 260]","[1312, 957, 24, 1492]","[1355, 1612, 1008, 856, 849, 1341, 1444, 260]",4,8
m3glvq_k0_4_k1_8_eta_0003,4,1620,405,0.5747694334650857,0.7101449275362319,0.5697674418604651,0.632258064516129,0.5777777777777777,42,"{0: 4, 1: 8}",150,0.003,[0.33333333 0.33333333 0.33333333],True,True,True,0.5701769129636384,0.2617963971756525,0.168026689860709,"[233, 1361, 1104, 188, 759, 1258, 382, 1055, 350, 1477, 1368, 1025]","[233, 1361, 1104, 188]","[759, 1258, 382, 1055, 350, 1477, 1368, 1025]",4,8
m3glvq_k0_4_k1_9_eta_0003,0,1620,405,0.5908824677860212,0.6538461538461539,0.5938864628820961,0.622425629290618,0.5925925925925926,42,"{0: 4, 1: 9}",150,0.003,[0.33333333 0.33333333 0.33333333],True,True,True,0.5749289704705713,0.2774362215059136,0.1476348080235151,"[386, 1352, 1499, 983, 1132, 1217, 957, 1239, 1357, 668, 310, 366, 745]","[386, 1352, 1499, 983]","[1132, 1217, 957, 1239, 1357, 668, 310, 366, 745]",4,9
m3glvq_k0_4_k1_9_eta_0003,1,1620,405,0.5515911753221397,0.7884615384615384,0.5484949832775919,0.6469428007889546,0.5580246913580247,42,"{0: 4, 1: 9}",150,0.003,[0.33333333 0.33333333 0.33333333],True,True,True,0.5774442083633046,0.2708382138871266,0.1517175777495688,"[366, 958, 96, 1494, 442, 394, 232, 644, 145, 1583, 724, 1490, 521]","[366, 958, 96, 1494]","[442, 394, 232, 644, 145, 1583, 724, 1490, 521]",4,9
m3glvq_k0_4_k1_9_eta_0003,2,1620,405,0.5745802420929325,0.6923076923076923,0.5737051792828686,0.6274509803921569,0.5777777777777777,42,"{0: 4, 1: 9}",150,0.003,[0.33333333 0.33333333 0.33333333],True,True,True,0.5013336655091523,0.2879702246670166,0.210696109823831,"[830, 474, 1503, 507, 1117, 1560, 1133, 978, 1421, 353, 1442, 1127, 910]","[830, 474, 1503, 507]","[1117, 1560, 1133, 978, 1421, 353, 1442, 1127, 910]",4,9
m3glvq_k0_4_k1_9_eta_0003,3,1620,405,0.5496267018006149,0.7053140096618358,0.5488721804511278,0.6173361522198731,0.5530864197530864,42,"{0: 4, 1: 9}",150,0.003,[0.33333333 0.33333333 0.33333333],True,True,True,0.5452730657960574,0.3141519797800353,0.1405749544239072,"[1292, 1536, 482, 957, 1146, 25, 1544, 916, 194, 1097, 1444, 1036, 682]","[1292, 1536, 482, 957]","[1146, 25, 1544, 916, 194, 1097, 1444, 1036, 682]",4,9
m3glvq_k0_4_k1_9_eta_0003,4,1620,405,0.580149319279754,0.6956521739130435,0.576,0.6301969365426695,0.582716049382716,42,"{0: 4, 1: 9}",150,0.003,[0.33333333 0.33333333 0.33333333],True,True,True,0.568761227284234,0.2514543441833197,0.1797844285324462,"[384, 775, 1005, 233, 1025, 1175, 238, 49, 350, 1182, 34, 759, 382]","[384, 775, 1005, 233]","[1025, 1175, 238, 49, 350, 1182, 34, 759, 382]",4,9
m3glvq_k0_4_k1_10_eta_0003,0,1620,405,0.5990091761030847,0.8173076923076923,0.5821917808219178,0.6799999999999999,0.6049382716049383,42,"{0: 4, 1: 10}",150,0.003,[0.33333333 0.33333333 0.33333333],True,True,True,0.3754929500872417,0.323423098092245,0.3010839518205132,"[1352, 222, 739, 299, 1472, 1583, 347, 1367, 1217, 668, 1155, 745, 338, 1357]","[1352, 222, 739, 299]","[1472, 1583, 347, 1367, 1217, 668, 1155, 745, 338, 1357]",4,10
m3glvq_k0_4_k1_10_eta_0003,1,1620,405,0.5451849863334635,0.7451923076923077,0.545774647887324,0.6300813008130082,0.5506172839506173,42,"{0: 4, 1: 10}",150,0.003,[0.33333333 0.33333333 0.33333333],True,True,True,0.4580351845441056,0.287809562715154,0.2541552527407404,"[1494, 870, 1073, 1267, 725, 26, 984, 1359, 1596, 1029, 429, 687, 929, 1349]","[1494, 870, 1073, 1267]","[725, 26, 984, 1359, 1596, 1029, 429, 687, 929, 1349]",4,10
m3glvq_k0_4_k1_10_eta_0003,2,1620,405,0.5318235064427959,0.7692307692307693,0.5351170568561873,0.631163708086785,0.5382716049382716,42,"{0: 4, 1: 10}",150,0.003,[0.33333333 0.33333333 0.33333333],True,True,True,0.5411059006034483,0.326578977316467,0.1323151220800846,"[1503, 474, 374, 1247, 1007, 1139, 212, 1359, 1361, 1392, 1442, 531, 1059, 978]","[1503, 474, 374, 1247]","[1007, 1139, 212, 1359, 1361, 1392, 1442, 531, 1059, 978]",4,10
m3glvq_k0_4_k1_10_eta_0003,3,1620,405,0.5234958278436539,0.7439613526570048,0.5273972602739726,0.6172344689378758,0.528395061728395,42,"{0: 4, 1: 10}",150,0.003,[0.33333333 0.33333333 0.33333333],True,True,True,0.5724133135480213,0.2791659169303999,0.1484207695215788,"[1492, 14, 24, 302, 67, 682, 817, 1194, 701, 1099, 763, 1320, 433, 1444]","[1492, 14, 24, 302]","[67, 682, 817, 1194, 701, 1099, 763, 1320, 433, 1444]",4,10
m3glvq_k0_4_k1_10_eta_0003,4,1620,405,0.5288757136583224,0.7294685990338164,0.5316901408450704,0.615071283095723,0.5333333333333333,42,"{0: 4, 1: 10}",150,0.003,[0.33333333 0.33333333 0.33333333],True,True,True,0.563935028991944,0.3048752222313475,0.1311897487767084,"[1048, 1005, 384, 233, 34, 1443, 207, 49, 1238, 1182, 681, 31, 376, 759]","[1048, 1005, 384, 233]","[34, 1443, 207, 49, 1238, 1182, 681, 31, 376, 759]",4,10
m3glvq_k0_5_k1_3_eta_0003,0,1620,405,0.5429641741507224,0.3701923076923077,0.5789473684210527,0.4516129032258065,0.5382716049382716,42,"{0: 5, 1: 3}",150,0.003,[0.33333333 0.33333333 0.33333333],True,True,True,0.5738419342053166,0.2178501985485763,0.2083078672461071,"[726, 1426, 1358, 494, 983, 627, 1447, 1398]","[726, 1426, 1358, 494, 983]","[627, 1447, 1398]",5,3
m3glvq_k0_5_k1_3_eta_0003,1,1620,405,0.5533605037094884,0.5432692307692307,0.5678391959798995,0.5552825552825553,0.5530864197530864,42,"{0: 5, 1: 3}",150,0.003,[0.33333333 0.33333333 0.33333333],True,True,True,0.5726629808186329,0.2481108767801824,0.1792261424011846,"[1015, 198, 870, 366, 1494, 1442, 692, 201]","[1015, 198, 870, 366, 1494]","[1442, 692, 201]",5,3
m3glvq_k0_5_k1_3_eta_0003,2,1620,405,0.5934083365872707,0.7451923076923077,0.5849056603773585,0.6553911205073997,0.5975308641975309,42,"{0: 5, 1: 3}",150,0.003,[0.33333333 0.33333333 0.33333333],True,True,True,0.3467471992867816,0.3367243473077052,0.3165284534055133,"[1503, 294, 150, 1351, 1548, 1442, 698, 978]","[1503, 294, 150, 1351, 1548]","[1442, 698, 978]",5,3
m3glvq_k0_5_k1_3_eta_0003,3,1620,405,0.4801273605621431,0.429951690821256,0.489010989010989,0.4575835475578406,0.4790123456790123,42,"{0: 5, 1: 3}",150,0.003,[0.33333333 0.33333333 0.33333333],True,True,True,0.2081928627275217,0.573447948679075,0.2183591885934032,"[1241, 1039, 1492, 482, 631, 194, 817, 231]","[1241, 1039, 1492, 482, 631]","[194, 817, 231]",5,3
m3glvq_k0_5_k1_3_eta_0003,4,1620,405,0.5856389986824769,0.6763285024154589,0.5833333333333334,0.6263982102908278,0.5876543209876544,42,"{0: 5, 1: 3}",150,0.003,[0.33333333 0.33333333 0.33333333],True,True,True,0.4412757121235727,0.3563542673195535,0.2023700205568737,"[616, 1583, 740, 467, 973, 1258, 759, 1025]","[616, 1583, 740, 467, 973]","[1258, 759, 1025]",5,3
m3glvq_k0_5_k1_4_eta_0003,0,1620,405,0.5796563842249122,0.6923076923076923,0.5783132530120482,0.6301969365426696,0.582716049382716,42,"{0: 5, 1: 4}",150,0.003,[0.33333333 0.33333333 0.33333333],True,True,True,0.3543396802527118,0.3282646055537188,0.3173957141935693,"[1358, 171, 1537, 1058, 299, 668, 1447, 1398, 462]","[1358, 171, 1537, 1058, 299]","[668, 1447, 1398, 462]",5,4
m3glvq_k0_5_k1_4_eta_0003,1,1620,405,0.5877952948067161,0.7644230769230769,0.5781818181818181,0.6583850931677018,0.5925925925925926,42,"{0: 5, 1: 4}",150,0.003,[0.33333333 0.33333333 0.33333333],True,True,True,0.3535368161493313,0.3290425788341889,0.3174206050164799,"[1494, 1386, 25, 1543, 958, 1390, 1349, 984, 1442]","[1494, 1386, 25, 1543, 958]","[1390, 1349, 984, 1442]",5,4
m3glvq_k0_5_k1_4_eta_0003,2,1620,405,0.5691258297540023,0.5240384615384616,0.5891891891891892,0.5547073791348601,0.5679012345679012,42,"{0: 5, 1: 4}",150,0.003,[0.33333333 0.33333333 0.33333333],True,True,True,0.5582381124979603,0.2495151378411259,0.1922467496609138,"[1503, 248, 1247, 1005, 400, 978, 1359, 1015, 1442]","[1503, 248, 1247, 1005, 400]","[978, 1359, 1015, 1442]",5,4
m3glvq_k0_5_k1_4_eta_0003,3,1620,405,0.5079051383399209,0.5410628019323671,0.5185185185185185,0.529550827423168,0.508641975308642,42,"{0: 5, 1: 4}",150,0.003,[0.33333333 0.33333333 0.33333333],True,True,True,0.3204689008447564,0.5493568884517963,0.1301742107034472,"[1492, 985, 1241, 482, 24, 231, 682, 194, 840]","[1492, 985, 1241, 482, 24]","[231, 682, 194, 840]",5,4
m3glvq_k0_5_k1_4_eta_0003,4,1620,405,0.5357927097057532,0.4251207729468599,0.5569620253164557,0.4821917808219177,0.5333333333333333,42,"{0: 5, 1: 4}",150,0.003,[0.33333333 0.33333333 0.33333333],True,True,True,0.5721276784521195,0.2769767111470955,0.1508956104007851,"[534, 384, 1053, 233, 973, 268, 759, 1025, 631]","[534, 384, 1053, 233, 973]","[268, 759, 1025, 631]",5,4
m3glvq_k0_5_k1_5_eta_0003,0,1620,405,0.5817917805544709,0.7067307692307693,0.5787401574803149,0.6363636363636364,0.5851851851851851,42,"{0: 5, 1: 5}",150,0.003,[0.33333333 0.33333333 0.33333333],True,True,True,0.5653301445306745,0.2973285261759619,0.1373413292933634,"[1333, 739, 494, 299, 222, 1217, 1447, 462, 1398, 630]","[1333, 739, 494, 299, 222]","[1217, 1447, 462, 1398, 630]",5,5
m3glvq_k0_5_k1_5_eta_0003,1,1620,405,0.5314330339711051,0.6923076923076923,0.5373134328358209,0.6050420168067226,0.5358024691358024,42,"{0: 5, 1: 5}",150,0.003,[0.33333333 0.33333333 0.33333333],True,True,True,0.2146519799541432,0.5740462597268493,0.2113017603190075,"[366, 1494, 597, 294, 620, 201, 1433, 734, 520, 1442]","[366, 1494, 597, 294, 620]","[201, 1433, 734, 520, 1442]",5,5
m3glvq_k0_5_k1_5_eta_0003,2,1620,405,0.595165462709879,0.5913461538461539,0.6089108910891089,0.6,0.5950617283950618,42,"{0: 5, 1: 5}",150,0.003,[0.33333333 0.33333333 0.33333333],True,True,True,0.5662553553214863,0.2345275243582084,0.1992171203203052,"[188, 1476, 320, 1503, 830, 962, 1392, 978, 1442, 910]","[188, 1476, 320, 1503, 830]","[962, 1392, 978, 1442, 910]",5,5
m3glvq_k0_5_k1_5_eta_0003,3,1620,405,0.4694773825208608,0.4541062801932367,0.4795918367346938,0.466501240694789,0.4691358024691358,42,"{0: 5, 1: 5}",150,0.003,[0.33333333 0.33333333 0.33333333],True,True,True,0.3495667343597599,0.5234306993293619,0.1270025663108781,"[24, 619, 412, 985, 957, 194, 165, 682, 1444, 771]","[24, 619, 412, 985, 957]","[194, 165, 682, 1444, 771]",5,5
m3glvq_k0_5_k1_5_eta_0003,4,1620,405,0.516798418972332,0.4830917874396135,0.5291005291005291,0.5050505050505051,0.5160493827160494,42,"{0: 5, 1: 5}",150,0.003,[0.33333333 0.33333333 0.33333333],True,True,True,0.5708446460707505,0.276829395427378,0.1523259585018715,"[1005, 786, 384, 403, 973, 759, 207, 631, 766, 1025]","[1005, 786, 384, 403, 973]","[759, 207, 631, 766, 1025]",5,5
m3glvq_k0_5_k1_6_eta_0003,0,1620,405,0.6147989066770793,0.6153846153846154,0.6274509803921569,0.6213592233009709,0.6148148148148148,42,"{0: 5, 1: 6}",150,0.003,[0.33333333 0.33333333 0.33333333],True,True,True,0.5708278048895471,0.2279637872662734,0.2012084078441794,"[1348, 1499, 477, 983, 494, 15, 1398, 668, 1357, 1447, 1132]","[1348, 1499, 477, 983, 494]","[15, 1398, 668, 1357, 1447, 1132]",5,6
m3glvq_k0_5_k1_6_eta_0003,1,1620,405,0.5967395548613823,0.8076923076923077,0.5813148788927336,0.676056338028169,0.6024691358024692,42,"{0: 5, 1: 6}",150,0.003,[0.33333333 0.33333333 0.33333333],True,True,True,0.3557629727081253,0.333654149371565,0.3105828779203097,"[1494, 294, 25, 1386, 1543, 1349, 1390, 1359, 1442, 364, 984]","[1494, 294, 25, 1386, 1543]","[1349, 1390, 1359, 1442, 364, 984]",5,6
m3glvq_k0_5_k1_6_eta_0003,2,1620,405,0.5403894962905116,0.6442307692307693,0.5469387755102041,0.5916114790286976,0.5432098765432098,42,"{0: 5, 1: 6}",150,0.003,[0.33333333 0.33333333 0.33333333],True,True,True,0.5594600178005801,0.2601094819682366,0.1804305002311834,"[1005, 1247, 1503, 1243, 1471, 978, 1127, 353, 1427, 285, 1442]","[1005, 1247, 1503, 1243, 1471]","[978, 1127, 353, 1427, 285, 1442]",5,6
m3glvq_k0_5_k1_6_eta_0003,3,1620,405,0.5338164251207729,0.6231884057971014,0.5397489539748954,0.57847533632287,0.5358024691358024,42,"{0: 5, 1: 6}",150,0.003,[0.33333333 0.33333333 0.33333333],True,True,True,0.5747131679902723,0.273710503882098,0.1515763281276296,"[1492, 482, 959, 957, 1039, 817, 682, 507, 1003, 1146, 763]","[1492, 482, 959, 957, 1039]","[817, 682, 507, 1003, 1146, 763]",5,6
m3glvq_k0_5_k1_6_eta_0003,4,1620,405,0.5869565217391304,0.6183574879227053,0.5925925925925926,0.6052009456264775,0.5876543209876544,42,"{0: 5, 1: 6}",150,0.003,[0.33333333 0.33333333 0.33333333],True,True,True,0.5748897408942963,0.2848443261607931,0.1402659329449105,"[1005, 384, 973, 233, 202, 207, 759, 1025, 171, 349, 1368]","[1005, 384, 973, 233, 202]","[207, 759, 1025, 171, 349, 1368]",5,6
m3glvq_k0_5_k1_7_eta_0003,0,1620,405,0.5330559351815697,0.5432692307692307,0.5458937198067633,0.5445783132530121,0.5333333333333333,42,"{0: 5, 1: 7}",150,0.003,[0.33333333 0.33333333 0.33333333],True,True,True,0.5742332845426802,0.2201479792838724,0.2056187361734474,"[511, 386, 422, 1499, 956, 65, 218, 1447, 668, 178, 366, 194]","[511, 386, 422, 1499, 956]","[65, 218, 1447, 668, 178, 366, 194]",5,7
m3glvq_k0_5_k1_7_eta_0003,1,1620,405,0.5200971300273332,0.5528846153846154,0.5324074074074074,0.5424528301886793,0.5209876543209877,42,"{0: 5, 1: 7}",150,0.003,[0.33333333 0.33333333 0.33333333],True,True,True,0.5619691277688663,0.2936478144232147,0.1443830578079188,"[1229, 1299, 198, 366, 25, 78, 1431, 359, 201, 442, 725, 148]","[1229, 1299, 198, 366, 25]","[78, 1431, 359, 201, 442, 725, 148]",5,7
m3glvq_k0_5_k1_7_eta_0003,2,1620,405,0.574311792268645,0.7019230769230769,0.5725490196078431,0.630669546436285,0.5777777777777777,42,"{0: 5, 1: 7}",150,0.003,[0.33333333 0.33333333 0.33333333],True,True,True,0.3827075531641119,0.336536768265234,0.2807556785706539,"[1503, 830, 474, 294, 1005, 1421, 1359, 353, 723, 1063, 910, 978]","[1503, 830, 474, 294, 1005]","[1421, 1359, 353, 723, 1063, 910, 978]",5,7
m3glvq_k0_5_k1_7_eta_0003,3,1620,405,0.4872639437856829,0.6714975845410628,0.5018050541516246,0.5743801652892563,0.491358024691358,42,"{0: 5, 1: 7}",150,0.003,[0.33333333 0.33333333 0.33333333],True,True,True,0.2275290012630152,0.5753702402460908,0.1971007584908939,"[302, 1492, 1241, 656, 482, 771, 763, 1003, 143, 682, 632, 1489]","[302, 1492, 1241, 656, 482]","[771, 763, 1003, 143, 682, 632, 1489]",5,7
m3glvq_k0_5_k1_7_eta_0003,4,1620,405,0.5614844093104963,0.6280193236714976,0.5652173913043478,0.5949656750572082,0.562962962962963,42,"{0: 5, 1: 7}",150,0.003,[0.33333333 0.33333333 0.33333333],True,True,True,0.5462293019722831,0.3252556187509494,0.1285150792767675,"[740, 1225, 102, 384, 1005, 151, 1025, 971, 1368, 834, 1364, 242]","[740, 1225, 102, 384, 1005]","[151, 1025, 971, 1368, 834, 1364, 242]",5,7
m3glvq_k0_5_k1_8_eta_0003,0,1620,405,0.5059303006638032,0.6057692307692307,0.5185185185185185,0.5587583148558758,0.508641975308642,42,"{0: 5, 1: 8}",150,0.003,[0.33333333 0.33333333 0.33333333],True,True,True,0.5770413388563564,0.261643293838555,0.1613153673050885,"[1352, 386, 983, 422, 1499, 381, 366, 668, 1139, 178, 194, 1463, 29]","[1352, 386, 983, 422, 1499]","[381, 366, 668, 1139, 178, 194, 1463, 29]",5,8
m3glvq_k0_5_k1_8_eta_0003,1,1620,405,0.5986065013666537,0.8317307692307693,0.5805369127516778,0.6837944664031621,0.6049382716049383,42,"{0: 5, 1: 8}",150,0.003,[0.33333333 0.33333333 0.33333333],True,True,True,0.360061436726151,0.3252242523383474,0.3147143109355015,"[1543, 25, 517, 294, 1494, 1390, 233, 1442, 364, 51, 1349, 984, 1359]","[1543, 25, 517, 294, 1494]","[1390, 233, 1442, 364, 51, 1349, 984, 1359]",5,8
m3glvq_k0_5_k1_8_eta_0003,2,1620,405,0.5684303006638032,0.7307692307692307,0.5650557620817844,0.6373165618448636,0.5728395061728395,42,"{0: 5, 1: 8}",150,0.003,[0.33333333 0.33333333 0.33333333],True,True,True,0.3748393388774985,0.3480302976421914,0.2771303634803101,"[188, 1351, 1503, 1145, 1247, 1127, 353, 910, 1359, 978, 1577, 230, 1442]","[188, 1351, 1503, 1145, 1247]","[1127, 353, 910, 1359, 978, 1577, 230, 1442]",5,8
m3glvq_k0_5_k1_8_eta_0003,3,1620,405,0.532389108476065,0.5748792270531401,0.5409090909090909,0.5573770491803278,0.5333333333333333,42,"{0: 5, 1: 8}",150,0.003,[0.33333333 0.33333333 0.33333333],True,True,True,0.5141280755200639,0.3577626072742902,0.1281093172056458,"[619, 1104, 1039, 179, 1422, 817, 1097, 1003, 1444, 682, 763, 632, 1544]","[619, 1104, 1039, 179, 1422]","[817, 1097, 1003, 1444, 682, 763, 632, 1544]",5,8
m3glvq_k0_5_k1_8_eta_0003,4,1620,405,0.5875054896794027,0.7053140096618358,0.5816733067729084,0.6375545851528386,0.5901234567901235,42,"{0: 5, 1: 8}",150,0.003,[0.33333333 0.33333333 0.33333333],True,True,True,0.5706169731180296,0.2692507957432539,0.1601322311387165,"[616, 1118, 1053, 775, 233, 336, 1368, 350, 31, 1380, 1404, 382, 1025]","[616, 1118, 1053, 775, 233]","[336, 1368, 350, 31, 1380, 1404, 382, 1025]",5,8
m3glvq_k0_5_k1_9_eta_0003,0,1620,405,0.5271622413119875,0.6634615384615384,0.5348837209302325,0.592274678111588,0.5308641975308642,42,"{0: 5, 1: 9}",150,0.003,[0.33333333 0.33333333 0.33333333],True,True,True,0.5320933591921249,0.3354365989591106,0.1324700418487645,"[299, 1200, 386, 1352, 1537, 366, 178, 463, 228, 1083, 29, 194, 668, 852]","[299, 1200, 386, 1352, 1537]","[366, 178, 463, 228, 1083, 29, 194, 668, 852]",5,9
m3glvq_k0_5_k1_9_eta_0003,1,1620,405,0.5429153650917611,0.7355769230769231,0.5444839857651246,0.6257668711656442,0.5481481481481482,42,"{0: 5, 1: 9}",150,0.003,[0.33333333 0.33333333 0.33333333],True,True,True,0.5738192698794812,0.2304430262687322,0.1957377038517864,"[198, 366, 294, 1494, 398, 442, 1022, 1583, 644, 521, 145, 1490, 526, 1377]","[198, 366, 294, 1494, 398]","[442, 1022, 1583, 644, 521, 145, 1490, 526, 1377]",5,9
m3glvq_k0_5_k1_9_eta_0003,2,1620,405,0.5645621827411167,0.6875,0.5652173913043478,0.6203904555314533,0.5679012345679012,42,"{0: 5, 1: 9}",150,0.003,[0.33333333 0.33333333 0.33333333],True,True,True,0.5131924956640536,0.3625315010016968,0.1242760033342495,"[1064, 374, 188, 1541, 1247, 730, 1442, 1007, 978, 1359, 230, 297, 910, 353]","[1064, 374, 188, 1541, 1247]","[730, 1442, 1007, 978, 1359, 230, 297, 910, 353]",5,9
m3glvq_k0_5_k1_9_eta_0003,3,1620,405,0.5045015371102327,0.6908212560386473,0.5143884892086331,0.5896907216494846,0.508641975308642,42,"{0: 5, 1: 9}",150,0.003,[0.33333333 0.33333333 0.33333333],True,True,True,0.2999416646089889,0.5689305630773663,0.1311277723136448,"[482, 957, 476, 1586, 357, 1403, 50, 1097, 1008, 916, 194, 632, 1544, 218]","[482, 957, 476, 1586, 357]","[1403, 50, 1097, 1008, 916, 194, 632, 1544, 218]",5,9
m3glvq_k0_5_k1_9_eta_0003,4,1620,405,0.560935441370224,0.6521739130434783,0.5625,0.6040268456375839,0.562962962962963,42,"{0: 5, 1: 9}",150,0.003,[0.33333333 0.33333333 0.33333333],True,True,True,0.5690146011105244,0.2379138496934738,0.1930715491960019,"[1327, 403, 740, 384, 775, 1364, 49, 757, 758, 151, 681, 759, 285, 674]","[1327, 403, 740, 384, 775]","[1364, 49, 757, 758, 151, 681, 759, 285, 674]",5,9
m3glvq_k0_5_k1_10_eta_0003,0,1620,405,0.597276454509957,0.7884615384615384,0.5836298932384342,0.6707566462167689,0.6024691358024692,42,"{0: 5, 1: 10}",150,0.003,[0.33333333 0.33333333 0.33333333],True,True,True,0.3986645227398838,0.3270771023526409,0.2742583749074754,"[1499, 1352, 739, 1358, 983, 1447, 1217, 352, 1083, 753, 229, 668, 1357, 347, 852]","[1499, 1352, 739, 1358, 983]","[1447, 1217, 352, 1083, 753, 229, 668, 1357, 347, 852]",5,10
m3glvq_k0_5_k1_10_eta_0003,1,1620,405,0.5151430105427567,0.6394230769230769,0.525691699604743,0.5770065075921909,0.5185185185185185,42,"{0: 5, 1: 10}",150,0.003,[0.33333333 0.33333333 0.33333333],True,True,True,0.5366620625460843,0.336817371351404,0.1265205661025117,"[1299, 741, 1119, 366, 210, 520, 623, 442, 1029, 1523, 145, 78, 951, 887, 1074]","[1299, 741, 1119, 366, 210]","[520, 623, 442, 1029, 1523, 145, 78, 951, 887, 1074]",5,10
m3glvq_k0_5_k1_10_eta_0003,2,1620,405,0.5442698164779383,0.5961538461538461,0.5535714285714286,0.5740740740740741,0.5456790123456791,42,"{0: 5, 1: 10}",150,0.003,[0.33333333 0.33333333 0.33333333],True,True,True,0.5719162909452323,0.2691182462651211,0.1589654627896466,"[188, 549, 1503, 1476, 830, 230, 417, 1127, 978, 1059, 353, 1117, 698, 1577, 1442]","[188, 549, 1503, 1476, 830]","[230, 417, 1127, 978, 1059, 353, 1117, 698, 1577, 1442]",5,10
m3glvq_k0_5_k1_10_eta_0003,3,1620,405,0.4906675450153711,0.6328502415458938,0.5038461538461538,0.5610278372591007,0.4938271604938271,42,"{0: 5, 1: 10}",150,0.003,[0.33333333 0.33333333 0.33333333],True,True,True,0.4053824839411203,0.4684673076101899,0.1261502084486898,"[985, 476, 631, 482, 1241, 1003, 1560, 50, 1194, 1544, 1159, 682, 1097, 194, 67]","[985, 476, 631, 482, 1241]","[1003, 1560, 50, 1194, 1544, 1159, 682, 1097, 194, 67]",5,10
m3glvq_k0_5_k1_10_eta_0003,4,1620,405,0.5819060166886254,0.8405797101449275,0.564935064935065,0.6757281553398059,0.5876543209876544,42,"{0: 5, 1: 10}",150,0.003,[0.33333333 0.33333333 0.33333333],True,True,True,0.4237527909712846,0.3015190278634136,0.2747281811653018,"[1327, 804, 754, 1048, 233, 681, 759, 1258, 1055, 1368, 34, 382, 350, 152, 31]","[1327, 804, 754, 1048, 233]","[681, 759, 1258, 1055, 1368, 34, 382, 350, 152, 31]",5,10
m3glvq_k0_6_k1_3_eta_0003,0,1620,405,0.5850009761811792,0.6826923076923077,0.5843621399176955,0.6297117516629712,0.5876543209876544,42,"{0: 6, 1: 3}",150,0.003,[0.33333333 0.33333333 0.33333333],True,True,True,0.3607505180833024,0.3232468017336016,0.3160026801830959,"[1358, 1499, 739, 1333, 299, 1269, 630, 1398, 1447]","[1358, 1499, 739, 1333, 299, 1269]","[630, 1398, 1447]",6,3
m3glvq_k0_6_k1_3_eta_0003,1,1620,405,0.5531042561499415,0.4615384615384615,0.5783132530120482,0.5133689839572193,0.5506172839506173,42,"{0: 6, 1: 3}",150,0.003,[0.33333333 0.33333333 0.33333333],True,True,True,0.3458866884518813,0.5294601534095189,0.1246531581385997,"[366, 1299, 470, 1055, 206, 1229, 692, 725, 201]","[366, 1299, 470, 1055, 206, 1229]","[692, 725, 201]",6,3
m3glvq_k0_6_k1_3_eta_0003,2,1620,405,0.5604378172588833,0.5625,0.5735294117647058,0.5679611650485437,0.5604938271604938,42,"{0: 6, 1: 3}",150,0.003,[0.33333333 0.33333333 0.33333333],True,True,True,0.4924310256894692,0.2896932082977331,0.2178757660127976,"[993, 1243, 1080, 830, 747, 516, 87, 1392, 1442]","[993, 1243, 1080, 830, 747, 516]","[87, 1392, 1442]",6,3
m3glvq_k0_6_k1_3_eta_0003,3,1620,405,0.5777338603425559,0.6908212560386473,0.5742971887550201,0.6271929824561403,0.5802469135802469,42,"{0: 6, 1: 3}",150,0.003,[0.33333333 0.33333333 0.33333333],True,True,True,0.4280858812759078,0.3140058348070068,0.2579082839170852,"[1492, 948, 1252, 24, 302, 1542, 1444, 682, 1355]","[1492, 948, 1252, 24, 302, 1542]","[1444, 682, 1355]",6,3
m3glvq_k0_6_k1_3_eta_0003,4,1620,405,0.5864075537988581,0.7536231884057971,0.5756457564575646,0.6527196652719666,0.5901234567901235,42,"{0: 6, 1: 3}",150,0.003,[0.33333333 0.33333333 0.33333333],True,True,True,0.3899360670175921,0.3477447391454973,0.2623191938369104,"[1053, 740, 1101, 623, 1243, 1545, 1025, 1258, 759]","[1053, 740, 1101, 623, 1243, 1545]","[1025, 1258, 759]",6,3
m3glvq_k0_6_k1_4_eta_0003,0,1620,405,0.588771475985943,0.4567307692307692,0.6333333333333333,0.5307262569832403,0.5851851851851851,42,"{0: 6, 1: 4}",150,0.003,[0.33333333 0.33333333 0.33333333],True,True,True,0.5469411921781518,0.3228275201058089,0.1302312877160393,"[1352, 1537, 1414, 615, 1348, 299, 1139, 366, 1447, 668]","[1352, 1537, 1414, 615, 1348, 299]","[1139, 366, 1447, 668]",6,4
m3glvq_k0_6_k1_4_eta_0003,1,1620,405,0.5512373096446701,0.4375,0.5796178343949044,0.4986301369863014,0.5481481481481482,42,"{0: 6, 1: 4}",150,0.003,[0.33333333 0.33333333 0.33333333],True,True,True,0.4030441847500438,0.4692589218288116,0.1276968934211445,"[294, 210, 198, 1203, 1229, 366, 201, 1442, 644, 1431]","[294, 210, 198, 1203, 1229, 366]","[201, 1442, 644, 1431]",6,4
m3glvq_k0_6_k1_4_eta_0003,2,1620,405,0.5476254392815306,0.4759615384615384,0.5689655172413793,0.518324607329843,0.5456790123456791,42,"{0: 6, 1: 4}",150,0.003,[0.33333333 0.33333333 0.33333333],True,True,True,0.57066706826809,0.2578702682514632,0.1714626634804466,"[701, 1503, 1328, 1005, 1243, 23, 978, 186, 1431, 1442]","[701, 1503, 1328, 1005, 1243, 23]","[978, 186, 1431, 1442]",6,4
m3glvq_k0_6_k1_4_eta_0003,3,1620,405,0.5377689942907334,0.4492753623188406,0.5568862275449101,0.4973262032085561,0.5358024691358024,42,"{0: 6, 1: 4}",150,0.003,[0.33333333 0.33333333 0.33333333],True,True,True,0.5129645870468175,0.3593429152767065,0.1276924976764759,"[631, 482, 1059, 302, 1241, 1492, 840, 194, 682, 1444]","[631, 482, 1059, 302, 1241, 1492]","[840, 194, 682, 1444]",6,4
m3glvq_k0_6_k1_4_eta_0003,4,1620,405,0.547979797979798,0.4444444444444444,0.5714285714285714,0.5,0.5456790123456791,42,"{0: 6, 1: 4}",150,0.003,[0.33333333 0.33333333 0.33333333],True,True,True,0.5040507431947296,0.3711535511368167,0.1247957056684536,"[1053, 775, 1104, 740, 617, 754, 207, 1443, 1025, 759]","[1053, 775, 1104, 740, 617, 754]","[207, 1443, 1025, 759]",6,4
m3glvq_k0_6_k1_5_eta_0003,0,1620,405,0.5234405505661851,0.5240384615384616,0.5369458128078818,0.5304136253041363,0.5234567901234568,42,"{0: 6, 1: 5}",150,0.003,[0.33333333 0.33333333 0.33333333],True,True,True,0.5751714528001223,0.2406453205189063,0.1841832266809713,"[983, 1358, 422, 1135, 1499, 1352, 194, 164, 668, 1398, 1447]","[983, 1358, 422, 1135, 1499, 1352]","[194, 164, 668, 1398, 1447]",6,5
m3glvq_k0_6_k1_5_eta_0003,1,1620,405,0.5382540999609527,0.6298076923076923,0.5458333333333333,0.5848214285714285,0.5407407407407407,42,"{0: 6, 1: 5}",150,0.003,[0.33333333 0.33333333 0.33333333],True,True,True,0.5727728601115534,0.2657871435161749,0.1614399963722718,"[366, 198, 1494, 25, 294, 398, 520, 201, 1442, 734, 1433]","[366, 198, 1494, 25, 294, 398]","[520, 201, 1442, 734, 1433]",6,5
m3glvq_k0_6_k1_5_eta_0003,2,1620,405,0.5601693674345958,0.5721153846153846,0.5721153846153846,0.5721153846153846,0.5604938271604938,42,"{0: 6, 1: 5}",150,0.003,[0.33333333 0.33333333 0.33333333],True,True,True,0.5628980214266412,0.2536583640438419,0.1834436145295168,"[830, 1080, 743, 636, 1476, 474, 1392, 1442, 1067, 183, 87]","[830, 1080, 743, 636, 1476, 474]","[1392, 1442, 1067, 183, 87]",6,5
m3glvq_k0_6_k1_5_eta_0003,3,1620,405,0.5408432147562583,0.5362318840579711,0.5522388059701493,0.5441176470588235,0.5407407407407407,42,"{0: 6, 1: 5}",150,0.003,[0.33333333 0.33333333 0.33333333],True,True,True,0.5695078381860451,0.2603425501481038,0.1701496116658509,"[1536, 1039, 1514, 1059, 97, 482, 1146, 682, 1003, 840, 763]","[1536, 1039, 1514, 1059, 97, 482]","[1146, 682, 1003, 840, 763]",6,5
m3glvq_k0_6_k1_5_eta_0003,4,1620,405,0.5944224857268335,0.6231884057971014,0.6,0.6113744075829384,0.5950617283950618,42,"{0: 6, 1: 5}",150,0.003,[0.33333333 0.33333333 0.33333333],True,True,True,0.529933502672116,0.3005445631458106,0.1695219341820734,"[233, 1361, 1104, 1583, 1048, 775, 974, 1258, 1368, 759, 1025]","[233, 1361, 1104, 1583, 1048, 775]","[974, 1258, 1368, 759, 1025]",6,5
m3glvq_k0_6_k1_6_eta_0003,0,1620,405,0.5275771183131589,0.5576923076923077,0.5395348837209303,0.5484633569739954,0.528395061728395,42,"{0: 6, 1: 6}",150,0.003,[0.33333333 0.33333333 0.33333333],True,True,True,0.5743560319952644,0.2510452718075203,0.1745986961972152,"[1352, 386, 1005, 1499, 531, 299, 1095, 805, 1447, 668, 164, 194]","[1352, 386, 1005, 1499, 531, 299]","[1095, 805, 1447, 668, 164, 194]",6,6
m3glvq_k0_6_k1_6_eta_0003,1,1620,405,0.5305300663803202,0.4519230769230769,0.5497076023391813,0.496042216358839,0.528395061728395,42,"{0: 6, 1: 6}",150,0.003,[0.33333333 0.33333333 0.33333333],True,True,True,0.5345221293127022,0.327711786638019,0.1377660840492789,"[489, 366, 294, 1229, 555, 198, 984, 359, 1078, 201, 725, 1461]","[489, 366, 294, 1229, 555, 198]","[984, 359, 1078, 201, 725, 1461]",6,6
m3glvq_k0_6_k1_6_eta_0003,2,1620,405,0.5912851425224521,0.6394230769230769,0.5964125560538116,0.6171693735498839,0.5925925925925926,42,"{0: 6, 1: 6}",150,0.003,[0.33333333 0.33333333 0.33333333],True,True,True,0.5750988380881633,0.2609463743683242,0.1639547875435125,"[1503, 1471, 374, 1005, 1347, 1247, 1127, 1442, 962, 978, 1520, 136]","[1503, 1471, 374, 1005, 1347, 1247]","[1127, 1442, 962, 978, 1520, 136]",6,6
m3glvq_k0_6_k1_6_eta_0003,3,1620,405,0.5598375054896794,0.7004830917874396,0.5576923076923077,0.6209850107066381,0.562962962962963,42,"{0: 6, 1: 6}",150,0.003,[0.33333333 0.33333333 0.33333333],True,True,True,0.4026686127386616,0.289463917291982,0.3078674699693563,"[158, 24, 1492, 957, 871, 985, 1146, 356, 260, 1084, 1008, 1444]","[158, 24, 1492, 957, 871, 985]","[1146, 356, 260, 1084, 1008, 1444]",6,6
m3glvq_k0_6_k1_6_eta_0003,4,1620,405,0.5801493192797541,0.5845410628019324,0.5902439024390244,0.587378640776699,0.5802469135802469,42,"{0: 6, 1: 6}",150,0.003,[0.33333333 0.33333333 0.33333333],True,True,True,0.5710881747778704,0.2620972812562906,0.166814543965839,"[202, 1053, 233, 734, 973, 384, 1025, 207, 1368, 349, 759, 1258]","[202, 1053, 233, 734, 973, 384]","[1025, 207, 1368, 349, 759, 1258]",6,6
m3glvq_k0_6_k1_7_eta_0003,0,1620,405,0.5345080046856697,0.6730769230769231,0.5405405405405406,0.5995717344753747,0.5382716049382716,42,"{0: 6, 1: 7}",150,0.003,[0.33333333 0.33333333 0.33333333],True,True,True,0.573985410853632,0.242914910907023,0.1830996782393451,"[299, 739, 386, 1499, 1106, 1269, 164, 668, 463, 1447, 1572, 1398, 194]","[299, 739, 386, 1499, 1106, 1269]","[164, 668, 463, 1447, 1572, 1398, 194]",6,7
m3glvq_k0_6_k1_7_eta_0003,1,1620,405,0.5442698164779383,0.5961538461538461,0.5535714285714286,0.5740740740740741,0.5456790123456791,42,"{0: 6, 1: 7}",150,0.003,[0.33333333 0.33333333 0.33333333],True,True,True,0.5715834577070933,0.2800419853087006,0.1483745569842059,"[398, 1494, 470, 366, 294, 187, 984, 1442, 1399, 233, 442, 1022, 724]","[398, 1494, 470, 366, 294, 187]","[984, 1442, 1399, 233, 442, 1022, 724]",6,7
m3glvq_k0_6_k1_7_eta_0003,2,1620,405,0.5317136860601328,0.5913461538461539,0.5418502202643172,0.5655172413793105,0.5333333333333333,42,"{0: 6, 1: 7}",150,0.003,[0.33333333 0.33333333 0.33333333],True,True,True,0.5751220270983362,0.2709734878620086,0.1539044850396552,"[1005, 1476, 955, 320, 549, 248, 527, 448, 1431, 1472, 76, 1556, 1302]","[1005, 1476, 955, 320, 549, 248]","[527, 448, 1431, 1472, 76, 1556, 1302]",6,7
m3glvq_k0_6_k1_7_eta_0003,3,1620,405,0.5364514712340799,0.6183574879227053,0.5423728813559322,0.5778781038374717,0.5382716049382716,42,"{0: 6, 1: 7}",150,0.003,[0.33333333 0.33333333 0.33333333],True,True,True,0.5530512258094877,0.2981774591444397,0.1487713150460723,"[1536, 957, 407, 302, 24, 482, 50, 682, 143, 176, 231, 194, 1159]","[1536, 957, 407, 302, 24, 482]","[50, 682, 143, 176, 231, 194, 1159]",6,7
m3glvq_k0_6_k1_7_eta_0003,4,1620,405,0.5834431269213878,0.6618357487922706,0.5829787234042553,0.6199095022624435,0.5851851851851851,42,"{0: 6, 1: 7}",150,0.003,[0.33333333 0.33333333 0.33333333],True,True,True,0.5102631716323567,0.2628662317376687,0.2268705966299744,"[1104, 1053, 494, 740, 1048, 1361, 1477, 152, 1368, 759, 34, 1258, 388]","[1104, 1053, 494, 740, 1048, 1361]","[1477, 152, 1368, 759, 34, 1258, 388]",6,7
m3glvq_k0_6_k1_8_eta_0003,0,1620,405,0.4989872120265521,0.5817307692307693,0.5127118644067796,0.545045045045045,0.5012345679012346,42,"{0: 6, 1: 8}",150,0.003,[0.33333333 0.33333333 0.33333333],True,True,True,0.5772214177789349,0.2902289738985098,0.1325496083225552,"[1024, 1499, 1200, 1352, 386, 531, 194, 463, 1463, 1447, 5, 49, 668, 431]","[1024, 1499, 1200, 1352, 386, 531]","[194, 463, 1463, 1447, 5, 49, 668, 431]",6,8
m3glvq_k0_6_k1_8_eta_0003,1,1620,405,0.5198286802030456,0.5625,0.5318181818181819,0.5467289719626169,0.5209876543209877,42,"{0: 6, 1: 8}",150,0.003,[0.33333333 0.33333333 0.33333333],True,True,True,0.5540099494180393,0.2937667396304163,0.1522233109515444,"[1494, 445, 294, 1229, 366, 198, 201, 1254, 359, 442, 725, 521, 1027, 984]","[1494, 445, 294, 1229, 366, 198]","[201, 1254, 359, 442, 725, 521, 1027, 984]",6,8
m3glvq_k0_6_k1_8_eta_0003,2,1620,405,0.4891033775868801,0.5721153846153846,0.5042372881355932,0.536036036036036,0.491358024691358,42,"{0: 6, 1: 8}",150,0.003,[0.33333333 0.33333333 0.33333333],True,True,True,0.5369874277979224,0.3348185357235501,0.1281940364785274,"[1503, 701, 1476, 1178, 1005, 549, 158, 730, 136, 1472, 1025, 664, 978, 723]","[1503, 701, 1476, 1178, 1005, 549]","[158, 730, 136, 1472, 1025, 664, 978, 723]",6,8
m3glvq_k0_6_k1_8_eta_0003,3,1620,405,0.4975845410628019,0.6618357487922706,0.5092936802973977,0.5756302521008403,0.5012345679012346,42,"{0: 6, 1: 8}",150,0.003,[0.33333333 0.33333333 0.33333333],True,True,True,0.4546634501673597,0.4212494644685453,0.1240870853640949,"[14, 581, 985, 1059, 1492, 631, 763, 1489, 632, 771, 50, 682, 143, 1003]","[14, 581, 985, 1059, 1492, 631]","[763, 1489, 632, 771, 50, 682, 143, 1003]",6,8
m3glvq_k0_6_k1_8_eta_0003,4,1620,405,0.586846728151076,0.6231884057971014,0.591743119266055,0.6070588235294118,0.5876543209876544,42,"{0: 6, 1: 8}",150,0.003,[0.33333333 0.33333333 0.33333333],True,True,True,0.5732027152358047,0.2452098169544261,0.1815874678097691,"[1252, 259, 1048, 384, 1327, 233, 349, 971, 350, 1064, 1404, 152, 1368, 171]","[1252, 259, 1048, 384, 1327, 233]","[349, 971, 350, 1064, 1404, 152, 1368, 171]",6,8
m3glvq_k0_6_k1_9_eta_0003,0,1620,405,0.5890033190160093,0.7211538461538461,0.5836575875486382,0.6451612903225806,0.5925925925925926,42,"{0: 6, 1: 9}",150,0.003,[0.33333333 0.33333333 0.33333333],True,True,True,0.5539431003440569,0.3135444959967109,0.1325124036592322,"[1352, 983, 386, 739, 1348, 1499, 147, 366, 1447, 5, 1357, 381, 852, 194, 465]","[1352, 983, 386, 739, 1348, 1499]","[147, 366, 1447, 5, 1357, 381, 852, 194, 465]",6,9
m3glvq_k0_6_k1_9_eta_0003,1,1620,405,0.5211465247950019,0.6971153846153846,0.5291970802919708,0.6016597510373444,0.5259259259259259,42,"{0: 6, 1: 9}",150,0.003,[0.33333333 0.33333333 0.33333333],True,True,True,0.5063371748878988,0.3620033037637508,0.1316595213483502,"[366, 555, 294, 1200, 470, 1494, 753, 724, 725, 232, 145, 1490, 644, 1029, 394]","[366, 555, 294, 1200, 470, 1494]","[753, 724, 725, 232, 145, 1490, 644, 1029, 394]",6,9
m3glvq_k0_6_k1_9_eta_0003,2,1620,405,0.5318479109722765,0.5865384615384616,0.5422222222222223,0.5635103926096998,0.5333333333333333,42,"{0: 6, 1: 9}",150,0.003,[0.33333333 0.33333333 0.33333333],True,True,True,0.5744475441483474,0.2840582212032401,0.1414942346484125,"[1347, 1247, 1541, 511, 701, 549, 1431, 1535, 531, 1361, 136, 1442, 978, 448, 212]","[1347, 1247, 1541, 511, 701, 549]","[1431, 1535, 531, 1361, 136, 1442, 978, 448, 212]",6,9
m3glvq_k0_6_k1_9_eta_0003,3,1620,405,0.5258014931927976,0.642512077294686,0.532,0.5820568927789934,0.528395061728395,42,"{0: 6, 1: 9}",150,0.003,[0.33333333 0.33333333 0.33333333],True,True,True,0.566661037616291,0.2393275795712812,0.1940113828124276,"[1241, 407, 1492, 1348, 1039, 482, 682, 162, 1003, 771, 1087, 194, 143, 231, 165]","[1241, 407, 1492, 1348, 1039, 482]","[682, 162, 1003, 771, 1087, 194, 143, 231, 165]",6,9
m3glvq_k0_6_k1_9_eta_0003,4,1620,405,0.5809178743961353,0.6618357487922706,0.5805084745762712,0.618510158013544,0.582716049382716,42,"{0: 6, 1: 9}",150,0.003,[0.33333333 0.33333333 0.33333333],True,True,True,0.5667075220220126,0.243736262369508,0.1895562156084793,"[1048, 754, 233, 1104, 873, 775, 1368, 350, 382, 34, 152, 1258, 759, 388, 31]","[1048, 754, 233, 1104, 873, 775]","[1368, 350, 382, 34, 152, 1258, 759, 388, 31]",6,9
m3glvq_k0_6_k1_10_eta_0003,0,1620,405,0.5086025966419367,0.6009615384615384,0.5208333333333334,0.5580357142857143,0.5111111111111111,42,"{0: 6, 1: 10}",150,0.003,[0.33333333 0.33333333 0.33333333],True,True,True,0.5784544676785509,0.2685894372205037,0.1529560951009455,"[494, 422, 983, 615, 1426, 1499, 105, 218, 1047, 291, 234, 870, 381, 668, 194, 65]","[494, 422, 983, 615, 1426, 1499]","[105, 218, 1047, 291, 234, 870, 381, 668, 194, 65]",6,10
m3glvq_k0_6_k1_10_eta_0003,1,1620,405,0.5301151893791487,0.5576923076923077,0.5420560747663551,0.5497630331753555,0.5308641975308642,42,"{0: 6, 1: 10}",150,0.003,[0.33333333 0.33333333 0.33333333],True,True,True,0.5760586601654574,0.2898244227338919,0.1341169171006506,"[288, 366, 1585, 198, 1200, 1494, 1029, 887, 1084, 1583, 1390, 725, 201, 984, 167, 1431]","[288, 366, 1585, 198, 1200, 1494]","[1029, 887, 1084, 1583, 1390, 725, 201, 984, 167, 1431]",6,10
m3glvq_k0_6_k1_10_eta_0003,2,1620,405,0.5476132370167903,0.5673076923076923,0.5592417061611374,0.5632458233890215,0.5481481481481482,42,"{0: 6, 1: 10}",150,0.003,[0.33333333 0.33333333 0.33333333],True,True,True,0.5670178500781882,0.2439428054251101,0.1890393444967016,"[248, 1066, 511, 1503, 1005, 549, 1076, 373, 1472, 910, 1442, 664, 978, 1071, 1127, 1117]","[248, 1066, 511, 1503, 1005, 549]","[1076, 373, 1472, 910, 1442, 664, 978, 1071, 1127, 1117]",6,10
m3glvq_k0_6_k1_10_eta_0003,3,1620,405,0.5216293368467282,0.6038647342995169,0.5296610169491526,0.564334085778781,0.5234567901234568,42,"{0: 6, 1: 10}",150,0.003,[0.33333333 0.33333333 0.33333333],True,True,True,0.3940773990633794,0.4823986374648689,0.1235239634717516,"[482, 206, 973, 1312, 1492, 957, 817, 1003, 1138, 1008, 194, 143, 1444, 1544, 916, 1097]","[482, 206, 973, 1312, 1492, 957]","[817, 1003, 1138, 1008, 194, 143, 1444, 1544, 916, 1097]",6,10
m3glvq_k0_6_k1_10_eta_0003,4,1620,405,0.53743961352657,0.5748792270531401,0.5458715596330275,0.56,0.5382716049382716,42,"{0: 6, 1: 10}",150,0.003,[0.33333333 0.33333333 0.33333333],True,True,True,0.5744853954108857,0.270831025671635,0.1546835789174793,"[530, 1048, 233, 1252, 1005, 384, 550, 759, 1025, 1564, 34, 942, 1121, 1368, 1547, 758]","[530, 1048, 233, 1252, 1005, 384]","[550, 759, 1025, 1564, 34, 942, 1121, 1368, 1547, 758]",6,10
m3glvq_k0_7_k1_3_eta_0003,0,1620,405,0.4748511323701678,0.2644230769230769,0.4700854700854701,0.3384615384615384,0.4691358024691358,42,"{0: 7, 1: 3}",150,0.003,[0.33333333 0.33333333 0.33333333],True,True,True,0.5776504723886993,0.2764051644311047,0.145944363180196,"[1537, 1585, 531, 1426, 1200, 1352, 1204, 1447, 806, 194]","[1537, 1585, 531, 1426, 1200, 1352, 1204]","[1447, 806, 194]",7,3
m3glvq_k0_7_k1_3_eta_0003,1,1620,405,0.5995704802811401,0.6153846153846154,0.6095238095238096,0.6124401913875599,0.6,42,"{0: 7, 1: 3}",150,0.003,[0.33333333 0.33333333 0.33333333],True,True,True,0.3530338924809938,0.330250844814164,0.3167152627048422,"[1543, 479, 25, 294, 1494, 767, 870, 1390, 984, 1442]","[1543, 479, 25, 294, 1494, 767, 870]","[1390, 984, 1442]",7,3
m3glvq_k0_7_k1_3_eta_0003,2,1620,405,0.5576434986333464,0.4807692307692308,0.5813953488372093,0.5263157894736843,0.5555555555555556,42,"{0: 7, 1: 3}",150,0.003,[0.33333333 0.33333333 0.33333333],True,True,True,0.5687530039817069,0.2426695855576678,0.1885774104606252,"[1351, 1503, 23, 1247, 511, 1005, 374, 1442, 779, 1472]","[1351, 1503, 23, 1247, 511, 1005, 374]","[1442, 779, 1472]",7,3
m3glvq_k0_7_k1_3_eta_0003,3,1620,405,0.4849582784365393,0.3285024154589372,0.4892086330935252,0.393063583815029,0.4814814814814814,42,"{0: 7, 1: 3}",150,0.003,[0.33333333 0.33333333 0.33333333],True,True,True,0.4764945975303318,0.162518386710612,0.3609870157590562,"[1536, 412, 1292, 1381, 957, 666, 24, 1444, 194, 817]","[1536, 412, 1292, 1381, 957, 666, 24]","[1444, 194, 817]",7,3
m3glvq_k0_7_k1_3_eta_0003,4,1620,405,0.5279973649538867,0.323671497584541,0.5583333333333333,0.4097859327217125,0.5234567901234568,42,"{0: 7, 1: 3}",150,0.003,[0.33333333 0.33333333 0.33333333],True,True,True,0.2950773465845045,0.5688834884194556,0.1360391649960398,"[740, 1327, 754, 14, 384, 605, 913, 171, 1345, 1025]","[740, 1327, 754, 14, 384, 605, 913]","[171, 1345, 1025]",7,3
m3glvq_k0_7_k1_4_eta_0003,0,1620,405,0.6043781725888324,0.625,0.6132075471698113,0.6190476190476191,0.6049382716049383,42,"{0: 7, 1: 4}",150,0.003,[0.33333333 0.33333333 0.33333333],True,True,True,0.5159940619642414,0.2976819817490371,0.1863239562867214,"[1352, 1378, 739, 1537, 1585, 1348, 171, 668, 462, 1447, 1398]","[1352, 1378, 739, 1537, 1585, 1348, 171]","[668, 462, 1447, 1398]",7,4
m3glvq_k0_7_k1_4_eta_0003,1,1620,405,0.5553738773916439,0.4711538461538461,0.5798816568047337,0.519893899204244,0.5530864197530864,42,"{0: 7, 1: 4}",150,0.003,[0.33333333 0.33333333 0.33333333],True,True,True,0.5681002077015462,0.2500493140759589,0.1818504782224948,"[870, 1055, 958, 1494, 198, 366, 25, 1442, 1019, 201, 984]","[870, 1055, 958, 1494, 198, 366, 25]","[1442, 1019, 201, 984]",7,4
m3glvq_k0_7_k1_4_eta_0003,2,1620,405,0.5059425029285435,0.5144230769230769,0.5194174757281553,0.5169082125603864,0.5061728395061729,42,"{0: 7, 1: 4}",150,0.003,[0.33333333 0.33333333 0.33333333],True,True,True,0.5706543897804592,0.176776879440737,0.2525687307788037,"[1483, 374, 1303, 1243, 516, 1247, 830, 1442, 158, 87, 910]","[1483, 374, 1303, 1243, 516, 1247, 830]","[1442, 158, 87, 910]",7,4
m3glvq_k0_7_k1_4_eta_0003,3,1620,405,0.5170180061484408,0.4734299516908212,0.5297297297297298,0.5,0.5160493827160494,42,"{0: 7, 1: 4}",150,0.003,[0.33333333 0.33333333 0.33333333],True,True,True,0.559437993862575,0.2959040604126843,0.1446579457247408,"[959, 1492, 482, 302, 778, 24, 905, 231, 840, 194, 682]","[959, 1492, 482, 302, 778, 24, 905]","[231, 840, 194, 682]",7,4
m3glvq_k0_7_k1_4_eta_0003,4,1620,405,0.5486385595081247,0.4154589371980676,0.5771812080536913,0.4831460674157303,0.5456790123456791,42,"{0: 7, 1: 4}",150,0.003,[0.33333333 0.33333333 0.33333333],True,True,True,0.5483179654025679,0.3228966900121484,0.1287853445852836,"[740, 973, 1053, 403, 202, 384, 629, 1025, 207, 759, 1443]","[740, 973, 1053, 403, 202, 384, 629]","[1025, 207, 759, 1443]",7,4
m3glvq_k0_7_k1_5_eta_0003,0,1620,405,0.5098228231159703,0.4663461538461538,0.5243243243243243,0.4936386768447837,0.508641975308642,42,"{0: 7, 1: 5}",150,0.003,[0.33333333 0.33333333 0.33333333],True,True,True,0.5738357435255418,0.2373635944904787,0.1888006619839796,"[1348, 531, 1499, 299, 615, 739, 494, 1420, 668, 194, 1447, 164]","[1348, 531, 1499, 299, 615, 739, 494]","[1420, 668, 194, 1447, 164]",7,5
m3glvq_k0_7_k1_5_eta_0003,1,1620,405,0.5218420538852011,0.4903846153846153,0.5368421052631579,0.5125628140703519,0.5209876543209877,42,"{0: 7, 1: 5}",150,0.003,[0.33333333 0.33333333 0.33333333],True,True,True,0.5669198500037212,0.2564369380970068,0.1766432118992718,"[398, 198, 294, 366, 1494, 1200, 545, 1442, 984, 201, 734, 1433]","[398, 198, 294, 366, 1494, 1200, 545]","[1442, 984, 201, 734, 1433]",7,5
m3glvq_k0_7_k1_5_eta_0003,2,1620,405,0.5715540804373291,0.3461538461538461,0.6428571428571429,0.45,0.5654320987654321,42,"{0: 7, 1: 5}",150,0.003,[0.33333333 0.33333333 0.33333333],True,True,True,0.5496372408701843,0.2614075729093406,0.1889551862204751,"[1503, 400, 511, 636, 188, 1476, 1229, 978, 962, 1442, 1359, 304]","[1503, 400, 511, 636, 188, 1476, 1229]","[978, 962, 1442, 1359, 304]",7,5
m3glvq_k0_7_k1_5_eta_0003,3,1620,405,0.5444664031620553,0.4879227053140096,0.5611111111111111,0.5219638242894058,0.5432098765432098,42,"{0: 7, 1: 5}",150,0.003,[0.33333333 0.33333333 0.33333333],True,True,True,0.5304609317877131,0.3449728752027461,0.1245661930095406,"[537, 482, 1536, 232, 302, 957, 1033, 763, 682, 1003, 1146, 840]","[537, 482, 1536, 232, 302, 957, 1033]","[763, 682, 1003, 1146, 840]",7,5
m3glvq_k0_7_k1_5_eta_0003,4,1620,405,0.5428194993412385,0.4492753623188406,0.5636363636363636,0.4999999999999999,0.5407407407407407,42,"{0: 7, 1: 5}",150,0.003,[0.33333333 0.33333333 0.33333333],True,True,True,0.5736298084076168,0.26201882392391,0.1643513676684733,"[418, 973, 202, 754, 384, 1053, 233, 207, 766, 1393, 1025, 759]","[418, 973, 202, 754, 384, 1053, 233]","[207, 766, 1393, 1025, 759]",7,5
m3glvq_k0_7_k1_6_eta_0003,0,1620,405,0.5209146817649356,0.4326923076923077,0.5389221556886228,0.48,0.5185185185185185,42,"{0: 7, 1: 6}",150,0.003,[0.33333333 0.33333333 0.33333333],True,True,True,0.5742599721684771,0.243030011135181,0.1827100166963417,"[299, 615, 1499, 494, 1426, 1348, 1055, 1447, 91, 463, 194, 1420, 668]","[299, 615, 1499, 494, 1426, 1348, 1055]","[1447, 91, 463, 194, 1420, 668]",7,6
m3glvq_k0_7_k1_6_eta_0003,1,1620,405,0.5318601132370169,0.4951923076923077,0.5478723404255319,0.5202020202020202,0.5308641975308642,42,"{0: 7, 1: 6}",150,0.003,[0.33333333 0.33333333 0.33333333],True,True,True,0.5698451897850673,0.2701855578244475,0.1599692523904851,"[1267, 741, 958, 1494, 1073, 585, 445, 725, 1596, 984, 1029, 724, 1349]","[1267, 741, 958, 1494, 1073, 585, 445]","[725, 1596, 984, 1029, 724, 1349]",7,6
m3glvq_k0_7_k1_6_eta_0003,2,1620,405,0.5814257126122608,0.4471153846153846,0.6241610738255033,0.5210084033613445,0.5777777777777777,42,"{0: 7, 1: 6}",150,0.003,[0.33333333 0.33333333 0.33333333],True,True,True,0.5723615654448536,0.2806864329796882,0.1469520015754581,"[511, 400, 188, 636, 1502, 1229, 1247, 87, 448, 1442, 1392, 174, 962]","[511, 400, 188, 636, 1502, 1229, 1247]","[87, 448, 1442, 1392, 174, 962]",7,6
m3glvq_k0_7_k1_6_eta_0003,3,1620,405,0.5039525691699605,0.4927536231884058,0.5151515151515151,0.5037037037037038,0.5037037037037037,42,"{0: 7, 1: 6}",150,0.003,[0.33333333 0.33333333 0.33333333],True,True,True,0.5227811887757483,0.3621952461029106,0.115023565121341,"[1312, 591, 1059, 1241, 1142, 482, 1492, 771, 1444, 763, 1008, 165, 361]","[1312, 591, 1059, 1241, 1142, 482, 1492]","[771, 1444, 763, 1008, 165, 361]",7,6
m3glvq_k0_7_k1_6_eta_0003,4,1620,405,0.5727931488801055,0.5748792270531401,0.5833333333333334,0.5790754257907543,0.5728395061728395,42,"{0: 7, 1: 6}",150,0.003,[0.33333333 0.33333333 0.33333333],True,True,True,0.4838518326424287,0.2767779777149752,0.2393701896425961,"[1104, 188, 1005, 534, 1361, 233, 804, 31, 1258, 1368, 1025, 759, 34]","[1104, 188, 1005, 534, 1361, 233, 804]","[31, 1258, 1368, 1025, 759, 34]",7,6
m3glvq_k0_7_k1_7_eta_0003,0,1620,405,0.5234405505661851,0.5240384615384616,0.5369458128078818,0.5304136253041363,0.5234567901234568,42,"{0: 7, 1: 7}",150,0.003,[0.33333333 0.33333333 0.33333333],True,True,True,0.570124584879275,0.2736952722325685,0.1561801428881563,"[494, 570, 1537, 739, 299, 386, 1348, 463, 31, 5, 194, 745, 1140, 381]","[494, 570, 1537, 739, 299, 386, 1348]","[463, 31, 5, 194, 745, 1140, 381]",7,7
m3glvq_k0_7_k1_7_eta_0003,1,1620,405,0.4825751659508004,0.4423076923076923,0.4946236559139785,0.4670050761421319,0.4814814814814814,42,"{0: 7, 1: 7}",150,0.003,[0.33333333 0.33333333 0.33333333],True,True,True,0.3950197703964087,0.479248077550495,0.1257321520530963,"[1063, 543, 489, 1588, 555, 198, 13, 442, 1431, 1544, 1490, 520, 1559, 201]","[1063, 543, 489, 1588, 555, 198, 13]","[442, 1431, 1544, 1490, 520, 1559, 201]",7,7
m3glvq_k0_7_k1_7_eta_0003,2,1620,405,0.5713954509957049,0.5336538461538461,0.5904255319148937,0.5606060606060606,0.5703703703703704,42,"{0: 7, 1: 7}",150,0.003,[0.33333333 0.33333333 0.33333333],True,True,True,0.3681076428636155,0.3331839968055928,0.2987083603307917,"[516, 1247, 126, 474, 341, 1351, 1503, 978, 1127, 353, 1239, 1117, 1359, 1442]","[516, 1247, 126, 474, 341, 1351, 1503]","[978, 1127, 353, 1239, 1117, 1359, 1442]",7,7
m3glvq_k0_7_k1_7_eta_0003,3,1620,405,0.5060386473429952,0.5120772946859904,0.5170731707317073,0.5145631067961165,0.5061728395061729,42,"{0: 7, 1: 7}",150,0.003,[0.33333333 0.33333333 0.33333333],True,True,True,0.3633757103192016,0.5103591071739685,0.1262651825068299,"[985, 482, 206, 1059, 905, 1577, 1033, 1489, 1044, 1583, 1431, 763, 231, 682]","[985, 482, 206, 1059, 905, 1577, 1033]","[1489, 1044, 1583, 1431, 763, 231, 682]",7,7
m3glvq_k0_7_k1_7_eta_0003,4,1620,405,0.5703776899429073,0.4589371980676328,0.6012658227848101,0.5205479452054794,0.5679012345679012,42,"{0: 7, 1: 7}",150,0.003,[0.33333333 0.33333333 0.33333333],True,True,True,0.570790860975952,0.2782287000298689,0.150980438994179,"[14, 1048, 1259, 775, 384, 233, 1005, 1025, 268, 1182, 759, 758, 238, 49]","[14, 1048, 1259, 775, 384, 233, 1005]","[1025, 268, 1182, 759, 758, 238, 49]",7,7
m3glvq_k0_7_k1_8_eta_0003,0,1620,405,0.5030017571261226,0.5288461538461539,0.5164319248826291,0.5225653206650832,0.5037037037037037,42,"{0: 7, 1: 8}",150,0.003,[0.33333333 0.33333333 0.33333333],True,True,True,0.5421593079998659,0.3285598103210365,0.1292808816790975,"[739, 1499, 615, 422, 299, 1352, 386, 228, 1160, 745, 668, 194, 1155, 463, 5]","[739, 1499, 615, 422, 299, 1352, 386]","[228, 1160, 745, 668, 194, 1155, 463, 5]",7,8
m3glvq_k0_7_k1_8_eta_0003,1,1620,405,0.5911509176103085,0.6442307692307693,0.5955555555555555,0.6189376443418014,0.5925925925925926,42,"{0: 7, 1: 8}",150,0.003,[0.33333333 0.33333333 0.33333333],True,True,True,0.4714009353415606,0.2779695483618934,0.250629516296546,"[1008, 294, 1494, 470, 352, 870, 25, 823, 1359, 644, 136, 1349, 364, 1442, 1390]","[1008, 294, 1494, 470, 352, 870, 25]","[823, 1359, 644, 136, 1349, 364, 1442, 1390]",7,8
m3glvq_k0_7_k1_8_eta_0003,2,1620,405,0.5524087270597422,0.6682692307692307,0.556,0.6069868995633187,0.5555555555555556,42,"{0: 7, 1: 8}",150,0.003,[0.33333333 0.33333333 0.33333333],True,True,True,0.5309236487157817,0.3292798054043605,0.1397965458798578,"[747, 830, 562, 1247, 1541, 549, 1005, 726, 1380, 1359, 385, 1392, 87, 1442, 1139]","[747, 830, 562, 1247, 1541, 549, 1005]","[726, 1380, 1359, 385, 1392, 87, 1442, 1139]",7,8
m3glvq_k0_7_k1_8_eta_0003,3,1620,405,0.4952788757136583,0.5410628019323671,0.5067873303167421,0.5233644859813085,0.4962962962962963,42,"{0: 7, 1: 8}",150,0.003,[0.33333333 0.33333333 0.33333333],True,True,True,0.4167598978193563,0.4609109168289708,0.1223291853516728,"[959, 24, 1536, 1577, 482, 1586, 1142, 682, 194, 840, 469, 176, 1146, 1560, 105]","[959, 24, 1536, 1577, 482, 1586, 1142]","[682, 194, 840, 469, 176, 1146, 1560, 105]",7,8
m3glvq_k0_7_k1_8_eta_0003,4,1620,405,0.5416117698726395,0.6135265700483091,0.5474137931034483,0.5785876993166287,0.5432098765432098,42,"{0: 7, 1: 8}",150,0.003,[0.33333333 0.33333333 0.33333333],True,True,True,0.5690953057117015,0.2539671787843765,0.176937515503922,"[403, 734, 384, 233, 1005, 1048, 775, 1364, 759, 350, 1258, 29, 1025, 34, 1547]","[403, 734, 384, 233, 1005, 1048, 775]","[1364, 759, 350, 1258, 29, 1025, 34, 1547]",7,8
m3glvq_k0_7_k1_9_eta_0003,0,1620,405,0.5289071651698555,0.6009615384615384,0.5387931034482759,0.5681818181818182,0.5308641975308642,42,"{0: 7, 1: 9}",150,0.003,[0.33333333 0.33333333 0.33333333],True,True,True,0.4675124682608182,0.4061949026758966,0.1262926290632853,"[1134, 386, 1005, 1084, 1499, 1585, 1352, 228, 1447, 744, 1154, 553, 1039, 1160, 1583, 668]","[1134, 386, 1005, 1084, 1499, 1585, 1352]","[228, 1447, 744, 1154, 553, 1039, 1160, 1583, 668]",7,9
m3glvq_k0_7_k1_9_eta_0003,1,1620,405,0.5466736626317844,0.6009615384615384,0.5555555555555556,0.5773672055427251,0.5481481481481482,42,"{0: 7, 1: 9}",150,0.003,[0.33333333 0.33333333 0.33333333],True,True,True,0.4811093291510937,0.2449118096789566,0.2739788611699497,"[25, 958, 13, 388, 1073, 96, 1494, 570, 201, 1466, 442, 1082, 725, 145, 1029, 984]","[25, 958, 13, 388, 1073, 96, 1494]","[570, 201, 1466, 442, 1082, 725, 145, 1029, 984]",7,9
m3glvq_k0_7_k1_9_eta_0003,2,1620,405,0.5146183131589223,0.5673076923076923,0.5267857142857143,0.5462962962962964,0.5160493827160494,42,"{0: 7, 1: 9}",150,0.003,[0.33333333 0.33333333 0.33333333],True,True,True,0.5653978580587424,0.254798147382929,0.1798039945583284,"[562, 1005, 400, 1503, 548, 701, 1476, 978, 1318, 1380, 528, 1442, 1139, 353, 531, 664]","[562, 1005, 400, 1503, 548, 701, 1476]","[978, 1318, 1380, 528, 1442, 1139, 353, 531, 664]",7,9
m3glvq_k0_7_k1_9_eta_0003,3,1620,405,0.5458937198067633,0.6473429951690821,0.5491803278688525,0.5942350332594236,0.5481481481481482,42,"{0: 7, 1: 9}",150,0.003,[0.33333333 0.33333333 0.33333333],True,True,True,0.570373962756255,0.2920227974046982,0.1376032398390467,"[482, 948, 97, 24, 158, 396, 1536, 194, 231, 1008, 1583, 927, 1544, 1097, 1355, 260]","[482, 948, 97, 24, 158, 396, 1536]","[194, 231, 1008, 1583, 927, 1544, 1097, 1355, 260]",7,9
m3glvq_k0_7_k1_9_eta_0003,4,1620,405,0.5091128678085199,0.4879227053140096,0.520618556701031,0.5037406483790523,0.508641975308642,42,"{0: 7, 1: 9}",150,0.003,[0.33333333 0.33333333 0.33333333],True,True,True,0.5741238828454063,0.2296176109147822,0.1962585062398114,"[734, 1087, 418, 617, 233, 102, 384, 681, 76, 1547, 929, 1108, 1063, 349, 207, 31]","[734, 1087, 418, 617, 233, 102, 384]","[681, 76, 1547, 929, 1108, 1063, 349, 207, 31]",7,9
m3glvq_k0_7_k1_10_eta_0003,0,1620,405,0.5745924443576728,0.6009615384615384,0.5841121495327103,0.5924170616113744,0.5753086419753086,42,"{0: 7, 1: 10}",150,0.003,[0.33333333 0.33333333 0.33333333],True,True,True,0.5694859233200966,0.2987817423116228,0.1317323343682805,"[657, 1426, 1106, 983, 1537, 1269, 570, 1447, 324, 1472, 1357, 852, 668, 347, 1301, 976, 604]","[657, 1426, 1106, 983, 1537, 1269, 570]","[1447, 324, 1472, 1357, 852, 668, 347, 1301, 976, 604]",7,10
m3glvq_k0_7_k1_10_eta_0003,1,1620,405,0.585135201093323,0.6778846153846154,0.5850622406639004,0.6280623608017817,0.5876543209876544,42,"{0: 7, 1: 10}",150,0.003,[0.33333333 0.33333333 0.33333333],True,True,True,0.5752934279212663,0.2623251509369351,0.1623814211417987,"[741, 366, 1494, 117, 453, 1015, 555, 724, 1431, 145, 442, 1442, 1550, 380, 342, 520, 1333]","[741, 366, 1494, 117, 453, 1015, 555]","[724, 1431, 145, 442, 1442, 1550, 380, 342, 520, 1333]",7,10
m3glvq_k0_7_k1_10_eta_0003,2,1620,405,0.5371803006638032,0.6682692307692307,0.54296875,0.5991379310344827,0.5407407407407407,42,"{0: 7, 1: 10}",150,0.003,[0.33333333 0.33333333 0.33333333],True,True,True,0.5527585057307156,0.3122931661122027,0.1349483281570816,"[248, 511, 1243, 1005, 1476, 1541, 549, 297, 910, 1359, 1139, 1442, 962, 285, 730, 353, 978]","[248, 511, 1243, 1005, 1476, 1541, 549]","[297, 910, 1359, 1139, 1442, 962, 285, 730, 353, 978]",7,10
m3glvq_k0_7_k1_10_eta_0003,3,1620,405,0.4935221783047869,0.6183574879227053,0.5059288537549407,0.5565217391304349,0.4962962962962963,42,"{0: 7, 1: 10}",150,0.003,[0.33333333 0.33333333 0.33333333],True,True,True,0.2575855490759719,0.5750796133656498,0.1673348375583782,"[666, 158, 302, 973, 1492, 97, 631, 194, 1355, 1008, 1125, 162, 143, 1583, 50, 1366, 1444]","[666, 158, 302, 973, 1492, 97, 631]","[194, 1355, 1008, 1125, 162, 143, 1583, 50, 1366, 1444]",7,10
m3glvq_k0_7_k1_10_eta_0003,4,1620,405,0.482981993851559,0.5265700483091788,0.4954545454545455,0.5105386416861827,0.4839506172839506,42,"{0: 7, 1: 10}",150,0.003,[0.33333333 0.33333333 0.33333333],True,True,True,0.4947535948712684,0.3810338984341827,0.1242125066945488,"[1005, 617, 1073, 1288, 384, 740, 102, 681, 550, 31, 1136, 215, 151, 1557, 1175, 1323, 758]","[1005, 617, 1073, 1288, 384, 740, 102]","[681, 550, 31, 1136, 215, 151, 1557, 1175, 1323, 758]",7,10
m3glvq_k0_8_k1_3_eta_0003,0,1620,405,0.501964564623194,0.2932692307692308,0.5169491525423728,0.3742331288343558,0.4962962962962963,42,"{0: 8, 1: 3}",150,0.003,[0.33333333 0.33333333 0.33333333],True,True,True,0.5700263079019544,0.2376930034416957,0.1922806886563499,"[570, 1537, 657, 422, 1348, 1203, 494, 983, 1447, 806, 194]","[570, 1537, 657, 422, 1348, 1203, 494, 983]","[1447, 806, 194]",8,3
m3glvq_k0_8_k1_3_eta_0003,1,1620,405,0.5666121632174932,0.3413461538461538,0.6339285714285714,0.44375,0.5604938271604938,42,"{0: 8, 1: 3}",150,0.003,[0.33333333 0.33333333 0.33333333],True,True,True,0.5669928262309234,0.1876283358757425,0.245378837893334,"[870, 25, 1073, 543, 880, 470, 447, 958, 429, 148, 1442]","[870, 25, 1073, 543, 880, 470, 447, 958]","[429, 148, 1442]",8,3
m3glvq_k0_8_k1_3_eta_0003,2,1620,405,0.5541902577118313,0.3317307692307692,0.6106194690265486,0.4299065420560747,0.5481481481481482,42,"{0: 8, 1: 3}",150,0.003,[0.33333333 0.33333333 0.33333333],True,True,True,0.38567530881727,0.4838671403620774,0.1304575508206525,"[1357, 1247, 1503, 511, 400, 863, 636, 1347, 642, 1442, 183]","[1357, 1247, 1503, 511, 400, 863, 636, 1347]","[642, 1442, 183]",8,3
m3glvq_k0_8_k1_3_eta_0003,3,1620,405,0.5088932806324111,0.2753623188405797,0.5277777777777778,0.3619047619047619,0.5037037037037037,42,"{0: 8, 1: 3}",150,0.003,[0.33333333 0.33333333 0.33333333],True,True,True,0.2748224310576711,0.5798260164973875,0.1453515524449412,"[1422, 1059, 302, 619, 1492, 1079, 24, 957, 676, 1332, 165]","[1422, 1059, 302, 619, 1492, 1079, 24, 957]","[676, 1332, 165]",8,3
m3glvq_k0_8_k1_3_eta_0003,4,1620,405,0.5857487922705314,0.5603864734299517,0.6010362694300518,0.58,0.5851851851851851,42,"{0: 8, 1: 3}",150,0.003,[0.33333333 0.33333333 0.33333333],True,True,True,0.5695084347016333,0.2910555136628732,0.1394360516354936,"[566, 1005, 534, 754, 233, 616, 1118, 188, 1258, 1025, 759]","[566, 1005, 534, 754, 233, 616, 1118, 188]","[1258, 1025, 759]",8,3
m3glvq_k0_8_k1_4_eta_0003,0,1620,405,0.5234527528309254,0.4326923076923077,0.5421686746987951,0.481283422459893,0.5209876543209877,42,"{0: 8, 1: 4}",150,0.003,[0.33333333 0.33333333 0.33333333],True,True,True,0.5739672021147554,0.2201450177331826,0.205887780152062,"[1055, 1499, 97, 983, 657, 1426, 1201, 494, 668, 194, 837, 1447]","[1055, 1499, 97, 983, 657, 1426, 1201, 494]","[668, 194, 837, 1447]",8,4
m3glvq_k0_8_k1_4_eta_0003,1,1620,405,0.5263934986333464,0.4182692307692308,0.5471698113207547,0.4741144414168938,0.5234567901234568,42,"{0: 8, 1: 4}",150,0.003,[0.33333333 0.33333333 0.33333333],True,True,True,0.5746997921630972,0.2568032119922456,0.1684969958446573,"[555, 870, 198, 489, 366, 628, 1494, 1200, 1442, 1431, 644, 201]","[555, 870, 198, 489, 366, 628, 1494, 1200]","[1442, 1431, 644, 201]",8,4
m3glvq_k0_8_k1_4_eta_0003,2,1620,405,0.5802054861382273,0.5817307692307693,0.5931372549019608,0.5873786407766991,0.5802469135802469,42,"{0: 8, 1: 4}",150,0.003,[0.33333333 0.33333333 0.33333333],True,True,True,0.3976426669972032,0.3221400180481475,0.2802173149546492,"[718, 1005, 1243, 340, 248, 1476, 1584, 1503, 1442, 1392, 698, 87]","[718, 1005, 1243, 340, 248, 1476, 1584, 1503]","[1442, 1392, 698, 87]",8,4
m3glvq_k0_8_k1_4_eta_0003,3,1620,405,0.5826745718050066,0.4734299516908212,0.6163522012578616,0.53551912568306,0.5802469135802469,42,"{0: 8, 1: 4}",150,0.003,[0.33333333 0.33333333 0.33333333],True,True,True,0.5726765737602447,0.2555254698889119,0.1717979563508434,"[1059, 1214, 1033, 985, 1492, 591, 1241, 482, 231, 682, 194, 840]","[1059, 1214, 1033, 985, 1492, 591, 1241, 482]","[231, 682, 194, 840]",8,4
m3glvq_k0_8_k1_4_eta_0003,4,1620,405,0.5126262626262627,0.3333333333333333,0.5307692307692308,0.4094955489614242,0.508641975308642,42,"{0: 8, 1: 4}",150,0.003,[0.33333333 0.33333333 0.33333333],True,True,True,0.5428249497947151,0.3320147772973597,0.1251602729079253,"[1073, 775, 384, 1005, 1157, 1087, 233, 629, 759, 1443, 207, 681]","[1073, 775, 384, 1005, 1157, 1087, 233, 629]","[759, 1443, 207, 681]",8,4
m3glvq_k0_8_k1_5_eta_0003,0,1620,405,0.5271866458414682,0.4807692307692308,0.5434782608695652,0.5102040816326531,0.5259259259259259,42,"{0: 8, 1: 5}",150,0.003,[0.33333333 0.33333333 0.33333333],True,True,True,0.5721321122694898,0.2569121381724629,0.1709557495580473,"[983, 1352, 171, 1426, 598, 1499, 1348, 739, 1447, 744, 668, 1420, 1398]","[983, 1352, 171, 1426, 598, 1499, 1348, 739]","[1447, 744, 668, 1420, 1398]",8,5
m3glvq_k0_8_k1_5_eta_0003,1,1620,405,0.5493703631393987,0.4134615384615384,0.581081081081081,0.4831460674157303,0.5456790123456791,42,"{0: 8, 1: 5}",150,0.003,[0.33333333 0.33333333 0.33333333],True,True,True,0.5720626982450389,0.2831158565093415,0.1448214452456196,"[539, 1585, 1494, 541, 585, 198, 555, 366, 734, 201, 1433, 1442, 520]","[539, 1585, 1494, 541, 585, 198, 555, 366]","[734, 201, 1433, 1442, 520]",8,5
m3glvq_k0_8_k1_5_eta_0003,2,1620,405,0.5571188012495119,0.4086538461538461,0.5944055944055944,0.4843304843304843,0.5530864197530864,42,"{0: 8, 1: 5}",150,0.003,[0.33333333 0.33333333 0.33333333],True,True,True,0.5702813845930692,0.2018940486822131,0.2278245667247176,"[400, 23, 1476, 1541, 188, 686, 636, 548, 136, 1442, 962, 174, 978]","[400, 23, 1476, 1541, 188, 686, 636, 548]","[136, 1442, 962, 174, 978]",8,5
m3glvq_k0_8_k1_5_eta_0003,3,1620,405,0.5013175230566534,0.3864734299516908,0.5128205128205128,0.4407713498622589,0.4987654320987654,42,"{0: 8, 1: 5}",150,0.003,[0.33333333 0.33333333 0.33333333],True,True,True,0.487506159280104,0.387091063149981,0.125402777569915,"[1241, 302, 1514, 412, 24, 1059, 666, 1492, 1255, 1431, 682, 194, 1146]","[1241, 302, 1514, 412, 24, 1059, 666, 1492]","[1255, 1431, 682, 194, 1146]",8,5
m3glvq_k0_8_k1_5_eta_0003,4,1620,405,0.5303030303030303,0.3333333333333333,0.5609756097560976,0.4181818181818182,0.5259259259259259,42,"{0: 8, 1: 5}",150,0.003,[0.33333333 0.33333333 0.33333333],True,True,True,0.5678988254249556,0.2993536723892763,0.1327475021857679,"[617, 102, 754, 202, 384, 1005, 1073, 740, 759, 349, 207, 1564, 681]","[617, 102, 754, 202, 384, 1005, 1073, 740]","[759, 349, 207, 1564, 681]",8,5
m3glvq_k0_8_k1_6_eta_0003,0,1620,405,0.5385469543147208,0.4375,0.5617283950617284,0.4918918918918918,0.5358024691358024,42,"{0: 8, 1: 6}",150,0.003,[0.33333333 0.33333333 0.33333333],True,True,True,0.5746995172747479,0.2379651878953775,0.1873352948298747,"[1352, 1537, 1426, 615, 189, 299, 574, 739, 1447, 194, 668, 311, 463, 1398]","[1352, 1537, 1426, 615, 189, 299, 574, 739]","[1447, 194, 668, 311, 463, 1398]",8,6
m3glvq_k0_8_k1_6_eta_0003,1,1620,405,0.514642717688403,0.3846153846153846,0.5333333333333333,0.446927374301676,0.5111111111111111,42,"{0: 8, 1: 6}",150,0.003,[0.33333333 0.33333333 0.33333333],True,True,True,0.5652744394220958,0.2486817509986567,0.1860438095792475,"[1015, 543, 1200, 489, 25, 628, 198, 545, 1461, 394, 359, 201, 725, 984]","[1015, 543, 1200, 489, 25, 628, 198, 545]","[1461, 394, 359, 201, 725, 984]",8,6
m3glvq_k0_8_k1_6_eta_0003,2,1620,405,0.5623291682936353,0.4038461538461538,0.60431654676259,0.4841498559077809,0.5580246913580247,42,"{0: 8, 1: 6}",150,0.003,[0.33333333 0.33333333 0.33333333],True,True,True,0.568647284383041,0.2884428027928766,0.1429099128240823,"[1541, 188, 511, 248, 400, 1476, 636, 1229, 136, 87, 962, 174, 1442, 448]","[1541, 188, 511, 248, 400, 1476, 636, 1229]","[136, 87, 962, 174, 1442, 448]",8,6
m3glvq_k0_8_k1_6_eta_0003,3,1620,405,0.5811374615722442,0.5410628019323671,0.5989304812834224,0.5685279187817258,0.5802469135802469,42,"{0: 8, 1: 6}",150,0.003,[0.33333333 0.33333333 0.33333333],True,True,True,0.556703506300604,0.3157268617452509,0.1275696319541451,"[1492, 581, 591, 426, 482, 1585, 1033, 1059, 682, 194, 1431, 231, 569, 165]","[1492, 581, 591, 426, 482, 1585, 1033, 1059]","[682, 194, 1431, 231, 569, 165]",8,6
m3glvq_k0_8_k1_6_eta_0003,4,1620,405,0.511528326745718,0.3816425120772946,0.5266666666666666,0.4425770308123249,0.508641975308642,42,"{0: 8, 1: 6}",150,0.003,[0.33333333 0.33333333 0.33333333],True,True,True,0.5558029794771635,0.3114589142553239,0.1327381062675127,"[384, 882, 1252, 1048, 233, 775, 958, 1073, 1557, 349, 759, 681, 207, 1564]","[384, 882, 1252, 1048, 233, 775, 958, 1073]","[1557, 349, 759, 681, 207, 1564]",8,6
m3glvq_k0_8_k1_7_eta_0003,0,1620,405,0.5575092737212026,0.4855769230769231,0.5804597701149425,0.5287958115183246,0.5555555555555556,42,"{0: 8, 1: 7}",150,0.003,[0.33333333 0.33333333 0.33333333],True,True,True,0.5750324817902727,0.2622586167066525,0.1627089015030748,"[189, 1537, 299, 1426, 574, 570, 657, 818, 745, 178, 1091, 976, 668, 463, 604]","[189, 1537, 299, 1426, 574, 570, 657, 818]","[745, 178, 1091, 976, 668, 463, 604]",8,7
m3glvq_k0_8_k1_7_eta_0003,1,1620,405,0.5402674736431081,0.5576923076923077,0.5523809523809524,0.5550239234449761,0.5407407407407407,42,"{0: 8, 1: 7}",150,0.003,[0.33333333 0.33333333 0.33333333],True,True,True,0.5718427521012718,0.2369116575007965,0.1912455903979316,"[996, 398, 958, 25, 1494, 870, 366, 470, 984, 145, 442, 1442, 342, 734, 724]","[996, 398, 958, 25, 1494, 870, 366, 470]","[984, 145, 442, 1442, 342, 734, 724]",8,7
m3glvq_k0_8_k1_7_eta_0003,2,1620,405,0.5436108941819602,0.5288461538461539,0.5583756345177665,0.5432098765432098,0.5432098765432098,42,"{0: 8, 1: 7}",150,0.003,[0.33333333 0.33333333 0.33333333],True,True,True,0.4372749346908857,0.3371166003144012,0.225608464994713,"[1351, 1243, 400, 1005, 511, 1357, 1247, 1503, 962, 730, 1117, 978, 1359, 1392, 1442]","[1351, 1243, 400, 1005, 511, 1357, 1247, 1503]","[962, 730, 1117, 978, 1359, 1392, 1442]",8,7
m3glvq_k0_8_k1_7_eta_0003,3,1620,405,0.5727931488801055,0.5748792270531401,0.5833333333333334,0.5790754257907543,0.5728395061728395,42,"{0: 8, 1: 7}",150,0.003,[0.33333333 0.33333333 0.33333333],True,True,True,0.569928065843685,0.2661978786828158,0.163874055473499,"[1059, 1252, 1422, 948, 985, 97, 24, 1536, 25, 1444, 1486, 1544, 1008, 1355, 194]","[1059, 1252, 1422, 948, 985, 97, 24, 1536]","[25, 1444, 1486, 1544, 1008, 1355, 194]",8,7
m3glvq_k0_8_k1_7_eta_0003,4,1620,405,0.5251427316644708,0.4492753623188406,0.5406976744186046,0.4907651715039577,0.5234567901234568,42,"{0: 8, 1: 7}",150,0.003,[0.33333333 0.33333333 0.33333333],True,True,True,0.447738625932585,0.4291482246269031,0.1231131494405117,"[754, 1048, 14, 973, 408, 1053, 418, 497, 207, 1175, 1368, 1547, 31, 1025, 1404]","[754, 1048, 14, 973, 408, 1053, 418, 497]","[207, 1175, 1368, 1547, 31, 1025, 1404]",8,7
m3glvq_k0_8_k1_8_eta_0003,0,1620,405,0.5604256149941429,0.6538461538461539,0.5643153526970954,0.6057906458797327,0.562962962962963,42,"{0: 8, 1: 8}",150,0.003,[0.33333333 0.33333333 0.33333333],True,True,True,0.5697165553538283,0.2493953290908702,0.1808881155553016,"[1348, 1537, 299, 171, 739, 494, 386, 1414, 291, 1217, 1357, 1447, 1562, 668, 1039, 178]","[1348, 1537, 299, 171, 739, 494, 386, 1414]","[291, 1217, 1357, 1447, 1562, 668, 1039, 178]",8,8
m3glvq_k0_8_k1_8_eta_0003,1,1620,405,0.5377294025771183,0.5576923076923077,0.5497630331753555,0.5536992840095465,0.5382716049382716,42,"{0: 8, 1: 8}",150,0.003,[0.33333333 0.33333333 0.33333333],True,True,True,0.57732223113718,0.2763789281790828,0.1462988406837372,"[210, 958, 366, 198, 1200, 1494, 541, 996, 1583, 1544, 442, 520, 52, 1431, 201, 1490]","[210, 958, 366, 198, 1200, 1494, 541, 996]","[1583, 1544, 442, 520, 52, 1431, 201, 1490]",8,8
m3glvq_k0_8_k1_8_eta_0003,2,1620,405,0.5229158531823507,0.4519230769230769,0.5402298850574713,0.4921465968586387,0.5209876543209877,42,"{0: 8, 1: 8}",150,0.003,[0.33333333 0.33333333 0.33333333],True,True,True,0.5554301003569064,0.19738839845281,0.2471815011902835,"[1247, 830, 636, 548, 400, 474, 1503, 1196, 1067, 1139, 1442, 158, 368, 1392, 87, 962]","[1247, 830, 636, 548, 400, 474, 1503, 1196]","[1067, 1139, 1442, 158, 368, 1392, 87, 962]",8,8
m3glvq_k0_8_k1_8_eta_0003,3,1620,405,0.5287659200702679,0.5120772946859904,0.5408163265306123,0.5260545905707197,0.528395061728395,42,"{0: 8, 1: 8}",150,0.003,[0.33333333 0.33333333 0.33333333],True,True,True,0.275882557235136,0.5767361018919778,0.1473813408728862,"[537, 631, 1492, 482, 985, 1422, 97, 973, 1544, 1554, 165, 194, 867, 1097, 1431, 682]","[537, 631, 1492, 482, 985, 1422, 97, 973]","[1544, 1554, 165, 194, 867, 1097, 1431, 682]",8,8
m3glvq_k0_8_k1_8_eta_0003,4,1620,405,0.5402942468159859,0.4492753623188406,0.5602409638554217,0.4986595174262734,0.5382716049382716,42,"{0: 8, 1: 8}",150,0.003,[0.33333333 0.33333333 0.33333333],True,True,True,0.5721302038424234,0.2498821485539074,0.1779876476036692,"[14, 1252, 740, 754, 775, 384, 1259, 1005, 1019, 55, 49, 759, 555, 1364, 1025, 834]","[14, 1252, 740, 754, 775, 384, 1259, 1005]","[1019, 55, 49, 759, 555, 1364, 1025, 834]",8,8
m3glvq_k0_8_k1_9_eta_0003,0,1620,405,0.4859063842249121,0.5048076923076923,0.5,0.5023923444976076,0.4864197530864197,42,"{0: 8, 1: 9}",150,0.003,[0.33333333 0.33333333 0.33333333],True,True,True,0.5767485435563854,0.2873601006422032,0.1358913558014113,"[1350, 1537, 1585, 422, 739, 657, 570, 1426, 228, 5, 1447, 1160, 65, 194, 862, 630, 668]","[1350, 1537, 1585, 422, 739, 657, 570, 1426]","[228, 5, 1447, 1160, 65, 194, 862, 630, 668]",8,9
m3glvq_k0_8_k1_9_eta_0003,1,1620,405,0.50327020695041,0.5192307692307693,0.5167464114832536,0.5179856115107915,0.5037037037037037,42,"{0: 8, 1: 9}",150,0.003,[0.33333333 0.33333333 0.33333333],True,True,True,0.5704093408125566,0.2364533775937901,0.1931372815936533,"[25, 366, 1494, 870, 470, 628, 489, 1200, 28, 1443, 342, 442, 1029, 1074, 233, 1390, 984]","[25, 366, 1494, 870, 470, 628, 489, 1200]","[28, 1443, 342, 442, 1029, 1074, 233, 1390, 984]",8,9
m3glvq_k0_8_k1_9_eta_0003,2,1620,405,0.552286704412339,0.5817307692307693,0.5627906976744186,0.5721040189125295,0.5530864197530864,42,"{0: 8, 1: 9}",150,0.003,[0.33333333 0.33333333 0.33333333],True,True,True,0.565205749448112,0.1894218543765681,0.2453723961753198,"[636, 1247, 188, 548, 1503, 400, 830, 341, 1380, 528, 1076, 1392, 1139, 978, 1442, 531, 212]","[636, 1247, 188, 548, 1503, 400, 830, 341]","[1380, 528, 1076, 1392, 1139, 978, 1442, 531, 212]",8,9
m3glvq_k0_8_k1_9_eta_0003,3,1620,405,0.5174571805006587,0.5652173913043478,0.527027027027027,0.5454545454545453,0.5185185185185185,42,"{0: 8, 1: 9}",150,0.003,[0.33333333 0.33333333 0.33333333],True,True,True,0.5652348335223897,0.2306860569288735,0.2040791095487369,"[959, 302, 412, 591, 1033, 1288, 666, 581, 67, 50, 1003, 763, 1215, 1087, 1194, 682, 1544]","[959, 302, 412, 591, 1033, 1288, 666, 581]","[67, 50, 1003, 763, 1215, 1087, 1194, 682, 1544]",8,9
m3glvq_k0_8_k1_9_eta_0003,4,1620,405,0.5512736056214317,0.5217391304347826,0.5654450261780105,0.542713567839196,0.5506172839506173,42,"{0: 8, 1: 9}",150,0.003,[0.33333333 0.33333333 0.33333333],True,True,True,0.5709565792181618,0.2710582983273489,0.1579851224544892,"[1005, 775, 1503, 1048, 1361, 1252, 835, 384, 151, 1019, 758, 1121, 759, 215, 1368, 1025, 1489]","[1005, 775, 1503, 1048, 1361, 1252, 835, 384]","[151, 1019, 758, 1121, 759, 215, 1368, 1025, 1489]",8,9
m3glvq_k0_8_k1_10_eta_0003,0,1620,405,0.5318601132370169,0.4951923076923077,0.5478723404255319,0.5202020202020202,0.5308641975308642,42,"{0: 8, 1: 10}",150,0.003,[0.33333333 0.33333333 0.33333333],True,True,True,0.5787089850127989,0.2807534952354093,0.1405375197517918,"[739, 1200, 1426, 1537, 1352, 1024, 1204, 1106, 1176, 162, 745, 5, 366, 75, 976, 698, 85, 1083]","[739, 1200, 1426, 1537, 1352, 1024, 1204, 1106]","[1176, 162, 745, 5, 366, 75, 976, 698, 85, 1083]",8,10
m3glvq_k0_8_k1_10_eta_0003,1,1620,405,0.5082243264349864,0.4326923076923077,0.5232558139534884,0.4736842105263158,0.5061728395061729,42,"{0: 8, 1: 10}",150,0.003,[0.33333333 0.33333333 0.33333333],True,True,True,0.5611678258312323,0.3120848971421519,0.1267472770266156,"[210, 741, 294, 1229, 543, 398, 961, 628, 724, 1202, 442, 664, 1544, 1443, 28, 644, 236, 1431]","[210, 741, 294, 1229, 543, 398, 961, 628]","[724, 1202, 442, 664, 1544, 1443, 28, 644, 236, 1431]",8,10
m3glvq_k0_8_k1_10_eta_0003,2,1620,405,0.5295904919953144,0.4855769230769231,0.5459459459459459,0.5139949109414758,0.528395061728395,42,"{0: 8, 1: 10}",150,0.003,[0.33333333 0.33333333 0.33333333],True,True,True,0.5754779800260492,0.2571605556335105,0.1673614643404403,"[400, 1502, 1229, 548, 636, 1005, 200, 1247, 136, 1025, 212, 87, 156, 962, 1139, 1431, 1556, 139]","[400, 1502, 1229, 548, 636, 1005, 200, 1247]","[136, 1025, 212, 87, 156, 962, 1139, 1431, 1556, 139]",8,10
m3glvq_k0_8_k1_10_eta_0003,3,1620,405,0.5508344312692138,0.5410628019323671,0.5628140703517588,0.5517241379310345,0.5506172839506173,42,"{0: 8, 1: 10}",150,0.003,[0.33333333 0.33333333 0.33333333],True,True,True,0.5720568489695114,0.238481155122673,0.1894619959078155,"[1536, 985, 1033, 959, 412, 206, 957, 666, 701, 763, 177, 165, 637, 916, 1482, 867, 682, 1097]","[1536, 985, 1033, 959, 412, 206, 957, 666]","[701, 763, 177, 165, 637, 916, 1482, 867, 682, 1097]",8,10
m3glvq_k0_8_k1_10_eta_0003,4,1620,405,0.547979797979798,0.5555555555555556,0.558252427184466,0.5569007263922519,0.5481481481481482,42,"{0: 8, 1: 10}",150,0.003,[0.33333333 0.33333333 0.33333333],True,True,True,0.5718930844549026,0.2647882780850804,0.1633186374600169,"[775, 754, 384, 1259, 1252, 740, 1327, 1048, 997, 415, 362, 976, 633, 681, 759, 1557, 152, 349]","[775, 754, 384, 1259, 1252, 740, 1327, 1048]","[997, 415, 362, 976, 633, 681, 759, 1557, 152, 349]",8,10
m3glvq_k0_9_k1_3_eta_0003,0,1620,405,0.5464418196017181,0.3365384615384615,0.5932203389830508,0.4294478527607362,0.5407407407407407,42,"{0: 9, 1: 3}",150,0.003,[0.33333333 0.33333333 0.33333333],True,True,True,0.5747276628751744,0.2326363172900349,0.1926360198347907,"[1585, 829, 153, 739, 386, 1352, 657, 1499, 422, 1447, 627, 164]","[1585, 829, 153, 739, 386, 1352, 657, 1499, 422]","[1447, 627, 164]",9,3
m3glvq_k0_9_k1_3_eta_0003,1,1620,405,0.5412314525575947,0.3413461538461538,0.5819672131147541,0.4303030303030303,0.5358024691358024,42,"{0: 9, 1: 3}",150,0.003,[0.33333333 0.33333333 0.33333333],True,True,True,0.5738210728552827,0.166337750760123,0.2598411763845942,"[1494, 870, 958, 1052, 628, 555, 543, 198, 541, 201, 1442, 692]","[1494, 870, 958, 1052, 628, 555, 543, 198, 541]","[201, 1442, 692]",9,3
m3glvq_k0_9_k1_3_eta_0003,2,1620,405,0.5198530847325263,0.3798076923076923,0.541095890410959,0.4463276836158192,0.5160493827160494,42,"{0: 9, 1: 3}",150,0.003,[0.33333333 0.33333333 0.33333333],True,True,True,0.5682090613532441,0.2480144165721118,0.183776522074644,"[400, 562, 548, 1194, 1503, 341, 636, 1005, 1247, 87, 1442, 158]","[400, 562, 548, 1194, 1503, 341, 636, 1005, 1247]","[87, 1442, 158]",9,3
m3glvq_k0_9_k1_3_eta_0003,3,1620,405,0.4978041282389108,0.3188405797101449,0.5076923076923077,0.3916913946587536,0.4938271604938271,42,"{0: 9, 1: 3}",150,0.003,[0.33333333 0.33333333 0.33333333],True,True,True,0.5323396446876604,0.2805025325587256,0.187157822753614,"[302, 948, 534, 412, 1536, 1059, 14, 1079, 1022, 632, 817, 194]","[302, 948, 534, 412, 1536, 1059, 14, 1079, 1022]","[632, 817, 194]",9,3
m3glvq_k0_9_k1_3_eta_0003,4,1620,405,0.5371102327624067,0.2560386473429952,0.5955056179775281,0.3581081081081081,0.5308641975308642,42,"{0: 9, 1: 3}",150,0.003,[0.33333333 0.33333333 0.33333333],True,True,True,0.5646680773965361,0.2882285382701785,0.1471033843332853,"[233, 775, 14, 384, 1048, 1225, 1073, 754, 1327, 818, 759, 207]","[233, 775, 14, 384, 1048, 1225, 1073, 754, 1327]","[818, 759, 207]",9,3
m3glvq_k0_9_k1_4_eta_0003,0,1620,405,0.5229158531823507,0.4519230769230769,0.5402298850574713,0.4921465968586387,0.5209876543209877,42,"{0: 9, 1: 4}",150,0.003,[0.33333333 0.33333333 0.33333333],True,True,True,0.5690520006700902,0.2450772277486312,0.1858707715812784,"[1414, 494, 299, 1591, 1358, 739, 1499, 1426, 171, 1447, 837, 449, 194]","[1414, 494, 299, 1591, 1358, 739, 1499, 1426, 171]","[1447, 837, 449, 194]",9,4
m3glvq_k0_9_k1_4_eta_0003,1,1620,405,0.5732868020304569,0.375,0.6341463414634146,0.471299093655589,0.5679012345679012,42,"{0: 9, 1: 4}",150,0.003,[0.33333333 0.33333333 0.33333333],True,True,True,0.5775700101106573,0.2770886281737809,0.1453413617155618,"[1015, 555, 880, 366, 585, 1229, 1494, 541, 198, 201, 1442, 1431, 644]","[1015, 555, 880, 366, 585, 1229, 1494, 541, 198]","[201, 1442, 1431, 644]",9,4
m3glvq_k0_9_k1_4_eta_0003,2,1620,405,0.5674053104256149,0.4038461538461538,0.6131386861313869,0.4869565217391304,0.562962962962963,42,"{0: 9, 1: 4}",150,0.003,[0.33333333 0.33333333 0.33333333],True,True,True,0.5665617462170891,0.2380501614581145,0.1953880923247964,"[1476, 1503, 835, 516, 374, 1001, 1243, 993, 1351, 978, 1015, 910, 1442]","[1476, 1503, 835, 516, 374, 1001, 1243, 993, 1351]","[978, 1015, 910, 1442]",9,4
m3glvq_k0_9_k1_4_eta_0003,3,1620,405,0.5286561264822134,0.4057971014492754,0.5490196078431373,0.4666666666666667,0.5259259259259259,42,"{0: 9, 1: 4}",150,0.003,[0.33333333 0.33333333 0.33333333],True,True,True,0.5729889172070516,0.2487493605135408,0.1782617222794074,"[905, 666, 1492, 591, 957, 1059, 1022, 1039, 1422, 840, 194, 682, 1444]","[905, 666, 1492, 591, 957, 1059, 1022, 1039, 1422]","[840, 194, 682, 1444]",9,4
m3glvq_k0_9_k1_4_eta_0003,4,1620,405,0.5337066315327185,0.2946859903381642,0.5754716981132075,0.389776357827476,0.528395061728395,42,"{0: 9, 1: 4}",150,0.003,[0.33333333 0.33333333 0.33333333],True,True,True,0.5689716450547344,0.2866971066808974,0.1443312482643681,"[754, 384, 1005, 973, 1157, 1073, 162, 233, 1225, 1025, 759, 1443, 207]","[754, 384, 1005, 973, 1157, 1073, 162, 233, 1225]","[1025, 759, 1443, 207]",9,4
m3glvq_k0_9_k1_5_eta_0003,0,1620,405,0.5277357477547833,0.3701923076923077,0.5539568345323741,0.4438040345821326,0.5234567901234568,42,"{0: 9, 1: 5}",150,0.003,[0.33333333 0.33333333 0.33333333],True,True,True,0.563815218740056,0.3025248778110992,0.1336599034488446,"[605, 494, 983, 1200, 1537, 739, 1348, 1426, 1204, 1447, 418, 668, 194, 164]","[605, 494, 983, 1200, 1537, 739, 1348, 1426, 1204]","[1447, 418, 668, 194, 164]",9,5
m3glvq_k0_9_k1_5_eta_0003,1,1620,405,0.5612553689964858,0.4423076923076923,0.5935483870967742,0.5068870523415977,0.5580246913580247,42,"{0: 9, 1: 5}",150,0.003,[0.33333333 0.33333333 0.33333333],True,True,True,0.5546100286779032,0.2125697620989575,0.2328202092231391,"[198, 294, 1494, 870, 628, 25, 388, 541, 1200, 984, 1390, 201, 1442, 734]","[198, 294, 1494, 870, 628, 25, 388, 541, 1200]","[984, 1390, 201, 1442, 734]",9,5
m3glvq_k0_9_k1_5_eta_0003,2,1620,405,0.5333365872705974,0.4423076923076923,0.5542168674698795,0.4919786096256684,0.5308641975308642,42,"{0: 9, 1: 5}",150,0.003,[0.33333333 0.33333333 0.33333333],True,True,True,0.5715710825132699,0.1947467268125493,0.2336821906741808,"[830, 549, 1303, 548, 1476, 835, 1243, 636, 1541, 1442, 778, 806, 978, 1127]","[830, 549, 1303, 548, 1476, 835, 1243, 636, 1541]","[1442, 778, 806, 978, 1127]",9,5
m3glvq_k0_9_k1_5_eta_0003,3,1620,405,0.5231664470794906,0.4251207729468599,0.5398773006134969,0.4756756756756757,0.5209876543209877,42,"{0: 9, 1: 5}",150,0.003,[0.33333333 0.33333333 0.33333333],True,True,True,0.5444897804909411,0.3280049251390503,0.1275052943700085,"[666, 1059, 1033, 1241, 591, 948, 1039, 616, 1422, 165, 1444, 194, 682, 771]","[666, 1059, 1033, 1241, 591, 948, 1039, 616, 1422]","[165, 1444, 194, 682, 771]",9,5
m3glvq_k0_9_k1_5_eta_0003,4,1620,405,0.5215195432586737,0.2753623188405797,0.5533980582524272,0.3677419354838709,0.5160493827160494,42,"{0: 9, 1: 5}",150,0.003,[0.33333333 0.33333333 0.33333333],True,True,True,0.5309801816306823,0.3417310754402495,0.1272887429290681,"[384, 202, 1005, 973, 1225, 233, 754, 14, 1073, 759, 207, 171, 1025, 766]","[384, 202, 1005, 973, 1225, 233, 754, 14, 1073]","[759, 207, 171, 1025, 766]",9,5
m3glvq_k0_9_k1_6_eta_0003,0,1620,405,0.547491214369387,0.4807692307692308,0.5681818181818182,0.5208333333333334,0.5456790123456791,42,"{0: 9, 1: 6}",150,0.003,[0.33333333 0.33333333 0.33333333],True,True,True,0.5728191939852525,0.2229689565789248,0.2042118494358226,"[1537, 983, 1426, 1352, 189, 1358, 1135, 739, 1055, 1398, 668, 744, 1083, 164, 1583]","[1537, 983, 1426, 1352, 189, 1358, 1135, 739, 1055]","[1398, 668, 744, 1083, 164, 1583]",9,6
m3glvq_k0_9_k1_6_eta_0003,1,1620,405,0.546039144865287,0.3509615384615384,0.5887096774193549,0.4397590361445783,0.5407407407407407,42,"{0: 9, 1: 6}",150,0.003,[0.33333333 0.33333333 0.33333333],True,True,True,0.575430728658525,0.2559373335173397,0.1686319378241353,"[198, 543, 453, 1200, 545, 958, 541, 555, 1494, 201, 442, 984, 91, 394, 725]","[198, 543, 453, 1200, 545, 958, 541, 555, 1494]","[201, 442, 984, 91, 394, 725]",9,6
m3glvq_k0_9_k1_6_eta_0003,2,1620,405,0.536265130808278,0.5192307692307693,0.5510204081632653,0.5346534653465348,0.5358024691358024,42,"{0: 9, 1: 6}",150,0.003,[0.33333333 0.33333333 0.33333333],True,True,True,0.5596542288837488,0.1751858246980647,0.2651599464181865,"[341, 549, 830, 636, 1503, 474, 746, 548, 1247, 978, 268, 136, 158, 1571, 1442]","[341, 549, 830, 636, 1503, 474, 746, 548, 1247]","[978, 268, 136, 158, 1571, 1442]",9,6
m3glvq_k0_9_k1_6_eta_0003,3,1620,405,0.5034036012296882,0.4057971014492754,0.5153374233128835,0.4540540540540541,0.5012345679012346,42,"{0: 9, 1: 6}",150,0.003,[0.33333333 0.33333333 0.33333333],True,True,True,0.2873938294942617,0.5774965617569287,0.1351096087488097,"[973, 1492, 1422, 957, 666, 24, 1252, 1059, 985, 1431, 682, 165, 194, 1146, 1560]","[973, 1492, 1422, 957, 666, 24, 1252, 1059, 985]","[1431, 682, 165, 194, 1146, 1560]",9,6
m3glvq_k0_9_k1_6_eta_0003,4,1620,405,0.54655248133509,0.3961352657004831,0.5774647887323944,0.4699140401146131,0.5432098765432098,42,"{0: 9, 1: 6}",150,0.003,[0.33333333 0.33333333 0.33333333],True,True,True,0.5681785695219306,0.2795163196858856,0.1523051107921837,"[605, 14, 740, 202, 1219, 1005, 384, 1073, 754, 759, 376, 1258, 1025, 207, 1368]","[605, 14, 740, 202, 1219, 1005, 384, 1073, 754]","[759, 376, 1258, 1025, 207, 1368]",9,6
m3glvq_k0_9_k1_7_eta_0003,0,1620,405,0.5007443381491605,0.4278846153846153,0.5144508670520231,0.4671916010498687,0.4987654320987654,42,"{0: 9, 1: 7}",150,0.003,[0.33333333 0.33333333 0.33333333],True,True,True,0.5428266063105179,0.3305648981938254,0.1266084954956566,"[1499, 657, 739, 986, 299, 1352, 1200, 1055, 386, 178, 194, 228, 745, 1083, 668, 1562]","[1499, 657, 739, 986, 299, 1352, 1200, 1055, 386]","[178, 194, 228, 745, 1083, 668, 1562]",9,7
m3glvq_k0_9_k1_7_eta_0003,1,1620,405,0.5500292854353768,0.4807692307692308,0.5714285714285714,0.5221932114882506,0.5481481481481482,42,"{0: 9, 1: 7}",150,0.003,[0.33333333 0.33333333 0.33333333],True,True,True,0.5577134911478736,0.241696744297195,0.2005897645549312,"[870, 555, 628, 470, 294, 388, 1494, 541, 1055, 442, 724, 145, 1442, 984, 342, 734]","[870, 555, 628, 470, 294, 388, 1494, 541, 1055]","[442, 724, 145, 1442, 984, 342, 734]",9,7
m3glvq_k0_9_k1_7_eta_0003,2,1620,405,0.5534947286216322,0.5384615384615384,0.5685279187817259,0.5530864197530865,0.5530864197530864,42,"{0: 9, 1: 7}",150,0.003,[0.33333333 0.33333333 0.33333333],True,True,True,0.5449707955151383,0.2508417657604391,0.2041874387244226,"[1351, 516, 1005, 1243, 1541, 1247, 573, 747, 356, 353, 1359, 910, 1442, 1239, 978, 297]","[1351, 516, 1005, 1243, 1541, 1247, 573, 747, 356]","[353, 1359, 910, 1442, 1239, 978, 297]",9,7
m3glvq_k0_9_k1_7_eta_0003,3,1620,405,0.4990118577075099,0.3768115942028985,0.5098039215686274,0.4333333333333333,0.4962962962962963,42,"{0: 9, 1: 7}",150,0.003,[0.33333333 0.33333333 0.33333333],True,True,True,0.3283651284950653,0.5451979898954579,0.1264368816094768,"[666, 905, 631, 1241, 1422, 1059, 1585, 1492, 871, 165, 682, 1583, 881, 1044, 1431, 763]","[666, 905, 631, 1241, 1422, 1059, 1585, 1492, 871]","[165, 682, 1583, 881, 1044, 1431, 763]",9,7
m3glvq_k0_9_k1_7_eta_0003,4,1620,405,0.5418313570487483,0.3816425120772946,0.572463768115942,0.4579710144927535,0.5382716049382716,42,"{0: 9, 1: 7}",150,0.003,[0.33333333 0.33333333 0.33333333],True,True,True,0.574998029604151,0.2833097641608407,0.1416922062350084,"[384, 740, 1252, 1005, 1048, 1225, 754, 1073, 14, 674, 31, 681, 171, 1368, 1404, 758]","[384, 740, 1252, 1005, 1048, 1225, 754, 1073, 14]","[674, 31, 681, 171, 1368, 1404, 758]",9,7
m3glvq_k0_9_k1_8_eta_0003,0,1620,405,0.544550468566966,0.4951923076923077,0.5628415300546448,0.5268542199488491,0.5432098765432098,42,"{0: 9, 1: 8}",150,0.003,[0.33333333 0.33333333 0.33333333],True,True,True,0.5721065645545738,0.2636889739142992,0.1642044615311272,"[1135, 1084, 1537, 299, 1414, 739, 1204, 1426, 494, 1160, 463, 745, 1083, 5, 228, 668, 194]","[1135, 1084, 1537, 299, 1414, 739, 1204, 1426, 494]","[1160, 463, 745, 1083, 5, 228, 668, 194]",9,8
m3glvq_k0_9_k1_8_eta_0003,1,1620,405,0.5327996876220227,0.4615384615384615,0.5517241379310345,0.5026178010471205,0.5308641975308642,42,"{0: 9, 1: 8}",150,0.003,[0.33333333 0.33333333 0.33333333],True,True,True,0.5725527526366126,0.2581370619504251,0.1693101854129622,"[1494, 470, 628, 1276, 1585, 1204, 541, 555, 388, 342, 145, 725, 724, 442, 1029, 984, 734]","[1494, 470, 628, 1276, 1585, 1204, 541, 555, 388]","[342, 145, 725, 724, 442, 1029, 984, 734]",9,8
m3glvq_k0_9_k1_8_eta_0003,2,1620,405,0.5647208121827412,0.5,0.5875706214689266,0.5402597402597403,0.562962962962963,42,"{0: 9, 1: 8}",150,0.003,[0.33333333 0.33333333 0.33333333],True,True,True,0.5542733998870942,0.3159660000659975,0.1297606000469081,"[498, 1247, 1243, 204, 1229, 993, 1121, 1541, 459, 730, 978, 368, 962, 158, 1063, 1139, 136]","[498, 1247, 1243, 204, 1229, 993, 1121, 1541, 459]","[730, 978, 368, 962, 158, 1063, 1139, 136]",9,8
m3glvq_k0_9_k1_8_eta_0003,3,1620,405,0.5277777777777778,0.4444444444444444,0.5443786982248521,0.4893617021276595,0.5259259259259259,42,"{0: 9, 1: 8}",150,0.003,[0.33333333 0.33333333 0.33333333],True,True,True,0.2813412153012013,0.5751643286384571,0.1434944560603414,"[957, 1039, 24, 412, 1492, 1498, 959, 1422, 905, 817, 632, 1097, 1489, 1544, 1003, 682, 194]","[957, 1039, 24, 412, 1492, 1498, 959, 1422, 905]","[817, 632, 1097, 1489, 1544, 1003, 682, 194]",9,8
m3glvq_k0_9_k1_8_eta_0003,4,1620,405,0.5596179183135704,0.4879227053140096,0.5804597701149425,0.5301837270341208,0.5580246913580247,42,"{0: 9, 1: 8}",150,0.003,[0.33333333 0.33333333 0.33333333],True,True,True,0.5631281868023923,0.2695960528980251,0.1672757602995826,"[384, 1583, 734, 102, 1073, 1101, 1157, 740, 1288, 736, 1182, 1025, 1439, 759, 49, 1477, 1058]","[384, 1583, 734, 102, 1073, 1101, 1157, 740, 1288]","[736, 1182, 1025, 1439, 759, 49, 1477, 1058]",9,8
m3glvq_k0_9_k1_9_eta_0003,0,1620,405,0.5640374853572823,0.6153846153846154,0.5714285714285714,0.5925925925925927,0.5654320987654321,42,"{0: 9, 1: 9}",150,0.003,[0.33333333 0.33333333 0.33333333],True,True,True,0.5745027889398083,0.2678543361994865,0.157642874860705,"[657, 1201, 739, 1269, 1499, 570, 1358, 983, 1426, 1447, 1398, 1095, 194, 277, 1154, 553, 228, 668]","[657, 1201, 739, 1269, 1499, 570, 1358, 983, 1426]","[1447, 1398, 1095, 194, 277, 1154, 553, 228, 668]",9,9
m3glvq_k0_9_k1_9_eta_0003,1,1620,405,0.4949970714564623,0.4519230769230769,0.5081081081081081,0.4783715012722646,0.4938271604938271,42,"{0: 9, 1: 9}",150,0.003,[0.33333333 0.33333333 0.33333333],True,True,True,0.5637782074261515,0.3025363819942644,0.1336854105795841,"[1494, 206, 366, 541, 1229, 555, 958, 585, 470, 148, 724, 570, 1349, 1029, 145, 984, 442, 734]","[1494, 206, 366, 541, 1229, 555, 958, 585, 470]","[148, 724, 570, 1349, 1029, 145, 984, 442, 734]",9,9
m3glvq_k0_9_k1_9_eta_0003,2,1620,405,0.5158263373682155,0.5240384615384616,0.529126213592233,0.5265700483091788,0.5160493827160494,42,"{0: 9, 1: 9}",150,0.003,[0.33333333 0.33333333 0.33333333],True,True,True,0.5713463910239905,0.251298244484664,0.1773553644913454,"[1476, 1503, 549, 636, 587, 548, 993, 23, 830, 664, 87, 1431, 139, 1063, 136, 1146, 1472, 723]","[1476, 1503, 549, 636, 587, 548, 993, 23, 830]","[664, 87, 1431, 139, 1063, 136, 1146, 1472, 723]",9,9
m3glvq_k0_9_k1_9_eta_0003,3,1620,405,0.5174571805006587,0.4541062801932367,0.5310734463276836,0.4895833333333333,0.5160493827160494,42,"{0: 9, 1: 9}",150,0.003,[0.33333333 0.33333333 0.33333333],True,True,True,0.5493973830977995,0.3224545668419681,0.1281480500602324,"[666, 1214, 1492, 1059, 591, 1033, 302, 412, 1241, 231, 1159, 701, 143, 682, 50, 400, 763, 1003]","[666, 1214, 1492, 1059, 591, 1033, 302, 412, 1241]","[231, 1159, 701, 143, 682, 50, 400, 763, 1003]",9,9
m3glvq_k0_9_k1_9_eta_0003,4,1620,405,0.5552261747913921,0.4589371980676328,0.5792682926829268,0.5121293800539083,0.5530864197530864,42,"{0: 9, 1: 9}",150,0.003,[0.33333333 0.33333333 0.33333333],True,True,True,0.569950075291708,0.2691782790870012,0.1608716456212907,"[1361, 1048, 1597, 1252, 384, 1005, 740, 754, 1073, 631, 997, 864, 31, 34, 1547, 238, 1025, 729]","[1361, 1048, 1597, 1252, 384, 1005, 740, 754, 1073]","[631, 997, 864, 31, 34, 1547, 238, 1025, 729]",9,9
m3glvq_k0_9_k1_10_eta_0003,0,1620,405,0.5052713783678251,0.5384615384615384,0.5185185185185185,0.5283018867924528,0.5061728395061729,42,"{0: 9, 1: 10}",150,0.003,[0.33333333 0.33333333 0.33333333],True,True,True,0.5554490714260837,0.3165266140034715,0.1280243145704447,"[1200, 1537, 95, 386, 1426, 205, 1585, 189, 1055, 976, 668, 1160, 553, 745, 291, 1351, 1217, 684, 228]","[1200, 1537, 95, 386, 1426, 205, 1585, 189, 1055]","[976, 668, 1160, 553, 745, 291, 1351, 1217, 684, 228]",9,10
m3glvq_k0_9_k1_10_eta_0003,1,1620,405,0.4743020304568528,0.375,0.4814814814814814,0.4216216216216216,0.4716049382716049,42,"{0: 9, 1: 10}",150,0.003,[0.33333333 0.33333333 0.33333333],True,True,True,0.5705163785963266,0.2314016209082281,0.198082000495445,"[555, 1229, 958, 124, 198, 543, 541, 479, 453, 148, 614, 521, 1029, 145, 623, 442, 1559, 258, 951]","[555, 1229, 958, 124, 198, 543, 541, 479, 453]","[148, 614, 521, 1029, 145, 623, 442, 1559, 258, 951]",9,10
m3glvq_k0_9_k1_10_eta_0003,2,1620,405,0.5366678055447092,0.5048076923076923,0.5526315789473685,0.5276381909547739,0.5358024691358024,42,"{0: 9, 1: 10}",150,0.003,[0.33333333 0.33333333 0.33333333],True,True,True,0.567920517621533,0.1879938061965529,0.244085676181914,"[588, 188, 1247, 636, 498, 1022, 452, 400, 830, 1520, 381, 353, 139, 723, 1025, 1007, 698, 156, 962]","[588, 188, 1247, 636, 498, 1022, 452, 400, 830]","[1520, 381, 353, 139, 723, 1025, 1007, 698, 156, 962]",9,10
m3glvq_k0_9_k1_10_eta_0003,3,1620,405,0.5767457180500659,0.7342995169082126,0.5692883895131086,0.6413502109704642,0.5802469135802469,42,"{0: 9, 1: 10}",150,0.003,[0.33333333 0.33333333 0.33333333],True,True,True,0.5281850440377527,0.2456941712107091,0.226120784751538,"[158, 1536, 1032, 97, 302, 1022, 1252, 24, 948, 356, 1084, 1355, 856, 229, 260, 637, 1444, 29, 1138]","[158, 1536, 1032, 97, 302, 1022, 1252, 24, 948]","[356, 1084, 1355, 856, 229, 260, 637, 1444, 29, 1138]",9,10
m3glvq_k0_9_k1_10_eta_0003,4,1620,405,0.5149319279754063,0.4541062801932367,0.5280898876404494,0.4883116883116883,0.5135802469135803,42,"{0: 9, 1: 10}",150,0.003,[0.33333333 0.33333333 0.33333333],True,True,True,0.5761388299646832,0.2928304470646625,0.1310307229706542,"[1095, 497, 775, 617, 418, 779, 1434, 1053, 734, 1063, 151, 1025, 976, 555, 1439, 759, 1058, 1582, 929]","[1095, 497, 775, 617, 418, 779, 1434, 1053, 734]","[1063, 151, 1025, 976, 555, 1439, 759, 1058, 1582, 929]",9,10
m3glvq_k0_10_k1_3_eta_0003,0,1620,405,0.4926176298320969,0.2644230769230769,0.5,0.3459119496855346,0.4864197530864197,42,"{0: 10, 1: 3}",150,0.003,[0.33333333 0.33333333 0.33333333],True,True,True,0.5748462406881303,0.1952704816981374,0.2298832776137322,"[818, 1426, 570, 657, 1350, 1055, 205, 1537, 299, 171, 194, 1447, 806]","[818, 1426, 570, 657, 1350, 1055, 205, 1537, 299, 171]","[194, 1447, 806]",10,3
m3glvq_k0_10_k1_3_eta_0003,1,1620,405,0.5392302811401797,0.3221153846153846,0.5826086956521739,0.4148606811145511,0.5333333333333333,42,"{0: 10, 1: 3}",150,0.003,[0.33333333 0.33333333 0.33333333],True,True,True,0.5716855396269861,0.179018105588557,0.2492963547844567,"[541, 628, 479, 543, 1015, 555, 870, 1494, 481, 198, 201, 1442, 692]","[541, 628, 479, 543, 1015, 555, 870, 1494, 481, 198]","[201, 1442, 692]",10,3
m3glvq_k0_10_k1_3_eta_0003,2,1620,405,0.5049053104256149,0.2788461538461538,0.5225225225225225,0.3636363636363636,0.4987654320987654,42,"{0: 10, 1: 3}",150,0.003,[0.33333333 0.33333333 0.33333333],True,True,True,0.4554341340907754,0.4204601255264848,0.1241057403827397,"[23, 294, 341, 1047, 1424, 993, 863, 1243, 548, 1541, 183, 158, 642]","[23, 294, 341, 1047, 1424, 993, 863, 1243, 548, 1541]","[183, 158, 642]",10,3
m3glvq_k0_10_k1_3_eta_0003,3,1620,405,0.5163592446201142,0.2801932367149758,0.5420560747663551,0.3694267515923567,0.5111111111111111,42,"{0: 10, 1: 3}",150,0.003,[0.33333333 0.33333333 0.33333333],True,True,True,0.5704079631487068,0.2168971821749077,0.2126948546763855,"[666, 1033, 1059, 985, 1348, 1422, 1288, 591, 581, 1492, 194, 817, 1444]","[666, 1033, 1059, 985, 1348, 1422, 1288, 591, 581, 1492]","[194, 817, 1444]",10,3
m3glvq_k0_10_k1_3_eta_0003,4,1620,405,0.5550065876152832,0.357487922705314,0.6016260162601627,0.4484848484848485,0.5506172839506173,42,"{0: 10, 1: 3}",150,0.003,[0.33333333 0.33333333 0.33333333],True,True,True,0.5671295367006901,0.2457044988416379,0.187165964457672,"[754, 804, 958, 1048, 775, 1361, 740, 384, 1252, 1005, 207, 1025, 759]","[754, 804, 958, 1048, 775, 1361, 740, 384, 1252, 1005]","[207, 1025, 759]",10,3
m3glvq_k0_10_k1_4_eta_0003,0,1620,405,0.5406945529090199,0.3605769230769231,0.5769230769230769,0.4437869822485207,0.5358024691358024,42,"{0: 10, 1: 4}",150,0.003,[0.33333333 0.33333333 0.33333333],True,True,True,0.5740925102786509,0.2500437517086946,0.1758637380126544,"[1585, 1200, 1348, 1537, 657, 494, 570, 1426, 1055, 739, 194, 837, 668, 1447]","[1585, 1200, 1348, 1537, 657, 494, 570, 1426, 1055, 739]","[194, 837, 668, 1447]",10,4
m3glvq_k0_10_k1_4_eta_0003,1,1620,405,0.5668684107770402,0.4230769230769231,0.6068965517241379,0.4985835694050991,0.562962962962963,42,"{0: 10, 1: 4}",150,0.003,[0.33333333 0.33333333 0.33333333],True,True,True,0.5723821153302917,0.2376996497579822,0.189918234911726,"[198, 555, 628, 543, 870, 96, 294, 1494, 479, 541, 644, 201, 1431, 1442]","[198, 555, 628, 543, 870, 96, 294, 1494, 479, 541]","[644, 201, 1431, 1442]",10,4
m3glvq_k0_10_k1_4_eta_0003,2,1620,405,0.5666243654822335,0.25,0.6933333333333334,0.3674911660777385,0.5580246913580247,42,"{0: 10, 1: 4}",150,0.003,[0.33333333 0.33333333 0.33333333],True,True,True,0.5447272195264267,0.2792136747399123,0.1760591057336609,"[511, 1193, 400, 636, 516, 188, 1541, 545, 1476, 830, 1442, 962, 978, 1392]","[511, 1193, 400, 636, 516, 188, 1541, 545, 1476, 830]","[1442, 962, 978, 1392]",10,4
m3glvq_k0_10_k1_4_eta_0003,3,1620,405,0.5534694773825208,0.4251207729468599,0.5827814569536424,0.4916201117318435,0.5506172839506173,42,"{0: 10, 1: 4}",150,0.003,[0.33333333 0.33333333 0.33333333],True,True,True,0.5690527954284876,0.2735284985373175,0.1574187060341949,"[24, 179, 959, 1536, 1288, 1422, 807, 1216, 302, 948, 194, 840, 1444, 682]","[24, 179, 959, 1536, 1288, 1422, 807, 1216, 302, 948]","[194, 840, 1444, 682]",10,4
m3glvq_k0_10_k1_4_eta_0003,4,1620,405,0.531181379007466,0.2946859903381642,0.5700934579439252,0.3885350318471337,0.5259259259259259,42,"{0: 10, 1: 4}",150,0.003,[0.33333333 0.33333333 0.33333333],True,True,True,0.5648219818876259,0.2833198088652243,0.1518582092471498,"[384, 1361, 229, 14, 740, 102, 1073, 1005, 754, 202, 207, 759, 1443, 1025]","[384, 1361, 229, 14, 740, 102, 1073, 1005, 754, 202]","[207, 759, 1443, 1025]",10,4
m3glvq_k0_10_k1_5_eta_0003,0,1620,405,0.5205242092932448,0.3557692307692308,0.5441176470588235,0.4302325581395348,0.5160493827160494,42,"{0: 10, 1: 5}",150,0.003,[0.33333333 0.33333333 0.33333333],True,True,True,0.5738303147405076,0.2417281131510431,0.1844415721084492,"[1537, 1197, 947, 1426, 983, 657, 494, 1055, 739, 1515, 668, 194, 1398, 1447, 418]","[1537, 1197, 947, 1426, 983, 657, 494, 1055, 739, 1515]","[668, 194, 1398, 1447, 418]",10,5
m3glvq_k0_10_k1_5_eta_0003,1,1620,405,0.5643303397110504,0.4230769230769231,0.6027397260273972,0.4971751412429378,0.5604938271604938,42,"{0: 10, 1: 5}",150,0.003,[0.33333333 0.33333333 0.33333333],True,True,True,0.5714786777443773,0.2312799664687494,0.1972413557868733,"[555, 541, 628, 1392, 928, 1299, 1494, 198, 366, 1200, 1433, 1442, 734, 984, 201]","[555, 541, 628, 1392, 928, 1299, 1494, 198, 366, 1200]","[1433, 1442, 734, 984, 201]",10,5
m3glvq_k0_10_k1_5_eta_0003,2,1620,405,0.5402918781725888,0.375,0.5735294117647058,0.4534883720930232,0.5358024691358024,42,"{0: 10, 1: 5}",150,0.003,[0.33333333 0.33333333 0.33333333],True,True,True,0.5687847269110488,0.2255229401247787,0.2056923329641726,"[636, 341, 993, 1476, 400, 548, 474, 23, 1541, 830, 962, 978, 174, 136, 1442]","[636, 341, 993, 1476, 400, 548, 474, 23, 1541, 830]","[962, 978, 174, 136, 1442]",10,5
m3glvq_k0_10_k1_5_eta_0003,3,1620,405,0.5424901185770751,0.463768115942029,0.5614035087719298,0.5079365079365079,0.5407407407407407,42,"{0: 10, 1: 5}",150,0.003,[0.33333333 0.33333333 0.33333333],True,True,True,0.5721754894424443,0.2790914590910094,0.1487330514665461,"[273, 1059, 1420, 1241, 302, 1422, 1510, 1536, 666, 1348, 1444, 194, 682, 771, 165]","[273, 1059, 1420, 1241, 302, 1422, 1510, 1536, 666, 1348]","[1444, 194, 682, 771, 165]",10,5
m3glvq_k0_10_k1_5_eta_0003,4,1620,405,0.5106499780412824,0.3091787439613526,0.5289256198347108,0.3902439024390243,0.5061728395061729,42,"{0: 10, 1: 5}",150,0.003,[0.33333333 0.33333333 0.33333333],True,True,True,0.3999767869764759,0.4790931588458395,0.1209300541776846,"[1252, 1157, 734, 180, 188, 384, 202, 1073, 1583, 1112, 171, 1557, 681, 207, 766]","[1252, 1157, 734, 180, 188, 384, 202, 1073, 1583, 1112]","[171, 1557, 681, 207, 766]",10,5
m3glvq_k0_10_k1_6_eta_0003,0,1620,405,0.5620485162046076,0.5048076923076923,0.5833333333333334,0.5412371134020619,0.5604938271604938,42,"{0: 10, 1: 6}",150,0.003,[0.33333333 0.33333333 0.33333333],True,True,True,0.5701685104727806,0.2250211052178188,0.2048103843094004,"[436, 1537, 739, 1106, 1426, 598, 171, 494, 1436, 983, 852, 324, 668, 1447, 366, 1357]","[436, 1537, 739, 1106, 1426, 598, 171, 494, 1436, 983]","[852, 324, 668, 1447, 366, 1357]",10,6
m3glvq_k0_10_k1_6_eta_0003,1,1620,405,0.5352035337758688,0.4663461538461538,0.5542857142857143,0.5065274151436032,0.5333333333333333,42,"{0: 10, 1: 6}",150,0.003,[0.33333333 0.33333333 0.33333333],True,True,True,0.5735446993315136,0.22180066763285,0.2046546330356362,"[958, 628, 870, 489, 543, 1276, 1494, 1052, 555, 198, 442, 1442, 145, 984, 201, 1431]","[958, 628, 870, 489, 543, 1276, 1494, 1052, 555, 198]","[442, 1442, 145, 984, 201, 1431]",10,6
m3glvq_k0_10_k1_6_eta_0003,2,1620,405,0.549638812963686,0.4038461538461538,0.5833333333333334,0.4772727272727273,0.5456790123456791,42,"{0: 10, 1: 6}",150,0.003,[0.33333333 0.33333333 0.33333333],True,True,True,0.570447584400707,0.2539697694745845,0.1755826461247085,"[548, 636, 474, 830, 1247, 993, 1541, 549, 1196, 1193, 87, 174, 448, 962, 1063, 723]","[548, 636, 474, 830, 1247, 993, 1541, 549, 1196, 1193]","[87, 174, 448, 962, 1063, 723]",10,6
m3glvq_k0_10_k1_6_eta_0003,3,1620,405,0.5210803689064558,0.4057971014492754,0.5384615384615384,0.4628099173553719,0.5185185185185185,42,"{0: 10, 1: 6}",150,0.003,[0.33333333 0.33333333 0.33333333],True,True,True,0.4116691027584284,0.4641142000387543,0.1242166972028172,"[1241, 1059, 412, 302, 1033, 1536, 948, 591, 666, 273, 1489, 771, 682, 1444, 361, 194]","[1241, 1059, 412, 302, 1033, 1536, 948, 591, 666, 273]","[1489, 771, 682, 1444, 361, 194]",10,6
m3glvq_k0_10_k1_6_eta_0003,4,1620,405,0.5446859903381642,0.3671497584541063,0.5801526717557252,0.4497041420118343,0.5407407407407407,42,"{0: 10, 1: 6}",150,0.003,[0.33333333 0.33333333 0.33333333],True,True,True,0.5682577189850274,0.2348051230855427,0.1969371579294299,"[1073, 1583, 734, 958, 973, 233, 202, 1048, 844, 384, 207, 1025, 759, 31, 1393, 349]","[1073, 1583, 734, 958, 973, 233, 202, 1048, 844, 384]","[207, 1025, 759, 31, 1393, 349]",10,6
m3glvq_k0_10_k1_7_eta_0003,0,1620,405,0.5091639008199922,0.3990384615384615,0.5253164556962026,0.453551912568306,0.5061728395061729,42,"{0: 10, 1: 7}",150,0.003,[0.33333333 0.33333333 0.33333333],True,True,True,0.5724374160583298,0.2881664962428167,0.1393960876988536,"[657, 1200, 1348, 1055, 570, 1426, 494, 1537, 983, 739, 1083, 347, 745, 381, 194, 463, 5]","[657, 1200, 1348, 1055, 570, 1426, 494, 1537, 983, 739]","[1083, 347, 745, 381, 194, 463, 5]",10,7
m3glvq_k0_10_k1_7_eta_0003,1,1620,405,0.5448311206559937,0.3942307692307692,0.5774647887323944,0.4685714285714286,0.5407407407407407,42,"{0: 10, 1: 7}",150,0.003,[0.33333333 0.33333333 0.33333333],True,True,True,0.574463200122708,0.1992154915258956,0.2263213083513963,"[739, 628, 294, 1200, 555, 541, 545, 543, 198, 1494, 1431, 342, 984, 724, 1442, 442, 145]","[739, 628, 294, 1200, 555, 541, 545, 543, 198, 1494]","[1431, 342, 984, 724, 1442, 442, 145]",10,7
m3glvq_k0_10_k1_7_eta_0003,2,1620,405,0.5620485162046076,0.5048076923076923,0.5833333333333334,0.5412371134020619,0.5604938271604938,42,"{0: 10, 1: 7}",150,0.003,[0.33333333 0.33333333 0.33333333],True,True,True,0.5730368483575241,0.2081280064394859,0.2188351452029898,"[1247, 548, 1351, 341, 1503, 1054, 1243, 474, 636, 549, 136, 881, 978, 268, 357, 528, 1442]","[1247, 548, 1351, 341, 1503, 1054, 1243, 474, 636, 549]","[136, 881, 978, 268, 357, 528, 1442]",10,7
m3glvq_k0_10_k1_7_eta_0003,3,1620,405,0.5687307861220905,0.5314009661835749,0.5851063829787234,0.5569620253164557,0.5679012345679012,42,"{0: 10, 1: 7}",150,0.003,[0.33333333 0.33333333 0.33333333],True,True,True,0.5701933769834011,0.2286602558145149,0.2011463672020838,"[948, 1022, 1079, 97, 1492, 439, 985, 24, 1059, 1422, 771, 1003, 165, 840, 763, 682, 231]","[948, 1022, 1079, 97, 1492, 439, 985, 24, 1059, 1422]","[771, 1003, 165, 840, 763, 682, 231]",10,7
m3glvq_k0_10_k1_7_eta_0003,4,1620,405,0.5629117259552042,0.4541062801932367,0.5911949685534591,0.5136612021857923,0.5604938271604938,42,"{0: 10, 1: 7}",150,0.003,[0.33333333 0.33333333 0.33333333],True,True,True,0.570353161027825,0.2664622037745972,0.1631846351975778,"[1263, 102, 162, 1039, 233, 1157, 754, 1005, 752, 1361, 1182, 207, 376, 1364, 1025, 759, 1258]","[1263, 102, 162, 1039, 233, 1157, 754, 1005, 752, 1361]","[1182, 207, 376, 1364, 1025, 759, 1258]",10,7
m3glvq_k0_10_k1_8_eta_0003,0,1620,405,0.5421466224131198,0.4903846153846153,0.5604395604395604,0.523076923076923,0.5407407407407407,42,"{0: 10, 1: 8}",150,0.003,[0.33333333 0.33333333 0.33333333],True,True,True,0.5772365236004324,0.2771152813241611,0.1456481950754065,"[1055, 657, 1426, 739, 771, 869, 299, 570, 1071, 1537, 1139, 381, 463, 668, 1160, 194, 1447, 178]","[1055, 657, 1426, 739, 771, 869, 299, 570, 1071, 1537]","[1139, 381, 463, 668, 1160, 194, 1447, 178]",10,8
m3glvq_k0_10_k1_8_eta_0003,1,1620,405,0.5148989652479501,0.4663461538461538,0.5300546448087432,0.4961636828644501,0.5135802469135803,42,"{0: 10, 1: 8}",150,0.003,[0.33333333 0.33333333 0.33333333],True,True,True,0.5725123718292008,0.2698961469066602,0.1575914812641391,"[453, 541, 1200, 294, 555, 187, 739, 1494, 470, 366, 1029, 984, 725, 1022, 724, 1550, 1294, 1082]","[453, 541, 1200, 294, 555, 187, 739, 1494, 470, 366]","[1029, 984, 725, 1022, 724, 1550, 1294, 1082]",10,8
m3glvq_k0_10_k1_8_eta_0003,2,1620,405,0.5309327411167513,0.4375,0.5515151515151515,0.4879356568364611,0.528395061728395,42,"{0: 10, 1: 8}",150,0.003,[0.33333333 0.33333333 0.33333333],True,True,True,0.5706057013923581,0.2053006219604241,0.2240936766472179,"[1243, 549, 636, 548, 1247, 993, 830, 1303, 1054, 1503, 528, 978, 1472, 353, 1127, 664, 1380, 1442]","[1243, 549, 636, 548, 1247, 993, 830, 1303, 1054, 1503]","[528, 978, 1472, 353, 1127, 664, 1380, 1442]",10,8
m3glvq_k0_10_k1_8_eta_0003,3,1620,405,0.5447957839262187,0.4734299516908212,0.5632183908045977,0.5144356955380578,0.5432098765432098,42,"{0: 10, 1: 8}",150,0.003,[0.33333333 0.33333333 0.33333333],True,True,True,0.4186645769241839,0.4583188923422338,0.1230165307335822,"[24, 1241, 871, 1059, 1143, 1142, 1039, 412, 1348, 1492, 1554, 1509, 143, 1444, 867, 1008, 763, 1003]","[24, 1241, 871, 1059, 1143, 1142, 1039, 412, 1348, 1492]","[1554, 1509, 143, 1444, 867, 1008, 763, 1003]",10,8
m3glvq_k0_10_k1_8_eta_0003,4,1620,405,0.5778436539306104,0.463768115942029,0.6114649681528662,0.5274725274725275,0.5753086419753086,42,"{0: 10, 1: 8}",150,0.003,[0.33333333 0.33333333 0.33333333],True,True,True,0.5683981127444183,0.2702829384121323,0.1613189488434493,"[384, 1396, 1225, 740, 1048, 1361, 775, 1073, 1005, 1597, 49, 818, 1182, 1025, 759, 34, 1058, 758]","[384, 1396, 1225, 740, 1048, 1361, 775, 1073, 1005, 1597]","[49, 818, 1182, 1025, 759, 34, 1058, 758]",10,8
m3glvq_k0_10_k1_9_eta_0003,0,1620,405,0.5524331315892229,0.4855769230769231,0.5738636363636364,0.5260416666666666,0.5506172839506173,42,"{0: 10, 1: 9}",150,0.003,[0.33333333 0.33333333 0.33333333],True,True,True,0.52949560145706,0.3447842425612675,0.1257201559816725,"[1426, 1588, 1537, 657, 570, 1035, 739, 1055, 494, 1081, 1463, 194, 366, 29, 1083, 381, 1301, 745, 668]","[1426, 1588, 1537, 657, 570, 1035, 739, 1055, 494, 1081]","[1463, 194, 366, 29, 1083, 381, 1301, 745, 668]",10,9
m3glvq_k0_10_k1_9_eta_0003,1,1620,405,0.5361309058961343,0.5240384615384616,0.5505050505050505,0.5369458128078818,0.5358024691358024,42,"{0: 10, 1: 9}",150,0.003,[0.33333333 0.33333333 0.33333333],True,True,True,0.5730699409367649,0.2349842581235051,0.1919458009397299,"[628, 96, 958, 1494, 541, 1055, 366, 199, 25, 739, 844, 184, 1027, 1029, 201, 442, 984, 1399, 232]","[628, 96, 958, 1494, 541, 1055, 366, 199, 25, 739]","[844, 184, 1027, 1029, 201, 442, 984, 1399, 232]",10,9
m3glvq_k0_10_k1_9_eta_0003,2,1620,405,0.536265130808278,0.5192307692307693,0.5510204081632653,0.5346534653465348,0.5358024691358024,42,"{0: 10, 1: 9}",150,0.003,[0.33333333 0.33333333 0.33333333],True,True,True,0.5722272410426044,0.1945761912614251,0.2331965676959704,"[1054, 1247, 1243, 548, 636, 830, 474, 588, 1502, 549, 1556, 723, 1431, 1025, 156, 76, 353, 978, 268]","[1054, 1247, 1243, 548, 636, 830, 474, 588, 1502, 549]","[1556, 723, 1431, 1025, 156, 76, 353, 978, 268]",10,9
m3glvq_k0_10_k1_9_eta_0003,3,1620,405,0.5500658761528326,0.463768115942029,0.5714285714285714,0.5119999999999999,0.5481481481481482,42,"{0: 10, 1: 9}",150,0.003,[0.33333333 0.33333333 0.33333333],True,True,True,0.571565355551005,0.2780372341278143,0.1503974103211808,"[1348, 666, 1039, 1492, 1351, 1059, 1241, 1422, 1033, 1288, 1003, 50, 231, 143, 927, 1243, 1008, 763, 771]","[1348, 666, 1039, 1492, 1351, 1059, 1241, 1422, 1033, 1288]","[1003, 50, 231, 143, 927, 1243, 1008, 763, 771]",10,9
m3glvq_k0_10_k1_9_eta_0003,4,1620,405,0.5464426877470356,0.5120772946859904,0.5608465608465608,0.5353535353535352,0.5456790123456791,42,"{0: 10, 1: 9}",150,0.003,[0.33333333 0.33333333 0.33333333],True,True,True,0.5718803706284006,0.2697315369473833,0.1583880924242162,"[1370, 1005, 408, 740, 973, 1073, 1039, 1225, 844, 783, 757, 929, 848, 1547, 1063, 151, 681, 1188, 171]","[1370, 1005, 408, 740, 973, 1073, 1039, 1225, 844, 783]","[757, 929, 848, 1547, 1063, 151, 681, 1188, 171]",10,9
m3glvq_k0_10_k1_10_eta_0003,0,1620,405,0.5437451190941038,0.5240384615384616,0.558974358974359,0.5409429280397022,0.5432098765432098,42,"{0: 10, 1: 10}",150,0.003,[0.33333333 0.33333333 0.33333333],True,True,True,0.5774407772420642,0.2656665311541837,0.156892691603752,"[27, 1499, 1084, 570, 299, 1055, 494, 1426, 657, 1200, 291, 553, 745, 1121, 218, 976, 604, 1047, 65, 668]","[27, 1499, 1084, 570, 299, 1055, 494, 1426, 657, 1200]","[291, 553, 745, 1121, 218, 976, 604, 1047, 65, 668]",10,10
m3glvq_k0_10_k1_10_eta_0003,1,1620,405,0.5007443381491605,0.4278846153846153,0.5144508670520231,0.4671916010498687,0.4987654320987654,42,"{0: 10, 1: 10}",150,0.003,[0.33333333 0.33333333 0.33333333],True,True,True,0.5794036467578358,0.285170856201648,0.135425497040516,"[198, 1164, 541, 1494, 1585, 1229, 366, 1016, 1245, 555, 1084, 238, 359, 984, 1583, 442, 521, 145, 201, 1029]","[198, 1164, 541, 1494, 1585, 1229, 366, 1016, 1245, 555]","[1084, 238, 359, 984, 1583, 442, 521, 145, 201, 1029]",10,10
m3glvq_k0_10_k1_10_eta_0003,2,1620,405,0.5409385982038266,0.5336538461538461,0.555,0.5441176470588236,0.5407407407407407,42,"{0: 10, 1: 10}",150,0.003,[0.33333333 0.33333333 0.33333333],True,True,True,0.5696925576665777,0.169657766440371,0.2606496758930514,"[549, 1541, 218, 1005, 1247, 1093, 636, 830, 1243, 548, 1442, 528, 978, 881, 1127, 664, 962, 156, 1076, 353]","[549, 1541, 218, 1005, 1247, 1093, 636, 830, 1243, 548]","[1442, 528, 978, 881, 1127, 664, 962, 156, 1076, 353]",10,10
m3glvq_k0_10_k1_10_eta_0003,3,1620,405,0.57389108476065,0.5265700483091788,0.592391304347826,0.5575447570332481,0.5728395061728395,42,"{0: 10, 1: 10}",150,0.003,[0.33333333 0.33333333 0.33333333],True,True,True,0.571765889182773,0.2447536861793832,0.1834804246378437,"[24, 1492, 985, 1059, 412, 343, 14, 158, 778, 948, 1444, 916, 1064, 701, 1003, 1097, 1008, 356, 927, 373]","[24, 1492, 985, 1059, 412, 343, 14, 158, 778, 948]","[1444, 916, 1064, 701, 1003, 1097, 1008, 356, 927, 373]",10,10
m3glvq_k0_10_k1_10_eta_0003,4,1620,405,0.5411725955204216,0.5217391304347826,0.5538461538461539,0.537313432835821,0.5407407407407407,42,"{0: 10, 1: 10}",150,0.003,[0.33333333 0.33333333 0.33333333],True,True,True,0.5710507152556156,0.2662893304388806,0.1626599543055036,"[1048, 1053, 1361, 1157, 384, 1073, 1087, 775, 958, 740, 49, 207, 31, 1443, 1364, 1404, 1547, 152, 929, 681]","[1048, 1053, 1361, 1157, 384, 1073, 1087, 775, 958, 740]","[49, 207, 31, 1443, 1364, 1404, 1547, 152, 929, 681]",10,10
m3glvq_k0_3_k1_3_eta_00075,0,1620,405,0.5995582780163998,0.7067307692307693,0.5951417004048583,0.6461538461538461,0.6024691358024692,42,"{0: 3, 1: 3}",150,0.0075,[0.33333333 0.33333333 0.33333333],True,True,True,0.3585021722043094,0.3279509466220788,0.3135468811736117,"[761, 1099, 1352, 1447, 630, 1398]","[761, 1099, 1352]","[1447, 630, 1398]",3,3
m3glvq_k0_3_k1_3_eta_00075,1,1620,405,0.5219518742678642,0.6682692307692307,0.5305343511450382,0.5914893617021276,0.5259259259259259,42,"{0: 3, 1: 3}",150,0.0075,[0.33333333 0.33333333 0.33333333],True,True,True,0.7635903507477612,0.1762637803619071,0.0601458688903317,"[1267, 294, 226, 821, 148, 1442]","[1267, 294, 226]","[821, 148, 1442]",3,3
m3glvq_k0_3_k1_3_eta_00075,2,1620,405,0.5755198164779383,0.6586538461538461,0.5780590717299579,0.6157303370786518,0.5777777777777777,42,"{0: 3, 1: 3}",150,0.0075,[0.33333333 0.33333333 0.33333333],True,True,True,0.0565873720923898,0.9237709599514204,0.0196416679561898,"[1347, 838, 1541, 609, 1127, 353]","[1347, 838, 1541]","[609, 1127, 353]",3,3
m3glvq_k0_3_k1_3_eta_00075,3,1620,405,0.5521519543258674,0.7053140096618358,0.5509433962264151,0.6186440677966102,0.5555555555555556,42,"{0: 3, 1: 3}",150,0.0075,[0.33333333 0.33333333 0.33333333],True,True,True,0.2836411471118543,0.7098136382142256,0.00654521467392,"[957, 985, 1492, 1444, 453, 682]","[957, 985, 1492]","[1444, 453, 682]",3,3
m3glvq_k0_3_k1_3_eta_00075,4,1620,405,0.5808080808080808,0.6666666666666666,0.5798319327731093,0.6202247191011236,0.582716049382716,42,"{0: 3, 1: 3}",150,0.0075,[0.33333333 0.33333333 0.33333333],True,True,True,0.5744328386370778,0.4255671613629221,0.0,"[882, 188, 499, 759, 631, 1025]","[882, 188, 499]","[759, 631, 1025]",3,3
m3glvq_k0_3_k1_4_eta_00075,0,1620,405,0.5664413315111285,0.6201923076923077,0.5733333333333334,0.5958429561200924,0.5679012345679012,42,"{0: 3, 1: 4}",150,0.0075,[0.33333333 0.33333333 0.33333333],True,True,True,0.9198999561953312,0.0801000438046688,0.0,"[1375, 1468, 1311, 745, 1239, 1132, 668]","[1375, 1468, 1311]","[745, 1239, 1132, 668]",3,4
m3glvq_k0_3_k1_4_eta_00075,1,1620,405,0.572713295587661,0.6682692307692307,0.5743801652892562,0.6177777777777776,0.5753086419753086,42,"{0: 3, 1: 4}",150,0.0075,[0.33333333 0.33333333 0.33333333],True,True,True,0.5444334779640574,0.4555665220359426,0.0,"[1494, 46, 741, 1442, 984, 1349, 1390]","[1494, 46, 741]","[1442, 984, 1349, 1390]",3,4
m3glvq_k0_3_k1_4_eta_00075,2,1620,405,0.575507614213198,0.75,0.5693430656934306,0.6473029045643154,0.5802469135802469,42,"{0: 3, 1: 4}",150,0.0075,[0.33333333 0.33333333 0.33333333],True,True,True,0.361942534250862,0.3479572520238881,0.2901002137252498,"[1548, 1247, 1503, 1442, 1392, 1397, 978]","[1548, 1247, 1503]","[1442, 1392, 1397, 978]",3,4
m3glvq_k0_3_k1_4_eta_00075,3,1620,405,0.6041941150636803,0.5265700483091788,0.6337209302325582,0.5751978891820582,0.6024691358024692,42,"{0: 3, 1: 4}",150,0.0075,[0.33333333 0.33333333 0.33333333],True,True,True,0.9250499396523768,0.0749500603476231,0.0,"[1268, 745, 573, 1419, 1087, 1008, 1262]","[1268, 745, 573]","[1419, 1087, 1008, 1262]",3,4
m3glvq_k0_3_k1_4_eta_00075,4,1620,405,0.5501756697408872,0.6811594202898551,0.55078125,0.6090712742980562,0.5530864197530864,42,"{0: 3, 1: 4}",150,0.0075,[0.33333333 0.33333333 0.33333333],True,True,True,0.8076730765894278,0.143867869474675,0.0484590539358971,"[1112, 1474, 623, 465, 1258, 1025, 759]","[1112, 1474, 623]","[465, 1258, 1025, 759]",3,4
m3glvq_k0_3_k1_5_eta_00075,0,1620,405,0.6091736626317844,0.7259615384615384,0.601593625498008,0.6579520697167757,0.6123456790123457,42,"{0: 3, 1: 5}",150,0.0075,[0.33333333 0.33333333 0.33333333],True,True,True,0.4434671924591764,0.3080926191998389,0.2484401883409848,"[1358, 1099, 1352, 668, 1132, 1398, 1447, 1357]","[1358, 1099, 1352]","[668, 1132, 1398, 1447, 1357]",3,5
m3glvq_k0_3_k1_5_eta_00075,1,1620,405,0.586880124951191,0.6153846153846154,0.5953488372093023,0.6052009456264775,0.5876543209876544,42,"{0: 3, 1: 5}",150,0.0075,[0.33333333 0.33333333 0.33333333],True,True,True,0.8252150700565803,0.1747849299434197,0.0,"[954, 741, 226, 1349, 1105, 148, 1442, 821]","[954, 741, 226]","[1349, 1105, 148, 1442, 821]",3,5
m3glvq_k0_3_k1_5_eta_00075,2,1620,405,0.5697725497852402,0.6826923076923077,0.570281124497992,0.6214442013129102,0.5728395061728395,42,"{0: 3, 1: 5}",150,0.0075,[0.33333333 0.33333333 0.33333333],True,True,True,0.1416429552785447,0.8505904404880176,0.0077666042334376,"[1503, 1247, 579, 1239, 1359, 1392, 364, 1442]","[1503, 1247, 579]","[1239, 1359, 1392, 364, 1442]",3,5
m3glvq_k0_3_k1_5_eta_00075,3,1620,405,0.5606060606060606,0.7777777777777778,0.5532646048109966,0.646586345381526,0.5654320987654321,42,"{0: 3, 1: 5}",150,0.0075,[0.33333333 0.33333333 0.33333333],True,True,True,0.3574364395264948,0.3691183166967878,0.2734452437767172,"[396, 24, 957, 1444, 356, 1084, 682, 1146]","[396, 24, 957]","[1444, 356, 1084, 682, 1146]",3,5
m3glvq_k0_3_k1_5_eta_00075,4,1620,405,0.5612648221343873,0.748792270531401,0.5555555555555556,0.6378600823045267,0.5654320987654321,42,"{0: 3, 1: 5}",150,0.0075,[0.33333333 0.33333333 0.33333333],True,True,True,0.7796677844384431,0.1500517953084212,0.0702804202531356,"[1013, 494, 1278, 681, 1368, 382, 1404, 1097]","[1013, 494, 1278]","[681, 1368, 382, 1404, 1097]",3,5
m3glvq_k0_3_k1_6_eta_00075,0,1620,405,0.5543976962124171,0.7788461538461539,0.5510204081632653,0.6454183266932271,0.5604938271604938,42,"{0: 3, 1: 6}",150,0.0075,[0.33333333 0.33333333 0.33333333],True,True,True,0.389964925738203,0.3098435184324278,0.3001915558293692,"[1358, 1099, 494, 630, 1466, 1447, 1139, 366, 1357]","[1358, 1099, 494]","[630, 1466, 1447, 1139, 366, 1357]",3,6
m3glvq_k0_3_k1_6_eta_00075,1,1620,405,0.543061792268645,0.6394230769230769,0.5495867768595041,0.591111111111111,0.5456790123456791,42,"{0: 3, 1: 6}",150,0.0075,[0.33333333 0.33333333 0.33333333],True,True,True,0.3146677365056918,0.6818279654537637,0.0035042980405444,"[366, 880, 840, 644, 725, 823, 275, 429, 1349]","[366, 880, 840]","[644, 725, 823, 275, 429, 1349]",3,6
m3glvq_k0_3_k1_6_eta_00075,2,1620,405,0.5701874267864115,0.5769230769230769,0.5825242718446602,0.5797101449275361,0.5703703703703704,42,"{0: 3, 1: 6}",150,0.0075,[0.33333333 0.33333333 0.33333333],True,True,True,0.9069345043743288,0.0930654956256711,0.0,"[1328, 476, 1304, 1455, 1225, 139, 723, 1027, 1117]","[1328, 476, 1304]","[1455, 1225, 139, 723, 1027, 1117]",3,6
m3glvq_k0_3_k1_6_eta_00075,3,1620,405,0.501207729468599,0.8357487922705314,0.5118343195266272,0.6348623853211008,0.508641975308642,42,"{0: 3, 1: 6}",150,0.0075,[0.33333333 0.33333333 0.33333333],True,True,True,0.0586862217768897,0.9275625131068134,0.0137512651162968,"[1492, 964, 279, 682, 453, 1431, 1146, 1560, 194]","[1492, 964, 279]","[682, 453, 1431, 1146, 1560, 194]",3,6
m3glvq_k0_3_k1_6_eta_00075,4,1620,405,0.5714756258234519,0.6328502415458938,0.5745614035087719,0.6022988505747127,0.5728395061728395,42,"{0: 3, 1: 6}",150,0.0075,[0.33333333 0.33333333 0.33333333],True,True,True,0.930598464777103,0.0694015352228971,0.0,"[775, 1053, 233, 1025, 1055, 1368, 1176, 861, 974]","[775, 1053, 233]","[1025, 1055, 1368, 1176, 861, 974]",3,6
m3glvq_k0_3_k1_7_eta_00075,0,1620,405,0.5542756735650136,0.6923076923076923,0.555984555984556,0.6167023554603854,0.5580246913580247,42,"{0: 3, 1: 7}",150,0.0075,[0.33333333 0.33333333 0.33333333],True,True,True,0.9345245621927522,0.0384205902740645,0.0270548475331834,"[726, 254, 1257, 26, 15, 1423, 1447, 378, 1117, 309]","[726, 254, 1257]","[26, 15, 1423, 1447, 378, 1117, 309]",3,7
m3glvq_k0_3_k1_7_eta_00075,1,1620,405,0.5864896524795002,0.5384615384615384,0.6086956521739131,0.5714285714285715,0.5851851851851851,42,"{0: 3, 1: 7}",150,0.0075,[0.33333333 0.33333333 0.33333333],True,True,True,0.7422818650352104,0.2577181349647896,0.0,"[741, 226, 366, 724, 725, 821, 734, 786, 984, 623]","[741, 226, 366]","[724, 725, 821, 734, 786, 984, 623]",3,7
m3glvq_k0_3_k1_7_eta_00075,2,1620,405,0.5394499219055057,0.6778846153846154,0.5444015444015444,0.6038543897216275,0.5432098765432098,42,"{0: 3, 1: 7}",150,0.0075,[0.33333333 0.33333333 0.33333333],True,True,True,0.9469767149658675,0.0525141403291967,0.0005091447049356,"[374, 993, 1471, 385, 604, 87, 1108, 1133, 920, 910]","[374, 993, 1471]","[385, 604, 87, 1108, 1133, 920, 910]",3,7
m3glvq_k0_3_k1_7_eta_00075,3,1620,405,0.5477602108036891,0.6763285024154589,0.5490196078431373,0.606060606060606,0.5506172839506173,42,"{0: 3, 1: 7}",150,0.0075,[0.33333333 0.33333333 0.33333333],True,True,True,0.8218284965244902,0.1781715034755099,0.0,"[302, 223, 14, 1008, 1554, 843, 291, 194, 50, 1444]","[302, 223, 14]","[1008, 1554, 843, 291, 194, 50, 1444]",3,7
m3glvq_k0_3_k1_7_eta_00075,4,1620,405,0.5736714975845411,0.6473429951690821,0.575107296137339,0.6090909090909091,0.5753086419753086,42,"{0: 3, 1: 7}",150,0.0075,[0.33333333 0.33333333 0.33333333],True,True,True,0.923327786487674,0.0559293055077259,0.0207429080046001,"[1104, 973, 1039, 681, 34, 1272, 759, 508, 465, 238]","[1104, 973, 1039]","[681, 34, 1272, 759, 508, 465, 238]",3,7
m3glvq_k0_3_k1_8_eta_00075,0,1620,405,0.511811792268645,0.5769230769230769,0.5240174672489083,0.5491990846681921,0.5135802469135803,42,"{0: 3, 1: 8}",150,0.0075,[0.33333333 0.33333333 0.33333333],True,True,True,0.9591243277750182,0.0408756722249818,0.0,"[386, 254, 222, 324, 1132, 347, 668, 1423, 852, 352, 1078]","[386, 254, 222]","[324, 1132, 347, 668, 1423, 852, 352, 1078]",3,8
m3glvq_k0_3_k1_8_eta_00075,1,1620,405,0.5434644670050761,0.625,0.5508474576271186,0.5855855855855856,0.5456790123456791,42,"{0: 3, 1: 8}",150,0.0075,[0.33333333 0.33333333 0.33333333],True,True,True,0.8096638427254648,0.1903361572745352,0.0,"[198, 1494, 1324, 1097, 429, 441, 1066, 725, 1373, 338, 148]","[198, 1494, 1324]","[1097, 429, 441, 1066, 725, 1373, 338, 148]",3,8
m3glvq_k0_3_k1_8_eta_00075,2,1620,405,0.5695040999609527,0.6923076923076923,0.5691699604743083,0.6247288503253796,0.5728395061728395,42,"{0: 3, 1: 8}",150,0.0075,[0.33333333 0.33333333 0.33333333],True,True,True,0.1999250062457671,0.8000749937542329,0.0,"[1247, 579, 1503, 1449, 1239, 1059, 1442, 723, 1117, 1397, 335]","[1247, 579, 1503]","[1449, 1239, 1059, 1442, 723, 1117, 1397, 335]",3,8
m3glvq_k0_3_k1_8_eta_00075,3,1620,405,0.5562143170838822,0.6376811594202898,0.559322033898305,0.5959367945823927,0.5580246913580247,42,"{0: 3, 1: 8}",150,0.0075,[0.33333333 0.33333333 0.33333333],True,True,True,0.789151142266038,0.210848857733962,0.0,"[957, 504, 14, 766, 1008, 305, 1444, 204, 384, 150, 1036]","[957, 504, 14]","[766, 1008, 305, 1444, 204, 384, 150, 1036]",3,8
m3glvq_k0_3_k1_8_eta_00075,4,1620,405,0.5624725516029864,0.6956521739130435,0.5603112840466926,0.6206896551724138,0.5654320987654321,42,"{0: 3, 1: 8}",150,0.0075,[0.33333333 0.33333333 0.33333333],True,True,True,0.9359836107252912,0.0640163892747088,0.0,"[384, 1474, 416, 1432, 759, 478, 1167, 92, 758, 1194, 49]","[384, 1474, 416]","[1432, 759, 478, 1167, 92, 758, 1194, 49]",3,8
m3glvq_k0_3_k1_9_eta_00075,0,1620,405,0.5662949043342445,0.7163461538461539,0.5643939393939394,0.6313559322033899,0.5703703703703704,42,"{0: 3, 1: 9}",150,0.0075,[0.33333333 0.33333333 0.33333333],True,True,True,0.9529930164660064,0.0441325134973188,0.0028744700366747,"[254, 386, 1035, 291, 54, 1078, 852, 553, 324, 347, 147, 1423]","[254, 386, 1035]","[291, 54, 1078, 852, 553, 324, 347, 147, 1423]",3,9
m3glvq_k0_3_k1_9_eta_00075,1,1620,405,0.5625610113237016,0.6682692307692307,0.5650406504065041,0.6123348017621145,0.5654320987654321,42,"{0: 3, 1: 9}",150,0.0075,[0.33333333 0.33333333 0.33333333],True,True,True,0.963554918910468,0.0364450810895319,0.0,"[470, 970, 366, 232, 724, 442, 644, 521, 1349, 1029, 725, 31]","[470, 970, 366]","[232, 724, 442, 644, 521, 1349, 1029, 725, 31]",3,9
m3glvq_k0_3_k1_9_eta_00075,2,1620,405,0.5512007028504491,0.7115384615384616,0.5522388059701493,0.6218487394957983,0.5555555555555556,42,"{0: 3, 1: 9}",150,0.0075,[0.33333333 0.33333333 0.33333333],True,True,True,0.9553718345194782,0.0443138801419197,0.000314285338602,"[993, 374, 1471, 1076, 1577, 297, 910, 450, 385, 1147, 920, 230]","[993, 374, 1471]","[1076, 1577, 297, 910, 450, 385, 1147, 920, 230]",3,9
m3glvq_k0_3_k1_9_eta_00075,3,1620,405,0.5318401405357928,0.7101449275362319,0.5345454545454545,0.6099585062240663,0.5358024691358024,42,"{0: 3, 1: 9}",150,0.0075,[0.33333333 0.33333333 0.33333333],True,True,True,0.7100968420124686,0.2899031579875314,0.0,"[745, 476, 396, 50, 1097, 1003, 771, 763, 701, 637, 927, 305]","[745, 476, 396]","[50, 1097, 1003, 771, 763, 701, 637, 927, 305]",3,9
m3glvq_k0_3_k1_9_eta_00075,4,1620,405,0.6004611330698287,0.8019323671497585,0.5824561403508772,0.6747967479674797,0.6049382716049383,42,"{0: 3, 1: 9}",150,0.0075,[0.33333333 0.33333333 0.33333333],True,True,True,0.9363981897118678,0.0497644226598781,0.013837387628254,"[1053, 1048, 233, 759, 382, 1025, 1432, 350, 238, 1121, 1477, 34]","[1053, 1048, 233]","[759, 382, 1025, 1432, 350, 238, 1121, 1477, 34]",3,9
m3glvq_k0_3_k1_10_eta_00075,0,1620,405,0.5325068332682545,0.6538461538461539,0.5396825396825397,0.5913043478260869,0.5358024691358024,42,"{0: 3, 1: 10}",150,0.0075,[0.33333333 0.33333333 0.33333333],True,True,True,0.9495303731993688,0.0504696268006312,0.0,"[386, 254, 1587, 465, 1217, 194, 229, 463, 1239, 1132, 381, 745, 1047]","[386, 254, 1587]","[465, 1217, 194, 229, 463, 1239, 1132, 381, 745, 1047]",3,10
m3glvq_k0_3_k1_10_eta_00075,1,1620,405,0.5330437329168294,0.6346153846153846,0.5409836065573771,0.5840707964601771,0.5358024691358024,42,"{0: 3, 1: 10}",150,0.0075,[0.33333333 0.33333333 0.33333333],True,True,True,0.9477436808012538,0.0522563191987461,0.0,"[1494, 366, 1345, 725, 373, 1349, 232, 442, 31, 148, 1029, 1318, 893]","[1494, 366, 1345]","[725, 373, 1349, 232, 442, 31, 148, 1029, 1318, 893]",3,10
m3glvq_k0_3_k1_10_eta_00075,2,1620,405,0.5692356501366653,0.7019230769230769,0.5680933852140078,0.6279569892473118,0.5728395061728395,42,"{0: 3, 1: 10}",150,0.0075,[0.33333333 0.33333333 0.33333333],True,True,True,0.8804114959175358,0.1195885040824641,0.0,"[9, 1471, 955, 1015, 1133, 730, 1057, 1560, 910, 1239, 978, 1083, 1007]","[9, 1471, 955]","[1015, 1133, 730, 1057, 1560, 910, 1239, 978, 1083, 1007]",3,10
m3glvq_k0_3_k1_10_eta_00075,3,1620,405,0.564558629776021,0.714975845410628,0.5606060606060606,0.6284501061571124,0.5679012345679012,42,"{0: 3, 1: 10}",150,0.0075,[0.33333333 0.33333333 0.33333333],True,True,True,0.9116063547992352,0.0883936452007648,0.0,"[1018, 745, 396, 50, 1138, 1041, 633, 231, 373, 1496, 1008, 194, 843]","[1018, 745, 396]","[50, 1138, 1041, 633, 231, 373, 1496, 1008, 194, 843]",3,10
m3glvq_k0_3_k1_10_eta_00075,4,1620,405,0.5303030303030303,0.7777777777777778,0.5313531353135313,0.6313725490196078,0.5358024691358024,42,"{0: 3, 1: 10}",150,0.0075,[0.33333333 0.33333333 0.33333333],True,True,True,0.955226332944242,0.0324587890524101,0.0123148780033479,"[384, 1474, 403, 674, 1052, 1025, 1582, 631, 1188, 1404, 698, 729, 382]","[384, 1474, 403]","[674, 1052, 1025, 1582, 631, 1188, 1404, 698, 729, 382]",3,10
m3glvq_k0_4_k1_3_eta_00075,0,1620,405,0.5628416634127293,0.5673076923076923,0.5756097560975609,0.5714285714285715,0.562962962962963,42,"{0: 4, 1: 3}",150,0.0075,[0.33333333 0.33333333 0.33333333],True,True,True,0.751543056684908,0.248456943315092,0.0,"[1333, 1348, 1587, 906, 850, 1447, 147]","[1333, 1348, 1587, 906]","[850, 1447, 147]",4,3
m3glvq_k0_4_k1_3_eta_00075,1,1620,405,0.5084927762592737,0.4230769230769231,0.5238095238095238,0.4680851063829788,0.5061728395061729,42,"{0: 4, 1: 3}",150,0.0075,[0.33333333 0.33333333 0.33333333],True,True,True,0.6083110624326838,0.3916889375673162,0.0,"[1494, 198, 436, 277, 692, 1442, 201]","[1494, 198, 436, 277]","[692, 1442, 201]",4,3
m3glvq_k0_4_k1_3_eta_00075,2,1620,405,0.5664291292463881,0.7115384615384616,0.5648854961832062,0.6297872340425532,0.5703703703703704,42,"{0: 4, 1: 3}",150,0.0075,[0.33333333 0.33333333 0.33333333],True,True,True,0.4447159723967706,0.3021347920182327,0.2531492355849968,"[1503, 830, 294, 1548, 87, 1442, 1392]","[1503, 830, 294, 1548]","[87, 1442, 1392]",4,3
m3glvq_k0_4_k1_3_eta_00075,3,1620,405,0.5585199824330259,0.6473429951690821,0.5606694560669456,0.600896860986547,0.5604938271604938,42,"{0: 4, 1: 3}",150,0.0075,[0.33333333 0.33333333 0.33333333],True,True,True,0.3439318568542508,0.365437834213775,0.2906303089319742,"[504, 776, 24, 957, 1444, 453, 25]","[504, 776, 24, 957]","[1444, 453, 25]",4,3
m3glvq_k0_4_k1_3_eta_00075,4,1620,405,0.5927755819060166,0.6956521739130435,0.5877551020408164,0.6371681415929205,0.5950617283950618,42,"{0: 4, 1: 3}",150,0.0075,[0.33333333 0.33333333 0.33333333],True,True,True,0.5270755847902416,0.3167098361893465,0.1562145790204117,"[1101, 1053, 233, 1048, 1025, 759, 1258]","[1101, 1053, 233, 1048]","[1025, 759, 1258]",4,3
m3glvq_k0_4_k1_4_eta_00075,0,1620,405,0.5173272159312768,0.2884615384615384,0.5454545454545454,0.3773584905660377,0.5111111111111111,42,"{0: 4, 1: 4}",150,0.0075,[0.33333333 0.33333333 0.33333333],True,True,True,0.9489849665037012,0.0510150334962987,0.0,"[222, 386, 1348, 771, 1140, 745, 630, 31]","[222, 386, 1348, 771]","[1140, 745, 630, 31]",4,4
m3glvq_k0_4_k1_4_eta_00075,1,1620,405,0.5915657946114798,0.5384615384615384,0.6153846153846154,0.5743589743589744,0.5901234567901235,42,"{0: 4, 1: 4}",150,0.0075,[0.33333333 0.33333333 0.33333333],True,True,True,0.953905459262113,0.046094540737887,0.0,"[366, 470, 855, 995, 984, 1390, 1442, 1349]","[366, 470, 855, 995]","[984, 1390, 1442, 1349]",4,4
m3glvq_k0_4_k1_4_eta_00075,2,1620,405,0.5605598399062867,0.6490384615384616,0.5648535564853556,0.6040268456375839,0.562962962962963,42,"{0: 4, 1: 4}",150,0.0075,[0.33333333 0.33333333 0.33333333],True,True,True,0.5610743971884765,0.2837056226612671,0.1552199801502563,"[1503, 1247, 1005, 1471, 597, 1442, 1392, 87]","[1503, 1247, 1005, 1471]","[597, 1442, 1392, 87]",4,4
m3glvq_k0_4_k1_4_eta_00075,3,1620,405,0.5209705753184014,0.4106280193236715,0.5379746835443038,0.4657534246575342,0.5185185185185185,42,"{0: 4, 1: 4}",150,0.0075,[0.33333333 0.33333333 0.33333333],True,True,True,0.0807857742725527,0.9192142257274472,0.0,"[58, 778, 14, 964, 682, 453, 1456, 233]","[58, 778, 14, 964]","[682, 453, 1456, 233]",4,4
m3glvq_k0_4_k1_4_eta_00075,4,1620,405,0.5236056214317084,0.5169082125603864,0.535,0.5257985257985258,0.5234567901234568,42,"{0: 4, 1: 4}",150,0.0075,[0.33333333 0.33333333 0.33333333],True,True,True,0.9564665647007212,0.0435334352992787,0.0,"[623, 384, 784, 1013, 207, 631, 1025, 759]","[623, 384, 784, 1013]","[207, 631, 1025, 759]",4,4
m3glvq_k0_4_k1_5_eta_00075,0,1620,405,0.6097105622803592,0.7067307692307693,0.6049382716049383,0.6518847006651886,0.6123456790123457,42,"{0: 4, 1: 5}",150,0.0075,[0.33333333 0.33333333 0.33333333],True,True,True,0.451613687556115,0.3157080249559973,0.2326782874878876,"[1499, 1352, 1358, 299, 1466, 366, 1155, 668, 745]","[1499, 1352, 1358, 299]","[1466, 366, 1155, 668, 745]",4,5
m3glvq_k0_4_k1_5_eta_00075,1,1620,405,0.5576434986333464,0.4807692307692308,0.5813953488372093,0.5263157894736843,0.5555555555555556,42,"{0: 4, 1: 5}",150,0.0075,[0.33333333 0.33333333 0.33333333],True,True,True,0.0797399875882365,0.916475532367326,0.0037844800444375,"[935, 366, 1494, 1345, 823, 427, 429, 644, 725]","[935, 366, 1494, 1345]","[823, 427, 429, 644, 725]",4,5
m3glvq_k0_4_k1_5_eta_00075,2,1620,405,0.5656359820382664,0.6490384615384616,0.569620253164557,0.6067415730337079,0.5679012345679012,42,"{0: 4, 1: 5}",150,0.0075,[0.33333333 0.33333333 0.33333333],True,True,True,0.9319044140429402,0.0571643068965685,0.0109312790604912,"[1005, 1328, 1471, 1502, 1133, 417, 87, 723, 604]","[1005, 1328, 1471, 1502]","[1133, 417, 87, 723, 604]",4,5
m3glvq_k0_4_k1_5_eta_00075,3,1620,405,0.5490777338603425,0.6183574879227053,0.5541125541125541,0.5844748858447488,0.5506172839506173,42,"{0: 4, 1: 5}",150,0.0075,[0.33333333 0.33333333 0.33333333],True,True,True,0.934707988328526,0.0652920116714741,0.0,"[1308, 14, 253, 1025, 771, 1041, 194, 1008, 1444]","[1308, 14, 253, 1025]","[771, 1041, 194, 1008, 1444]",4,5
m3glvq_k0_4_k1_5_eta_00075,4,1620,405,0.5475406236275802,0.5748792270531401,0.5560747663551402,0.5653206650831353,0.5481481481481482,42,"{0: 4, 1: 5}",150,0.0075,[0.33333333 0.33333333 0.33333333],True,True,True,0.95239734005772,0.0476026599422801,0.0,"[1474, 403, 233, 384, 49, 207, 759, 1025, 766]","[1474, 403, 233, 384]","[49, 207, 759, 1025, 766]",4,5
m3glvq_k0_4_k1_6_eta_00075,0,1620,405,0.5420001952362359,0.5865384615384616,0.5520361990950227,0.5687645687645688,0.5432098765432098,42,"{0: 4, 1: 6}",150,0.0075,[0.33333333 0.33333333 0.33333333],True,True,True,0.9504207307423852,0.0495792692576147,0.0,"[419, 771, 1348, 1499, 1423, 1229, 1447, 1117, 668, 850]","[419, 771, 1348, 1499]","[1423, 1229, 1447, 1117, 668, 850]",4,6
m3glvq_k0_4_k1_6_eta_00075,1,1620,405,0.5275893205778992,0.4663461538461538,0.5449438202247191,0.5025906735751295,0.5259259259259259,42,"{0: 4, 1: 6}",150,0.0075,[0.33333333 0.33333333 0.33333333],True,True,True,0.5957363980599134,0.4042636019400866,0.0,"[277, 1229, 198, 366, 442, 734, 984, 725, 91, 201]","[277, 1229, 198, 366]","[442, 734, 984, 725, 91, 201]",4,6
m3glvq_k0_4_k1_6_eta_00075,2,1620,405,0.5629880905896134,0.4711538461538461,0.5903614457831325,0.5240641711229947,0.5604938271604938,42,"{0: 4, 1: 6}",150,0.0075,[0.33333333 0.33333333 0.33333333],True,True,True,0.9366350418099908,0.0633649581900092,0.0,"[1005, 1471, 374, 1566, 910, 723, 285, 1377, 335, 1018]","[1005, 1471, 374, 1566]","[910, 723, 285, 1377, 335, 1018]",4,6
m3glvq_k0_4_k1_6_eta_00075,3,1620,405,0.4525691699604743,0.5314009661835749,0.4700854700854701,0.4988662131519274,0.454320987654321,42,"{0: 4, 1: 6}",150,0.0075,[0.33333333 0.33333333 0.33333333],True,True,True,0.0092705801338768,0.9762098279724342,0.0145195918936889,"[619, 964, 412, 340, 771, 194, 350, 1560, 25, 1159]","[619, 964, 412, 340]","[771, 194, 350, 1560, 25, 1159]",4,6
m3glvq_k0_4_k1_6_eta_00075,4,1620,405,0.5486385595081247,0.5265700483091788,0.5618556701030928,0.5436408977556111,0.5481481481481482,42,"{0: 4, 1: 6}",150,0.0075,[0.33333333 0.33333333 0.33333333],True,True,True,0.941702009277756,0.0582979907222441,0.0,"[403, 623, 233, 775, 1547, 49, 729, 673, 759, 1025]","[403, 623, 233, 775]","[1547, 49, 729, 673, 759, 1025]",4,6
m3glvq_k0_4_k1_7_eta_00075,0,1620,405,0.5757882663022257,0.6490384615384616,0.5793991416309013,0.6122448979591837,0.5777777777777777,42,"{0: 4, 1: 7}",150,0.0075,[0.33333333 0.33333333 0.33333333],True,True,True,0.9659025764198772,0.0340974235801228,0.0,"[386, 1348, 471, 494, 164, 421, 1078, 1398, 744, 1357, 1038]","[386, 1348, 471, 494]","[164, 421, 1078, 1398, 744, 1357, 1038]",4,7
m3glvq_k0_4_k1_7_eta_00075,1,1620,405,0.5861845958609918,0.8221153846153846,0.5719063545150501,0.6745562130177515,0.5925925925925926,42,"{0: 4, 1: 7}",150,0.0075,[0.33333333 0.33333333 0.33333333],True,True,True,0.4150695421652137,0.3348658168507639,0.2500646409840222,"[294, 445, 1543, 1494, 1359, 984, 1349, 1596, 725, 1029, 429]","[294, 445, 1543, 1494]","[1359, 984, 1349, 1596, 725, 1029, 429]",4,7
m3glvq_k0_4_k1_7_eta_00075,2,1620,405,0.5517620070285045,0.5096153846153846,0.5698924731182796,0.5380710659898478,0.5506172839506173,42,"{0: 4, 1: 7}",150,0.0075,[0.33333333 0.33333333 0.33333333],True,True,True,0.947980336124404,0.0515523460390957,0.0004673178365004,"[588, 374, 993, 1471, 1133, 1442, 1421, 285, 978, 910, 1015]","[588, 374, 993, 1471]","[1133, 1442, 1421, 285, 978, 910, 1015]",4,7
m3glvq_k0_4_k1_7_eta_00075,3,1620,405,0.5554457619675011,0.6714975845410628,0.556,0.6083150984682714,0.5580246913580247,42,"{0: 4, 1: 7}",150,0.0075,[0.33333333 0.33333333 0.33333333],True,True,True,0.9364909138357054,0.0635090861642945,0.0,"[179, 1492, 997, 981, 1355, 1082, 637, 1052, 856, 1138, 1083]","[179, 1492, 997, 981]","[1355, 1082, 637, 1052, 856, 1138, 1083]",4,7
m3glvq_k0_4_k1_7_eta_00075,4,1620,405,0.5767457180500659,0.7342995169082126,0.5692883895131086,0.6413502109704642,0.5802469135802469,42,"{0: 4, 1: 7}",150,0.0075,[0.33333333 0.33333333 0.33333333],True,True,True,0.4893268720015806,0.294089275430749,0.2165838525676703,"[233, 1053, 102, 873, 1258, 23, 31, 1025, 268, 1368, 34]","[233, 1053, 102, 873]","[1258, 23, 31, 1025, 268, 1368, 34]",4,7
m3glvq_k0_4_k1_8_eta_00075,0,1620,405,0.5632321358844201,0.6442307692307693,0.5677966101694916,0.6036036036036035,0.5654320987654321,42,"{0: 4, 1: 8}",150,0.0075,[0.33333333 0.33333333 0.33333333],True,True,True,0.9484634181041336,0.0515365818958661,0.0,"[500, 386, 1348, 771, 1357, 147, 553, 852, 291, 1447, 1091, 324]","[500, 386, 1348, 771]","[1357, 147, 553, 852, 291, 1447, 1091, 324]",4,8
m3glvq_k0_4_k1_8_eta_00075,1,1620,405,0.5507980281140179,0.7259615384615384,0.551094890510949,0.6265560165975105,0.5555555555555556,42,"{0: 4, 1: 8}",150,0.0075,[0.33333333 0.33333333 0.33333333],True,True,True,0.4021276831406743,0.3124103610535284,0.2854619558057971,"[470, 294, 1494, 870, 984, 725, 429, 601, 1596, 926, 1442, 1349]","[470, 294, 1494, 870]","[984, 725, 429, 601, 1596, 926, 1442, 1349]",4,8
m3glvq_k0_4_k1_8_eta_00075,2,1620,405,0.5818039828192112,0.6153846153846154,0.5898617511520737,0.6023529411764705,0.582716049382716,42,"{0: 4, 1: 8}",150,0.0075,[0.33333333 0.33333333 0.33333333],True,True,True,0.7583362561649268,0.2416637438350731,0.0,"[1541, 545, 1590, 374, 136, 1431, 1063, 780, 139, 723, 230, 368]","[1541, 545, 1590, 374]","[136, 1431, 1063, 780, 139, 723, 230, 368]",4,8
m3glvq_k0_4_k1_8_eta_00075,3,1620,405,0.58399209486166,0.748792270531401,0.5740740740740741,0.649895178197065,0.5876543209876544,42,"{0: 4, 1: 8}",150,0.0075,[0.33333333 0.33333333 0.33333333],True,True,True,0.7035800162764888,0.2285274901937287,0.0678924935297824,"[110, 957, 1536, 985, 260, 1146, 1008, 1138, 1355, 1444, 356, 1084]","[110, 957, 1536, 985]","[260, 1146, 1008, 1138, 1355, 1444, 356, 1084]",4,8
m3glvq_k0_4_k1_8_eta_00075,4,1620,405,0.5475406236275802,0.6859903381642513,0.5482625482625483,0.6094420600858369,0.5506172839506173,42,"{0: 4, 1: 8}",150,0.0075,[0.33333333 0.33333333 0.33333333],True,True,True,0.9340456165263918,0.0659543834736081,0.0,"[403, 1474, 617, 1104, 207, 1443, 1025, 759, 1547, 1468, 1564, 285]","[403, 1474, 617, 1104]","[207, 1443, 1025, 759, 1547, 1468, 1564, 285]",4,8
m3glvq_k0_4_k1_9_eta_00075,0,1620,405,0.561230964467005,0.625,0.5676855895196506,0.5949656750572083,0.562962962962963,42,"{0: 4, 1: 9}",150,0.0075,[0.33333333 0.33333333 0.33333333],True,True,True,0.9459219683832778,0.0540780316167223,0.0,"[1537, 386, 1468, 1403, 1500, 1047, 745, 147, 1596, 1155, 839, 338, 1067]","[1537, 386, 1468, 1403]","[1500, 1047, 745, 147, 1596, 1155, 839, 338, 1067]",4,9
m3glvq_k0_4_k1_9_eta_00075,1,1620,405,0.5850009761811792,0.6826923076923077,0.5843621399176955,0.6297117516629712,0.5876543209876544,42,"{0: 4, 1: 9}",150,0.0075,[0.33333333 0.33333333 0.33333333],True,True,True,0.6104065814376466,0.2610819115360571,0.1285115070262963,"[1073, 1267, 928, 1494, 1349, 1029, 1558, 676, 725, 233, 1137, 31, 1596]","[1073, 1267, 928, 1494]","[1349, 1029, 1558, 676, 725, 233, 1137, 31, 1596]",4,9
m3glvq_k0_4_k1_9_eta_00075,2,1620,405,0.5603035923467395,0.5673076923076923,0.5728155339805825,0.5700483091787439,0.5604938271604938,42,"{0: 4, 1: 9}",150,0.0075,[0.33333333 0.33333333 0.33333333],True,True,True,0.9457698594836104,0.0451481497926725,0.009081990723717,"[1471, 993, 588, 374, 285, 1018, 1027, 910, 1442, 1478, 60, 1015, 1133]","[1471, 993, 588, 374]","[285, 1018, 1027, 910, 1442, 1478, 60, 1015, 1133]",4,9
m3glvq_k0_4_k1_9_eta_00075,3,1620,405,0.5471014492753623,0.7053140096618358,0.5468164794007491,0.6160337552742616,0.5506172839506173,42,"{0: 4, 1: 9}",150,0.0075,[0.33333333 0.33333333 0.33333333],True,True,True,0.398974276072297,0.601025723927703,0.0,"[631, 1492, 396, 14, 916, 682, 1299, 1544, 231, 1444, 507, 50, 194]","[631, 1492, 396, 14]","[916, 682, 1299, 1544, 231, 1444, 507, 50, 194]",4,9
m3glvq_k0_4_k1_9_eta_00075,4,1620,405,0.5469916556873079,0.7101449275362319,0.5464684014869888,0.6176470588235293,0.5506172839506173,42,"{0: 4, 1: 9}",150,0.0075,[0.33333333 0.33333333 0.33333333],True,True,True,0.9467455703819484,0.0492079495996417,0.0040464800184098,"[233, 901, 784, 384, 759, 1477, 1368, 34, 207, 1121, 1058, 382, 1025]","[233, 901, 784, 384]","[759, 1477, 1368, 34, 207, 1121, 1058, 382, 1025]",4,9
m3glvq_k0_4_k1_10_eta_00075,0,1620,405,0.557082194455291,0.6826923076923077,0.5590551181102362,0.6147186147186147,0.5604938271604938,42,"{0: 4, 1: 10}",150,0.0075,[0.33333333 0.33333333 0.33333333],True,True,True,0.9599664483530672,0.0400335516469329,0.0,"[386, 494, 947, 500, 1156, 1095, 1038, 1321, 744, 1252, 1357, 1080, 5, 810]","[386, 494, 947, 500]","[1156, 1095, 1038, 1321, 744, 1252, 1357, 1080, 5, 810]",4,10
m3glvq_k0_4_k1_10_eta_00075,1,1620,405,0.5251732721593128,0.5528846153846154,0.5373831775700935,0.5450236966824645,0.5259259259259259,42,"{0: 4, 1: 10}",150,0.0075,[0.33333333 0.33333333 0.33333333],True,True,True,0.9506038518332358,0.049396148166764,0.0,"[597, 13, 226, 1533, 145, 521, 1544, 201, 786, 503, 390, 725, 148, 624]","[597, 13, 226, 1533]","[145, 521, 1544, 201, 786, 503, 390, 725, 148, 624]",4,10
m3glvq_k0_4_k1_10_eta_00075,2,1620,405,0.55414144865287,0.6971153846153846,0.5555555555555556,0.6183368869936035,0.5580246913580247,42,"{0: 4, 1: 10}",150,0.0075,[0.33333333 0.33333333 0.33333333],True,True,True,0.8938379306396206,0.1061620693603793,0.0,"[1471, 1566, 374, 1005, 726, 730, 723, 1133, 677, 1007, 784, 183, 1082, 962]","[1471, 1566, 374, 1005]","[726, 730, 723, 1133, 677, 1007, 784, 183, 1082, 962]",4,10
m3glvq_k0_4_k1_10_eta_00075,3,1620,405,0.5609354413702239,0.7632850241545893,0.5543859649122806,0.6422764227642276,0.5654320987654321,42,"{0: 4, 1: 10}",150,0.0075,[0.33333333 0.33333333 0.33333333],True,True,True,0.414844657231422,0.361933760153235,0.223221582615343,"[957, 24, 1536, 302, 29, 1355, 1274, 637, 1146, 849, 1444, 229, 25, 1003]","[957, 24, 1536, 302]","[29, 1355, 1274, 637, 1146, 849, 1444, 229, 25, 1003]",4,10
m3glvq_k0_4_k1_10_eta_00075,4,1620,405,0.5449055775142732,0.6908212560386473,0.5458015267175572,0.6098081023454158,0.5481481481481482,42,"{0: 4, 1: 10}",150,0.0075,[0.33333333 0.33333333 0.33333333],True,True,True,0.9504804981135256,0.0495195018864744,0.0,"[384, 1474, 740, 416, 1188, 1364, 15, 1240, 1194, 681, 1393, 31, 1443, 1547]","[384, 1474, 740, 416]","[1188, 1364, 15, 1240, 1194, 681, 1393, 31, 1443, 1547]",4,10
m3glvq_k0_5_k1_3_eta_00075,0,1620,405,0.5454900429519719,0.4615384615384615,0.5680473372781065,0.5092838196286473,0.5432098765432098,42,"{0: 5, 1: 3}",150,0.0075,[0.33333333 0.33333333 0.33333333],True,True,True,0.9080612851482424,0.0919387148517576,0.0,"[1348, 500, 386, 771, 754, 626, 147, 164]","[1348, 500, 386, 771, 754]","[626, 147, 164]",5,3
m3glvq_k0_5_k1_3_eta_00075,1,1620,405,0.5703338539632956,0.4807692307692308,0.5988023952095808,0.5333333333333333,0.5679012345679012,42,"{0: 5, 1: 3}",150,0.0075,[0.33333333 0.33333333 0.33333333],True,True,True,0.9646775094271248,0.0301216483622189,0.0052008422106562,"[366, 870, 1006, 1008, 85, 1019, 1583, 644]","[366, 870, 1006, 1008, 85]","[1019, 1583, 644]",5,3
m3glvq_k0_5_k1_3_eta_00075,2,1620,405,0.560572042171027,0.5576923076923077,0.5742574257425742,0.5658536585365854,0.5604938271604938,42,"{0: 5, 1: 3}",150,0.0075,[0.33333333 0.33333333 0.33333333],True,True,True,0.1232753415975335,0.8767246584024665,0.0,"[215, 838, 1503, 1347, 1357, 599, 1392, 1449]","[215, 838, 1503, 1347, 1357]","[599, 1392, 1449]",5,3
m3glvq_k0_5_k1_3_eta_00075,3,1620,405,0.5184453227931489,0.5217391304347826,0.5294117647058824,0.5255474452554744,0.5185185185185185,42,"{0: 5, 1: 3}",150,0.0075,[0.33333333 0.33333333 0.33333333],True,True,True,0.0619176066906935,0.9175931098665508,0.0204892834427555,"[985, 482, 1536, 24, 957, 194, 231, 817]","[985, 482, 1536, 24, 957]","[194, 231, 817]",5,3
m3glvq_k0_5_k1_3_eta_00075,4,1620,405,0.5264602547211243,0.391304347826087,0.5472972972972973,0.456338028169014,0.5234567901234568,42,"{0: 5, 1: 3}",150,0.0075,[0.33333333 0.33333333 0.33333333],True,True,True,0.954753778690281,0.045246221309719,0.0,"[623, 233, 921, 384, 901, 759, 1025, 631]","[623, 233, 921, 384, 901]","[759, 1025, 631]",5,3
m3glvq_k0_5_k1_4_eta_00075,0,1620,405,0.5789852596641937,0.7163461538461539,0.5752895752895753,0.6381156316916489,0.582716049382716,42,"{0: 5, 1: 4}",150,0.0075,[0.33333333 0.33333333 0.33333333],True,True,True,0.3914001046141611,0.3160662530843556,0.2925336423014832,"[1499, 1358, 983, 494, 1333, 1447, 1398, 1466, 668]","[1499, 1358, 983, 494, 1333]","[1447, 1398, 1466, 668]",5,4
m3glvq_k0_5_k1_4_eta_00075,1,1620,405,0.5544343030066381,0.5048076923076923,0.5737704918032787,0.5370843989769821,0.5530864197530864,42,"{0: 5, 1: 4}",150,0.0075,[0.33333333 0.33333333 0.33333333],True,True,True,0.9606878133421772,0.0393121866578225,0.0,"[366, 1395, 1494, 741, 870, 1431, 1583, 984, 1349]","[366, 1395, 1494, 741, 870]","[1431, 1583, 984, 1349]",5,4
m3glvq_k0_5_k1_4_eta_00075,2,1620,405,0.5677835806325654,0.5721153846153846,0.5804878048780487,0.5762711864406779,0.5679012345679012,42,"{0: 5, 1: 4}",150,0.0075,[0.33333333 0.33333333 0.33333333],True,True,True,0.0691049415225779,0.930895058477422,0.0,"[940, 1476, 1351, 1503, 579, 723, 353, 1431, 1449]","[940, 1476, 1351, 1503, 579]","[723, 353, 1431, 1449]",5,4
m3glvq_k0_5_k1_4_eta_00075,3,1620,405,0.5655467720685112,0.5603864734299517,0.5771144278606966,0.5686274509803922,0.5654320987654321,42,"{0: 5, 1: 4}",150,0.0075,[0.33333333 0.33333333 0.33333333],True,True,True,0.7437014104366417,0.2562985895633582,0.0,"[1536, 948, 482, 179, 396, 637, 194, 840, 1444]","[1536, 948, 482, 179, 396]","[637, 194, 840, 1444]",5,4
m3glvq_k0_5_k1_4_eta_00075,4,1620,405,0.5759771629336846,0.4347826086956521,0.6164383561643836,0.5099150141643061,0.5728395061728395,42,"{0: 5, 1: 4}",150,0.0075,[0.33333333 0.33333333 0.33333333],True,True,True,0.8998738765462851,0.1001261234537147,0.0,"[740, 1104, 623, 605, 259, 1249, 759, 1025, 631]","[740, 1104, 623, 605, 259]","[1249, 759, 1025, 631]",5,4
m3glvq_k0_5_k1_5_eta_00075,0,1620,405,0.5370704802811401,0.4903846153846153,0.5543478260869565,0.520408163265306,0.5358024691358024,42,"{0: 5, 1: 5}",150,0.0075,[0.33333333 0.33333333 0.33333333],True,True,True,0.958391949958694,0.0416080500413058,0.0,"[386, 771, 222, 1348, 869, 1398, 164, 147, 1132, 1078]","[386, 771, 222, 1348, 869]","[1398, 164, 147, 1132, 1078]",5,5
m3glvq_k0_5_k1_5_eta_00075,1,1620,405,0.5399990238188208,0.5673076923076923,0.5514018691588785,0.5592417061611374,0.5407407407407407,42,"{0: 5, 1: 5}",150,0.0075,[0.33333333 0.33333333 0.33333333],True,True,True,0.860312539595576,0.1396874604044239,0.0,"[1267, 870, 1001, 366, 1396, 1442, 734, 148, 1019, 729]","[1267, 870, 1001, 366, 1396]","[1442, 734, 148, 1019, 729]",5,5
m3glvq_k0_5_k1_5_eta_00075,2,1620,405,0.6179959000390473,0.6826923076923077,0.6173913043478261,0.6484018264840182,0.6197530864197531,42,"{0: 5, 1: 5}",150,0.0075,[0.33333333 0.33333333 0.33333333],True,True,True,0.4299328116108677,0.3363296844039704,0.2337375039851619,"[1347, 1503, 1351, 1476, 152, 978, 353, 1359, 297, 1442]","[1347, 1503, 1351, 1476, 152]","[978, 353, 1359, 297, 1442]",5,5
m3glvq_k0_5_k1_5_eta_00075,3,1620,405,0.5315107597716293,0.5024154589371981,0.5445026178010471,0.5226130653266331,0.5308641975308642,42,"{0: 5, 1: 5}",150,0.0075,[0.33333333 0.33333333 0.33333333],True,True,True,0.9448658619340736,0.0551341380659263,0.0,"[482, 179, 139, 1468, 302, 1138, 856, 1255, 632, 1431]","[482, 179, 139, 1468, 302]","[1138, 856, 1255, 632, 1431]",5,5
m3glvq_k0_5_k1_5_eta_00075,4,1620,405,0.5928853754940712,0.6908212560386473,0.588477366255144,0.6355555555555555,0.5950617283950618,42,"{0: 5, 1: 5}",150,0.0075,[0.33333333 0.33333333 0.33333333],True,True,True,0.6263903145769515,0.2384239430247383,0.1351857423983101,"[1048, 1005, 1104, 259, 233, 1025, 974, 1368, 759, 1258]","[1048, 1005, 1104, 259, 233]","[1025, 974, 1368, 759, 1258]",5,5
m3glvq_k0_5_k1_6_eta_00075,0,1620,405,0.5496144084342054,0.5865384615384616,0.5596330275229358,0.5727699530516431,0.5506172839506173,42,"{0: 5, 1: 6}",150,0.0075,[0.33333333 0.33333333 0.33333333],True,True,True,0.9630756845570336,0.0303998973301643,0.0065244181128018,"[1348, 1099, 771, 386, 869, 147, 164, 1132, 1357, 1447, 1398]","[1348, 1099, 771, 386, 869]","[147, 164, 1132, 1357, 1447, 1398]",5,6
m3glvq_k0_5_k1_6_eta_00075,1,1620,405,0.5701874267864115,0.5769230769230769,0.5825242718446602,0.5797101449275361,0.5703703703703704,42,"{0: 5, 1: 6}",150,0.0075,[0.33333333 0.33333333 0.33333333],True,True,True,0.9599867721002864,0.0400132278997136,0.0,"[366, 1494, 880, 35, 741, 798, 201, 148, 725, 1146, 394]","[366, 1494, 880, 35, 741]","[798, 201, 148, 725, 1146, 394]",5,6
m3glvq_k0_5_k1_6_eta_00075,2,1620,405,0.5379978524014057,0.5480769230769231,0.5507246376811594,0.5493975903614458,0.5382716049382716,42,"{0: 5, 1: 6}",150,0.0075,[0.33333333 0.33333333 0.33333333],True,True,True,0.9404613381679892,0.0495356916966903,0.0100029701353204,"[1483, 374, 993, 1243, 1471, 1442, 174, 285, 139, 1015, 1455]","[1483, 374, 993, 1243, 1471]","[1442, 174, 285, 139, 1015, 1455]",5,6
m3glvq_k0_5_k1_6_eta_00075,3,1620,405,0.5255819060166886,0.5410628019323671,0.5358851674641149,0.5384615384615385,0.5259259259259259,42,"{0: 5, 1: 6}",150,0.0075,[0.33333333 0.33333333 0.33333333],True,True,True,0.1669438440145207,0.8330561559854793,0.0,"[1492, 179, 1348, 482, 396, 176, 637, 194, 165, 633, 453]","[1492, 179, 1348, 482, 396]","[176, 637, 194, 165, 633, 453]",5,6
m3glvq_k0_5_k1_6_eta_00075,4,1620,405,0.5735617039964865,0.7632850241545893,0.5642857142857143,0.6488706365503079,0.5777777777777777,42,"{0: 5, 1: 6}",150,0.0075,[0.33333333 0.33333333 0.33333333],True,True,True,0.4327777877175374,0.3011342534900769,0.2660879587923856,"[1048, 1005, 1101, 494, 233, 1404, 1258, 350, 31, 1025, 1368]","[1048, 1005, 1101, 494, 233]","[1404, 1258, 350, 31, 1025, 1368]",5,6
m3glvq_k0_5_k1_7_eta_00075,0,1620,405,0.5322505857087075,0.5721153846153846,0.54337899543379,0.5573770491803278,0.5333333333333333,42,"{0: 5, 1: 7}",150,0.0075,[0.33333333 0.33333333 0.33333333],True,True,True,0.956625570279708,0.0433744297202918,0.0,"[1269, 386, 1385, 1537, 1468, 463, 178, 1155, 668, 49, 976, 745]","[1269, 386, 1385, 1537, 1468]","[463, 178, 1155, 668, 49, 976, 745]",5,7
m3glvq_k0_5_k1_7_eta_00075,1,1620,405,0.5126293440062476,0.4567307692307692,0.5277777777777778,0.4896907216494845,0.5111111111111111,42,"{0: 5, 1: 7}",150,0.0075,[0.33333333 0.33333333 0.33333333],True,True,True,0.9526764235068362,0.0473235764931637,0.0,"[585, 804, 470, 543, 226, 442, 342, 644, 724, 184, 1442, 145]","[585, 804, 470, 543, 226]","[442, 342, 644, 724, 184, 1442, 145]",5,7
m3glvq_k0_5_k1_7_eta_00075,2,1620,405,0.5526893791487699,0.5673076923076923,0.5645933014354066,0.565947242206235,0.5530864197530864,42,"{0: 5, 1: 7}",150,0.0075,[0.33333333 0.33333333 0.33333333],True,True,True,0.9382112932059002,0.0481565221564856,0.013632184637614,"[474, 374, 830, 993, 1483, 1455, 417, 385, 723, 784, 1151, 1018]","[474, 374, 830, 993, 1483]","[1455, 417, 385, 723, 784, 1151, 1018]",5,7
m3glvq_k0_5_k1_7_eta_00075,3,1620,405,0.5226174791392182,0.4492753623188406,0.5375722543352601,0.4894736842105263,0.5209876543209877,42,"{0: 5, 1: 7}",150,0.0075,[0.33333333 0.33333333 0.33333333],True,True,True,0.9100750286983686,0.0899249713016314,0.0,"[504, 179, 412, 1468, 14, 1036, 1041, 1121, 194, 1008, 817, 1444]","[504, 179, 412, 1468, 14]","[1036, 1041, 1121, 194, 1008, 817, 1444]",5,7
m3glvq_k0_5_k1_7_eta_00075,4,1620,405,0.5434782608695652,0.5314009661835749,0.5555555555555556,0.54320987654321,0.5432098765432098,42,"{0: 5, 1: 7}",150,0.0075,[0.33333333 0.33333333 0.33333333],True,True,True,0.7451766556278805,0.2548233443721195,0.0,"[775, 657, 1250, 384, 981, 171, 1368, 758, 759, 151, 766, 1025]","[775, 657, 1250, 384, 981]","[171, 1368, 758, 759, 151, 766, 1025]",5,7
m3glvq_k0_5_k1_8_eta_00075,0,1620,405,0.5333243850058571,0.5336538461538461,0.5467980295566502,0.5401459854014599,0.5333333333333333,42,"{0: 5, 1: 8}",150,0.0075,[0.33333333 0.33333333 0.33333333],True,True,True,0.9499250874587918,0.0500749125412081,0.0,"[254, 1311, 1200, 386, 77, 194, 463, 1447, 1043, 178, 462, 212, 1398]","[254, 1311, 1200, 386, 77]","[194, 463, 1447, 1043, 178, 462, 212, 1398]",5,8
m3glvq_k0_5_k1_8_eta_00075,1,1620,405,0.5321163607965638,0.5769230769230769,0.5429864253393665,0.5594405594405593,0.5333333333333333,42,"{0: 5, 1: 8}",150,0.0075,[0.33333333 0.33333333 0.33333333],True,True,True,0.9640101855448202,0.0359898144551798,0.0,"[970, 799, 470, 1229, 366, 342, 1108, 148, 1442, 521, 442, 145, 724]","[970, 799, 470, 1229, 366]","[342, 1108, 148, 1442, 521, 442, 145, 724]",5,8
m3glvq_k0_5_k1_8_eta_00075,2,1620,405,0.5517498047637641,0.6009615384615384,0.5605381165919282,0.5800464037122969,0.5530864197530864,42,"{0: 5, 1: 8}",150,0.0075,[0.33333333 0.33333333 0.33333333],True,True,True,0.9426761817144916,0.0506134136495643,0.006710404635944,"[1502, 248, 374, 1005, 1378, 87, 297, 353, 910, 1117, 156, 1442, 373]","[1502, 248, 374, 1005, 1378]","[87, 297, 353, 910, 1117, 156, 1442, 373]",5,8
m3glvq_k0_5_k1_8_eta_00075,3,1620,405,0.531181379007466,0.6280193236714976,0.5371900826446281,0.579064587973274,0.5333333333333333,42,"{0: 5, 1: 8}",150,0.0075,[0.33333333 0.33333333 0.33333333],True,True,True,0.0958599440011202,0.9041400559988798,0.0,"[179, 49, 302, 1492, 482, 1489, 1544, 194, 1003, 682, 50, 632, 143]","[179, 49, 302, 1492, 482]","[1489, 1544, 194, 1003, 682, 50, 632, 143]",5,8
m3glvq_k0_5_k1_8_eta_00075,4,1620,405,0.5719148001756698,0.6135265700483091,0.5772727272727273,0.594847775175644,0.5728395061728395,42,"{0: 5, 1: 8}",150,0.0075,[0.33333333 0.33333333 0.33333333],True,True,True,0.9552643357993846,0.0447356642006153,0.0,"[1013, 403, 784, 1048, 384, 1193, 759, 200, 203, 1102, 1025, 1052, 758]","[1013, 403, 784, 1048, 384]","[1193, 759, 200, 203, 1102, 1025, 1052, 758]",5,8
m3glvq_k0_5_k1_9_eta_00075,0,1620,405,0.5763251659508004,0.6298076923076923,0.5822222222222222,0.6050808314087759,0.5777777777777777,42,"{0: 5, 1: 9}",150,0.0075,[0.33333333 0.33333333 0.33333333],True,True,True,0.9545510704994704,0.0454489295005297,0.0,"[1099, 906, 1468, 386, 570, 553, 745, 1562, 744, 381, 1176, 1047, 1155, 147]","[1099, 906, 1468, 386, 570]","[553, 745, 1562, 744, 381, 1176, 1047, 1155, 147]",5,9
m3glvq_k0_5_k1_9_eta_00075,1,1620,405,0.5279553885201094,0.7259615384615384,0.5335689045936396,0.615071283095723,0.5333333333333333,42,"{0: 5, 1: 9}",150,0.0075,[0.33333333 0.33333333 0.33333333],True,True,True,0.9612671307368738,0.0145538865470144,0.0241789827161117,"[799, 870, 366, 498, 1494, 1284, 201, 521, 1390, 1349, 148, 167, 1442, 1108]","[799, 870, 366, 498, 1494]","[1284, 201, 521, 1390, 1349, 148, 167, 1442, 1108]",5,9
m3glvq_k0_5_k1_9_eta_00075,2,1620,405,0.6063915462709879,0.5528846153846154,0.6318681318681318,0.5897435897435898,0.6049382716049383,42,"{0: 5, 1: 9}",150,0.0075,[0.33333333 0.33333333 0.33333333],True,True,True,0.9566202402571716,0.0433797597428283,0.0,"[288, 374, 1005, 1471, 1541, 881, 212, 1380, 1025, 139, 1431, 1117, 335, 723]","[288, 374, 1005, 1471, 1541]","[881, 212, 1380, 1025, 139, 1431, 1117, 335, 723]",5,9
m3glvq_k0_5_k1_9_eta_00075,3,1620,405,0.5028546332894159,0.6521739130434783,0.5133079847908745,0.5744680851063828,0.5061728395061729,42,"{0: 5, 1: 9}",150,0.0075,[0.33333333 0.33333333 0.33333333],True,True,True,0.0246787812243914,0.9753212187756084,0.0,"[1241, 1536, 964, 482, 440, 1158, 194, 1210, 1091, 1003, 1215, 1544, 682, 1073]","[1241, 1536, 964, 482, 440]","[1158, 194, 1210, 1091, 1003, 1215, 1544, 682, 1073]",5,9
m3glvq_k0_5_k1_9_eta_00075,4,1620,405,0.5589591567852438,0.6280193236714976,0.5627705627705628,0.5936073059360731,0.5604938271604938,42,"{0: 5, 1: 9}",150,0.0075,[0.33333333 0.33333333 0.33333333],True,True,True,0.9582092699481096,0.0417907300518903,0.0,"[784, 384, 1048, 1013, 497, 1547, 171, 31, 758, 481, 1182, 1404, 49, 681]","[784, 384, 1048, 1013, 497]","[1547, 171, 31, 758, 481, 1182, 1404, 49, 681]",5,9
m3glvq_k0_5_k1_10_eta_00075,0,1620,405,0.5558863725107379,0.6346153846153846,0.5617021276595745,0.5959367945823928,0.5580246913580247,42,"{0: 5, 1: 10}",150,0.0075,[0.33333333 0.33333333 0.33333333],True,True,True,0.9540806340639458,0.0459193659360541,0.0,"[1499, 570, 386, 1385, 1468, 745, 462, 164, 1596, 1398, 976, 147, 75, 604, 5]","[1499, 570, 386, 1385, 1468]","[745, 462, 164, 1596, 1398, 976, 147, 75, 604, 5]",5,10
m3glvq_k0_5_k1_10_eta_00075,1,1620,405,0.5803153065208903,0.7596153846153846,0.572463768115942,0.6528925619834711,0.5851851851851851,42,"{0: 5, 1: 10}",150,0.0075,[0.33333333 0.33333333 0.33333333],True,True,True,0.949547790786468,0.0195466677974185,0.0309055414161132,"[970, 1395, 366, 1537, 1008, 521, 1442, 1019, 359, 676, 1284, 441, 724, 919, 394]","[970, 1395, 366, 1537, 1008]","[521, 1442, 1019, 359, 676, 1284, 441, 724, 919, 394]",5,10
m3glvq_k0_5_k1_10_eta_00075,2,1620,405,0.5930178641155799,0.6682692307692307,0.594017094017094,0.6289592760180995,0.5950617283950618,42,"{0: 5, 1: 10}",150,0.0075,[0.33333333 0.33333333 0.33333333],True,True,True,0.9523877583313156,0.0476122416686844,0.0,"[374, 1005, 855, 1502, 511, 353, 723, 962, 1083, 1359, 1076, 87, 156, 1377, 910]","[374, 1005, 855, 1502, 511]","[353, 723, 962, 1083, 1359, 1076, 87, 156, 1377, 910]",5,10
m3glvq_k0_5_k1_10_eta_00075,3,1620,405,0.5502854633289416,0.6763285024154589,0.5511811023622047,0.6073752711496747,0.5530864197530864,42,"{0: 5, 1: 10}",150,0.0075,[0.33333333 0.33333333 0.33333333],True,True,True,0.9495150453015502,0.0504849546984498,0.0,"[139, 1468, 396, 179, 482, 1082, 384, 817, 194, 1008, 465, 1544, 1146, 291, 1355]","[139, 1468, 396, 179, 482]","[1082, 384, 817, 194, 1008, 465, 1544, 1146, 291, 1355]",5,10
m3glvq_k0_5_k1_10_eta_00075,4,1620,405,0.6041941150636803,0.6376811594202898,0.6082949308755761,0.6226415094339622,0.6049382716049383,42,"{0: 5, 1: 10}",150,0.0075,[0.33333333 0.33333333 0.33333333],True,True,True,0.9473892763855138,0.0526107236144861,0.0,"[1503, 384, 921, 298, 1474, 382, 993, 1495, 758, 31, 1052, 1508, 1175, 1025, 729]","[1503, 384, 921, 298, 1474]","[382, 993, 1495, 758, 31, 1052, 1508, 1175, 1025, 729]",5,10
m3glvq_k0_6_k1_3_eta_00075,0,1620,405,0.5900893205778992,0.5913461538461539,0.6029411764705882,0.5970873786407768,0.5901234567901235,42,"{0: 6, 1: 3}",150,0.0075,[0.33333333 0.33333333 0.33333333],True,True,True,0.5589673880014215,0.1945609836798967,0.2464716283186817,"[494, 97, 1537, 739, 983, 1358, 1398, 1447, 668]","[494, 97, 1537, 739, 983, 1358]","[1398, 1447, 668]",6,3
m3glvq_k0_6_k1_3_eta_00075,1,1620,405,0.5450995704802811,0.3846153846153846,0.5797101449275363,0.4624277456647399,0.5407407407407407,42,"{0: 6, 1: 3}",150,0.0075,[0.33333333 0.33333333 0.33333333],True,True,True,0.8305392021695787,0.1694607978304214,0.0,"[748, 585, 741, 1591, 954, 1537, 692, 201, 1442]","[748, 585, 741, 1591, 954, 1537]","[692, 201, 1442]",6,3
m3glvq_k0_6_k1_3_eta_00075,2,1620,405,0.5469665169855524,0.4086538461538461,0.5782312925170068,0.4788732394366197,0.5432098765432098,42,"{0: 6, 1: 3}",150,0.0075,[0.33333333 0.33333333 0.33333333],True,True,True,0.7662931549899689,0.1803251840846465,0.0533816609253844,"[329, 1328, 1541, 993, 1471, 1387, 1392, 1442, 139]","[329, 1328, 1541, 993, 1471, 1387]","[1392, 1442, 139]",6,3
m3glvq_k0_6_k1_3_eta_00075,3,1620,405,0.5260210803689065,0.5217391304347826,0.5373134328358209,0.5294117647058824,0.5259259259259259,42,"{0: 6, 1: 3}",150,0.0075,[0.33333333 0.33333333 0.33333333],True,True,True,0.1057367985358979,0.8821099258503459,0.0121532756137561,"[155, 1536, 1577, 985, 482, 1348, 194, 260, 231]","[155, 1536, 1577, 985, 482, 1348]","[194, 260, 231]",6,3
m3glvq_k0_6_k1_3_eta_00075,4,1620,405,0.5355731225296443,0.4347826086956521,0.5555555555555556,0.4878048780487805,0.5333333333333333,42,"{0: 6, 1: 3}",150,0.0075,[0.33333333 0.33333333 0.33333333],True,True,True,0.956865392181974,0.0415344278838304,0.0016001799341957,"[740, 1044, 384, 1361, 1048, 403, 818, 631, 1025]","[740, 1044, 384, 1361, 1048, 403]","[818, 631, 1025]",6,3
m3glvq_k0_6_k1_4_eta_00075,0,1620,405,0.5317380905896134,0.4086538461538461,0.5555555555555556,0.4709141274238227,0.528395061728395,42,"{0: 6, 1: 4}",150,0.0075,[0.33333333 0.33333333 0.33333333],True,True,True,0.960356781416985,0.039643218583015,0.0,"[97, 222, 386, 771, 1200, 1348, 837, 1039, 1038, 1078]","[97, 222, 386, 771, 1200, 1348]","[837, 1039, 1038, 1078]",6,4
m3glvq_k0_6_k1_4_eta_00075,1,1620,405,0.5301395939086294,0.375,0.5571428571428572,0.4482758620689655,0.5259259259259259,42,"{0: 6, 1: 4}",150,0.0075,[0.33333333 0.33333333 0.33333333],True,True,True,0.9599370659608768,0.0400629340391231,0.0,"[1591, 470, 366, 970, 398, 585, 1431, 1442, 644, 201]","[1591, 470, 366, 970, 398, 585]","[1431, 1442, 644, 201]",6,4
m3glvq_k0_6_k1_4_eta_00075,2,1620,405,0.5535191331511129,0.3557692307692308,0.6016260162601627,0.4471299093655589,0.5481481481481482,42,"{0: 6, 1: 4}",150,0.0075,[0.33333333 0.33333333 0.33333333],True,True,True,0.8131401044148856,0.1272969019717556,0.0595629936133586,"[153, 1328, 1005, 1483, 1243, 1471, 1392, 1442, 139, 1117]","[153, 1328, 1005, 1483, 1243, 1471]","[1392, 1442, 139, 1117]",6,4
m3glvq_k0_6_k1_4_eta_00075,3,1620,405,0.5895915678524374,0.6135265700483091,0.596244131455399,0.6047619047619046,0.5901234567901235,42,"{0: 6, 1: 4}",150,0.0075,[0.33333333 0.33333333 0.33333333],True,True,True,0.938267087954568,0.0569543863336554,0.0047785257117766,"[1468, 737, 1381, 179, 981, 1018, 1041, 843, 1045, 1444]","[1468, 737, 1381, 179, 981, 1018]","[1041, 843, 1045, 1444]",6,4
m3glvq_k0_6_k1_4_eta_00075,4,1620,405,0.5585199824330259,0.4251207729468599,0.5906040268456376,0.4943820224719101,0.5555555555555556,42,"{0: 6, 1: 4}",150,0.0075,[0.33333333 0.33333333 0.33333333],True,True,True,0.960801843150838,0.0391981568491619,0.0,"[384, 102, 1053, 1474, 740, 403, 759, 631, 1443, 1025]","[384, 102, 1053, 1474, 740, 403]","[759, 631, 1443, 1025]",6,4
m3glvq_k0_6_k1_5_eta_00075,0,1620,405,0.5211831315892229,0.4230769230769231,0.5398773006134969,0.4743935309973045,0.5185185185185185,42,"{0: 6, 1: 5}",150,0.0075,[0.33333333 0.33333333 0.33333333],True,True,True,0.9569687327419282,0.0287690453471825,0.0142622219108892,"[1468, 222, 869, 1403, 1426, 1200, 421, 418, 1039, 164, 1078]","[1468, 222, 869, 1403, 1426, 1200]","[421, 418, 1039, 164, 1078]",6,5
m3glvq_k0_6_k1_5_eta_00075,1,1620,405,0.5286509176103085,0.5192307692307693,0.542713567839196,0.5307125307125308,0.528395061728395,42,"{0: 6, 1: 5}",150,0.0075,[0.33333333 0.33333333 0.33333333],True,True,True,0.8465128868939619,0.1298770270599154,0.0236100860461226,"[445, 741, 1229, 489, 474, 366, 520, 1442, 734, 201, 1433]","[445, 741, 1229, 489, 474, 366]","[520, 1442, 734, 201, 1433]",6,5
m3glvq_k0_6_k1_5_eta_00075,2,1620,405,0.5580705778992581,0.2836538461538461,0.6413043478260869,0.3933333333333333,0.5506172839506173,42,"{0: 6, 1: 5}",150,0.0075,[0.33333333 0.33333333 0.33333333],True,True,True,0.9088833046630912,0.0911166953369087,0.0,"[743, 1122, 1590, 1541, 1196, 1471, 1442, 978, 1015, 1455, 55]","[743, 1122, 1590, 1541, 1196, 1471]","[1442, 978, 1015, 1455, 55]",6,5
m3glvq_k0_6_k1_5_eta_00075,3,1620,405,0.525911286780852,0.4154589371980676,0.5443037974683544,0.4712328767123288,0.5234567901234568,42,"{0: 6, 1: 5}",150,0.0075,[0.33333333 0.33333333 0.33333333],True,True,True,0.0991151906223223,0.9008848093776776,0.0,"[1492, 1241, 179, 1514, 482, 396, 1041, 1003, 840, 763, 637]","[1492, 1241, 179, 1514, 482, 396]","[1041, 1003, 840, 763, 637]",6,5
m3glvq_k0_6_k1_5_eta_00075,4,1620,405,0.5423803249890207,0.4685990338164251,0.5606936416184971,0.5105263157894736,0.5407407407407407,42,"{0: 6, 1: 5}",150,0.0075,[0.33333333 0.33333333 0.33333333],True,True,True,0.9504461331973854,0.0495538668026145,0.0,"[259, 403, 499, 623, 1044, 384, 1025, 1240, 207, 1582, 766]","[259, 403, 499, 623, 1044, 384]","[1025, 1240, 207, 1582, 766]",6,5
m3glvq_k0_6_k1_6_eta_00075,0,1620,405,0.4916414486528699,0.5721153846153846,0.5063829787234042,0.5372460496613994,0.4938271604938271,42,"{0: 6, 1: 6}",150,0.0075,[0.33333333 0.33333333 0.33333333],True,True,True,0.3597920654664095,0.3255710733811466,0.3146368611524439,"[1537, 494, 1200, 422, 386, 739, 668, 1447, 463, 1398, 178, 194]","[1537, 494, 1200, 422, 386, 739]","[668, 1447, 463, 1398, 178, 194]",6,6
m3glvq_k0_6_k1_6_eta_00075,1,1620,405,0.5229158531823507,0.4519230769230769,0.5402298850574713,0.4921465968586387,0.5209876543209877,42,"{0: 6, 1: 6}",150,0.0075,[0.33333333 0.33333333 0.33333333],True,True,True,0.9511128545527388,0.0210981638220211,0.02778898162524,"[398, 970, 1494, 1229, 880, 366, 725, 1461, 1029, 724, 734, 148]","[398, 970, 1494, 1229, 880, 366]","[725, 1461, 1029, 724, 734, 148]",6,6
m3glvq_k0_6_k1_6_eta_00075,2,1620,405,0.5659288363920344,0.4567307692307692,0.5974842767295597,0.5177111716621253,0.562962962962963,42,"{0: 6, 1: 6}",150,0.0075,[0.33333333 0.33333333 0.33333333],True,True,True,0.9446653456009138,0.0553346543990861,0.0,"[248, 1005, 374, 1328, 511, 588, 139, 174, 1063, 723, 962, 1320]","[248, 1005, 374, 1328, 511, 588]","[139, 174, 1063, 723, 962, 1320]",6,6
m3glvq_k0_6_k1_6_eta_00075,3,1620,405,0.4627799736495389,0.5265700483091788,0.4780701754385965,0.5011494252873563,0.4641975308641975,42,"{0: 6, 1: 6}",150,0.0075,[0.33333333 0.33333333 0.33333333],True,True,True,0.027620267657862,0.972379732342138,0.0,"[964, 973, 179, 482, 58, 219, 1489, 1450, 771, 763, 1583, 165]","[964, 973, 179, 482, 58, 219]","[1489, 1450, 771, 763, 1583, 165]",6,6
m3glvq_k0_6_k1_6_eta_00075,4,1620,405,0.6085858585858586,0.5555555555555556,0.6318681318681318,0.5912596401028278,0.6074074074074074,42,"{0: 6, 1: 6}",150,0.0075,[0.33333333 0.33333333 0.33333333],True,True,True,0.8713311252241263,0.1286688747758737,0.0,"[1503, 623, 48, 1048, 1101, 775, 1064, 762, 152, 1477, 1270, 1258]","[1503, 623, 48, 1048, 1101, 775]","[1064, 762, 152, 1477, 1270, 1258]",6,6
m3glvq_k0_6_k1_7_eta_00075,0,1620,405,0.5241238773916439,0.4086538461538461,0.5448717948717948,0.467032967032967,0.5209876543209877,42,"{0: 6, 1: 7}",150,0.0075,[0.33333333 0.33333333 0.33333333],True,True,True,0.9502798331875326,0.0497201668124672,0.0,"[1348, 417, 1204, 1488, 1537, 1426, 5, 810, 745, 31, 463, 194, 147]","[1348, 417, 1204, 1488, 1537, 1426]","[5, 810, 745, 31, 463, 194, 147]",6,7
m3glvq_k0_6_k1_7_eta_00075,1,1620,405,0.5058326825458805,0.3365384615384615,0.5223880597014925,0.4093567251461988,0.5012345679012346,42,"{0: 6, 1: 7}",150,0.0075,[0.33333333 0.33333333 0.33333333],True,True,True,0.9686949989051784,0.0313050010948217,0.0,"[799, 870, 1395, 1229, 1494, 366, 442, 26, 1390, 927, 148, 724, 342]","[799, 870, 1395, 1229, 1494, 366]","[442, 26, 1390, 927, 148, 724, 342]",6,7
m3glvq_k0_6_k1_7_eta_00075,2,1620,405,0.5624389886762984,0.5817307692307693,0.5734597156398105,0.5775656324582339,0.562962962962963,42,"{0: 6, 1: 7}",150,0.0075,[0.33333333 0.33333333 0.33333333],True,True,True,0.9662991090091326,0.0337008909908672,0.0,"[374, 105, 1001, 830, 511, 1503, 978, 723, 448, 962, 1063, 417, 174]","[374, 105, 1001, 830, 511, 1503]","[978, 723, 448, 962, 1063, 417, 174]",6,7
m3glvq_k0_6_k1_7_eta_00075,3,1620,405,0.5433684672815108,0.6473429951690821,0.5469387755102041,0.5929203539823008,0.5456790123456791,42,"{0: 6, 1: 7}",150,0.0075,[0.33333333 0.33333333 0.33333333],True,True,True,0.948288650010236,0.0505526700590645,0.0011586799306992,"[1422, 407, 1483, 1468, 1536, 179, 1036, 50, 1159, 732, 1008, 1262, 356]","[1422, 407, 1483, 1468, 1536, 179]","[1036, 50, 1159, 732, 1008, 1262, 356]",6,7
m3glvq_k0_6_k1_7_eta_00075,4,1620,405,0.5600570926657883,0.4685990338164251,0.5843373493975904,0.5201072386058982,0.5580246913580247,42,"{0: 6, 1: 7}",150,0.0075,[0.33333333 0.33333333 0.33333333],True,True,True,0.9584949891814848,0.0415050108185151,0.0,"[617, 921, 499, 584, 116, 1474, 1121, 101, 1582, 1169, 350, 152, 627]","[617, 921, 499, 584, 116, 1474]","[1121, 101, 1582, 1169, 350, 152, 627]",6,7
m3glvq_k0_6_k1_8_eta_00075,0,1620,405,0.5265155212807497,0.5048076923076923,0.5412371134020618,0.5223880597014925,0.5259259259259259,42,"{0: 6, 1: 8}",150,0.0075,[0.33333333 0.33333333 0.33333333],True,True,True,0.8960348254089805,0.1039651745910194,0.0,"[771, 986, 386, 1024, 1499, 947, 147, 347, 745, 744, 1042, 324, 652, 1155]","[771, 986, 386, 1024, 1499, 947]","[147, 347, 745, 744, 1042, 324, 652, 1155]",6,8
m3glvq_k0_6_k1_8_eta_00075,1,1620,405,0.541463295587661,0.6057692307692307,0.5502183406113537,0.5766590389016019,0.5432098765432098,42,"{0: 6, 1: 8}",150,0.0075,[0.33333333 0.33333333 0.33333333],True,True,True,0.9719986863577176,0.0280013136422826,0.0,"[474, 117, 870, 445, 498, 366, 1108, 429, 724, 823, 725, 984, 1349, 1442]","[474, 117, 870, 445, 498, 366]","[1108, 429, 724, 823, 725, 984, 1349, 1442]",6,8
m3glvq_k0_6_k1_8_eta_00075,2,1620,405,0.5600473447871925,0.4855769230769231,0.5838150289017341,0.5301837270341208,0.5580246913580247,42,"{0: 6, 1: 8}",150,0.0075,[0.33333333 0.33333333 0.33333333],True,True,True,0.9691949741037806,0.0308050258962193,0.0,"[374, 1005, 1503, 111, 1471, 701, 136, 297, 962, 368, 1359, 978, 1431, 1442]","[374, 1005, 1503, 111, 1471, 701]","[136, 297, 962, 368, 1359, 978, 1431, 1442]",6,8
m3glvq_k0_6_k1_8_eta_00075,3,1620,405,0.5468818620992534,0.6038647342995169,0.5530973451327433,0.577367205542725,0.5481481481481482,42,"{0: 6, 1: 8}",150,0.0075,[0.33333333 0.33333333 0.33333333],True,True,True,0.958722505225555,0.0412774947744448,0.0,"[1422, 1468, 1536, 97, 302, 666, 927, 1366, 1008, 817, 979, 1444, 1554, 1099]","[1422, 1468, 1536, 97, 302, 666]","[927, 1366, 1008, 817, 979, 1444, 1554, 1099]",6,8
m3glvq_k0_6_k1_8_eta_00075,4,1620,405,0.5151515151515151,0.5555555555555556,0.5251141552511416,0.539906103286385,0.5160493827160494,42,"{0: 6, 1: 8}",150,0.0075,[0.33333333 0.33333333 0.33333333],True,True,True,0.9555737295265326,0.0444262704734674,0.0,"[623, 1044, 233, 384, 754, 418, 152, 34, 1368, 242, 1025, 330, 550, 759]","[623, 1044, 233, 384, 754, 418]","[152, 34, 1368, 242, 1025, 330, 550, 759]",6,8
m3glvq_k0_6_k1_9_eta_00075,0,1620,405,0.5361309058961343,0.5240384615384616,0.5505050505050505,0.5369458128078818,0.5358024691358024,42,"{0: 6, 1: 9}",150,0.0075,[0.33333333 0.33333333 0.33333333],True,True,True,0.9632239372583388,0.0367760627416613,0.0,"[1055, 386, 1488, 254, 1311, 707, 463, 431, 1351, 194, 668, 745, 418, 626, 194]","[1055, 386, 1488, 254, 1311, 707]","[463, 431, 1351, 194, 668, 745, 418, 626, 194]",6,9
m3glvq_k0_6_k1_9_eta_00075,1,1620,405,0.5752391643889105,0.7596153846153846,0.5683453237410072,0.6502057613168725,0.5802469135802469,42,"{0: 6, 1: 9}",150,0.0075,[0.33333333 0.33333333 0.33333333],True,True,True,0.1723500543066184,0.8276499456933816,0.0,"[920, 25, 1200, 46, 187, 1494, 521, 232, 1216, 1027, 976, 725, 201, 1359, 644]","[920, 25, 1200, 46, 187, 1494]","[521, 232, 1216, 1027, 976, 725, 201, 1359, 644]",6,9
m3glvq_k0_6_k1_9_eta_00075,2,1620,405,0.5297125146427177,0.5721153846153846,0.5409090909090909,0.5560747663551402,0.5308641975308642,42,"{0: 6, 1: 9}",150,0.0075,[0.33333333 0.33333333 0.33333333],True,True,True,0.9597695924278824,0.0400087902950501,0.0002216172770673,"[1229, 374, 830, 1541, 548, 188, 1520, 1139, 136, 978, 1063, 910, 962, 723, 212]","[1229, 374, 830, 1541, 548, 188]","[1520, 1139, 136, 978, 1063, 910, 962, 723, 212]",6,9
m3glvq_k0_6_k1_9_eta_00075,3,1620,405,0.5417215634606939,0.6086956521739131,0.5478260869565217,0.5766590389016019,0.5432098765432098,42,"{0: 6, 1: 9}",150,0.0075,[0.33333333 0.33333333 0.33333333],True,True,True,0.94832188256107,0.05167811743893,0.0,"[959, 482, 1381, 179, 1468, 139, 1544, 1262, 194, 1097, 632, 820, 682, 817, 1003]","[959, 482, 1381, 179, 1468, 139]","[1544, 1262, 194, 1097, 632, 820, 682, 817, 1003]",6,9
m3glvq_k0_6_k1_9_eta_00075,4,1620,405,0.5488581466842336,0.5169082125603864,0.5631578947368421,0.5390428211586902,0.5481481481481482,42,"{0: 6, 1: 9}",150,0.0075,[0.33333333 0.33333333 0.33333333],True,True,True,0.9689812722881368,0.0310187277118632,0.0,"[418, 384, 102, 1474, 497, 623, 1368, 758, 712, 237, 1270, 33, 1175, 1194, 849]","[418, 384, 102, 1474, 497, 623]","[1368, 758, 712, 237, 1270, 33, 1175, 1194, 849]",6,9
m3glvq_k0_6_k1_10_eta_00075,0,1620,405,0.5627074385005857,0.5721153846153846,0.5748792270531401,0.5734939759036145,0.562962962962963,42,"{0: 6, 1: 10}",150,0.0075,[0.33333333 0.33333333 0.33333333],True,True,True,0.968171119807022,0.0318288801929782,0.0,"[771, 254, 1204, 1426, 1385, 1537, 85, 976, 1398, 1301, 1357, 852, 29, 5, 1083, 684]","[771, 254, 1204, 1426, 1385, 1537]","[85, 976, 1398, 1301, 1357, 852, 29, 5, 1083, 684]",6,10
m3glvq_k0_6_k1_10_eta_00075,1,1620,405,0.5274306911362749,0.6538461538461539,0.5354330708661418,0.5887445887445888,0.5308641975308642,42,"{0: 6, 1: 10}",150,0.0075,[0.33333333 0.33333333 0.33333333],True,True,True,0.0290125164010973,0.9709874835989027,0.0,"[1229, 366, 198, 206, 46, 1055, 848, 145, 258, 1029, 1523, 951, 442, 1074, 520, 623]","[1229, 366, 198, 206, 46, 1055]","[848, 145, 258, 1029, 1523, 951, 442, 1074, 520, 623]",6,10
m3glvq_k0_6_k1_10_eta_00075,2,1620,405,0.5220983014447481,0.5721153846153846,0.5336322869955157,0.5522041763341067,0.5234567901234568,42,"{0: 6, 1: 10}",150,0.0075,[0.33333333 0.33333333 0.33333333],True,True,True,0.9307193203762716,0.063843766436416,0.0054369131873124,"[549, 1502, 993, 1196, 511, 1471, 1075, 1442, 1139, 385, 1083, 1015, 268, 528, 156, 978]","[549, 1502, 993, 1196, 511, 1471]","[1075, 1442, 1139, 385, 1083, 1015, 268, 528, 156, 978]",6,10
m3glvq_k0_6_k1_10_eta_00075,3,1620,405,0.5599472990777339,0.6956521739130435,0.5581395348837209,0.6193548387096773,0.562962962962963,42,"{0: 6, 1: 10}",150,0.0075,[0.33333333 0.33333333 0.33333333],True,True,True,0.8550778979163384,0.1449221020836616,0.0,"[1536, 179, 591, 482, 396, 1468, 194, 916, 1158, 682, 162, 1138, 143, 1125, 50, 1003]","[1536, 179, 591, 482, 396, 1468]","[194, 916, 1158, 682, 162, 1138, 143, 1125, 50, 1003]",6,10
m3glvq_k0_6_k1_10_eta_00075,4,1620,405,0.5748792270531401,0.5942028985507246,0.5829383886255924,0.5885167464114832,0.5753086419753086,42,"{0: 6, 1: 10}",150,0.0075,[0.33333333 0.33333333 0.33333333],True,True,True,0.9426630573774956,0.0476394450615512,0.0096974975609532,"[499, 1048, 1252, 1474, 403, 384, 1240, 1393, 470, 152, 1477, 974, 1064, 997, 237, 759]","[499, 1048, 1252, 1474, 403, 384]","[1240, 1393, 470, 152, 1477, 974, 1064, 997, 237, 759]",6,10
m3glvq_k0_7_k1_3_eta_00075,0,1620,405,0.5159727645450995,0.4278846153846153,0.5329341317365269,0.4746666666666667,0.5135802469135803,42,"{0: 7, 1: 3}",150,0.0075,[0.33333333 0.33333333 0.33333333],True,True,True,0.9638515723332508,0.0049038576299292,0.0312445700368201,"[386, 1348, 1488, 222, 494, 97, 739, 1078, 1423, 806]","[386, 1348, 1488, 222, 494, 97, 739]","[1078, 1423, 806]",7,3
m3glvq_k0_7_k1_3_eta_00075,1,1620,405,0.4939476766887934,0.3076923076923077,0.5039370078740157,0.382089552238806,0.4888888888888889,42,"{0: 7, 1: 3}",150,0.0075,[0.33333333 0.33333333 0.33333333],True,True,True,0.955147249103392,0.0416528797701764,0.0031998711264312,"[741, 585, 294, 117, 1267, 445, 1537, 692, 201, 1583]","[741, 585, 294, 117, 1267, 445, 1537]","[692, 201, 1583]",7,3
m3glvq_k0_7_k1_3_eta_00075,2,1620,405,0.5305544709098009,0.2692307692307692,0.5773195876288659,0.3672131147540983,0.5234567901234568,42,"{0: 7, 1: 3}",150,0.0075,[0.33333333 0.33333333 0.33333333],True,True,True,0.0,0.946925840757086,0.0530741592429142,"[838, 215, 694, 400, 1503, 1357, 636, 335, 662, 642]","[838, 215, 694, 400, 1503, 1357, 636]","[335, 662, 642]",7,3
m3glvq_k0_7_k1_3_eta_00075,3,1620,405,0.6011198945981555,0.4396135265700483,0.6594202898550725,0.5275362318840581,0.5975308641975309,42,"{0: 7, 1: 3}",150,0.0075,[0.33333333 0.33333333 0.33333333],True,True,True,0.8899647598042896,0.06776865103221,0.0422665891635003,"[302, 1018, 957, 482, 997, 273, 219, 1064, 1444, 1008]","[302, 1018, 957, 482, 997, 273, 219]","[1064, 1444, 1008]",7,3
m3glvq_k0_7_k1_3_eta_00075,4,1620,405,0.5584101888449715,0.429951690821256,0.5894039735099338,0.4972067039106145,0.5555555555555556,42,"{0: 7, 1: 3}",150,0.0075,[0.33333333 0.33333333 0.33333333],True,True,True,0.9578797666281128,0.0243978947376724,0.0177223386342147,"[1319, 467, 384, 623, 740, 1048, 1474, 681, 1587, 631]","[1319, 467, 384, 623, 740, 1048, 1474]","[681, 1587, 631]",7,3
m3glvq_k0_7_k1_4_eta_00075,0,1620,405,0.6081120655993753,0.6730769230769231,0.6086956521739131,0.6392694063926941,0.6098765432098765,42,"{0: 7, 1: 4}",150,0.0075,[0.33333333 0.33333333 0.33333333],True,True,True,0.4397635713263408,0.3183665770939826,0.2418698515796764,"[739, 983, 77, 1106, 171, 1352, 1499, 1466, 1447, 1398, 668]","[739, 983, 77, 1106, 171, 1352, 1499]","[1466, 1447, 1398, 668]",7,4
m3glvq_k0_7_k1_4_eta_00075,1,1620,405,0.5087734283483014,0.3221153846153846,0.5275590551181102,0.4000000000000001,0.5037037037037037,42,"{0: 7, 1: 4}",150,0.0075,[0.33333333 0.33333333 0.33333333],True,True,True,0.966108929164836,0.0338910708351639,0.0,"[210, 1267, 35, 366, 398, 1494, 906, 725, 644, 1431, 201]","[210, 1267, 35, 366, 398, 1494, 906]","[725, 644, 1431, 201]",7,4
m3glvq_k0_7_k1_4_eta_00075,2,1620,405,0.5564354744240532,0.5240384615384616,0.5736842105263158,0.5477386934673367,0.5555555555555556,42,"{0: 7, 1: 4}",150,0.0075,[0.33333333 0.33333333 0.33333333],True,True,True,0.7797116174650742,0.1326259133946512,0.0876624691402744,"[356, 835, 329, 702, 1471, 993, 1328, 597, 1392, 1442, 139]","[356, 835, 329, 702, 1471, 993, 1328]","[597, 1392, 1442, 139]",7,4
m3glvq_k0_7_k1_4_eta_00075,3,1620,405,0.6039745278875713,0.6473429951690821,0.6063348416289592,0.6261682242990655,0.6049382716049383,42,"{0: 7, 1: 4}",150,0.0075,[0.33333333 0.33333333 0.33333333],True,True,True,0.9161917645954268,0.0838082354045733,0.0,"[667, 980, 1022, 139, 997, 157, 1483, 1564, 682, 843, 633]","[667, 980, 1022, 139, 997, 157, 1483]","[1564, 682, 843, 633]",7,4
m3glvq_k0_7_k1_4_eta_00075,4,1620,405,0.5569828722002635,0.3816425120772946,0.5984848484848485,0.4660766961651917,0.5530864197530864,42,"{0: 7, 1: 4}",150,0.0075,[0.33333333 0.33333333 0.33333333],True,True,True,0.9524076471164136,0.0475923528835863,0.0,"[1044, 1503, 384, 623, 162, 1048, 901, 1025, 631, 207, 1443]","[1044, 1503, 384, 623, 162, 1048, 901]","[1025, 631, 207, 1443]",7,4
m3glvq_k0_7_k1_5_eta_00075,0,1620,405,0.5283946700507614,0.4375,0.5481927710843374,0.4866310160427807,0.5259259259259259,42,"{0: 7, 1: 5}",150,0.0075,[0.33333333 0.33333333 0.33333333],True,True,True,0.9530291575285922,0.04107435625946,0.0058964862119477,"[771, 1333, 436, 570, 1348, 1499, 1426, 194, 1447, 1039, 164, 418]","[771, 1333, 436, 570, 1348, 1499, 1426]","[194, 1447, 1039, 164, 418]",7,5
m3glvq_k0_7_k1_5_eta_00075,1,1620,405,0.5405603279968763,0.3653846153846153,0.5757575757575758,0.4470588235294118,0.5358024691358024,42,"{0: 7, 1: 5}",150,0.0075,[0.33333333 0.33333333 0.33333333],True,True,True,0.4808166733597289,0.5191833266402711,0.0,"[1229, 555, 117, 366, 277, 198, 585, 201, 1442, 734, 520, 1433]","[1229, 555, 117, 366, 277, 198, 585]","[201, 1442, 734, 520, 1433]",7,5
m3glvq_k0_7_k1_5_eta_00075,2,1620,405,0.552579558766107,0.3894230769230769,0.5912408759124088,0.4695652173913044,0.5481481481481482,42,"{0: 7, 1: 5}",150,0.0075,[0.33333333 0.33333333 0.33333333],True,True,True,0.960357957997608,0.0396420420023921,0.0,"[1541, 511, 966, 1005, 374, 1307, 701, 1464, 978, 962, 1431, 723]","[1541, 511, 966, 1005, 374, 1307, 701]","[1464, 978, 962, 1431, 723]",7,5
m3glvq_k0_7_k1_5_eta_00075,3,1620,405,0.5013175230566536,0.4975845410628019,0.5124378109452736,0.5049019607843138,0.5012345679012346,42,"{0: 7, 1: 5}",150,0.0075,[0.33333333 0.33333333 0.33333333],True,True,True,0.5156895283622658,0.4843104716377343,0.0,"[1079, 24, 1059, 482, 1241, 396, 1492, 165, 194, 771, 1444, 682]","[1079, 24, 1059, 482, 1241, 396, 1492]","[165, 194, 771, 1444, 682]",7,5
m3glvq_k0_7_k1_5_eta_00075,4,1620,405,0.5436978480456741,0.4106280193236715,0.5704697986577181,0.4775280898876404,0.5407407407407407,42,"{0: 7, 1: 5}",150,0.0075,[0.33333333 0.33333333 0.33333333],True,True,True,0.9140070868074912,0.0859929131925088,0.0,"[384, 1474, 835, 48, 1503, 1048, 1252, 1258, 681, 766, 207, 759]","[384, 1474, 835, 48, 1503, 1048, 1252]","[1258, 681, 766, 207, 759]",7,5
m3glvq_k0_7_k1_6_eta_00075,0,1620,405,0.5460269426005466,0.4423076923076923,0.5714285714285714,0.4986449864498645,0.5432098765432098,42,"{0: 7, 1: 6}",150,0.0075,[0.33333333 0.33333333 0.33333333],True,True,True,0.9641038062499332,0.0358961937500667,0.0,"[1200, 1426, 1333, 739, 1348, 1352, 1499, 1398, 1151, 1095, 668, 1447, 553]","[1200, 1426, 1333, 739, 1348, 1352, 1499]","[1398, 1151, 1095, 668, 1447, 553]",7,6
m3glvq_k0_7_k1_6_eta_00075,1,1620,405,0.5189013080827802,0.5048076923076923,0.5329949238578681,0.5185185185185185,0.5185185185185185,42,"{0: 7, 1: 6}",150,0.0075,[0.33333333 0.33333333 0.33333333],True,True,True,0.9562150804265858,0.0437849195734143,0.0,"[995, 1200, 507, 187, 799, 366, 870, 201, 1308, 1431, 927, 676, 1078]","[995, 1200, 507, 187, 799, 366, 870]","[201, 1308, 1431, 927, 676, 1078]",7,6
m3glvq_k0_7_k1_6_eta_00075,2,1620,405,0.526271475985943,0.3317307692307692,0.5564516129032258,0.4156626506024096,0.5209876543209877,42,"{0: 7, 1: 6}",150,0.0075,[0.33333333 0.33333333 0.33333333],True,True,True,0.9045843407154048,0.0954156592845951,0.0,"[1328, 1163, 1001, 1005, 132, 794, 400, 1083, 605, 48, 1377, 139, 723]","[1328, 1163, 1001, 1005, 132, 794, 400]","[1083, 605, 48, 1377, 139, 723]",7,6
m3glvq_k0_7_k1_6_eta_00075,3,1620,405,0.5664251207729469,0.5217391304347826,0.5837837837837838,0.5510204081632654,0.5654320987654321,42,"{0: 7, 1: 6}",150,0.0075,[0.33333333 0.33333333 0.33333333],True,True,True,0.1587722178707643,0.8412277821292357,0.0,"[219, 179, 396, 251, 619, 1492, 948, 1431, 356, 1041, 682, 1444, 453]","[219, 179, 396, 251, 619, 1492, 948]","[1431, 356, 1041, 682, 1444, 453]",7,6
m3glvq_k0_7_k1_6_eta_00075,4,1620,405,0.5629117259552042,0.4541062801932367,0.5911949685534591,0.5136612021857923,0.5604938271604938,42,"{0: 7, 1: 6}",150,0.0075,[0.33333333 0.33333333 0.33333333],True,True,True,0.9645479811445696,0.0354520188554305,0.0,"[1048, 623, 384, 1474, 569, 584, 102, 759, 631, 171, 382, 242, 681]","[1048, 623, 384, 1474, 569, 584, 102]","[759, 631, 171, 382, 242, 681]",7,6
m3glvq_k0_7_k1_7_eta_00075,0,1620,405,0.5102377001171418,0.3605769230769231,0.528169014084507,0.4285714285714285,0.5061728395061729,42,"{0: 7, 1: 7}",150,0.0075,[0.33333333 0.33333333 0.33333333],True,True,True,0.9509480579914572,0.0490519420085427,0.0,"[531, 657, 1333, 1537, 1352, 1426, 1348, 1078, 668, 358, 1330, 976, 463, 1160]","[531, 657, 1333, 1537, 1352, 1426, 1348]","[1078, 668, 358, 1330, 976, 463, 1160]",7,7
m3glvq_k0_7_k1_7_eta_00075,1,1620,405,0.501415462709879,0.4038461538461538,0.5153374233128835,0.4528301886792453,0.4987654320987654,42,"{0: 7, 1: 7}",150,0.0075,[0.33333333 0.33333333 0.33333333],True,True,True,0.9672709172090634,0.0327290827909366,0.0,"[1229, 210, 366, 398, 1267, 870, 1494, 201, 1029, 442, 644, 466, 521, 734]","[1229, 210, 366, 398, 1267, 870, 1494]","[201, 1029, 442, 644, 466, 521, 734]",7,7
m3glvq_k0_7_k1_7_eta_00075,2,1620,405,0.5835611089418196,0.4615384615384615,0.6233766233766234,0.5303867403314918,0.5802469135802469,42,"{0: 7, 1: 7}",150,0.0075,[0.33333333 0.33333333 0.33333333],True,True,True,0.944280517551952,0.0120454568330507,0.0436740256149972,"[1196, 993, 1503, 830, 400, 747, 835, 1442, 368, 1151, 1015, 978, 1236, 1117]","[1196, 993, 1503, 830, 400, 747, 835]","[1442, 368, 1151, 1015, 978, 1236, 1117]",7,7
m3glvq_k0_7_k1_7_eta_00075,3,1620,405,0.563350900307422,0.5458937198067633,0.576530612244898,0.5607940446650124,0.562962962962963,42,"{0: 7, 1: 7}",150,0.0075,[0.33333333 0.33333333 0.33333333],True,True,True,0.9561551653347105,0.0368755418958215,0.006969292769468,"[1381, 1468, 139, 482, 97, 959, 206, 1138, 1583, 1044, 843, 763, 1146, 1008]","[1381, 1468, 139, 482, 97, 959, 206]","[1138, 1583, 1044, 843, 763, 1146, 1008]",7,7
m3glvq_k0_7_k1_7_eta_00075,4,1620,405,0.5873956960913482,0.4879227053140096,0.6196319018404908,0.545945945945946,0.5851851851851851,42,"{0: 7, 1: 7}",150,0.0075,[0.33333333 0.33333333 0.33333333],True,True,True,0.955377039614734,0.0446229603852661,0.0,"[102, 124, 1048, 1474, 1568, 384, 1225, 1443, 1547, 207, 1432, 759, 49, 1025]","[102, 124, 1048, 1474, 1568, 384, 1225]","[1443, 1547, 207, 1432, 759, 49, 1025]",7,7
m3glvq_k0_7_k1_8_eta_00075,0,1620,405,0.4985967395548614,0.5048076923076923,0.5121951219512195,0.5084745762711864,0.4987654320987654,42,"{0: 7, 1: 8}",150,0.0075,[0.33333333 0.33333333 0.33333333],True,True,True,0.9534037189171248,0.0433484161945353,0.0032478648883398,"[986, 1499, 386, 869, 1055, 771, 1348, 668, 553, 976, 462, 1447, 12, 604, 1398]","[986, 1499, 386, 869, 1055, 771, 1348]","[668, 553, 976, 462, 1447, 12, 604, 1398]",7,8
m3glvq_k0_7_k1_8_eta_00075,1,1620,405,0.5337270597422882,0.5192307692307693,0.5482233502538071,0.5333333333333333,0.5333333333333333,42,"{0: 7, 1: 8}",150,0.0075,[0.33333333 0.33333333 0.33333333],True,True,True,0.96283091429337,0.0371690857066301,0.0,"[1494, 187, 870, 366, 1324, 453, 117, 442, 724, 201, 1490, 984, 596, 1523, 148]","[1494, 187, 870, 366, 1324, 453, 117]","[442, 724, 201, 1490, 984, 596, 1523, 148]",7,8
m3glvq_k0_7_k1_8_eta_00075,2,1620,405,0.5625854158531823,0.4855769230769231,0.5872093023255814,0.531578947368421,0.5604938271604938,42,"{0: 7, 1: 8}",150,0.0075,[0.33333333 0.33333333 0.33333333],True,True,True,0.9266828777464742,0.0733171222535257,0.0,"[374, 1196, 1590, 873, 1471, 511, 1541, 723, 448, 417, 962, 87, 664, 604, 730]","[374, 1196, 1590, 873, 1471, 511, 1541]","[723, 448, 417, 962, 87, 664, 604, 730]",7,8
m3glvq_k0_7_k1_8_eta_00075,3,1620,405,0.4840799297321037,0.4782608695652174,0.495,0.4864864864864865,0.4839506172839506,42,"{0: 7, 1: 8}",150,0.0075,[0.33333333 0.33333333 0.33333333],True,True,True,0.0412966451695753,0.9587033548304246,0.0,"[58, 959, 973, 1577, 964, 482, 219, 143, 361, 771, 1036, 165, 112, 763, 682]","[58, 959, 973, 1577, 964, 482, 219]","[143, 361, 771, 1036, 165, 112, 763, 682]",7,8
m3glvq_k0_7_k1_8_eta_00075,4,1620,405,0.550614844093105,0.4396135265700483,0.5759493670886076,0.4986301369863013,0.5481481481481482,42,"{0: 7, 1: 8}",150,0.0075,[0.33333333 0.33333333 0.33333333],True,True,True,0.9468324896370688,0.0531675103629311,0.0,"[1252, 116, 384, 530, 1044, 901, 233, 698, 1175, 759, 1025, 1102, 1564, 1368, 758]","[1252, 116, 384, 530, 1044, 901, 233]","[698, 1175, 759, 1025, 1102, 1564, 1368, 758]",7,8
m3glvq_k0_7_k1_9_eta_00075,0,1620,405,0.514642717688403,0.3846153846153846,0.5333333333333333,0.446927374301676,0.5111111111111111,42,"{0: 7, 1: 9}",150,0.0075,[0.33333333 0.33333333 0.33333333],True,True,True,0.9700188125980316,0.0299811874019682,0.0,"[511, 1499, 1201, 1468, 1426, 1055, 615, 164, 1398, 431, 194, 1447, 194, 463, 668, 418]","[511, 1499, 1201, 1468, 1426, 1055, 615]","[164, 1398, 431, 194, 1447, 194, 463, 668, 418]",7,9
m3glvq_k0_7_k1_9_eta_00075,1,1620,405,0.5583024209293246,0.5480769230769231,0.5728643216080402,0.5601965601965603,0.5580246913580247,42,"{0: 7, 1: 9}",150,0.0075,[0.33333333 0.33333333 0.33333333],True,True,True,0.9563531071887,0.0436468928113,0.0,"[474, 870, 366, 741, 453, 117, 880, 984, 359, 442, 725, 1029, 145, 1349, 184, 201]","[474, 870, 366, 741, 453, 117, 880]","[984, 359, 442, 725, 1029, 145, 1349, 184, 201]",7,9
m3glvq_k0_7_k1_9_eta_00075,2,1620,405,0.5653797344787193,0.5673076923076923,0.5784313725490197,0.5728155339805826,0.5654320987654321,42,"{0: 7, 1: 9}",150,0.0075,[0.33333333 0.33333333 0.33333333],True,True,True,0.9562845239325384,0.0437154760674615,0.0,"[1193, 1005, 1471, 374, 516, 1483, 498, 531, 1392, 1007, 1074, 1257, 1057, 268, 978, 1431]","[1193, 1005, 1471, 374, 516, 1483, 498]","[531, 1392, 1007, 1074, 1257, 1057, 268, 978, 1431]",7,9
m3glvq_k0_7_k1_9_eta_00075,3,1620,405,0.5778436539306104,0.5748792270531401,0.5891089108910891,0.5819070904645477,0.5777777777777777,42,"{0: 7, 1: 9}",150,0.0075,[0.33333333 0.33333333 0.33333333],True,True,True,0.9583889755574986,0.0416110244425014,0.0,"[666, 179, 1468, 1422, 504, 1269, 407, 1082, 143, 1138, 1431, 305, 194, 1355, 1544, 1008]","[666, 179, 1468, 1422, 504, 1269, 407]","[1082, 143, 1138, 1431, 305, 194, 1355, 1544, 1008]",7,9
m3glvq_k0_7_k1_9_eta_00075,4,1620,405,0.5118577075098814,0.4782608695652174,0.5238095238095238,0.5,0.5111111111111111,42,"{0: 7, 1: 9}",150,0.0075,[0.33333333 0.33333333 0.33333333],True,True,True,0.9521074222223016,0.0181337084651378,0.0297588693125603,"[1048, 1225, 384, 14, 1474, 418, 623, 1108, 296, 242, 1025, 1404, 550, 265, 1265, 49]","[1048, 1225, 384, 14, 1474, 418, 623]","[1108, 296, 242, 1025, 1404, 550, 265, 1265, 49]",7,9
m3glvq_k0_7_k1_10_eta_00075,0,1620,405,0.5174370363139399,0.4663461538461538,0.532967032967033,0.4974358974358974,0.5160493827160494,42,"{0: 7, 1: 10}",150,0.0075,[0.33333333 0.33333333 0.33333333],True,True,True,0.9406338980079658,0.0593661019920341,0.0,"[956, 1426, 531, 771, 1333, 1537, 14, 1351, 194, 630, 1463, 553, 29, 1398, 1085, 1572, 1217]","[956, 1426, 531, 771, 1333, 1537, 14]","[1351, 194, 630, 1463, 553, 29, 1398, 1085, 1572, 1217]",7,10
m3glvq_k0_7_k1_10_eta_00075,1,1620,405,0.5628416634127293,0.5673076923076923,0.5756097560975609,0.5714285714285715,0.562962962962963,42,"{0: 7, 1: 10}",150,0.0075,[0.33333333 0.33333333 0.33333333],True,True,True,0.9373951170269356,0.0537861429174802,0.0088187400555842,"[1395, 507, 1073, 748, 388, 1537, 96, 570, 984, 429, 725, 184, 1349, 364, 171, 1254, 1461]","[1395, 507, 1073, 748, 388, 1537, 96]","[570, 984, 429, 725, 184, 1349, 364, 171, 1254, 1461]",7,10
m3glvq_k0_7_k1_10_eta_00075,2,1620,405,0.5681862553689965,0.5576923076923077,0.5829145728643216,0.57002457002457,0.5679012345679012,42,"{0: 7, 1: 10}",150,0.0075,[0.33333333 0.33333333 0.33333333],True,True,True,0.9541961971814964,0.0458038028185037,0.0,"[549, 1247, 748, 636, 1265, 1229, 1471, 156, 962, 603, 1556, 730, 1025, 87, 136, 1359, 1063]","[549, 1247, 748, 636, 1265, 1229, 1471]","[156, 962, 603, 1556, 730, 1025, 87, 136, 1359, 1063]",7,10
m3glvq_k0_7_k1_10_eta_00075,3,1620,405,0.5289855072463767,0.6135265700483091,0.5358649789029536,0.572072072072072,0.5308641975308642,42,"{0: 7, 1: 10}",150,0.0075,[0.33333333 0.33333333 0.33333333],True,True,True,0.9407573937074986,0.0402225086179833,0.019020097674518,"[1492, 482, 1241, 1059, 1039, 1468, 1022, 291, 194, 1008, 916, 50, 1262, 701, 1583, 1084, 1125]","[1492, 482, 1241, 1059, 1039, 1468, 1022]","[291, 194, 1008, 916, 50, 1262, 701, 1583, 1084, 1125]",7,10
m3glvq_k0_7_k1_10_eta_00075,4,1620,405,0.5074659639877032,0.5603864734299517,0.5178571428571429,0.5382830626450116,0.508641975308642,42,"{0: 7, 1: 10}",150,0.0075,[0.33333333 0.33333333 0.33333333],True,True,True,0.9501899364133,0.0490514868511931,0.0007585767355066,"[921, 384, 1474, 403, 623, 1252, 233, 864, 1025, 1058, 470, 1063, 1582, 1368, 1188, 550, 698]","[921, 384, 1474, 403, 623, 1252, 233]","[864, 1025, 1058, 470, 1063, 1582, 1368, 1188, 550, 698]",7,10
m3glvq_k0_8_k1_3_eta_00075,0,1620,405,0.5900893205778992,0.5913461538461539,0.6029411764705882,0.5970873786407768,0.5901234567901235,42,"{0: 8, 1: 3}",150,0.0075,[0.33333333 0.33333333 0.33333333],True,True,True,0.4150543847647499,0.3063464147950113,0.2785992004402388,"[41, 1537, 739, 770, 983, 1365, 1352, 1358, 668, 1447, 1398]","[41, 1537, 739, 770, 983, 1365, 1352, 1358]","[668, 1447, 1398]",8,3
m3glvq_k0_8_k1_3_eta_00075,1,1620,405,0.5639398672393596,0.3461538461538461,0.6260869565217392,0.4458204334365325,0.5580246913580247,42,"{0: 8, 1: 3}",150,0.0075,[0.33333333 0.33333333 0.33333333],True,True,True,0.9424243229690638,0.0138291519159832,0.043746525114953,"[870, 1016, 85, 1511, 1267, 445, 1006, 366, 1583, 676, 1390]","[870, 1016, 85, 1511, 1267, 445, 1006, 366]","[1583, 676, 1390]",8,3
m3glvq_k0_8_k1_3_eta_00075,2,1620,405,0.514789144865287,0.2884615384615384,0.5405405405405406,0.3761755485893417,0.508641975308642,42,"{0: 8, 1: 3}",150,0.0075,[0.33333333 0.33333333 0.33333333],True,True,True,0.8398510971854021,0.1601489028145979,0.0,"[636, 548, 273, 545, 1471, 105, 1541, 1243, 1442, 158, 642]","[636, 548, 273, 545, 1471, 105, 1541, 1243]","[1442, 158, 642]",8,3
m3glvq_k0_8_k1_3_eta_00075,3,1620,405,0.5714756258234519,0.5217391304347826,0.5901639344262295,0.5538461538461539,0.5703703703703704,42,"{0: 8, 1: 3}",150,0.0075,[0.33333333 0.33333333 0.33333333],True,True,True,0.6961140830500637,0.1779487008674835,0.1259372160824527,"[1536, 1483, 737, 1022, 1252, 948, 97, 302, 1444, 1355, 682]","[1536, 1483, 737, 1022, 1252, 948, 97, 302]","[1444, 1355, 682]",8,3
m3glvq_k0_8_k1_3_eta_00075,4,1620,405,0.5599472990777339,0.251207729468599,0.6666666666666666,0.3649122807017544,0.5530864197530864,42,"{0: 8, 1: 3}",150,0.0075,[0.33333333 0.33333333 0.33333333],True,True,True,0.746631494575063,0.253368505424937,0.0,"[1087, 284, 958, 775, 1101, 384, 418, 66, 674, 631, 1345]","[1087, 284, 958, 775, 1101, 384, 418, 66]","[674, 631, 1345]",8,3
m3glvq_k0_8_k1_4_eta_00075,0,1620,405,0.546295392424834,0.4326923076923077,0.5732484076433121,0.4931506849315067,0.5432098765432098,42,"{0: 8, 1: 4}",150,0.0075,[0.33333333 0.33333333 0.33333333],True,True,True,0.9591214517532752,0.0341513551350251,0.0067271931116997,"[726, 97, 771, 657, 1426, 1348, 1333, 941, 1039, 837, 1447, 1038]","[726, 97, 771, 657, 1426, 1348, 1333, 941]","[1039, 837, 1447, 1038]",8,4
m3glvq_k0_8_k1_4_eta_00075,1,1620,405,0.5229402577118313,0.2692307692307692,0.56,0.3636363636363636,0.5160493827160494,42,"{0: 8, 1: 4}",150,0.0075,[0.33333333 0.33333333 0.33333333],True,True,True,0.916445471433306,0.0835545285666942,0.0,"[210, 628, 1229, 748, 961, 1008, 543, 398, 644, 1431, 201, 725]","[210, 628, 1229, 748, 961, 1008, 543, 398]","[644, 1431, 201, 725]",8,4
m3glvq_k0_8_k1_4_eta_00075,2,1620,405,0.5158507418976962,0.3413461538461538,0.5378787878787878,0.4176470588235293,0.5111111111111111,42,"{0: 8, 1: 4}",150,0.0075,[0.33333333 0.33333333 0.33333333],True,True,True,0.8984752058668597,0.1015247941331402,0.0,"[1590, 579, 1387, 1328, 549, 966, 1566, 511, 604, 139, 1431, 962]","[1590, 579, 1387, 1328, 549, 966, 1566, 511]","[604, 139, 1431, 962]",8,4
m3glvq_k0_8_k1_4_eta_00075,3,1620,405,0.5743302591128678,0.5072463768115942,0.5965909090909091,0.5483028720626631,0.5728395061728395,42,"{0: 8, 1: 4}",150,0.0075,[0.33333333 0.33333333 0.33333333],True,True,True,0.9429819315136664,0.022438612817543,0.0345794556687904,"[437, 1268, 1468, 1422, 1022, 1536, 564, 1381, 1444, 194, 1008, 1041]","[437, 1268, 1468, 1422, 1022, 1536, 564, 1381]","[1444, 194, 1008, 1041]",8,4
m3glvq_k0_8_k1_4_eta_00075,4,1620,405,0.553030303030303,0.3333333333333333,0.6052631578947368,0.4299065420560747,0.5481481481481482,42,"{0: 8, 1: 4}",150,0.0075,[0.33333333 0.33333333 0.33333333],True,True,True,0.9495436287868416,0.0504563712131582,0.0,"[14, 1048, 384, 1073, 740, 1095, 901, 775, 1443, 1025, 631, 207]","[14, 1048, 384, 1073, 740, 1095, 901, 775]","[1443, 1025, 631, 207]",8,4
m3glvq_k0_8_k1_5_eta_00075,0,1620,405,0.5155700898086685,0.4423076923076923,0.5317919075144508,0.4829396325459317,0.5135802469135803,42,"{0: 8, 1: 5}",150,0.0075,[0.33333333 0.33333333 0.33333333],True,True,True,0.9673584260711076,0.032333396318635,0.0003081776102574,"[1426, 657, 1468, 1197, 1333, 97, 1035, 739, 194, 418, 1447, 164, 668]","[1426, 657, 1468, 1197, 1333, 97, 1035, 739]","[194, 418, 1447, 164, 668]",8,5
m3glvq_k0_8_k1_5_eta_00075,1,1620,405,0.5279919953143304,0.4519230769230769,0.5465116279069767,0.4947368421052631,0.5259259259259259,42,"{0: 8, 1: 5}",150,0.0075,[0.33333333 0.33333333 0.33333333],True,True,True,0.0367193302938822,0.95310852005268,0.0101721496534376,"[1200, 555, 366, 489, 198, 545, 294, 1494, 201, 520, 1433, 725, 734]","[1200, 555, 366, 489, 198, 545, 294, 1494]","[201, 520, 1433, 725, 734]",8,5
m3glvq_k0_8_k1_5_eta_00075,2,1620,405,0.5719201483795392,0.6057692307692307,0.5806451612903226,0.5929411764705883,0.5728395061728395,42,"{0: 8, 1: 5}",150,0.0075,[0.33333333 0.33333333 0.33333333],True,True,True,0.4472224846919529,0.3484995540609581,0.2042779612470889,"[1476, 1357, 1243, 1503, 248, 340, 23, 873, 87, 1442, 297, 1392, 1359]","[1476, 1357, 1243, 1503, 248, 340, 23, 873]","[87, 1442, 297, 1392, 1359]",8,5
m3glvq_k0_8_k1_5_eta_00075,3,1620,405,0.519433465085639,0.3671497584541063,0.5390070921985816,0.4367816091954024,0.5160493827160494,42,"{0: 8, 1: 5}",150,0.0075,[0.33333333 0.33333333 0.33333333],True,True,True,0.8081997562064396,0.1918002437935604,0.0,"[1536, 179, 948, 1142, 959, 666, 302, 412, 682, 165, 771, 194, 633]","[1536, 179, 948, 1142, 959, 666, 302, 412]","[682, 165, 771, 194, 633]",8,5
m3glvq_k0_8_k1_5_eta_00075,4,1620,405,0.5341458058849363,0.3864734299516908,0.5594405594405595,0.4571428571428571,0.5308641975308642,42,"{0: 8, 1: 5}",150,0.0075,[0.33333333 0.33333333 0.33333333],True,True,True,0.9280561679757904,0.0719438320242095,0.0,"[188, 1474, 216, 1597, 418, 1087, 384, 1503, 766, 1097, 1025, 207, 1240]","[188, 1474, 216, 1597, 418, 1087, 384, 1503]","[766, 1097, 1025, 207, 1240]",8,5
m3glvq_k0_8_k1_6_eta_00075,0,1620,405,0.5533605037094884,0.5432692307692307,0.5678391959798995,0.5552825552825553,0.5530864197530864,42,"{0: 8, 1: 6}",150,0.0075,[0.33333333 0.33333333 0.33333333],True,True,True,0.967602592400941,0.0023858438324418,0.0300115637666171,"[1537, 605, 739, 386, 1269, 1385, 1055, 1468, 553, 1039, 1095, 668, 194, 1447]","[1537, 605, 739, 386, 1269, 1385, 1055, 1468]","[553, 1039, 1095, 668, 194, 1447]",8,6
m3glvq_k0_8_k1_6_eta_00075,1,1620,405,0.5376195821944553,0.3798076923076923,0.5683453237410072,0.4553314121037464,0.5333333333333333,42,"{0: 8, 1: 6}",150,0.0075,[0.33333333 0.33333333 0.33333333],True,True,True,0.9052849161225224,0.0947150838774777,0.0,"[210, 1200, 741, 545, 1494, 489, 366, 855, 734, 442, 644, 145, 201, 1442]","[210, 1200, 741, 545, 1494, 489, 366, 855]","[734, 442, 644, 145, 201, 1442]",8,6
m3glvq_k0_8_k1_6_eta_00075,2,1620,405,0.528126220226474,0.4471153846153846,0.5470588235294118,0.4920634920634921,0.5259259259259259,42,"{0: 8, 1: 6}",150,0.0075,[0.33333333 0.33333333 0.33333333],True,True,True,0.9533771185140154,0.0061031701268663,0.0405197113591182,"[374, 1378, 1471, 1005, 516, 1243, 511, 588, 1464, 158, 778, 1421, 1057, 978]","[374, 1378, 1471, 1005, 516, 1243, 511, 588]","[1464, 158, 778, 1421, 1057, 978]",8,6
m3glvq_k0_8_k1_6_eta_00075,3,1620,405,0.586627140974967,0.6328502415458938,0.5900900900900901,0.6107226107226107,0.5876543209876544,42,"{0: 8, 1: 6}",150,0.0075,[0.33333333 0.33333333 0.33333333],True,True,True,0.9476605813687934,0.0116465707121518,0.0406928479190547,"[1381, 85, 1411, 139, 437, 1468, 482, 1268, 1416, 843, 1087, 856, 15, 1564]","[1381, 85, 1411, 139, 437, 1468, 482, 1268]","[1416, 843, 1087, 856, 15, 1564]",8,6
m3glvq_k0_8_k1_6_eta_00075,4,1620,405,0.5596179183135706,0.3768115942028985,0.6046511627906976,0.4642857142857142,0.5555555555555556,42,"{0: 8, 1: 6}",150,0.0075,[0.33333333 0.33333333 0.33333333],True,True,True,0.9550888840936458,0.0449111159063541,0.0,"[1095, 617, 499, 1474, 623, 605, 921, 384, 631, 152, 1376, 681, 997, 759]","[1095, 617, 499, 1474, 623, 605, 921, 384]","[631, 152, 1376, 681, 997, 759]",8,6
m3glvq_k0_8_k1_7_eta_00075,0,1620,405,0.5747388715345568,0.5048076923076923,0.6,0.5483028720626633,0.5728395061728395,42,"{0: 8, 1: 7}",150,0.0075,[0.33333333 0.33333333 0.33333333],True,True,True,0.945098768555008,0.0370525415386913,0.0178486899063007,"[1468, 1071, 1385, 1020, 1499, 869, 386, 570, 1132, 1043, 164, 1447, 976, 1398, 358]","[1468, 1071, 1385, 1020, 1499, 869, 386, 570]","[1132, 1043, 164, 1447, 976, 1398, 358]",8,7
m3glvq_k0_8_k1_7_eta_00075,1,1620,405,0.554727157360406,0.3125,0.6190476190476191,0.4153354632587859,0.5481481481481482,42,"{0: 8, 1: 7}",150,0.0075,[0.33333333 0.33333333 0.33333333],True,True,True,0.9282234202051008,0.0717765797948991,0.0,"[1494, 1237, 366, 1164, 1200, 597, 1324, 741, 1442, 724, 342, 442, 734, 984, 145]","[1494, 1237, 366, 1164, 1200, 597, 1324, 741]","[1442, 724, 342, 442, 734, 984, 145]",8,7
m3glvq_k0_8_k1_7_eta_00075,2,1620,405,0.5615238188207732,0.4326923076923077,0.5960264900662252,0.5013927576601671,0.5580246913580247,42,"{0: 8, 1: 7}",150,0.0075,[0.33333333 0.33333333 0.33333333],True,True,True,0.9424921924132552,0.0307428908681176,0.0267649167186269,"[1001, 1462, 588, 1328, 400, 548, 830, 1005, 136, 26, 1025, 531, 447, 1007, 723]","[1001, 1462, 588, 1328, 400, 548, 830, 1005]","[136, 26, 1025, 531, 447, 1007, 723]",8,7
m3glvq_k0_8_k1_7_eta_00075,3,1620,405,0.5411725955204216,0.4106280193236715,0.5666666666666667,0.4761904761904761,0.5382716049382716,42,"{0: 8, 1: 7}",150,0.0075,[0.33333333 0.33333333 0.33333333],True,True,True,0.6368393630512633,0.3631606369487366,0.0,"[1492, 179, 14, 959, 24, 412, 581, 396, 177, 1097, 1087, 1008, 1489, 763, 1003]","[1492, 179, 14, 959, 24, 412, 581, 396]","[177, 1097, 1087, 1008, 1489, 763, 1003]",8,7
m3glvq_k0_8_k1_7_eta_00075,4,1620,405,0.5278875713658322,0.4396135265700483,0.5449101796407185,0.4866310160427807,0.5259259259259259,42,"{0: 8, 1: 7}",150,0.0075,[0.33333333 0.33333333 0.33333333],True,True,True,0.9519705450800946,0.0404226878996841,0.0076067670202211,"[1044, 1073, 1434, 188, 233, 623, 1087, 901, 1582, 171, 631, 674, 1404, 1025, 758]","[1044, 1073, 1434, 188, 233, 623, 1087, 901]","[1582, 171, 631, 674, 1404, 1025, 758]",8,7
m3glvq_k0_8_k1_8_eta_00075,0,1620,405,0.5644523623584536,0.5096153846153846,0.585635359116022,0.5449871465295629,0.562962962962963,42,"{0: 8, 1: 8}",150,0.0075,[0.33333333 0.33333333 0.33333333],True,True,True,0.8203469690701157,0.1796530309298842,0.0,"[598, 171, 1426, 1024, 1348, 494, 836, 1537, 1078, 291, 1561, 668, 1398, 374, 607, 1357]","[598, 171, 1426, 1024, 1348, 494, 836, 1537]","[1078, 291, 1561, 668, 1398, 374, 607, 1357]",8,8
m3glvq_k0_8_k1_8_eta_00075,1,1620,405,0.5664657360406091,0.4375,0.6026490066225165,0.5069637883008357,0.562962962962963,42,"{0: 8, 1: 8}",150,0.0075,[0.33333333 0.33333333 0.33333333],True,True,True,0.962967088300547,0.0370329116994529,0.0,"[1537, 628, 870, 1200, 117, 1324, 187, 366, 1583, 1373, 724, 1022, 184, 725, 145, 984]","[1537, 628, 870, 1200, 117, 1324, 187, 366]","[1583, 1373, 724, 1022, 184, 725, 145, 984]",8,8
m3glvq_k0_8_k1_8_eta_00075,2,1620,405,0.547637641546271,0.3846153846153846,0.583941605839416,0.463768115942029,0.5432098765432098,42,"{0: 8, 1: 8}",150,0.0075,[0.33333333 0.33333333 0.33333333],True,True,True,0.9131400686572216,0.0868599313427785,0.0,"[1541, 993, 400, 1229, 855, 1570, 636, 548, 297, 664, 1117, 1377, 1320, 730, 962, 978]","[1541, 993, 400, 1229, 855, 1570, 636, 548]","[297, 664, 1117, 1377, 1320, 730, 962, 978]",8,8
m3glvq_k0_8_k1_8_eta_00075,3,1620,405,0.5412823891084761,0.4057971014492754,0.5675675675675675,0.4732394366197183,0.5382716049382716,42,"{0: 8, 1: 8}",150,0.0075,[0.33333333 0.33333333 0.33333333],True,True,True,0.9555908814121786,0.0444091185878212,0.0,"[666, 616, 1483, 412, 97, 985, 1022, 1468, 637, 231, 143, 856, 1159, 495, 763, 1087]","[666, 616, 1483, 412, 97, 985, 1022, 1468]","[637, 231, 143, 856, 1159, 495, 763, 1087]",8,8
m3glvq_k0_8_k1_8_eta_00075,4,1620,405,0.5652173913043478,0.463768115942029,0.5925925925925926,0.5203252032520325,0.562962962962963,42,"{0: 8, 1: 8}",150,0.0075,[0.33333333 0.33333333 0.33333333],True,True,True,0.9520953726892974,0.0479046273107024,0.0,"[1048, 384, 1252, 623, 1597, 1013, 1112, 1053, 368, 1404, 1547, 1443, 1368, 1025, 1274, 1587]","[1048, 384, 1252, 623, 1597, 1013, 1112, 1053]","[368, 1404, 1547, 1443, 1368, 1025, 1274, 1587]",8,8
m3glvq_k0_8_k1_9_eta_00075,0,1620,405,0.5023428348301444,0.4615384615384615,0.5161290322580645,0.4873096446700508,0.5012345679012346,42,"{0: 8, 1: 9}",150,0.0075,[0.33333333 0.33333333 0.33333333],True,True,True,0.9682274783320228,0.0317725216679771,0.0,"[657, 739, 254, 1499, 386, 1024, 570, 422, 218, 668, 1083, 194, 178, 745, 1596, 347, 228]","[657, 739, 254, 1499, 386, 1024, 570, 422]","[218, 668, 1083, 194, 178, 745, 1596, 347, 228]",8,9
m3glvq_k0_8_k1_9_eta_00075,1,1620,405,0.5241116751269035,0.5,0.538860103626943,0.5187032418952618,0.5234567901234568,42,"{0: 8, 1: 9}",150,0.0075,[0.33333333 0.33333333 0.33333333],True,True,True,0.9570495401609356,0.0209163208120648,0.0220341390269995,"[1200, 187, 541, 1494, 870, 445, 210, 366, 724, 148, 52, 1146, 442, 1250, 664, 1022, 521]","[1200, 187, 541, 1494, 870, 445, 210, 366]","[724, 148, 52, 1146, 442, 1250, 664, 1022, 521]",8,9
m3glvq_k0_8_k1_9_eta_00075,2,1620,405,0.5699189769621242,0.5865384615384616,0.580952380952381,0.583732057416268,0.5703703703703704,42,"{0: 8, 1: 9}",150,0.0075,[0.33333333 0.33333333 0.33333333],True,True,True,0.9546378815137015,0.0428809939174438,0.0024811245688545,"[636, 1328, 1502, 549, 1001, 204, 548, 686, 136, 881, 1565, 139, 268, 174, 156, 41, 256]","[636, 1328, 1502, 549, 1001, 204, 548, 686]","[136, 881, 1565, 139, 268, 174, 156, 41, 256]",8,9
m3glvq_k0_8_k1_9_eta_00075,3,1620,405,0.5290953008344312,0.4975845410628019,0.5421052631578948,0.5188916876574307,0.528395061728395,42,"{0: 8, 1: 9}",150,0.0075,[0.33333333 0.33333333 0.33333333],True,True,True,0.944391821664914,0.055608178335086,0.0,"[24, 412, 1059, 1468, 1483, 302, 179, 1536, 1564, 763, 1087, 817, 849, 1008, 701, 1041, 1544]","[24, 412, 1059, 1468, 1483, 302, 179, 1536]","[1564, 763, 1087, 817, 849, 1008, 701, 1041, 1544]",8,9
m3glvq_k0_8_k1_9_eta_00075,4,1620,405,0.5749890206411945,0.4782608695652174,0.6036585365853658,0.5336927223719676,0.5728395061728395,42,"{0: 8, 1: 9}",150,0.0075,[0.33333333 0.33333333 0.33333333],True,True,True,0.9312251141977655,0.0687748858022343,0.0,"[1252, 1073, 1053, 1044, 384, 1048, 623, 1361, 1025, 1097, 1364, 1106, 1052, 478, 963, 758, 197]","[1252, 1073, 1053, 1044, 384, 1048, 623, 1361]","[1025, 1097, 1364, 1106, 1052, 478, 963, 758, 197]",8,9
m3glvq_k0_8_k1_10_eta_00075,0,1620,405,0.543208219445529,0.5432692307692307,0.5566502463054187,0.5498783454987834,0.5432098765432098,42,"{0: 8, 1: 10}",150,0.0075,[0.33333333 0.33333333 0.33333333],True,True,True,0.9586555329893968,0.0413444670106032,0.0,"[97, 254, 1333, 1197, 657, 1426, 1537, 678, 1078, 684, 1351, 15, 668, 976, 291, 1042, 553, 1398]","[97, 254, 1333, 1197, 657, 1426, 1537, 678]","[1078, 684, 1351, 15, 668, 976, 291, 1042, 553, 1398]",8,10
m3glvq_k0_8_k1_10_eta_00075,1,1620,405,0.5319821358844201,0.5817307692307693,0.5426008968609866,0.5614849187935035,0.5333333333333333,42,"{0: 8, 1: 10}",150,0.0075,[0.33333333 0.33333333 0.33333333],True,True,True,0.9652295267470477,0.019364620651932,0.0154058526010205,"[1006, 398, 210, 1537, 388, 870, 628, 1616, 1373, 1108, 570, 266, 145, 984, 442, 724, 1431, 725]","[1006, 398, 210, 1537, 388, 870, 628, 1616]","[1373, 1108, 570, 266, 145, 984, 442, 724, 1431, 725]",8,10
m3glvq_k0_8_k1_10_eta_00075,2,1620,405,0.5647208121827412,0.5,0.5875706214689266,0.5402597402597403,0.562962962962963,42,"{0: 8, 1: 10}",150,0.0075,[0.33333333 0.33333333 0.33333333],True,True,True,0.2337836440114448,0.7662163559885552,0.0,"[40, 579, 1021, 1541, 474, 400, 1064, 1279, 723, 563, 726, 962, 353, 910, 780, 1475, 730, 978]","[40, 579, 1021, 1541, 474, 400, 1064, 1279]","[723, 563, 726, 962, 353, 910, 780, 1475, 730, 978]",8,10
m3glvq_k0_8_k1_10_eta_00075,3,1620,405,0.5374396135265701,0.463768115942029,0.5549132947976878,0.5052631578947367,0.5358024691358024,42,"{0: 8, 1: 10}",150,0.0075,[0.33333333 0.33333333 0.33333333],True,True,True,0.9525812356786094,0.0178964412815761,0.0295223230398144,"[412, 1536, 1022, 666, 1468, 1025, 1241, 959, 701, 763, 67, 682, 1087, 1544, 1554, 1097, 1064, 1564]","[412, 1536, 1022, 666, 1468, 1025, 1241, 959]","[701, 763, 67, 682, 1087, 1544, 1554, 1097, 1064, 1564]",8,10
m3glvq_k0_8_k1_10_eta_00075,4,1620,405,0.5492973210364515,0.4975845410628019,0.5659340659340659,0.5295629820051414,0.5481481481481482,42,"{0: 8, 1: 10}",150,0.0075,[0.33333333 0.33333333 0.33333333],True,True,True,0.9517188667240984,0.0482811332759015,0.0,"[623, 1073, 1474, 617, 1087, 384, 188, 1568, 1323, 1443, 758, 49, 864, 1547, 929, 1025, 362, 974]","[623, 1073, 1474, 617, 1087, 384, 188, 1568]","[1323, 1443, 758, 49, 864, 1547, 929, 1025, 362, 974]",8,10
m3glvq_k0_9_k1_3_eta_00075,0,1620,405,0.5389618313158923,0.3317307692307692,0.5798319327731093,0.4220183486238532,0.5333333333333333,42,"{0: 9, 1: 3}",150,0.0075,[0.33333333 0.33333333 0.33333333],True,True,True,0.9586922962751644,0.0413077037248356,0.0,"[869, 1348, 570, 739, 863, 1024, 386, 1269, 1537, 806, 1423, 1078]","[869, 1348, 570, 739, 863, 1024, 386, 1269, 1537]","[806, 1423, 1078]",9,3
m3glvq_k0_9_k1_3_eta_00075,1,1620,405,0.5151918196017181,0.2740384615384615,0.5428571428571428,0.3642172523961661,0.508641975308642,42,"{0: 9, 1: 3}",150,0.0075,[0.33333333 0.33333333 0.33333333],True,True,True,0.9623658160279392,0.0,0.0376341839720607,"[1200, 198, 541, 628, 1374, 1537, 1052, 366, 870, 1442, 201, 692]","[1200, 198, 541, 628, 1374, 1537, 1052, 366, 870]","[1442, 201, 692]",9,3
m3glvq_k0_9_k1_3_eta_00075,2,1620,405,0.5337514642717689,0.3365384615384615,0.5691056910569106,0.4229607250755287,0.528395061728395,42,"{0: 9, 1: 3}",150,0.0075,[0.33333333 0.33333333 0.33333333],True,True,True,0.722876261747846,0.1097418855515586,0.1673818527005952,"[993, 1328, 1001, 835, 1541, 1351, 1243, 356, 579, 87, 1442, 1392]","[993, 1328, 1001, 835, 1541, 1351, 1243, 356, 579]","[87, 1442, 1392]",9,3
m3glvq_k0_9_k1_3_eta_00075,3,1620,405,0.5036231884057971,0.1739130434782608,0.5217391304347826,0.2608695652173913,0.4962962962962963,42,"{0: 9, 1: 3}",150,0.0075,[0.33333333 0.33333333 0.33333333],True,True,True,0.0170769251245179,0.982923074875482,0.0,"[1241, 1059, 1422, 1363, 302, 591, 1536, 1415, 155, 676, 165, 1332]","[1241, 1059, 1422, 1363, 302, 591, 1536, 1415, 155]","[676, 165, 1332]",9,3
m3glvq_k0_9_k1_3_eta_00075,4,1620,405,0.5622529644268774,0.3719806763285024,0.6111111111111112,0.4624624624624625,0.5580246913580247,42,"{0: 9, 1: 3}",150,0.0075,[0.33333333 0.33333333 0.33333333],True,True,True,0.942923668135668,0.0404398470864933,0.0166364847778385,"[1048, 623, 1073, 1225, 901, 1157, 775, 499, 754, 207, 818, 631]","[1048, 623, 1073, 1225, 901, 1157, 775, 499, 754]","[207, 818, 631]",9,3
m3glvq_k0_9_k1_4_eta_00075,0,1620,405,0.5285410972276454,0.3413461538461538,0.5590551181102362,0.4238805970149254,0.5234567901234568,42,"{0: 9, 1: 4}",150,0.0075,[0.33333333 0.33333333 0.33333333],True,True,True,0.966259461123471,0.0337405388765288,0.0,"[986, 1537, 1426, 829, 739, 422, 1403, 657, 1385, 194, 668, 1447, 837]","[986, 1537, 1426, 829, 739, 422, 1403, 657, 1385]","[194, 668, 1447, 837]",9,4
m3glvq_k0_9_k1_4_eta_00075,1,1620,405,0.5631345177664975,0.375,0.6141732283464567,0.4656716417910447,0.5580246913580247,42,"{0: 9, 1: 4}",150,0.0075,[0.33333333 0.33333333 0.33333333],True,True,True,0.9572376165014046,0.0427623834985953,0.0,"[1324, 651, 164, 133, 995, 799, 880, 187, 543, 148, 1442, 1431, 1019]","[1324, 651, 164, 133, 995, 799, 880, 187, 543]","[148, 1442, 1431, 1019]",9,4
m3glvq_k0_9_k1_4_eta_00075,2,1620,405,0.5615238188207732,0.4326923076923077,0.5960264900662252,0.5013927576601671,0.5580246913580247,42,"{0: 9, 1: 4}",150,0.0075,[0.33333333 0.33333333 0.33333333],True,True,True,0.950568040523186,0.0464722241705528,0.002959735306261,"[835, 132, 1001, 1328, 636, 993, 579, 1221, 1243, 1015, 1431, 910, 1442]","[835, 132, 1001, 1328, 636, 993, 579, 1221, 1243]","[1015, 1431, 910, 1442]",9,4
m3glvq_k0_9_k1_4_eta_00075,3,1620,405,0.5161396574440053,0.2898550724637681,0.5405405405405406,0.3773584905660377,0.5111111111111111,42,"{0: 9, 1: 4}",150,0.0075,[0.33333333 0.33333333 0.33333333],True,True,True,0.953054920497518,0.0327169781390259,0.0142281013634562,"[959, 1468, 1536, 412, 666, 1288, 1381, 1022, 1241, 840, 1444, 682, 194]","[959, 1468, 1536, 412, 666, 1288, 1381, 1022, 1241]","[840, 1444, 682, 194]",9,4
m3glvq_k0_9_k1_4_eta_00075,4,1620,405,0.5624725516029864,0.3623188405797101,0.6147540983606558,0.4559270516717326,0.5580246913580247,42,"{0: 9, 1: 4}",150,0.0075,[0.33333333 0.33333333 0.33333333],True,True,True,0.9418111951509752,0.0581888048490247,0.0,"[1225, 1157, 1101, 1005, 1503, 1048, 775, 384, 1073, 631, 1025, 207, 1443]","[1225, 1157, 1101, 1005, 1503, 1048, 775, 384, 1073]","[631, 1025, 207, 1443]",9,4
m3glvq_k0_9_k1_5_eta_00075,0,1620,405,0.5665999609527528,0.4326923076923077,0.6040268456375839,0.5042016806722689,0.562962962962963,42,"{0: 9, 1: 5}",150,0.0075,[0.33333333 0.33333333 0.33333333],True,True,True,0.9542647792836456,0.0326775790088478,0.0130576417075066,"[906, 494, 1020, 739, 570, 657, 386, 1348, 1333, 1078, 421, 1562, 178, 1039]","[906, 494, 1020, 739, 570, 657, 386, 1348, 1333]","[1078, 421, 1562, 178, 1039]",9,5
m3glvq_k0_9_k1_5_eta_00075,1,1620,405,0.5384249316673174,0.3509615384615384,0.5748031496062992,0.435820895522388,0.5333333333333333,42,"{0: 9, 1: 5}",150,0.0075,[0.33333333 0.33333333 0.33333333],True,True,True,0.6747690469910236,0.3252309530089765,0.0,"[46, 652, 1200, 35, 1494, 541, 741, 543, 628, 148, 734, 725, 1029, 201]","[46, 652, 1200, 35, 1494, 541, 741, 543, 628]","[148, 734, 725, 1029, 201]",9,5
m3glvq_k0_9_k1_5_eta_00075,2,1620,405,0.5537753807106599,0.4375,0.5833333333333334,0.5,0.5506172839506173,42,"{0: 9, 1: 5}",150,0.0075,[0.33333333 0.33333333 0.33333333],True,True,True,0.9478883577491428,0.0266816471701428,0.0254299950807142,"[743, 636, 1328, 873, 1483, 966, 747, 993, 549, 604, 139, 723, 962, 1431]","[743, 636, 1328, 873, 1483, 966, 747, 993, 549]","[604, 139, 723, 962, 1431]",9,5
m3glvq_k0_9_k1_5_eta_00075,3,1620,405,0.5886034255599473,0.5458937198067633,0.6075268817204301,0.5750636132315521,0.5876543209876544,42,"{0: 9, 1: 5}",150,0.0075,[0.33333333 0.33333333 0.33333333],True,True,True,0.8782650244120989,0.1217349755879011,0.0,"[1381, 219, 60, 1252, 139, 179, 1074, 1468, 981, 1087, 1564, 1041, 843, 682]","[1381, 219, 60, 1252, 139, 179, 1074, 1468, 981]","[1087, 1564, 1041, 843, 682]",9,5
m3glvq_k0_9_k1_5_eta_00075,4,1620,405,0.5406236275801493,0.323671497584541,0.5826086956521739,0.4161490683229813,0.5358024691358024,42,"{0: 9, 1: 5}",150,0.0075,[0.33333333 0.33333333 0.33333333],True,True,True,0.9198804212503376,0.0801195787496624,0.0,"[1361, 499, 384, 1048, 623, 578, 1073, 1225, 584, 766, 759, 207, 631, 1025]","[1361, 499, 384, 1048, 623, 578, 1073, 1225, 584]","[766, 759, 207, 631, 1025]",9,5
m3glvq_k0_9_k1_6_eta_00075,0,1620,405,0.5615116165560328,0.5240384615384616,0.5797872340425532,0.5505050505050506,0.5604938271604938,42,"{0: 9, 1: 6}",150,0.0075,[0.33333333 0.33333333 0.33333333],True,True,True,0.9578747217696514,0.0373792271897247,0.0047460510406238,"[97, 1055, 1348, 222, 771, 739, 1426, 657, 1071, 164, 668, 1447, 744, 1398, 1357]","[97, 1055, 1348, 222, 771, 739, 1426, 657, 1071]","[164, 668, 1447, 744, 1398, 1357]",9,6
m3glvq_k0_9_k1_6_eta_00075,1,1620,405,0.5763373682155408,0.5384615384615384,0.5957446808510638,0.5656565656565657,0.5753086419753086,42,"{0: 9, 1: 6}",150,0.0075,[0.33333333 0.33333333 0.33333333],True,True,True,0.9691692408385644,0.0056917434927688,0.0251390156686667,"[555, 1200, 366, 1324, 1052, 198, 870, 541, 1537, 145, 1442, 201, 184, 984, 442]","[555, 1200, 366, 1324, 1052, 198, 870, 541, 1537]","[145, 1442, 201, 184, 984, 442]",9,6
m3glvq_k0_9_k1_6_eta_00075,2,1620,405,0.5643303397110504,0.4230769230769231,0.6027397260273972,0.4971751412429378,0.5604938271604938,42,"{0: 9, 1: 6}",150,0.0075,[0.33333333 0.33333333 0.33333333],True,True,True,0.950328393661818,0.0330755739458482,0.0165960323923336,"[1471, 636, 993, 23, 1243, 1328, 1541, 153, 579, 1083, 1442, 87, 1007, 1320, 186]","[1471, 636, 993, 23, 1243, 1328, 1541, 153, 579]","[1083, 1442, 87, 1007, 1320, 186]",9,6
m3glvq_k0_9_k1_6_eta_00075,3,1620,405,0.5281071585419412,0.429951690821256,0.5460122699386503,0.4810810810810811,0.5259259259259259,42,"{0: 9, 1: 6}",150,0.0075,[0.33333333 0.33333333 0.33333333],True,True,True,0.8966665174290863,0.1033334825709135,0.0,"[542, 831, 139, 179, 412, 776, 1288, 1468, 959, 1262, 1431, 1159, 29, 194, 1008]","[542, 831, 139, 179, 412, 776, 1288, 1468, 959]","[1262, 1431, 1159, 29, 194, 1008]",9,6
m3glvq_k0_9_k1_6_eta_00075,4,1620,405,0.5126262626262627,0.3333333333333333,0.5307692307692308,0.4094955489614242,0.508641975308642,42,"{0: 9, 1: 6}",150,0.0075,[0.33333333 0.33333333 0.33333333],True,True,True,0.8676898704252825,0.1323101295747175,0.0,"[786, 754, 384, 1073, 623, 1252, 281, 1474, 14, 207, 631, 766, 1564, 171, 1025]","[786, 754, 384, 1073, 623, 1252, 281, 1474, 14]","[207, 631, 766, 1564, 171, 1025]",9,6
m3glvq_k0_9_k1_7_eta_00075,0,1620,405,0.5501635103475204,0.4759615384615384,0.5722543352601156,0.5196850393700787,0.5481481481481482,42,"{0: 9, 1: 7}",150,0.0075,[0.33333333 0.33333333 0.33333333],True,True,True,0.959769472965302,0.0383464670940448,0.0018840599406531,"[739, 1468, 1020, 906, 1333, 613, 1426, 615, 299, 976, 1447, 1132, 1456, 351, 178, 414]","[739, 1468, 1020, 906, 1333, 613, 1426, 615, 299]","[976, 1447, 1132, 1456, 351, 178, 414]",9,7
m3glvq_k0_9_k1_7_eta_00075,1,1620,405,0.5163632370167903,0.5048076923076923,0.5303030303030303,0.5172413793103448,0.5160493827160494,42,"{0: 9, 1: 7}",150,0.0075,[0.33333333 0.33333333 0.33333333],True,True,True,0.9322615827831257,0.0271711084099724,0.0405673088069018,"[628, 870, 1055, 1257, 1006, 388, 272, 445, 995, 1349, 1431, 148, 201, 1029, 1022, 725]","[628, 870, 1055, 1257, 1006, 388, 272, 445, 995]","[1349, 1431, 148, 201, 1029, 1022, 725]",9,7
m3glvq_k0_9_k1_7_eta_00075,2,1620,405,0.5262470714564622,0.5144230769230769,0.5404040404040404,0.5270935960591133,0.5259259259259259,42,"{0: 9, 1: 7}",150,0.0075,[0.33333333 0.33333333 0.33333333],True,True,True,0.9378580361186324,0.0464824041207792,0.0156595597605884,"[549, 636, 126, 1328, 1001, 1483, 1054, 830, 993, 448, 1392, 1442, 139, 730, 962, 664]","[549, 636, 126, 1328, 1001, 1483, 1054, 830, 993]","[448, 1392, 1442, 139, 730, 962, 664]",9,7
m3glvq_k0_9_k1_7_eta_00075,3,1620,405,0.584431269213878,0.5072463768115942,0.6104651162790697,0.5540897097625329,0.582716049382716,42,"{0: 9, 1: 7}",150,0.0075,[0.33333333 0.33333333 0.33333333],True,True,True,0.9491508094704936,0.0508491905295065,0.0,"[1536, 1241, 586, 1422, 666, 1059, 997, 302, 1033, 632, 1444, 1544, 50, 1008, 194, 1097]","[1536, 1241, 586, 1422, 666, 1059, 997, 302, 1033]","[632, 1444, 1544, 50, 1008, 194, 1097]",9,7
m3glvq_k0_9_k1_7_eta_00075,4,1620,405,0.5550065876152833,0.4685990338164251,0.5773809523809523,0.5173333333333333,0.5530864197530864,42,"{0: 9, 1: 7}",150,0.0075,[0.33333333 0.33333333 0.33333333],True,True,True,0.9541415977794911,0.0363087205403208,0.0095496816801878,"[188, 1225, 1073, 740, 384, 1053, 1013, 202, 1434, 1025, 1097, 207, 1368, 1564, 1364, 376]","[188, 1225, 1073, 740, 384, 1053, 1013, 202, 1434]","[1025, 1097, 207, 1368, 1564, 1364, 376]",9,7
m3glvq_k0_9_k1_8_eta_00075,0,1620,405,0.5399990238188208,0.5673076923076923,0.5514018691588785,0.5592417061611374,0.5407407407407407,42,"{0: 9, 1: 8}",150,0.0075,[0.33333333 0.33333333 0.33333333],True,True,True,0.94380143993189,0.0561985600681097,0.0,"[1426, 1348, 657, 1135, 771, 1499, 42, 739, 1414, 194, 1087, 463, 1078, 1398, 381, 668, 1357]","[1426, 1348, 657, 1135, 771, 1499, 42, 739, 1414]","[194, 1087, 463, 1078, 1398, 381, 668, 1357]",9,8
m3glvq_k0_9_k1_8_eta_00075,1,1620,405,0.5420123975009762,0.4951923076923077,0.5597826086956522,0.5255102040816327,0.5407407407407407,42,"{0: 9, 1: 8}",150,0.0075,[0.33333333 0.33333333 0.33333333],True,True,True,0.9582297775394026,0.0185172225955499,0.0232529998650473,"[628, 366, 880, 1494, 870, 1200, 1374, 448, 741, 1544, 26, 1490, 442, 984, 1442, 1390, 724]","[628, 366, 880, 1494, 870, 1200, 1374, 448, 741]","[1544, 26, 1490, 442, 984, 1442, 1390, 724]",9,8
m3glvq_k0_9_k1_8_eta_00075,2,1620,405,0.5766180203045685,0.4375,0.6190476190476191,0.5126760563380283,0.5728395061728395,42,"{0: 9, 1: 8}",150,0.0075,[0.33333333 0.33333333 0.33333333],True,True,True,0.788896465784664,0.211103534215336,0.0,"[455, 636, 1471, 1005, 1541, 1307, 549, 511, 1196, 1025, 723, 531, 730, 978, 136, 212, 881]","[455, 636, 1471, 1005, 1541, 1307, 549, 511, 1196]","[1025, 723, 531, 730, 978, 136, 212, 881]",9,8
m3glvq_k0_9_k1_8_eta_00075,3,1620,405,0.563570487483531,0.4251207729468599,0.5986394557823129,0.4971751412429379,0.5604938271604938,42,"{0: 9, 1: 8}",150,0.0075,[0.33333333 0.33333333 0.33333333],True,True,True,0.9435984936573996,0.0560951695120802,0.0003063368305202,"[871, 1022, 412, 1059, 666, 1241, 1468, 985, 139, 394, 384, 958, 682, 763, 1041, 1083, 1148]","[871, 1022, 412, 1059, 666, 1241, 1468, 985, 139]","[394, 384, 958, 682, 763, 1041, 1083, 1148]",9,8
m3glvq_k0_9_k1_8_eta_00075,4,1620,405,0.5796003513394817,0.3864734299516908,0.64,0.4819277108433734,0.5753086419753086,42,"{0: 9, 1: 8}",150,0.0075,[0.33333333 0.33333333 0.33333333],True,True,True,0.9378714260267234,0.0621285739732765,0.0,"[1053, 1048, 1013, 958, 408, 1073, 1597, 775, 233, 758, 1025, 759, 550, 823, 224, 1432, 963]","[1053, 1048, 1013, 958, 408, 1073, 1597, 775, 233]","[758, 1025, 759, 550, 823, 224, 1432, 963]",9,8
m3glvq_k0_9_k1_9_eta_00075,0,1620,405,0.5292000195236235,0.4086538461538461,0.551948051948052,0.4696132596685082,0.5259259259259259,42,"{0: 9, 1: 9}",150,0.0075,[0.33333333 0.33333333 0.33333333],True,True,True,0.9495813791327656,0.0504186208672345,0.0,"[1348, 1135, 422, 1024, 739, 494, 1499, 605, 576, 463, 228, 1139, 668, 366, 178, 876, 194, 1239]","[1348, 1135, 422, 1024, 739, 494, 1499, 605, 576]","[463, 228, 1139, 668, 366, 178, 876, 194, 1239]",9,9
m3glvq_k0_9_k1_9_eta_00075,1,1620,405,0.5569845763373682,0.4134615384615384,0.593103448275862,0.4872521246458923,0.5530864197530864,42,"{0: 9, 1: 9}",150,0.0075,[0.33333333 0.33333333 0.33333333],True,True,True,0.9513133698707238,0.0486866301292761,0.0,"[1494, 1533, 507, 1374, 741, 585, 388, 970, 1267, 145, 148, 725, 1544, 724, 786, 1359, 367, 1029]","[1494, 1533, 507, 1374, 741, 585, 388, 970, 1267]","[145, 148, 725, 1544, 724, 786, 1359, 367, 1029]",9,9
m3glvq_k0_9_k1_9_eta_00075,2,1620,405,0.5738114994142913,0.4471153846153846,0.6118421052631579,0.5166666666666666,0.5703703703703704,42,"{0: 9, 1: 9}",150,0.0075,[0.33333333 0.33333333 0.33333333],True,True,True,0.919509713590008,0.0804902864099922,0.0,"[341, 1471, 1503, 636, 548, 1247, 549, 188, 940, 1359, 604, 730, 353, 962, 821, 1117, 528, 978]","[341, 1471, 1503, 636, 548, 1247, 549, 188, 940]","[1359, 604, 730, 353, 962, 821, 1117, 528, 978]",9,9
m3glvq_k0_9_k1_9_eta_00075,3,1620,405,0.5642292490118577,0.5072463768115942,0.5833333333333334,0.5426356589147286,0.562962962962963,42,"{0: 9, 1: 9}",150,0.0075,[0.33333333 0.33333333 0.33333333],True,True,True,0.9112193345345186,0.0887806654654814,0.0,"[179, 139, 1570, 1400, 482, 302, 121, 1059, 1348, 194, 1544, 927, 1008, 1082, 143, 856, 386, 1355]","[179, 139, 1570, 1400, 482, 302, 121, 1059, 1348]","[194, 1544, 927, 1008, 1082, 143, 856, 386, 1355]",9,9
m3glvq_k0_9_k1_9_eta_00075,4,1620,405,0.5113087395696091,0.391304347826087,0.525974025974026,0.4487534626038781,0.508641975308642,42,"{0: 9, 1: 9}",150,0.0075,[0.33333333 0.33333333 0.33333333],True,True,True,0.9469196720983472,0.0481894215588572,0.0048909063427955,"[754, 499, 1474, 1073, 1048, 384, 1597, 623, 1252, 759, 1025, 1102, 207, 929, 31, 237, 382, 349]","[754, 499, 1474, 1073, 1048, 384, 1597, 623, 1252]","[759, 1025, 1102, 207, 929, 31, 237, 382, 349]",9,9
m3glvq_k0_9_k1_10_eta_00075,0,1620,405,0.5534947286216322,0.5384615384615384,0.5685279187817259,0.5530864197530865,0.5530864197530864,42,"{0: 9, 1: 10}",150,0.0075,[0.33333333 0.33333333 0.33333333],True,True,True,0.956464173894502,0.0435358261054979,0.0,"[97, 1071, 657, 1333, 771, 739, 1348, 1498, 1426, 218, 1566, 162, 1083, 178, 1102, 463, 1043, 1528, 1398]","[97, 1071, 657, 1333, 771, 739, 1348, 1498, 1426]","[218, 1566, 162, 1083, 178, 1102, 463, 1043, 1528, 1398]",9,10
m3glvq_k0_9_k1_10_eta_00075,1,1620,405,0.5354597813354158,0.5480769230769231,0.5480769230769231,0.5480769230769231,0.5358024691358024,42,"{0: 9, 1: 10}",150,0.0075,[0.33333333 0.33333333 0.33333333],True,True,True,0.9351983038129504,0.0309530317442333,0.0338486644428162,"[388, 85, 1200, 1537, 489, 855, 272, 1006, 628, 1442, 1108, 1137, 1019, 167, 729, 233, 521, 984, 823]","[388, 85, 1200, 1537, 489, 855, 272, 1006, 628]","[1442, 1108, 1137, 1019, 167, 729, 233, 521, 984, 823]",9,10
m3glvq_k0_9_k1_10_eta_00075,2,1620,405,0.5151674150722374,0.4567307692307692,0.5307262569832403,0.4909560723514212,0.5135802469135803,42,"{0: 9, 1: 10}",150,0.0075,[0.33333333 0.33333333 0.33333333],True,True,True,0.9489180554872952,0.0451719177421687,0.005910026770536,"[830, 835, 1328, 1229, 747, 636, 993, 1541, 400, 1361, 1139, 528, 1320, 664, 1076, 531, 723, 1377, 139]","[830, 835, 1328, 1229, 747, 636, 993, 1541, 400]","[1361, 1139, 528, 1320, 664, 1076, 531, 723, 1377, 139]",9,10
m3glvq_k0_9_k1_10_eta_00075,3,1620,405,0.5306324110671936,0.429951690821256,0.5493827160493827,0.4823848238482385,0.528395061728395,42,"{0: 9, 1: 10}",150,0.0075,[0.33333333 0.33333333 0.33333333],True,True,True,0.8737692763595738,0.1262307236404262,0.0,"[1348, 778, 14, 302, 1079, 110, 139, 1059, 412, 1159, 1003, 1036, 50, 486, 1544, 979, 1008, 1486, 1463]","[1348, 778, 14, 302, 1079, 110, 139, 1059, 412]","[1159, 1003, 1036, 50, 486, 1544, 979, 1008, 1486, 1463]",9,10
m3glvq_k0_9_k1_10_eta_00075,4,1620,405,0.5363416776460255,0.4009661835748792,0.5608108108108109,0.4676056338028169,0.5333333333333333,42,"{0: 9, 1: 10}",150,0.0075,[0.33333333 0.33333333 0.33333333],True,True,True,0.9635984649426232,0.0364015350573767,0.0,"[116, 1073, 754, 497, 1252, 548, 1013, 384, 1157, 83, 997, 1547, 151, 31, 1025, 1368, 1194, 1121, 1443]","[116, 1073, 754, 497, 1252, 548, 1013, 384, 1157]","[83, 997, 1547, 151, 31, 1025, 1368, 1194, 1121, 1443]",9,10
m3glvq_k0_10_k1_3_eta_00075,0,1620,405,0.4926298320968372,0.173076923076923,0.4931506849315068,0.2562277580071174,0.4839506172839506,42,"{0: 10, 1: 3}",150,0.0075,[0.33333333 0.33333333 0.33333333],True,True,True,0.9639938489892268,0.0,0.0360061510107732,"[570, 254, 410, 1333, 1537, 657, 739, 1055, 1426, 189, 194, 1078, 806]","[570, 254, 410, 1333, 1537, 657, 739, 1055, 1426, 189]","[194, 1078, 806]",10,3
m3glvq_k0_10_k1_3_eta_00075,1,1620,405,0.5302860210855135,0.2788461538461538,0.5742574257425742,0.3754045307443365,0.5234567901234568,42,"{0: 10, 1: 3}",150,0.0075,[0.33333333 0.33333333 0.33333333],True,True,True,0.9522454749876964,0.0343517345185324,0.013402790493771,"[585, 453, 958, 541, 597, 96, 445, 1267, 1537, 1055, 692, 201, 1442]","[585, 453, 958, 541, 597, 96, 445, 1267, 1537, 1055]","[692, 201, 1442]",10,3
m3glvq_k0_10_k1_3_eta_00075,2,1620,405,0.5265399258102303,0.3221153846153846,0.5583333333333333,0.4085365853658537,0.5209876543209877,42,"{0: 10, 1: 3}",150,0.0075,[0.33333333 0.33333333 0.33333333],True,True,True,0.7611609133157116,0.104979002944801,0.1338600837394874,"[1541, 993, 1243, 1001, 341, 356, 830, 1387, 1378, 1247, 910, 821, 1442]","[1541, 993, 1243, 1001, 341, 356, 830, 1387, 1378, 1247]","[910, 821, 1442]",10,3
m3glvq_k0_10_k1_3_eta_00075,3,1620,405,0.5719148001756698,0.5024154589371981,0.5942857142857143,0.5445026178010471,0.5703703703703704,42,"{0: 10, 1: 3}",150,0.0075,[0.33333333 0.33333333 0.33333333],True,True,True,0.7285832936053002,0.1661007775004531,0.1053159288942467,"[24, 1231, 97, 561, 372, 948, 985, 853, 1570, 1492, 1444, 260, 856]","[24, 1231, 97, 561, 372, 948, 985, 853, 1570, 1492]","[1444, 260, 856]",10,3
m3glvq_k0_10_k1_3_eta_00075,4,1620,405,0.4970355731225296,0.2415458937198067,0.5050505050505051,0.326797385620915,0.491358024691358,42,"{0: 10, 1: 3}",150,0.0075,[0.33333333 0.33333333 0.33333333],True,True,True,0.9153238264549428,0.084676173545057,0.0,"[623, 575, 284, 1048, 499, 844, 408, 1044, 1087, 1361, 818, 207, 1121]","[623, 575, 284, 1048, 499, 844, 408, 1044, 1087, 1361]","[818, 207, 1121]",10,3
m3glvq_k0_10_k1_4_eta_00075,0,1620,405,0.5423052518547442,0.3028846153846153,0.5943396226415094,0.4012738853503184,0.5358024691358024,42,"{0: 10, 1: 4}",150,0.0075,[0.33333333 0.33333333 0.33333333],True,True,True,0.9567224752232568,0.0432775247767431,0.0,"[657, 947, 739, 97, 1333, 1529, 1200, 1426, 1027, 570, 1447, 668, 837, 194]","[657, 947, 739, 97, 1333, 1529, 1200, 1426, 1027, 570]","[1447, 668, 837, 194]",10,4
m3glvq_k0_10_k1_4_eta_00075,1,1620,405,0.5580705778992581,0.2836538461538461,0.6413043478260869,0.3933333333333333,0.5506172839506173,42,"{0: 10, 1: 4}",150,0.0075,[0.33333333 0.33333333 0.33333333],True,True,True,0.8957950094807571,0.0,0.1042049905192428,"[1016, 85, 541, 198, 1164, 388, 272, 180, 739, 698, 201, 984, 1583, 1390]","[1016, 85, 541, 198, 1164, 388, 272, 180, 739, 698]","[201, 984, 1583, 1390]",10,4
m3glvq_k0_10_k1_4_eta_00075,2,1620,405,0.5435132760640375,0.2596153846153846,0.6136363636363636,0.3648648648648648,0.5358024691358024,42,"{0: 10, 1: 4}",150,0.0075,[0.33333333 0.33333333 0.33333333],True,True,True,0.817798620609001,0.182201379390999,0.0,"[855, 1226, 1193, 549, 188, 636, 545, 548, 239, 204, 978, 158, 604, 962]","[855, 1226, 1193, 549, 188, 636, 545, 548, 239, 204]","[978, 158, 604, 962]",10,4
m3glvq_k0_10_k1_4_eta_00075,3,1620,405,0.5732323232323233,0.5555555555555556,0.5867346938775511,0.5707196029776676,0.5728395061728395,42,"{0: 10, 1: 4}",150,0.0075,[0.33333333 0.33333333 0.33333333],True,True,True,0.7088189332330094,0.2721520124475363,0.0190290543194543,"[1022, 139, 801, 343, 1025, 24, 948, 778, 47, 564, 15, 1008, 1355, 1444]","[1022, 139, 801, 343, 1025, 24, 948, 778, 47, 564]","[15, 1008, 1355, 1444]",10,4
m3glvq_k0_10_k1_4_eta_00075,4,1620,405,0.5443566095740009,0.2705314009661835,0.6086956521739131,0.3745819397993311,0.5382716049382716,42,"{0: 10, 1: 4}",150,0.0075,[0.33333333 0.33333333 0.33333333],True,True,True,0.6306937235261365,0.3693062764738635,0.0,"[775, 734, 1073, 499, 1048, 1252, 1157, 408, 351, 981, 681, 1443, 207, 631]","[775, 734, 1073, 499, 1048, 1252, 1157, 408, 351, 981]","[681, 1443, 207, 631]",10,4
m3glvq_k0_10_k1_5_eta_00075,0,1620,405,0.5486992385786802,0.4375,0.5759493670886076,0.4972677595628414,0.5456790123456791,42,"{0: 10, 1: 5}",150,0.0075,[0.33333333 0.33333333 0.33333333],True,True,True,0.9514151432285696,0.0259338266628971,0.0226510301085331,"[1055, 1027, 97, 1348, 983, 570, 657, 754, 1426, 726, 1357, 1447, 744, 837, 852]","[1055, 1027, 97, 1348, 983, 570, 657, 754, 1426, 726]","[1357, 1447, 744, 837, 852]",10,5
m3glvq_k0_10_k1_5_eta_00075,1,1620,405,0.562463393205779,0.3990384615384615,0.6058394160583942,0.4811594202898552,0.5580246913580247,42,"{0: 10, 1: 5}",150,0.0075,[0.33333333 0.33333333 0.33333333],True,True,True,0.7611472401907003,0.2388527598092997,0.0,"[628, 543, 1073, 741, 35, 1494, 869, 652, 541, 277, 1442, 1045, 984, 201, 734]","[628, 543, 1073, 741, 35, 1494, 869, 652, 541, 277]","[1442, 1045, 984, 201, 734]",10,5
m3glvq_k0_10_k1_5_eta_00075,2,1620,405,0.5544465052713783,0.4134615384615384,0.589041095890411,0.4858757062146893,0.5506172839506173,42,"{0: 10, 1: 5}",150,0.0075,[0.33333333 0.33333333 0.33333333],True,True,True,0.9193539459300742,0.0465237393123345,0.0341223147575912,"[526, 459, 1122, 993, 1243, 1503, 341, 830, 548, 1328, 962, 158, 978, 723, 604]","[526, 459, 1122, 993, 1243, 1503, 341, 830, 548, 1328]","[962, 158, 978, 723, 604]",10,5
m3glvq_k0_10_k1_5_eta_00075,3,1620,405,0.5883838383838385,0.4444444444444444,0.6344827586206897,0.5227272727272727,0.5851851851851851,42,"{0: 10, 1: 5}",150,0.0075,[0.33333333 0.33333333 0.33333333],True,True,True,0.9487187754644104,0.0512812245355898,0.0,"[1059, 666, 985, 1022, 1381, 1422, 97, 139, 997, 24, 633, 165, 771, 1262, 1008]","[1059, 666, 985, 1022, 1381, 1422, 97, 139, 997, 24]","[633, 165, 771, 1262, 1008]",10,5
m3glvq_k0_10_k1_5_eta_00075,4,1620,405,0.5343653930610452,0.2657004830917874,0.5851063829787234,0.3654485049833887,0.528395061728395,42,"{0: 10, 1: 5}",150,0.0075,[0.33333333 0.33333333 0.33333333],True,True,True,0.7866509903236586,0.2133490096763414,0.0,"[1073, 1048, 66, 284, 665, 1434, 408, 1225, 973, 617, 681, 766, 207, 631, 171]","[1073, 1048, 66, 284, 665, 1434, 408, 1225, 973, 617]","[681, 766, 207, 631, 171]",10,5
m3glvq_k0_10_k1_6_eta_00075,0,1620,405,0.5421710269426006,0.3076923076923077,0.5925925925925926,0.4050632911392405,0.5358024691358024,42,"{0: 10, 1: 6}",150,0.0075,[0.33333333 0.33333333 0.33333333],True,True,True,0.934745712902549,0.065254287097451,0.0,"[1537, 459, 754, 906, 551, 1020, 171, 1024, 1426, 1348, 745, 839, 1080, 668, 810, 381]","[1537, 459, 754, 906, 551, 1020, 171, 1024, 1426, 1348]","[745, 839, 1080, 668, 810, 381]",10,6
m3glvq_k0_10_k1_6_eta_00075,1,1620,405,0.542695724326435,0.3798076923076923,0.5766423357664233,0.4579710144927535,0.5382716049382716,42,"{0: 10, 1: 6}",150,0.0075,[0.33333333 0.33333333 0.33333333],True,True,True,0.9523242816647864,0.0476757183352137,0.0,"[1494, 880, 1241, 272, 739, 585, 1073, 35, 507, 741, 1349, 725, 984, 1596, 601, 1254]","[1494, 880, 1241, 272, 739, 585, 1073, 35, 507, 741]","[1349, 725, 984, 1596, 601, 1254]",10,6
m3glvq_k0_10_k1_6_eta_00075,2,1620,405,0.5442820187426787,0.5048076923076923,0.5614973262032086,0.5316455696202531,0.5432098765432098,42,"{0: 10, 1: 6}",150,0.0075,[0.33333333 0.33333333 0.33333333],True,True,True,0.9359310355877554,0.0280312284808081,0.0360377359314366,"[1502, 1243, 516, 549, 579, 1471, 573, 835, 993, 1247, 285, 1442, 821, 1147, 910, 1520]","[1502, 1243, 516, 549, 579, 1471, 573, 835, 993, 1247]","[285, 1442, 821, 1147, 910, 1520]",10,6
m3glvq_k0_10_k1_6_eta_00075,3,1620,405,0.5438076416337285,0.5169082125603864,0.5572916666666666,0.5363408521303257,0.5432098765432098,42,"{0: 10, 1: 6}",150,0.0075,[0.33333333 0.33333333 0.33333333],True,True,True,0.943402035519342,0.0242361991316184,0.0323617653490396,"[1268, 1468, 1492, 412, 1570, 591, 1059, 1381, 871, 110, 1082, 1008, 1099, 1041, 194, 817]","[1268, 1468, 1492, 412, 1570, 591, 1059, 1381, 871, 110]","[1082, 1008, 1099, 1041, 194, 817]",10,6
m3glvq_k0_10_k1_6_eta_00075,4,1620,405,0.5434782608695652,0.3091787439613526,0.5925925925925926,0.4063492063492063,0.5382716049382716,42,"{0: 10, 1: 6}",150,0.0075,[0.33333333 0.33333333 0.33333333],True,True,True,0.9402682672233676,0.0597317327766323,0.0,"[623, 384, 775, 901, 740, 1225, 1048, 1396, 1073, 1157, 171, 349, 1557, 1025, 762, 1582]","[623, 384, 775, 901, 740, 1225, 1048, 1396, 1073, 1157]","[171, 349, 1557, 1025, 762, 1582]",10,6
m3glvq_k0_10_k1_7_eta_00075,0,1620,405,0.5253319016009371,0.3653846153846153,0.5507246376811594,0.4393063583815028,0.5209876543209877,42,"{0: 10, 1: 7}",150,0.0075,[0.33333333 0.33333333 0.33333333],True,True,True,0.9573000301091632,0.0426999698908368,0.0,"[1385, 739, 1020, 141, 1426, 570, 494, 657, 171, 327, 381, 463, 1447, 1039, 194, 668, 5]","[1385, 739, 1020, 141, 1426, 570, 494, 657, 171, 327]","[381, 463, 1447, 1039, 194, 668, 5]",10,7
m3glvq_k0_10_k1_7_eta_00075,1,1620,405,0.556179226864506,0.4423076923076923,0.5859872611464968,0.5041095890410958,0.5530864197530864,42,"{0: 10, 1: 7}",150,0.0075,[0.33333333 0.33333333 0.33333333],True,True,True,0.9275761620219716,0.0,0.0724238379780283,"[1392, 445, 507, 870, 995, 453, 1286, 1511, 1006, 388, 359, 1442, 644, 1349, 1019, 201, 1574]","[1392, 445, 507, 870, 995, 453, 1286, 1511, 1006, 388]","[359, 1442, 644, 1349, 1019, 201, 1574]",10,7
m3glvq_k0_10_k1_7_eta_00075,2,1620,405,0.5365457828973057,0.4182692307692308,0.5612903225806452,0.4793388429752066,0.5333333333333333,42,"{0: 10, 1: 7}",150,0.0075,[0.33333333 0.33333333 0.33333333],True,True,True,0.8309263480606636,0.0,0.1690736519393363,"[400, 573, 1005, 588, 1001, 1328, 1521, 830, 516, 1243, 1565, 978, 1025, 368, 600, 1007, 779]","[400, 573, 1005, 588, 1001, 1328, 1521, 830, 516, 1243]","[1565, 978, 1025, 368, 600, 1007, 779]",10,7
m3glvq_k0_10_k1_7_eta_00075,3,1620,405,0.5354633289415898,0.3285024154589372,0.5714285714285714,0.4171779141104295,0.5308641975308642,42,"{0: 10, 1: 7}",150,0.0075,[0.33333333 0.33333333 0.33333333],True,True,True,0.9292900383056216,0.0707099616943782,0.0,"[1059, 1206, 412, 110, 97, 302, 1381, 1142, 1468, 139, 1003, 305, 1087, 946, 507, 1008, 763]","[1059, 1206, 412, 110, 97, 302, 1381, 1142, 1468, 139]","[1003, 305, 1087, 946, 507, 1008, 763]",10,7
m3glvq_k0_10_k1_7_eta_00075,4,1620,405,0.5671936758893281,0.3768115942028985,0.6190476190476191,0.4684684684684685,0.562962962962963,42,"{0: 10, 1: 7}",150,0.0075,[0.33333333 0.33333333 0.33333333],True,True,True,0.8867033949470072,0.1132966050529928,0.0,"[1073, 578, 1361, 1225, 384, 775, 1039, 882, 1503, 1597, 759, 1547, 1443, 1175, 207, 1169, 1025]","[1073, 578, 1361, 1225, 384, 775, 1039, 882, 1503, 1597]","[759, 1547, 1443, 1175, 207, 1169, 1025]",10,7
m3glvq_k0_10_k1_8_eta_00075,0,1620,405,0.5143742678641156,0.3942307692307692,0.5324675324675324,0.4530386740331491,0.5111111111111111,42,"{0: 10, 1: 8}",150,0.0075,[0.33333333 0.33333333 0.33333333],True,True,True,0.9434315100186792,0.0565684899813205,0.0,"[1071, 97, 771, 1055, 1024, 386, 222, 1135, 739, 1348, 218, 668, 1047, 394, 1566, 381, 1423, 194]","[1071, 97, 771, 1055, 1024, 386, 222, 1135, 739, 1348]","[218, 668, 1047, 394, 1566, 381, 1423, 194]",10,8
m3glvq_k0_10_k1_8_eta_00075,1,1620,405,0.5237212026552128,0.4230769230769231,0.5432098765432098,0.4756756756756756,0.5209876543209877,42,"{0: 10, 1: 8}",150,0.0075,[0.33333333 0.33333333 0.33333333],True,True,True,0.9731520069636054,0.015622389479944,0.0112256035564506,"[748, 1245, 741, 870, 541, 1494, 366, 628, 1257, 1200, 1108, 724, 984, 521, 145, 570, 1442, 442]","[748, 1245, 741, 870, 541, 1494, 366, 628, 1257, 1200]","[1108, 724, 984, 521, 145, 570, 1442, 442]",10,8
m3glvq_k0_10_k1_8_eta_00075,2,1620,405,0.5792903162827021,0.4326923076923077,0.625,0.5113636363636364,0.5753086419753086,42,"{0: 10, 1: 8}",150,0.0075,[0.33333333 0.33333333 0.33333333],True,True,True,0.941859377594259,0.058140622405741,0.0,"[545, 549, 1590, 636, 1492, 410, 548, 1503, 474, 830, 1380, 1442, 1139, 978, 212, 730, 158, 136]","[545, 549, 1590, 636, 1492, 410, 548, 1503, 474, 830]","[1380, 1442, 1139, 978, 212, 730, 158, 136]",10,8
m3glvq_k0_10_k1_8_eta_00075,3,1620,405,0.5675230566534915,0.4734299516908212,0.593939393939394,0.5268817204301075,0.5654320987654321,42,"{0: 10, 1: 8}",150,0.0075,[0.33333333 0.33333333 0.33333333],True,True,True,0.9527576081755252,0.0472423918244749,0.0,"[1422, 666, 24, 1059, 302, 948, 1288, 139, 1022, 778, 682, 194, 1355, 50, 1159, 1041, 1544, 1583]","[1422, 666, 24, 1059, 302, 948, 1288, 139, 1022, 778]","[682, 194, 1355, 50, 1159, 1041, 1544, 1583]",10,8
m3glvq_k0_10_k1_8_eta_00075,4,1620,405,0.5322793148880105,0.357487922705314,0.5606060606060606,0.4365781710914453,0.528395061728395,42,"{0: 10, 1: 8}",150,0.0075,[0.33333333 0.33333333 0.33333333],True,True,True,0.9531831912161196,0.0468168087838803,0.0,"[1474, 578, 1157, 860, 1048, 1073, 613, 754, 1268, 384, 1547, 1106, 758, 729, 681, 1557, 1175, 31]","[1474, 578, 1157, 860, 1048, 1073, 613, 754, 1268, 384]","[1547, 1106, 758, 729, 681, 1557, 1175, 31]",10,8
m3glvq_k0_10_k1_9_eta_00075,0,1620,405,0.5389496290511518,0.4230769230769231,0.5641025641025641,0.4835164835164834,0.5358024691358024,42,"{0: 10, 1: 9}",150,0.0075,[0.33333333 0.33333333 0.33333333],True,True,True,0.9611177721150688,0.038882227884931,0.0,"[1200, 1352, 1348, 1537, 354, 739, 1426, 42, 657, 1055, 553, 1447, 1562, 744, 85, 1176, 381, 626, 852]","[1200, 1352, 1348, 1537, 354, 739, 1426, 42, 657, 1055]","[553, 1447, 1562, 744, 85, 1176, 381, 626, 852]",10,9
m3glvq_k0_10_k1_9_eta_00075,1,1620,405,0.5701996290511518,0.4855769230769231,0.5976331360946746,0.5358090185676393,0.5679012345679012,42,"{0: 10, 1: 9}",150,0.0075,[0.33333333 0.33333333 0.33333333],True,True,True,0.9496201185785286,0.0503798814214713,0.0,"[870, 541, 954, 1537, 1200, 187, 198, 366, 35, 705, 1431, 201, 1029, 984, 725, 887, 1544, 429, 1583]","[870, 541, 954, 1537, 1200, 187, 198, 366, 35, 705]","[1431, 201, 1029, 984, 725, 887, 1544, 429, 1583]",10,9
m3glvq_k0_10_k1_9_eta_00075,2,1620,405,0.5531042561499415,0.4615384615384615,0.5783132530120482,0.5133689839572193,0.5506172839506173,42,"{0: 10, 1: 9}",150,0.0075,[0.33333333 0.33333333 0.33333333],True,True,True,0.920895880128841,0.0545858916728153,0.0245182281983436,"[988, 1011, 545, 400, 636, 1471, 743, 993, 511, 1328, 962, 136, 978, 417, 1007, 1133, 1025, 723, 528]","[988, 1011, 545, 400, 636, 1471, 743, 993, 511, 1328]","[962, 136, 978, 417, 1007, 1133, 1025, 723, 528]",10,9
m3glvq_k0_10_k1_9_eta_00075,3,1620,405,0.5671936758893281,0.4879227053140096,0.5906432748538012,0.5343915343915344,0.5654320987654321,42,"{0: 10, 1: 9}",150,0.0075,[0.33333333 0.33333333 0.33333333],True,True,True,0.961789491255583,0.0382105087444169,0.0,"[1422, 667, 139, 1059, 110, 1288, 396, 581, 778, 948, 1583, 1444, 817, 1041, 1544, 927, 1008, 194, 188]","[1422, 667, 139, 1059, 110, 1288, 396, 581, 778, 948]","[1583, 1444, 817, 1041, 1544, 927, 1008, 194, 188]",10,9
m3glvq_k0_10_k1_9_eta_00075,4,1620,405,0.5232762406675451,0.4202898550724637,0.5403726708074534,0.4728260869565217,0.5209876543209877,42,"{0: 10, 1: 9}",150,0.0075,[0.33333333 0.33333333 0.33333333],True,True,True,0.9494284373672158,0.0197740290112065,0.0307975336215776,"[1406, 623, 1474, 233, 1095, 921, 1434, 584, 1073, 384, 1064, 1102, 1557, 207, 31, 1439, 864, 1052, 237]","[1406, 623, 1474, 233, 1095, 921, 1434, 584, 1073, 384]","[1064, 1102, 1557, 207, 31, 1439, 864, 1052, 237]",10,9
m3glvq_k0_10_k1_10_eta_00075,0,1620,405,0.5112992971495509,0.4134615384615384,0.5276073619631901,0.4636118598382749,0.508641975308642,42,"{0: 10, 1: 10}",150,0.0075,[0.33333333 0.33333333 0.33333333],True,True,True,0.9486874963367432,0.0513125036632565,0.0,"[1200, 189, 657, 570, 1403, 1055, 1348, 739, 1537, 1426, 1321, 1160, 194, 668, 462, 233, 1093, 178, 862, 1139]","[1200, 189, 657, 570, 1403, 1055, 1348, 739, 1537, 1426]","[1321, 1160, 194, 668, 462, 233, 1093, 178, 862, 1139]",10,10
m3glvq_k0_10_k1_10_eta_00075,1,1620,405,0.536265130808278,0.5192307692307693,0.5510204081632653,0.5346534653465348,0.5358024691358024,42,"{0: 10, 1: 10}",150,0.0075,[0.33333333 0.33333333 0.33333333],True,True,True,0.97321795777948,0.0174049090050486,0.0093771332154713,"[190, 1537, 470, 25, 870, 628, 187, 398, 543, 954, 570, 644, 28, 521, 1108, 786, 724, 1029, 148, 145]","[190, 1537, 470, 25, 870, 628, 187, 398, 543, 954]","[570, 644, 28, 521, 1108, 786, 724, 1029, 148, 145]",10,10
m3glvq_k0_10_k1_10_eta_00075,2,1620,405,0.5997169074580242,0.5192307692307693,0.631578947368421,0.5699208443271767,0.5975308641975309,42,"{0: 10, 1: 10}",150,0.0075,[0.33333333 0.33333333 0.33333333],True,True,True,0.965999889042063,0.034000110957937,0.0,"[549, 717, 636, 702, 1193, 548, 708, 993, 248, 1378, 1431, 664, 1380, 1392, 448, 1120, 1442, 139, 962, 1027]","[549, 717, 636, 702, 1193, 548, 708, 993, 248, 1378]","[1431, 664, 1380, 1392, 448, 1120, 1442, 139, 962, 1027]",10,10
m3glvq_k0_10_k1_10_eta_00075,3,1620,405,0.5843214756258235,0.5120772946859904,0.6091954022988506,0.5564304461942258,0.582716049382716,42,"{0: 10, 1: 10}",150,0.0075,[0.33333333 0.33333333 0.33333333],True,True,True,0.9616068989797564,0.0383931010202438,0.0,"[666, 1468, 1033, 1288, 1182, 581, 1059, 985, 1422, 1492, 509, 162, 817, 1003, 820, 1097, 194, 682, 1125, 1041]","[666, 1468, 1033, 1288, 1182, 581, 1059, 985, 1422, 1492]","[509, 162, 817, 1003, 820, 1097, 194, 682, 1125, 1041]",10,10
m3glvq_k0_10_k1_10_eta_00075,4,1620,405,0.550175669740887,0.5700483091787439,0.5592417061611374,0.5645933014354066,0.5506172839506173,42,"{0: 10, 1: 10}",150,0.0075,[0.33333333 0.33333333 0.33333333],True,True,True,0.94736078617214,0.0197292770602276,0.0329099367676323,"[1474, 623, 754, 233, 1408, 1597, 1263, 1225, 1073, 384, 382, 1439, 311, 729, 1368, 1097, 207, 237, 1063, 1025]","[1474, 623, 754, 233, 1408, 1597, 1263, 1225, 1073, 384]","[382, 1439, 311, 729, 1368, 1097, 207, 237, 1063, 1025]",10,10
m3glvq_k0_3_k1_3_eta_001,0,1620,405,0.5681984576337369,0.4663461538461538,0.5987654320987654,0.5243243243243243,0.5654320987654321,42,"{0: 3, 1: 3}",150,0.01,[0.33333333 0.33333333 0.33333333],True,True,True,1.0,0.0,0.0,"[1333, 906, 222, 1078, 449, 85]","[1333, 906, 222]","[1078, 449, 85]",3,3
m3glvq_k0_3_k1_3_eta_001,1,1620,405,0.5680642327215931,0.4711538461538461,0.5975609756097561,0.5268817204301075,0.5654320987654321,42,"{0: 3, 1: 3}",150,0.01,[0.33333333 0.33333333 0.33333333],True,True,True,1.0,0.0,0.0,"[366, 970, 498, 692, 1442, 233]","[366, 970, 498]","[692, 1442, 233]",3,3
m3glvq_k0_3_k1_3_eta_001,2,1620,405,0.5800712612260837,0.5865384615384616,0.5922330097087378,0.5893719806763286,0.5802469135802469,42,"{0: 3, 1: 3}",150,0.01,[0.33333333 0.33333333 0.33333333],True,True,True,0.0,1.0,0.0,"[1347, 838, 1541, 723, 1023, 364]","[1347, 838, 1541]","[723, 1023, 364]",3,3
m3glvq_k0_3_k1_3_eta_001,3,1620,405,0.5600570926657883,0.6908212560386473,0.55859375,0.6177105831533477,0.562962962962963,42,"{0: 3, 1: 3}",150,0.01,[0.33333333 0.33333333 0.33333333],True,True,True,0.3172664402818751,0.6827335597181249,0.0,"[476, 957, 302, 29, 1444, 682]","[476, 957, 302]","[29, 1444, 682]",3,3
m3glvq_k0_3_k1_3_eta_001,4,1620,405,0.5554457619675011,0.5603864734299517,0.5658536585365853,0.5631067961165049,0.5555555555555556,42,"{0: 3, 1: 3}",150,0.01,[0.33333333 0.33333333 0.33333333],True,True,True,1.0,0.0,0.0,"[48, 1426, 1474, 1025, 508, 759]","[48, 1426, 1474]","[1025, 508, 759]",3,3
m3glvq_k0_3_k1_4_eta_001,0,1620,405,0.6117117336977743,0.7259615384615384,0.604,0.6593886462882096,0.6148148148148148,42,"{0: 3, 1: 4}",150,0.01,[0.33333333 0.33333333 0.33333333],True,True,True,0.3781809735277112,0.3278338866396887,0.2939851398326,"[1352, 1099, 761, 462, 1447, 1398, 668]","[1352, 1099, 761]","[462, 1447, 1398, 668]",3,4
m3glvq_k0_3_k1_4_eta_001,1,1620,405,0.5522745021475987,0.6730769230769231,0.5555555555555556,0.6086956521739131,0.5555555555555556,42,"{0: 3, 1: 4}",150,0.01,[0.33333333 0.33333333 0.33333333],True,True,True,0.7255658412950312,0.2744341587049687,0.0,"[1267, 277, 1494, 1442, 984, 1349, 1390]","[1267, 277, 1494]","[1442, 984, 1349, 1390]",3,4
m3glvq_k0_3_k1_4_eta_001,2,1620,405,0.583792951971886,0.7259615384615384,0.578544061302682,0.6439232409381663,0.5876543209876544,42,"{0: 3, 1: 4}",150,0.01,[0.33333333 0.33333333 0.33333333],True,True,True,0.0033333333332931,0.9933333333334138,0.0033333333332931,"[991, 115, 838, 244, 75, 353, 1158]","[991, 115, 838]","[244, 75, 353, 1158]",3,4
m3glvq_k0_3_k1_4_eta_001,3,1620,405,0.5316205533596838,0.6086956521739131,0.5384615384615384,0.5714285714285715,0.5333333333333333,42,"{0: 3, 1: 4}",150,0.01,[0.33333333 0.33333333 0.33333333],True,True,True,0.0,1.0,0.0,"[1020, 97, 964, 817, 637, 29, 249]","[1020, 97, 964]","[817, 637, 29, 249]",3,4
m3glvq_k0_3_k1_4_eta_001,4,1620,405,0.5792709705753184,0.6231884057971014,0.583710407239819,0.602803738317757,0.5802469135802469,42,"{0: 3, 1: 4}",150,0.01,[0.33333333 0.33333333 0.33333333],True,True,True,0.6751437918030939,0.2676946622874959,0.0571615459094101,"[973, 233, 1104, 1368, 1025, 759, 1258]","[973, 233, 1104]","[1368, 1025, 759, 1258]",3,4
m3glvq_k0_3_k1_5_eta_001,0,1620,405,0.5666975790706755,0.7019230769230769,0.5658914728682171,0.6266094420600858,0.5703703703703704,42,"{0: 3, 1: 5}",150,0.01,[0.33333333 0.33333333 0.33333333],True,True,True,0.7630147560380047,0.1467370377787675,0.0902482061832278,"[1333, 1099, 254, 855, 1398, 462, 1447, 668]","[1333, 1099, 254]","[855, 1398, 462, 1447, 668]",3,5
m3glvq_k0_3_k1_5_eta_001,1,1620,405,0.5609747169074579,0.5432692307692307,0.576530612244898,0.5594059405940595,0.5604938271604938,42,"{0: 3, 1: 5}",150,0.01,[0.33333333 0.33333333 0.33333333],True,True,True,1.0,0.0,0.0,"[498, 855, 1016, 429, 439, 1349, 1442, 148]","[498, 855, 1016]","[429, 439, 1349, 1442, 148]",3,5
m3glvq_k0_3_k1_5_eta_001,2,1620,405,0.5399990238188208,0.5673076923076923,0.5514018691588785,0.5592417061611374,0.5407407407407407,42,"{0: 3, 1: 5}",150,0.01,[0.33333333 0.33333333 0.33333333],True,True,True,0.0,1.0,0.0,"[991, 115, 18, 244, 1374, 787, 364, 353]","[991, 115, 18]","[244, 1374, 787, 364, 353]",3,5
m3glvq_k0_3_k1_5_eta_001,3,1620,405,0.5600570926657883,0.6908212560386473,0.55859375,0.6177105831533477,0.562962962962963,42,"{0: 3, 1: 5}",150,0.01,[0.33333333 0.33333333 0.33333333],True,True,True,0.3899578561125106,0.3352955348598246,0.2747466090276647,"[957, 504, 24, 1355, 1008, 453, 1084, 1444]","[957, 504, 24]","[1355, 1008, 453, 1084, 1444]",3,5
m3glvq_k0_3_k1_5_eta_001,4,1620,405,0.5802591128678085,0.5797101449275363,0.5911330049261084,0.5853658536585366,0.5802469135802469,42,"{0: 3, 1: 5}",150,0.01,[0.33333333 0.33333333 0.33333333],True,True,True,1.0,0.0,0.0,"[1426, 1474, 416, 631, 1167, 92, 15, 1270]","[1426, 1474, 416]","[631, 1167, 92, 15, 1270]",3,5
m3glvq_k0_3_k1_6_eta_001,0,1620,405,0.5464174150722374,0.5192307692307693,0.5625,0.54,0.5456790123456791,42,"{0: 3, 1: 6}",150,0.01,[0.33333333 0.33333333 0.33333333],True,True,True,1.0,0.0,0.0,"[254, 419, 1035, 462, 1078, 1067, 378, 1039, 348]","[254, 419, 1035]","[462, 1078, 1067, 378, 1039, 348]",3,6
m3glvq_k0_3_k1_6_eta_001,1,1620,405,0.5699189769621242,0.5865384615384616,0.580952380952381,0.583732057416268,0.5703703703703704,42,"{0: 3, 1: 6}",150,0.01,[0.33333333 0.33333333 0.33333333],True,True,True,1.0,0.0,0.0,"[855, 1016, 880, 148, 596, 1060, 364, 1349, 900]","[855, 1016, 880]","[148, 596, 1060, 364, 1349, 900]",3,6
m3glvq_k0_3_k1_6_eta_001,2,1620,405,0.5648428348301444,0.5865384615384616,0.5754716981132075,0.5809523809523809,0.5654320987654321,42,"{0: 3, 1: 6}",150,0.01,[0.33333333 0.33333333 0.33333333],True,True,True,1.0,0.0,0.0,"[1471, 1005, 374, 1057, 603, 1015, 978, 1117, 962]","[1471, 1005, 374]","[1057, 603, 1015, 978, 1117, 962]",3,6
m3glvq_k0_3_k1_6_eta_001,3,1620,405,0.5584101888449715,0.5410628019323671,0.5714285714285714,0.5558312655086849,0.5580246913580247,42,"{0: 3, 1: 6}",150,0.01,[0.33333333 0.33333333 0.33333333],True,True,True,1.0,0.0,0.0,"[997, 14, 504, 1416, 1525, 766, 1564, 1263, 856]","[997, 14, 504]","[1416, 1525, 766, 1564, 1263, 856]",3,6
m3glvq_k0_3_k1_6_eta_001,4,1620,405,0.5640096618357487,0.7391304347826086,0.5583941605839416,0.6361746361746362,0.5679012345679012,42,"{0: 3, 1: 6}",150,0.01,[0.33333333 0.33333333 0.33333333],True,True,True,0.7891366667694099,0.1348984214254894,0.0759649118051006,"[233, 1104, 1474, 631, 15, 759, 681, 382, 1477]","[233, 1104, 1474]","[631, 15, 759, 681, 382, 1477]",3,6
m3glvq_k0_3_k1_7_eta_001,0,1620,405,0.5191697579070675,0.4951923076923077,0.533678756476684,0.5137157107231921,0.5185185185185185,42,"{0: 3, 1: 7}",150,0.01,[0.33333333 0.33333333 0.33333333],True,True,True,1.0,0.0,0.0,"[771, 222, 386, 1047, 1155, 1596, 178, 626, 630, 745]","[771, 222, 386]","[1047, 1155, 1596, 178, 626, 630, 745]",3,7
m3glvq_k0_3_k1_7_eta_001,1,1620,405,0.5875512495119094,0.5913461538461539,0.6,0.5956416464891041,0.5876543209876544,42,"{0: 3, 1: 7}",150,0.01,[0.33333333 0.33333333 0.33333333],True,True,True,1.0,0.0,0.0,"[226, 498, 366, 1349, 676, 429, 1442, 1137, 1574, 233]","[226, 498, 366]","[1349, 676, 429, 1442, 1137, 1574, 233]",3,7
m3glvq_k0_3_k1_7_eta_001,2,1620,405,0.5421466224131198,0.4903846153846153,0.5604395604395604,0.523076923076923,0.5407407407407407,42,"{0: 3, 1: 7}",150,0.01,[0.33333333 0.33333333 0.33333333],True,True,True,0.0008990965142126,0.9991009034857874,0.0,"[374, 579, 1503, 364, 528, 1127, 730, 1522, 353, 1374]","[374, 579, 1503]","[364, 528, 1127, 730, 1522, 353, 1374]",3,7
m3glvq_k0_3_k1_7_eta_001,3,1620,405,0.5678524374176548,0.6811594202898551,0.5662650602409639,0.618421052631579,0.5703703703703704,42,"{0: 3, 1: 7}",150,0.01,[0.33333333 0.33333333 0.33333333],True,True,True,0.923640343913876,0.076359656086124,0.0,"[745, 1566, 1348, 1564, 763, 1087, 1041, 1355, 565, 1008]","[745, 1566, 1348]","[1564, 763, 1087, 1041, 1355, 565, 1008]",3,7
m3glvq_k0_3_k1_7_eta_001,4,1620,405,0.5749890206411945,0.4782608695652174,0.6036585365853658,0.5336927223719676,0.5728395061728395,42,"{0: 3, 1: 7}",150,0.01,[0.33333333 0.33333333 0.33333333],True,True,True,1.0,0.0,0.0,"[499, 14, 1474, 151, 31, 1025, 758, 766, 631, 1368]","[499, 14, 1474]","[151, 31, 1025, 758, 766, 631, 1368]",3,7
m3glvq_k0_3_k1_8_eta_001,0,1620,405,0.5359966809839907,0.5288461538461539,0.55,0.5392156862745098,0.5358024691358024,42,"{0: 3, 1: 8}",150,0.01,[0.33333333 0.33333333 0.33333333],True,True,True,1.0,0.0,0.0,"[1348, 500, 725, 194, 1447, 668, 1583, 1398, 381, 5, 463]","[1348, 500, 725]","[194, 1447, 668, 1583, 1398, 381, 5, 463]",3,8
m3glvq_k0_3_k1_8_eta_001,1,1620,405,0.5451971885982039,0.6538461538461539,0.5506072874493927,0.5978021978021978,0.5481481481481482,42,"{0: 3, 1: 8}",150,0.01,[0.33333333 0.33333333 0.33333333],True,True,True,0.8396472086328711,0.1603527913671289,0.0,"[1494, 1345, 1324, 148, 725, 1137, 442, 52, 358, 976, 367]","[1494, 1345, 1324]","[148, 725, 1137, 442, 52, 358, 976, 367]",3,8
m3glvq_k0_3_k1_8_eta_001,2,1620,405,0.5582902186645842,0.6394230769230769,0.5635593220338984,0.5990990990990991,0.5604938271604938,42,"{0: 3, 1: 8}",150,0.01,[0.33333333 0.33333333 0.33333333],True,True,True,1.0,0.0,0.0,"[62, 1471, 374, 1133, 1007, 1151, 1015, 605, 1442, 1083, 13]","[62, 1471, 374]","[1133, 1007, 1151, 1015, 605, 1442, 1083, 13]",3,8
m3glvq_k0_3_k1_8_eta_001,3,1620,405,0.5849802371541502,0.5942028985507246,0.5942028985507246,0.5942028985507246,0.5851851851851851,42,"{0: 3, 1: 8}",150,0.01,[0.33333333 0.33333333 0.33333333],True,True,True,1.0,0.0,0.0,"[745, 139, 1268, 843, 766, 1041, 1008, 1082, 386, 1544, 1138]","[745, 139, 1268]","[843, 766, 1041, 1008, 1082, 386, 1544, 1138]",3,8
m3glvq_k0_3_k1_8_eta_001,4,1620,405,0.5731225296442688,0.782608695652174,0.5625,0.6545454545454547,0.5777777777777777,42,"{0: 3, 1: 8}",150,0.01,[0.33333333 0.33333333 0.33333333],True,True,True,0.4497164888621554,0.310897290087889,0.2393862210499556,"[202, 233, 1053, 350, 1368, 736, 1404, 1025, 382, 1258, 31]","[202, 233, 1053]","[350, 1368, 736, 1404, 1025, 382, 1258, 31]",3,8
m3glvq_k0_3_k1_9_eta_001,0,1620,405,0.5415975204998047,0.6009615384615384,0.5506607929515418,0.5747126436781609,0.5432098765432098,42,"{0: 3, 1: 9}",150,0.01,[0.33333333 0.33333333 0.33333333],True,True,True,1.0,0.0,0.0,"[386, 254, 500, 852, 1132, 463, 1511, 347, 839, 1423, 1076, 959]","[386, 254, 500]","[852, 1132, 463, 1511, 347, 839, 1423, 1076, 959]",3,9
m3glvq_k0_3_k1_9_eta_001,1,1620,405,0.5549467981257321,0.6682692307692307,0.5582329317269076,0.6083150984682713,0.5580246913580247,42,"{0: 3, 1: 9}",150,0.01,[0.33333333 0.33333333 0.33333333],True,True,True,1.0,0.0,0.0,"[498, 970, 474, 1216, 1169, 52, 823, 725, 151, 786, 1022, 439]","[498, 970, 474]","[1216, 1169, 52, 823, 725, 151, 786, 1022, 439]",3,9
m3glvq_k0_3_k1_9_eta_001,2,1620,405,0.5827191526747364,0.7644230769230769,0.5740072202166066,0.6556701030927835,0.5876543209876544,42,"{0: 3, 1: 9}",150,0.01,[0.33333333 0.33333333 0.33333333],True,True,True,0.9482994736265165,0.0517005263734836,0.0,"[1471, 1566, 9, 335, 1377, 962, 723, 730, 1117, 1359, 1449, 139]","[1471, 1566, 9]","[335, 1377, 962, 723, 730, 1117, 1359, 1449, 139]",3,9
m3glvq_k0_3_k1_9_eta_001,3,1620,405,0.5475406236275802,0.7971014492753623,0.5427631578947368,0.6457925636007829,0.5530864197530864,42,"{0: 3, 1: 9}",150,0.01,[0.33333333 0.33333333 0.33333333],True,True,True,0.8454236375566342,0.1545763624433658,0.0,"[631, 302, 1536, 1355, 569, 1008, 165, 1159, 373, 231, 194, 143]","[631, 302, 1536]","[1355, 569, 1008, 165, 1159, 373, 231, 194, 143]",3,9
m3glvq_k0_3_k1_9_eta_001,4,1620,405,0.5747694334650857,0.7101449275362319,0.5697674418604651,0.632258064516129,0.5777777777777777,42,"{0: 3, 1: 9}",150,0.01,[0.33333333 0.33333333 0.33333333],True,True,True,1.0,0.0,0.0,"[1426, 384, 901, 1368, 34, 388, 974, 759, 976, 152, 1167, 633]","[1426, 384, 901]","[1368, 34, 388, 974, 759, 976, 152, 1167, 633]",3,9
m3glvq_k0_3_k1_10_eta_001,0,1620,405,0.5660508590394377,0.5432692307692307,0.5824742268041238,0.5621890547263682,0.5654320987654321,42,"{0: 3, 1: 10}",150,0.01,[0.33333333 0.33333333 0.33333333],True,True,True,1.0,0.0,0.0,"[985, 725, 254, 1076, 5, 147, 462, 745, 1472, 880, 49, 414, 1009]","[985, 725, 254]","[1076, 5, 147, 462, 745, 1472, 880, 49, 414, 1009]",3,10
m3glvq_k0_3_k1_10_eta_001,1,1620,405,0.5407921710269425,0.6298076923076923,0.5481171548117155,0.5861297539149888,0.5432098765432098,42,"{0: 3, 1: 10}",150,0.01,[0.33333333 0.33333333 0.33333333],True,True,True,1.0,0.0,0.0,"[498, 855, 453, 167, 931, 1108, 521, 148, 780, 52, 624, 729, 1250]","[498, 855, 453]","[167, 931, 1108, 521, 148, 780, 52, 624, 729, 1250]",3,10
m3glvq_k0_3_k1_10_eta_001,2,1620,405,0.5334342053885202,0.7115384615384616,0.5381818181818182,0.6128364389233955,0.5382716049382716,42,"{0: 3, 1: 10}",150,0.01,[0.33333333 0.33333333 0.33333333],True,True,True,1.0,0.0,0.0,"[1590, 1471, 374, 604, 139, 1520, 723, 962, 1320, 1133, 1083, 664, 1007]","[1590, 1471, 374]","[604, 139, 1520, 723, 962, 1320, 1133, 1083, 664, 1007]",3,10
m3glvq_k0_3_k1_10_eta_001,3,1620,405,0.5831137461572244,0.5652173913043478,0.5969387755102041,0.5806451612903226,0.582716049382716,42,"{0: 3, 1: 10}",150,0.01,[0.33333333 0.33333333 0.33333333],True,True,True,1.0,0.0,0.0,"[504, 14, 1134, 1087, 843, 1008, 1544, 1066, 1559, 676, 194, 234, 1611]","[504, 14, 1134]","[1087, 843, 1008, 1544, 1066, 1559, 676, 194, 234, 1611]",3,10
m3glvq_k0_3_k1_10_eta_001,4,1620,405,0.5756477821695213,0.6714975845410628,0.5743801652892562,0.6191536748329621,0.5777777777777777,42,"{0: 3, 1: 10}",150,0.01,[0.33333333 0.33333333 0.33333333],True,True,True,1.0,0.0,0.0,"[499, 1474, 384, 152, 759, 1393, 1058, 1341, 1167, 681, 1477, 34, 200]","[499, 1474, 384]","[152, 759, 1393, 1058, 1341, 1167, 681, 1477, 34, 200]",3,10
m3glvq_k0_4_k1_3_eta_001,0,1620,405,0.4955339711050371,0.4326923076923077,0.5084745762711864,0.4675324675324675,0.4938271604938271,42,"{0: 4, 1: 3}",150,0.01,[0.33333333 0.33333333 0.33333333],True,True,True,1.0,0.0,0.0,"[906, 887, 1385, 222, 1229, 1252, 462]","[906, 887, 1385, 222]","[1229, 1252, 462]",4,3
m3glvq_k0_4_k1_3_eta_001,1,1620,405,0.5540438305349473,0.4278846153846153,0.5855263157894737,0.4944444444444444,0.5506172839506173,42,"{0: 4, 1: 3}",150,0.01,[0.33333333 0.33333333 0.33333333],True,True,True,1.0,0.0,0.0,"[366, 741, 855, 1537, 1442, 692, 201]","[366, 741, 855, 1537]","[1442, 692, 201]",4,3
m3glvq_k0_4_k1_3_eta_001,2,1620,405,0.5639032604451386,0.6201923076923077,0.5707964601769911,0.5944700460829494,0.5654320987654321,42,"{0: 4, 1: 3}",150,0.01,[0.33333333 0.33333333 0.33333333],True,True,True,0.5947189781199236,0.2862207763508793,0.1190602455291971,"[1005, 1247, 1471, 1541, 87, 1392, 1442]","[1005, 1247, 1471, 1541]","[87, 1392, 1442]",4,3
m3glvq_k0_4_k1_3_eta_001,3,1620,405,0.5579710144927537,0.5603864734299517,0.5686274509803921,0.5644768856447688,0.5580246913580247,42,"{0: 4, 1: 3}",150,0.01,[0.33333333 0.33333333 0.33333333],True,True,True,0.7490224601460436,0.241067445546194,0.0099100943077624,"[1536, 801, 957, 302, 468, 260, 1444]","[1536, 801, 957, 302]","[468, 260, 1444]",4,3
m3glvq_k0_4_k1_3_eta_001,4,1620,405,0.5745498462889767,0.7198067632850241,0.5687022900763359,0.6353944562899786,0.5777777777777777,42,"{0: 4, 1: 3}",150,0.01,[0.33333333 0.33333333 0.33333333],True,True,True,0.3024770449971835,0.6962747829700615,0.001248172032755,"[1243, 66, 882, 775, 631, 681, 1404]","[1243, 66, 882, 775]","[631, 681, 1404]",4,3
m3glvq_k0_4_k1_4_eta_001,0,1620,405,0.6075751659508004,0.6923076923076923,0.6050420168067226,0.6457399103139013,0.6098765432098765,42,"{0: 4, 1: 4}",150,0.01,[0.33333333 0.33333333 0.33333333],True,True,True,0.4337775673362064,0.3031359363264707,0.2630864963373227,"[1352, 1106, 299, 1499, 1466, 1447, 668, 1398]","[1352, 1106, 299, 1499]","[1466, 1447, 668, 1398]",4,4
m3glvq_k0_4_k1_4_eta_001,1,1620,405,0.5791194845763374,0.7115384615384616,0.5758754863813229,0.6365591397849463,0.582716049382716,42,"{0: 4, 1: 4}",150,0.01,[0.33333333 0.33333333 0.33333333],True,True,True,0.38392663450232,0.3351259169056089,0.2809474485920711,"[1494, 1543, 870, 294, 1390, 1349, 1442, 984]","[1494, 1543, 870, 294]","[1390, 1349, 1442, 984]",4,4
m3glvq_k0_4_k1_4_eta_001,2,1620,405,0.5865994728621632,0.7163461538461539,0.58203125,0.6422413793103449,0.5901234567901235,42,"{0: 4, 1: 4}",150,0.01,[0.33333333 0.33333333 0.33333333],True,True,True,0.3945442951266698,0.3061158129170535,0.2993398919562767,"[294, 1503, 474, 830, 1392, 978, 698, 1442]","[294, 1503, 474, 830]","[1392, 978, 698, 1442]",4,4
m3glvq_k0_4_k1_4_eta_001,3,1620,405,0.5677426438296004,0.6859903381642513,0.5657370517928287,0.6200873362445416,0.5703703703703704,42,"{0: 4, 1: 4}",150,0.01,[0.33333333 0.33333333 0.33333333],True,True,True,0.577782646296055,0.4128214393902206,0.0093959143137242,"[948, 302, 179, 1492, 231, 682, 1159, 1041]","[948, 302, 179, 1492]","[231, 682, 1159, 1041]",4,4
m3glvq_k0_4_k1_4_eta_001,4,1620,405,0.553030303030303,0.4444444444444444,0.5786163522012578,0.5027322404371585,0.5506172839506173,42,"{0: 4, 1: 4}",150,0.01,[0.33333333 0.33333333 0.33333333],True,True,True,1.0,0.0,0.0,"[1013, 384, 501, 784, 15, 631, 1025, 1270]","[1013, 384, 501, 784]","[15, 631, 1025, 1270]",4,4
m3glvq_k0_4_k1_5_eta_001,0,1620,405,0.534666634127294,0.4855769230769231,0.5519125683060109,0.516624040920716,0.5333333333333333,42,"{0: 4, 1: 5}",150,0.01,[0.33333333 0.33333333 0.33333333],True,True,True,1.0,0.0,0.0,"[1035, 1468, 97, 1333, 309, 1076, 469, 462, 12]","[1035, 1468, 97, 1333]","[309, 1076, 469, 462, 12]",4,5
m3glvq_k0_4_k1_5_eta_001,1,1620,405,0.5583146231940648,0.4567307692307692,0.5864197530864198,0.5135135135135135,0.5555555555555556,42,"{0: 4, 1: 5}",150,0.01,[0.33333333 0.33333333 0.33333333],True,True,True,1.0,0.0,0.0,"[1320, 1016, 498, 651, 596, 1442, 148, 1349, 364]","[1320, 1016, 498, 651]","[596, 1442, 148, 1349, 364]",4,5
m3glvq_k0_4_k1_5_eta_001,2,1620,405,0.5711392034361578,0.4519230769230769,0.6064516129032258,0.5179063360881544,0.5679012345679012,42,"{0: 4, 1: 5}",150,0.01,[0.33333333 0.33333333 0.33333333],True,True,True,1.0,0.0,0.0,"[1566, 1005, 1471, 511, 1392, 604, 139, 1565, 380]","[1566, 1005, 1471, 511]","[1392, 604, 139, 1565, 380]",4,5
m3glvq_k0_4_k1_5_eta_001,3,1620,405,0.6035353535353536,0.4444444444444444,0.6618705035971223,0.5317919075144508,0.6,42,"{0: 4, 1: 5}",150,0.01,[0.33333333 0.33333333 0.33333333],True,True,True,1.0,0.0,0.0,"[14, 1268, 997, 139, 468, 1008, 1041, 1444, 771]","[14, 1268, 997, 139]","[468, 1008, 1041, 1444, 771]",4,5
m3glvq_k0_4_k1_5_eta_001,4,1620,405,0.5234958278436539,0.2995169082125604,0.5535714285714286,0.3887147335423198,0.5185185185185185,42,"{0: 4, 1: 5}",150,0.01,[0.33333333 0.33333333 0.33333333],True,True,True,0.0,1.0,0.0,"[882, 605, 384, 1087, 1089, 207, 633, 681, 766]","[882, 605, 384, 1087]","[1089, 207, 633, 681, 766]",4,5
m3glvq_k0_4_k1_6_eta_001,0,1620,405,0.5414754978524015,0.5144230769230769,0.5572916666666666,0.5349999999999999,0.5407407407407407,42,"{0: 4, 1: 6}",150,0.01,[0.33333333 0.33333333 0.33333333],True,True,True,1.0,0.0,0.0,"[771, 1257, 1348, 985, 378, 1155, 1423, 348, 745, 1326]","[771, 1257, 1348, 985]","[378, 1155, 1423, 348, 745, 1326]",4,6
m3glvq_k0_4_k1_6_eta_001,1,1620,405,0.5808766106989458,0.5576923076923077,0.5979381443298969,0.5771144278606966,0.5802469135802469,42,"{0: 4, 1: 6}",150,0.01,[0.33333333 0.33333333 0.33333333],True,True,True,1.0,0.0,0.0,"[470, 447, 970, 366, 521, 725, 148, 1137, 1349, 1029]","[470, 447, 970, 366]","[521, 725, 148, 1137, 1349, 1029]",4,6
m3glvq_k0_4_k1_6_eta_001,2,1620,405,0.5517620070285045,0.5096153846153846,0.5698924731182796,0.5380710659898478,0.5506172839506173,42,"{0: 4, 1: 6}",150,0.01,[0.33333333 0.33333333 0.33333333],True,True,True,1.0,0.0,0.0,"[1011, 1471, 1328, 1005, 1133, 1320, 1455, 785, 723, 139]","[1011, 1471, 1328, 1005]","[1133, 1320, 1455, 785, 723, 139]",4,6
m3glvq_k0_4_k1_6_eta_001,3,1620,405,0.6110013175230566,0.5603864734299517,0.6338797814207651,0.5948717948717949,0.6098765432098765,42,"{0: 4, 1: 6}",150,0.01,[0.33333333 0.33333333 0.33333333],True,True,True,1.0,0.0,0.0,"[926, 1022, 1468, 437, 861, 420, 843, 1066, 1082, 875]","[926, 1022, 1468, 437]","[861, 420, 843, 1066, 1082, 875]",4,6
m3glvq_k0_4_k1_6_eta_001,4,1620,405,0.583223539745279,0.5603864734299517,0.5979381443298969,0.5785536159600998,0.582716049382716,42,"{0: 4, 1: 6}",150,0.01,[0.33333333 0.33333333 0.33333333],True,True,True,1.0,0.0,0.0,"[740, 1013, 384, 784, 171, 451, 1025, 1368, 33, 1097]","[740, 1013, 384, 784]","[171, 451, 1025, 1368, 33, 1097]",4,6
m3glvq_k0_4_k1_7_eta_001,0,1620,405,0.5231721007418977,0.5336538461538461,0.5362318840579711,0.5349397590361447,0.5234567901234568,42,"{0: 4, 1: 7}",150,0.01,[0.33333333 0.33333333 0.33333333],True,True,True,1.0,0.0,0.0,"[272, 1035, 386, 887, 194, 31, 745, 668, 291, 381, 1229]","[272, 1035, 386, 887]","[194, 31, 745, 668, 291, 381, 1229]",4,7
m3glvq_k0_4_k1_7_eta_001,1,1620,405,0.547747461928934,0.5625,0.5598086124401914,0.5611510791366907,0.5481481481481482,42,"{0: 4, 1: 7}",150,0.01,[0.33333333 0.33333333 0.33333333],True,True,True,1.0,0.0,0.0,"[272, 651, 474, 1006, 151, 1060, 1105, 148, 1486, 893, 1349]","[272, 651, 474, 1006]","[151, 1060, 1105, 148, 1486, 893, 1349]",4,7
m3glvq_k0_4_k1_7_eta_001,2,1620,405,0.5633785630613042,0.5480769230769231,0.5786802030456852,0.562962962962963,0.562962962962963,42,"{0: 4, 1: 7}",150,0.01,[0.33333333 0.33333333 0.33333333],True,True,True,1.0,0.0,0.0,"[374, 474, 993, 855, 87, 1380, 1133, 1442, 353, 1007, 297]","[374, 474, 993, 855]","[87, 1380, 1133, 1442, 353, 1007, 297]",4,7
m3glvq_k0_4_k1_7_eta_001,3,1620,405,0.5682916117698726,0.5507246376811594,0.5816326530612245,0.5657568238213401,0.5679012345679012,42,"{0: 4, 1: 7}",150,0.01,[0.33333333 0.33333333 0.33333333],True,True,True,1.0,0.0,0.0,"[14, 1468, 1536, 396, 194, 1146, 682, 840, 1444, 1544, 1560]","[14, 1468, 1536, 396]","[194, 1146, 682, 840, 1444, 1544, 1560]",4,7
m3glvq_k0_4_k1_7_eta_001,4,1620,405,0.5681818181818181,0.5555555555555556,0.5808080808080808,0.5679012345679012,0.5679012345679012,42,"{0: 4, 1: 7}",150,0.01,[0.33333333 0.33333333 0.33333333],True,True,True,1.0,0.0,0.0,"[384, 784, 501, 1013, 759, 1489, 1175, 1025, 207, 1106, 1167]","[384, 784, 501, 1013]","[759, 1489, 1175, 1025, 207, 1106, 1167]",4,7
m3glvq_k0_4_k1_8_eta_001,0,1620,405,0.5562890472471691,0.6201923076923077,0.5633187772925764,0.5903890160183066,0.5580246913580247,42,"{0: 4, 1: 8}",150,0.01,[0.33333333 0.33333333 0.33333333],True,True,True,1.0,0.0,0.0,"[771, 386, 1537, 887, 1108, 553, 194, 1132, 1043, 839, 1252, 382]","[771, 386, 1537, 887]","[1108, 553, 194, 1132, 1043, 839, 1252, 382]",4,8
m3glvq_k0_4_k1_8_eta_001,1,1620,405,0.5750073213588442,0.4951923076923077,0.6023391812865497,0.5435356200527705,0.5728395061728395,42,"{0: 4, 1: 8}",150,0.01,[0.33333333 0.33333333 0.33333333],True,True,True,1.0,0.0,0.0,"[187, 366, 597, 1016, 151, 724, 394, 1216, 1012, 780, 209, 1250]","[187, 366, 597, 1016]","[151, 724, 394, 1216, 1012, 780, 209, 1250]",4,8
m3glvq_k0_4_k1_8_eta_001,2,1620,405,0.5502855329949239,0.5625,0.5625,0.5625,0.5506172839506173,42,"{0: 4, 1: 8}",150,0.01,[0.33333333 0.33333333 0.33333333],True,True,True,1.0,0.0,0.0,"[1471, 743, 374, 105, 1455, 87, 1039, 1565, 809, 360, 1063, 368]","[1471, 743, 374, 105]","[1455, 87, 1039, 1565, 809, 360, 1063, 368]",4,8
m3glvq_k0_4_k1_8_eta_001,3,1620,405,0.5314009661835749,0.5072463768115942,0.5440414507772021,0.525,0.5308641975308642,42,"{0: 4, 1: 8}",150,0.01,[0.33333333 0.33333333 0.33333333],True,True,True,0.5368503362026845,0.4631496637973156,0.0,"[97, 412, 396, 619, 1489, 763, 143, 1444, 817, 701, 682, 507]","[97, 412, 396, 619]","[1489, 763, 143, 1444, 817, 701, 682, 507]",4,8
m3glvq_k0_4_k1_8_eta_001,4,1620,405,0.5666447079490557,0.5120772946859904,0.585635359116022,0.5463917525773195,0.5654320987654321,42,"{0: 4, 1: 8}",150,0.01,[0.33333333 0.33333333 0.33333333],True,True,True,1.0,0.0,0.0,"[384, 1013, 499, 775, 1443, 1025, 758, 1106, 1102, 1175, 1270, 1368]","[384, 1013, 499, 775]","[1443, 1025, 758, 1106, 1102, 1175, 1270, 1368]",4,8
m3glvq_k0_4_k1_9_eta_001,0,1620,405,0.5811328582584927,0.6394230769230769,0.5859030837004405,0.6114942528735632,0.582716049382716,42,"{0: 4, 1: 9}",150,0.01,[0.33333333 0.33333333 0.33333333],True,True,True,1.0,0.0,0.0,"[1468, 502, 386, 579, 652, 1095, 1132, 309, 1475, 147, 5, 1078, 61]","[1468, 502, 386, 579]","[652, 1095, 1132, 309, 1475, 147, 5, 1078, 61]",4,9
m3glvq_k0_4_k1_9_eta_001,1,1620,405,0.5449531433033972,0.4807692307692308,0.5649717514124294,0.5194805194805195,0.5432098765432098,42,"{0: 4, 1: 9}",150,0.01,[0.33333333 0.33333333 0.33333333],True,True,True,1.0,0.0,0.0,"[366, 538, 1119, 880, 342, 270, 145, 209, 724, 20, 1108, 1060, 1349]","[366, 538, 1119, 880]","[342, 270, 145, 209, 724, 20, 1108, 1060, 1349]",4,9
m3glvq_k0_4_k1_9_eta_001,2,1620,405,0.5477596641936744,0.4711538461538461,0.5697674418604651,0.5157894736842106,0.5456790123456791,42,"{0: 4, 1: 9}",150,0.01,[0.33333333 0.33333333 0.33333333],True,True,True,1.0,0.0,0.0,"[588, 436, 374, 1471, 1133, 1139, 1320, 723, 336, 1239, 604, 285, 228]","[588, 436, 374, 1471]","[1133, 1139, 1320, 723, 336, 1239, 604, 285, 228]",4,9
m3glvq_k0_4_k1_9_eta_001,3,1620,405,0.584211682037769,0.5169082125603864,0.6079545454545454,0.5587467362924281,0.582716049382716,42,"{0: 4, 1: 9}",150,0.01,[0.33333333 0.33333333 0.33333333],True,True,True,1.0,0.0,0.0,"[14, 504, 295, 1468, 194, 1044, 1341, 1008, 1355, 291, 1444, 856, 732]","[14, 504, 295, 1468]","[194, 1044, 1341, 1008, 1355, 291, 1444, 856, 732]",4,9
m3glvq_k0_4_k1_9_eta_001,4,1620,405,0.5667545015371103,0.5072463768115942,0.5865921787709497,0.5440414507772021,0.5654320987654321,42,"{0: 4, 1: 9}",150,0.01,[0.33333333 0.33333333 0.33333333],True,True,True,1.0,0.0,0.0,"[384, 116, 1013, 775, 237, 34, 268, 1368, 681, 1097, 207, 349, 759]","[384, 116, 1013, 775]","[237, 34, 268, 1368, 681, 1097, 207, 349, 759]",4,9
m3glvq_k0_4_k1_10_eta_001,0,1620,405,0.5425492971495509,0.4759615384615384,0.5625,0.515625,0.5407407407407407,42,"{0: 4, 1: 10}",150,0.01,[0.33333333 0.33333333 0.33333333],True,True,True,1.0,0.0,0.0,"[386, 1537, 1130, 254, 449, 218, 463, 630, 668, 976, 604, 178, 1447, 1357]","[386, 1537, 1130, 254]","[449, 218, 463, 630, 668, 976, 604, 178, 1447, 1357]",4,10
m3glvq_k0_4_k1_10_eta_001,1,1620,405,0.6031701483795392,0.6682692307692307,0.6043478260869565,0.6347031963470319,0.6049382716049383,42,"{0: 4, 1: 10}",150,0.01,[0.33333333 0.33333333 0.33333333],True,True,True,1.0,0.0,0.0,"[970, 880, 1016, 1324, 1137, 1496, 148, 1596, 1250, 235, 1349, 52, 623, 784]","[970, 880, 1016, 1324]","[1137, 1496, 148, 1596, 1250, 235, 1349, 52, 623, 784]",4,10
m3glvq_k0_4_k1_10_eta_001,2,1620,405,0.5518962319406482,0.5048076923076923,0.5706521739130435,0.5357142857142857,0.5506172839506173,42,"{0: 4, 1: 10}",150,0.01,[0.33333333 0.33333333 0.33333333],True,True,True,1.0,0.0,0.0,"[993, 1471, 374, 588, 785, 910, 1139, 183, 962, 723, 285, 730, 368, 978]","[993, 1471, 374, 588]","[785, 910, 1139, 183, 962, 723, 285, 730, 368, 978]",4,10
m3glvq_k0_4_k1_10_eta_001,3,1620,405,0.5243741765480896,0.7053140096618358,0.5289855072463768,0.6045548654244306,0.528395061728395,42,"{0: 4, 1: 10}",150,0.01,[0.33333333 0.33333333 0.33333333],True,True,True,0.5334762676712298,0.4665237323287701,0.0,"[302, 1214, 1492, 14, 817, 194, 682, 1544, 1003, 1554, 165, 927, 1215, 1097]","[302, 1214, 1492, 14]","[817, 194, 682, 1544, 1003, 1554, 165, 927, 1215, 1097]",4,10
m3glvq_k0_4_k1_10_eta_001,4,1620,405,0.5475406236275802,0.5748792270531401,0.5560747663551402,0.5653206650831353,0.5481481481481482,42,"{0: 4, 1: 10}",150,0.01,[0.33333333 0.33333333 0.33333333],True,True,True,1.0,0.0,0.0,"[1148, 384, 901, 613, 382, 151, 759, 1194, 997, 470, 237, 823, 33, 1368]","[1148, 384, 901, 613]","[382, 151, 759, 1194, 997, 470, 237, 823, 33, 1368]",4,10
m3glvq_k0_5_k1_3_eta_001,0,1620,405,0.5310669660288949,0.4326923076923077,0.5521472392638037,0.4851752021563342,0.528395061728395,42,"{0: 5, 1: 3}",150,0.01,[0.33333333 0.33333333 0.33333333],True,True,True,1.0,0.0,0.0,"[1498, 1333, 97, 1348, 771, 1229, 61, 745]","[1498, 1333, 97, 1348, 771]","[1229, 61, 745]",5,3
m3glvq_k0_5_k1_3_eta_001,1,1620,405,0.5600595470519328,0.3942307692307692,0.6029411764705882,0.4767441860465116,0.5555555555555556,42,"{0: 5, 1: 3}",150,0.01,[0.33333333 0.33333333 0.33333333],True,True,True,1.0,0.0,0.0,"[1591, 870, 366, 1324, 470, 725, 644, 1254]","[1591, 870, 366, 1324, 470]","[725, 644, 1254]",5,3
m3glvq_k0_5_k1_3_eta_001,2,1620,405,0.5795343615775088,0.6057692307692307,0.5887850467289719,0.5971563981042654,0.5802469135802469,42,"{0: 5, 1: 3}",150,0.01,[0.33333333 0.33333333 0.33333333],True,True,True,0.4070736006381371,0.2976720678533446,0.2952543315085181,"[993, 1243, 1064, 294, 1503, 87, 1392, 1442]","[993, 1243, 1064, 294, 1503]","[87, 1392, 1442]",5,3
m3glvq_k0_5_k1_3_eta_001,3,1620,405,0.5286561264822134,0.6280193236714976,0.5349794238683128,0.5777777777777777,0.5308641975308642,42,"{0: 5, 1: 3}",150,0.01,[0.33333333 0.33333333 0.33333333],True,True,True,0.0,1.0,0.0,"[65, 964, 279, 58, 155, 194, 682, 312]","[65, 964, 279, 58, 155]","[194, 682, 312]",5,3
m3glvq_k0_5_k1_3_eta_001,4,1620,405,0.5500658761528328,0.5748792270531401,0.5586854460093896,0.5666666666666667,0.5506172839506173,42,"{0: 5, 1: 3}",150,0.01,[0.33333333 0.33333333 0.33333333],True,True,True,0.716158067726677,0.1940127736038361,0.0898291586694869,"[1545, 1104, 623, 740, 1361, 1258, 1025, 759]","[1545, 1104, 623, 740, 1361]","[1258, 1025, 759]",5,3
m3glvq_k0_5_k1_4_eta_001,0,1620,405,0.5197066575556424,0.4759615384615384,0.5351351351351351,0.5038167938931298,0.5185185185185185,42,"{0: 5, 1: 4}",150,0.01,[0.33333333 0.33333333 0.33333333],True,True,True,1.0,0.0,0.0,"[386, 531, 771, 887, 1537, 668, 194, 1447, 837]","[386, 531, 771, 887, 1537]","[668, 194, 1447, 837]",5,4
m3glvq_k0_5_k1_4_eta_001,1,1620,405,0.5897110503709488,0.4230769230769231,0.6470588235294118,0.5116279069767442,0.5851851851851851,42,"{0: 5, 1: 4}",150,0.01,[0.33333333 0.33333333 0.33333333],True,True,True,1.0,0.0,0.0,"[498, 187, 1494, 366, 970, 1431, 1442, 984, 1618]","[498, 187, 1494, 366, 970]","[1431, 1442, 984, 1618]",5,4
m3glvq_k0_5_k1_4_eta_001,2,1620,405,0.5531164584146817,0.3701923076923077,0.5968992248062015,0.456973293768546,0.5481481481481482,42,"{0: 5, 1: 4}",150,0.01,[0.33333333 0.33333333 0.33333333],True,True,True,1.0,0.0,0.0,"[105, 1471, 421, 374, 588, 1063, 1431, 723, 139]","[105, 1471, 421, 374, 588]","[1063, 1431, 723, 139]",5,4
m3glvq_k0_5_k1_4_eta_001,3,1620,405,0.5173473869126043,0.3478260869565217,0.5373134328358209,0.4222873900293255,0.5135802469135803,42,"{0: 5, 1: 4}",150,0.01,[0.33333333 0.33333333 0.33333333],True,True,True,0.0,1.0,0.0,"[482, 1492, 440, 24, 964, 194, 1343, 1489, 150]","[482, 1492, 440, 24, 964]","[194, 1343, 1489, 150]",5,4
m3glvq_k0_5_k1_4_eta_001,4,1620,405,0.5303030303030303,0.4444444444444444,0.5476190476190477,0.4906666666666667,0.528395061728395,42,"{0: 5, 1: 4}",150,0.01,[0.33333333 0.33333333 0.33333333],True,True,True,1.0,0.0,0.0,"[384, 623, 1474, 1073, 233, 1443, 207, 631, 1025]","[384, 623, 1474, 1073, 233]","[1443, 207, 631, 1025]",5,4
m3glvq_k0_5_k1_5_eta_001,0,1620,405,0.546295392424834,0.4326923076923077,0.5732484076433121,0.4931506849315067,0.5432098765432098,42,"{0: 5, 1: 5}",150,0.01,[0.33333333 0.33333333 0.33333333],True,True,True,1.0,0.0,0.0,"[1499, 386, 1348, 97, 771, 164, 1039, 1038, 418, 1078]","[1499, 386, 1348, 97, 771]","[164, 1039, 1038, 418, 1078]",5,5
m3glvq_k0_5_k1_5_eta_001,1,1620,405,0.5584488481062085,0.4519230769230769,0.5875,0.5108695652173914,0.5555555555555556,42,"{0: 5, 1: 5}",150,0.01,[0.33333333 0.33333333 0.33333333],True,True,True,1.0,0.0,0.0,"[1494, 187, 35, 1073, 585, 1045, 984, 338, 1060, 1431]","[1494, 187, 35, 1073, 585]","[1045, 984, 338, 1060, 1431]",5,5
m3glvq_k0_5_k1_5_eta_001,2,1620,405,0.5521768840296759,0.4038461538461538,0.5874125874125874,0.4786324786324786,0.5481481481481482,42,"{0: 5, 1: 5}",150,0.01,[0.33333333 0.33333333 0.33333333],True,True,True,1.0,0.0,0.0,"[374, 1471, 516, 132, 1265, 136, 910, 87, 1063, 723]","[374, 1471, 516, 132, 1265]","[136, 910, 87, 1063, 723]",5,5
m3glvq_k0_5_k1_5_eta_001,3,1620,405,0.56477821695213,0.5942028985507246,0.5720930232558139,0.5829383886255924,0.5654320987654321,42,"{0: 5, 1: 5}",150,0.01,[0.33333333 0.33333333 0.33333333],True,True,True,0.99403573464927,0.0059642653507302,0.0,"[179, 1268, 1536, 997, 14, 1008, 194, 771, 1444, 1041]","[179, 1268, 1536, 997, 14]","[1008, 194, 771, 1444, 1041]",5,5
m3glvq_k0_5_k1_5_eta_001,4,1620,405,0.529754062362758,0.4685990338164251,0.5449438202247191,0.5038961038961038,0.528395061728395,42,"{0: 5, 1: 5}",150,0.01,[0.33333333 0.33333333 0.33333333],True,True,True,1.0,0.0,0.0,"[384, 958, 1013, 501, 784, 759, 1102, 1025, 207, 766]","[384, 958, 1013, 501, 784]","[759, 1102, 1025, 207, 766]",5,5
m3glvq_k0_5_k1_6_eta_001,0,1620,405,0.5006101132370169,0.4326923076923077,0.5142857142857142,0.4699738903394255,0.4987654320987654,42,"{0: 5, 1: 6}",150,0.01,[0.33333333 0.33333333 0.33333333],True,True,True,1.0,0.0,0.0,"[1394, 213, 500, 1348, 972, 668, 745, 810, 1326, 178, 463]","[1394, 213, 500, 1348, 972]","[668, 745, 810, 1326, 178, 463]",5,6
m3glvq_k0_5_k1_6_eta_001,1,1620,405,0.5575092737212026,0.4855769230769231,0.5804597701149425,0.5287958115183246,0.5555555555555556,42,"{0: 5, 1: 6}",150,0.01,[0.33333333 0.33333333 0.33333333],True,True,True,1.0,0.0,0.0,"[741, 366, 1394, 870, 1537, 1431, 1029, 984, 91, 725, 201]","[741, 366, 1394, 870, 1537]","[1431, 1029, 984, 91, 725, 201]",5,6
m3glvq_k0_5_k1_6_eta_001,2,1620,405,0.5742263764154627,0.3413461538461538,0.6513761467889908,0.4479495268138801,0.5679012345679012,42,"{0: 5, 1: 6}",150,0.01,[0.33333333 0.33333333 0.33333333],True,True,True,1.0,0.0,0.0,"[1005, 374, 1471, 132, 1229, 1442, 297, 1418, 962, 779, 978]","[1005, 374, 1471, 132, 1229]","[1442, 297, 1418, 962, 779, 978]",5,6
m3glvq_k0_5_k1_6_eta_001,3,1620,405,0.5865173473869125,0.6376811594202898,0.5892857142857143,0.6125290023201857,0.5876543209876544,42,"{0: 5, 1: 6}",150,0.01,[0.33333333 0.33333333 0.33333333],True,True,True,0.5828440146882091,0.4171559853117909,0.0,"[302, 778, 1536, 482, 948, 1416, 176, 1146, 1008, 1444, 194]","[302, 778, 1536, 482, 948]","[1416, 176, 1146, 1008, 1444, 194]",5,6
m3glvq_k0_5_k1_6_eta_001,4,1620,405,0.5782828282828283,0.3333333333333333,0.6634615384615384,0.4437299035369774,0.5728395061728395,42,"{0: 5, 1: 6}",150,0.01,[0.33333333 0.33333333 0.33333333],True,True,True,1.0,0.0,0.0,"[617, 958, 233, 416, 921, 1240, 349, 152, 377, 1025, 1270]","[617, 958, 233, 416, 921]","[1240, 349, 152, 377, 1025, 1270]",5,6
m3glvq_k0_5_k1_7_eta_001,0,1620,405,0.5426713197969544,0.5625,0.5545023696682464,0.558472553699284,0.5432098765432098,42,"{0: 5, 1: 7}",150,0.01,[0.33333333 0.33333333 0.33333333],True,True,True,1.0,0.0,0.0,"[222, 97, 771, 386, 887, 1151, 1043, 1447, 1398, 1562, 178, 381]","[222, 97, 771, 386, 887]","[1151, 1043, 1447, 1398, 1562, 178, 381]",5,7
m3glvq_k0_5_k1_7_eta_001,1,1620,405,0.5747388715345568,0.5048076923076923,0.6,0.5483028720626633,0.5728395061728395,42,"{0: 5, 1: 7}",150,0.01,[0.33333333 0.33333333 0.33333333],True,True,True,1.0,0.0,0.0,"[1006, 1200, 1604, 366, 1008, 725, 1390, 1544, 1060, 439, 1349, 201]","[1006, 1200, 1604, 366, 1008]","[725, 1390, 1544, 1060, 439, 1349, 201]",5,7
m3glvq_k0_5_k1_7_eta_001,2,1620,405,0.539205876610699,0.5048076923076923,0.5555555555555556,0.5289672544080605,0.5382716049382716,42,"{0: 5, 1: 7}",150,0.01,[0.33333333 0.33333333 0.33333333],True,True,True,1.0,0.0,0.0,"[1011, 153, 374, 1005, 1471, 1283, 139, 183, 1057, 385, 1320, 821]","[1011, 153, 374, 1005, 1471]","[1283, 139, 183, 1057, 385, 1320, 821]",5,7
m3glvq_k0_5_k1_7_eta_001,3,1620,405,0.5060386473429952,0.6231884057971014,0.516,0.5645514223194747,0.508641975308642,42,"{0: 5, 1: 7}",150,0.01,[0.33333333 0.33333333 0.33333333],True,True,True,0.0188272498321495,0.9811727501678504,0.0,"[482, 1492, 155, 964, 279, 556, 1416, 249, 763, 204, 453, 1036]","[482, 1492, 155, 964, 279]","[556, 1416, 249, 763, 204, 453, 1036]",5,7
m3glvq_k0_5_k1_7_eta_001,4,1620,405,0.5735617039964866,0.5410628019323671,0.5894736842105263,0.5642317380352645,0.5728395061728395,42,"{0: 5, 1: 7}",150,0.01,[0.33333333 0.33333333 0.33333333],True,True,True,1.0,0.0,0.0,"[623, 384, 1474, 1048, 499, 1025, 1052, 463, 1167, 631, 1270, 766]","[623, 384, 1474, 1048, 499]","[1025, 1052, 463, 1167, 631, 1270, 766]",5,7
m3glvq_k0_5_k1_8_eta_001,0,1620,405,0.5371925029285435,0.5769230769230769,0.547945205479452,0.5620608899297423,0.5382716049382716,42,"{0: 5, 1: 8}",150,0.01,[0.33333333 0.33333333 0.33333333],True,True,True,1.0,0.0,0.0,"[386, 1269, 1499, 1468, 1333, 745, 164, 668, 31, 810, 140, 976, 178]","[386, 1269, 1499, 1468, 1333]","[745, 164, 668, 31, 810, 140, 976, 178]",5,8
m3glvq_k0_5_k1_8_eta_001,1,1620,405,0.5648428348301444,0.5865384615384616,0.5754716981132075,0.5809523809523809,0.5654320987654321,42,"{0: 5, 1: 8}",150,0.01,[0.33333333 0.33333333 0.33333333],True,True,True,1.0,0.0,0.0,"[366, 1395, 870, 1006, 1494, 1442, 442, 1349, 984, 968, 951, 725, 1074]","[366, 1395, 870, 1006, 1494]","[1442, 442, 1349, 984, 968, 951, 725, 1074]",5,8
m3glvq_k0_5_k1_8_eta_001,2,1620,405,0.547491214369387,0.4807692307692308,0.5681818181818182,0.5208333333333334,0.5456790123456791,42,"{0: 5, 1: 8}",150,0.01,[0.33333333 0.33333333 0.33333333],True,True,True,1.0,0.0,0.0,"[374, 588, 1590, 1001, 855, 285, 1571, 723, 978, 268, 183, 785, 1320]","[374, 588, 1590, 1001, 855]","[285, 1571, 723, 978, 268, 183, 785, 1320]",5,8
m3glvq_k0_5_k1_8_eta_001,3,1620,405,0.558300395256917,0.5458937198067633,0.5707070707070707,0.5580246913580247,0.5580246913580247,42,"{0: 5, 1: 8}",150,0.01,[0.33333333 0.33333333 0.33333333],True,True,True,1.0,0.0,0.0,"[1134, 1025, 1536, 482, 1468, 50, 1041, 233, 763, 1008, 1564, 843, 1003]","[1134, 1025, 1536, 482, 1468]","[50, 1041, 233, 763, 1008, 1564, 843, 1003]",5,8
m3glvq_k0_5_k1_8_eta_001,4,1620,405,0.5835529205094423,0.5458937198067633,0.601063829787234,0.5721518987341772,0.582716049382716,42,"{0: 5, 1: 8}",150,0.01,[0.33333333 0.33333333 0.33333333],True,True,True,1.0,0.0,0.0,"[384, 1048, 259, 1044, 1112, 1162, 1443, 1368, 758, 1025, 238, 34, 1092]","[384, 1048, 259, 1044, 1112]","[1162, 1443, 1368, 758, 1025, 238, 34, 1092]",5,8
m3glvq_k0_5_k1_9_eta_001,0,1620,405,0.5262592737212026,0.4230769230769231,0.546583850931677,0.4769647696476965,0.5234567901234568,42,"{0: 5, 1: 9}",150,0.01,[0.33333333 0.33333333 0.33333333],True,True,True,1.0,0.0,0.0,"[502, 1348, 386, 1071, 771, 228, 147, 194, 855, 366, 1078, 852, 324, 1132]","[502, 1348, 386, 1071, 771]","[228, 147, 194, 855, 366, 1078, 852, 324, 1132]",5,9
m3glvq_k0_5_k1_9_eta_001,1,1620,405,0.560718469347911,0.4615384615384615,0.588957055214724,0.5175202156334232,0.5580246913580247,42,"{0: 5, 1: 9}",150,0.01,[0.33333333 0.33333333 0.33333333],True,True,True,1.0,0.0,0.0,"[1537, 1345, 35, 366, 1591, 984, 1574, 724, 342, 1349, 1019, 1060, 233, 823]","[1537, 1345, 35, 366, 1591]","[984, 1574, 724, 342, 1349, 1019, 1060, 233, 823]",5,9
m3glvq_k0_5_k1_9_eta_001,2,1620,405,0.5478816868410776,0.5576923076923077,0.5603864734299517,0.5590361445783133,0.5481481481481482,42,"{0: 5, 1: 9}",150,0.01,[0.33333333 0.33333333 0.33333333],True,True,True,1.0,0.0,0.0,"[1011, 1471, 1328, 1005, 549, 1520, 1610, 1455, 524, 978, 723, 1320, 784, 385]","[1011, 1471, 1328, 1005, 549]","[1520, 1610, 1455, 524, 978, 723, 1320, 784, 385]",5,9
m3glvq_k0_5_k1_9_eta_001,3,1620,405,0.4744180939833113,0.5700483091787439,0.4896265560165975,0.5267857142857143,0.4765432098765432,42,"{0: 5, 1: 9}",150,0.01,[0.33333333 0.33333333 0.33333333],True,True,True,0.0012933128572193,0.9953733538094478,0.0033333333333329,"[616, 179, 482, 155, 964, 1084, 1003, 872, 1343, 25, 844, 350, 276, 1489]","[616, 179, 482, 155, 964]","[1084, 1003, 872, 1343, 25, 844, 350, 276, 1489]",5,9
m3glvq_k0_5_k1_9_eta_001,4,1620,405,0.5385375494071146,0.6376811594202898,0.5432098765432098,0.5866666666666667,0.5407407407407407,42,"{0: 5, 1: 9}",150,0.01,[0.33333333 0.33333333 0.33333333],True,True,True,0.9964419016596924,0.0002247650069743,0.0033333333333331,"[1474, 921, 499, 1080, 102, 1025, 336, 1439, 631, 1167, 1477, 1058, 864, 1019]","[1474, 921, 499, 1080, 102]","[1025, 336, 1439, 631, 1167, 1477, 1058, 864, 1019]",5,9
m3glvq_k0_5_k1_10_eta_001,0,1620,405,0.5648306325654042,0.6778846153846154,0.5662650602409639,0.6170678336980308,0.5679012345679012,42,"{0: 5, 1: 10}",150,0.01,[0.33333333 0.33333333 0.33333333],True,True,True,0.9933333333333968,0.0033333333333015,0.0033333333333015,"[1035, 97, 771, 1348, 386, 1117, 1472, 1239, 1030, 839, 469, 1398, 957, 1042, 976]","[1035, 97, 771, 1348, 386]","[1117, 1472, 1239, 1030, 839, 469, 1398, 957, 1042, 976]",5,10
m3glvq_k0_5_k1_10_eta_001,1,1620,405,0.5056740531042562,0.5240384615384616,0.5190476190476191,0.521531100478469,0.5061728395061729,42,"{0: 5, 1: 10}",150,0.01,[0.33333333 0.33333333 0.33333333],True,True,True,0.6887838751379544,0.3112161248620456,0.0,"[1494, 277, 453, 1200, 741, 724, 1022, 644, 1399, 1333, 664, 823, 184, 429, 28]","[1494, 277, 453, 1200, 741]","[724, 1022, 644, 1399, 1333, 664, 823, 184, 429, 28]",5,10
m3glvq_k0_5_k1_10_eta_001,2,1620,405,0.553628953533776,0.5336538461538461,0.5692307692307692,0.5508684863523574,0.5530864197530864,42,"{0: 5, 1: 10}",150,0.01,[0.33333333 0.33333333 0.33333333],True,True,True,0.800456350803321,0.199543649196679,0.0,"[1471, 1347, 1122, 1503, 694, 87, 174, 726, 1007, 230, 780, 563, 723, 910, 335]","[1471, 1347, 1122, 1503, 694]","[87, 174, 726, 1007, 230, 780, 563, 723, 910, 335]",5,10
m3glvq_k0_5_k1_10_eta_001,3,1620,405,0.5774044795783926,0.5942028985507246,0.5857142857142857,0.5899280575539567,0.5777777777777777,42,"{0: 5, 1: 10}",150,0.01,[0.33333333 0.33333333 0.33333333],True,True,True,1.0,0.0,0.0,"[482, 1483, 110, 957, 1374, 817, 1008, 1097, 1146, 701, 1544, 188, 927, 194, 499]","[482, 1483, 110, 957, 1374]","[817, 1008, 1097, 1146, 701, 1544, 188, 927, 194, 499]",5,10
m3glvq_k0_5_k1_10_eta_001,4,1620,405,0.6043039086517348,0.5217391304347826,0.6352941176470588,0.572944297082228,0.6024691358024692,42,"{0: 5, 1: 10}",150,0.01,[0.33333333 0.33333333 0.33333333],True,True,True,1.0,0.0,0.0,"[775, 384, 901, 740, 1048, 1471, 1025, 729, 759, 34, 237, 633, 382, 1368, 1188]","[775, 384, 901, 740, 1048]","[1471, 1025, 729, 759, 34, 237, 633, 382, 1368, 1188]",5,10
m3glvq_k0_6_k1_3_eta_001,0,1620,405,0.5300053689964858,0.3798076923076923,0.5563380281690141,0.4514285714285714,0.5259259259259259,42,"{0: 6, 1: 3}",150,0.01,[0.33333333 0.33333333 0.33333333],True,True,True,1.0,0.0,0.0,"[222, 1027, 272, 1468, 869, 386, 1039, 1078, 806]","[222, 1027, 272, 1468, 869, 386]","[1039, 1078, 806]",6,3
m3glvq_k0_6_k1_3_eta_001,1,1620,405,0.5720787778211636,0.4182692307692308,0.6170212765957447,0.498567335243553,0.5679012345679012,42,"{0: 6, 1: 3}",150,0.01,[0.33333333 0.33333333 0.33333333],True,True,True,0.5763103512240446,0.4236896487759555,0.0,"[1119, 1357, 585, 277, 1494, 880, 927, 1019, 644]","[1119, 1357, 585, 277, 1494, 880]","[927, 1019, 644]",6,3
m3glvq_k0_6_k1_3_eta_001,2,1620,405,0.5866116751269035,0.625,0.593607305936073,0.6088992974238876,0.5876543209876544,42,"{0: 6, 1: 3}",150,0.01,[0.33333333 0.33333333 0.33333333],True,True,True,0.344212845754393,0.403115368067411,0.252671786178196,"[1247, 1064, 199, 1503, 215, 1347, 527, 1442, 1392]","[1247, 1064, 199, 1503, 215, 1347]","[527, 1442, 1392]",6,3
m3glvq_k0_6_k1_3_eta_001,3,1620,405,0.5780632411067194,0.5652173913043478,0.5909090909090909,0.5777777777777778,0.5777777777777777,42,"{0: 6, 1: 3}",150,0.01,[0.33333333 0.33333333 0.33333333],True,True,True,1.0,0.0,0.0,"[85, 1381, 1468, 561, 988, 737, 1262, 1525, 466]","[85, 1381, 1468, 561, 988, 737]","[1262, 1525, 466]",6,3
m3glvq_k0_6_k1_3_eta_001,4,1620,405,0.5499560825647782,0.357487922705314,0.592,0.4457831325301205,0.5456790123456791,42,"{0: 6, 1: 3}",150,0.01,[0.33333333 0.33333333 0.33333333],True,True,True,1.0,0.0,0.0,"[384, 1048, 1013, 784, 233, 623, 818, 631, 1025]","[384, 1048, 1013, 784, 233, 623]","[818, 631, 1025]",6,3
m3glvq_k0_6_k1_4_eta_001,0,1620,405,0.5480281140179617,0.4615384615384615,0.5714285714285714,0.5106382978723405,0.5456790123456791,42,"{0: 6, 1: 4}",150,0.01,[0.33333333 0.33333333 0.33333333],True,True,True,1.0,0.0,0.0,"[754, 1537, 836, 1348, 419, 213, 855, 85, 850, 1076]","[754, 1537, 836, 1348, 419, 213]","[855, 85, 850, 1076]",6,4
m3glvq_k0_6_k1_4_eta_001,1,1620,405,0.5398892034361578,0.3894230769230769,0.5704225352112676,0.4628571428571428,0.5358024691358024,42,"{0: 6, 1: 4}",150,0.01,[0.33333333 0.33333333 0.33333333],True,True,True,0.9275187238426448,0.0724812761573552,0.0,"[1537, 870, 954, 388, 880, 187, 148, 1431, 1442, 1390]","[1537, 870, 954, 388, 880, 187]","[148, 1431, 1442, 1390]",6,4
m3glvq_k0_6_k1_4_eta_001,2,1620,405,0.5683326825458805,0.4615384615384615,0.6,0.5217391304347826,0.5654320987654321,42,"{0: 6, 1: 4}",150,0.01,[0.33333333 0.33333333 0.33333333],True,True,True,1.0,0.0,0.0,"[1001, 516, 374, 1005, 1471, 1566, 139, 1431, 604, 962]","[1001, 516, 374, 1005, 1471, 1566]","[139, 1431, 604, 962]",6,4
m3glvq_k0_6_k1_4_eta_001,3,1620,405,0.5274483970136143,0.4589371980676328,0.5428571428571428,0.4973821989528795,0.5259259259259259,42,"{0: 6, 1: 4}",150,0.01,[0.33333333 0.33333333 0.33333333],True,True,True,1.0,0.0,0.0,"[179, 1536, 997, 482, 302, 1381, 1444, 840, 420, 856]","[179, 1536, 997, 482, 302, 1381]","[1444, 840, 420, 856]",6,4
m3glvq_k0_6_k1_4_eta_001,4,1620,405,0.5496267018006148,0.2608695652173913,0.627906976744186,0.3686006825938566,0.5432098765432098,42,"{0: 6, 1: 4}",150,0.01,[0.33333333 0.33333333 0.33333333],True,True,True,1.0,0.0,0.0,"[657, 1325, 384, 617, 1013, 921, 1443, 1587, 631, 1025]","[657, 1325, 384, 617, 1013, 921]","[1443, 1587, 631, 1025]",6,4
m3glvq_k0_6_k1_5_eta_001,0,1620,405,0.5384127294025771,0.4423076923076923,0.5609756097560976,0.4946236559139785,0.5358024691358024,42,"{0: 6, 1: 5}",150,0.01,[0.33333333 0.33333333 0.33333333],True,True,True,1.0,0.0,0.0,"[1333, 906, 1468, 97, 1035, 754, 469, 12, 1039, 462, 1076]","[1333, 906, 1468, 97, 1035, 754]","[469, 12, 1039, 462, 1076]",6,5
m3glvq_k0_6_k1_5_eta_001,1,1620,405,0.587429226864506,0.5048076923076923,0.6176470588235294,0.5555555555555556,0.5851851851851851,42,"{0: 6, 1: 5}",150,0.01,[0.33333333 0.33333333 0.33333333],True,True,True,1.0,0.0,0.0,"[164, 447, 111, 366, 970, 880, 364, 984, 47, 725, 724]","[164, 447, 111, 366, 970, 880]","[364, 984, 47, 725, 724]",6,5
m3glvq_k0_6_k1_5_eta_001,2,1620,405,0.5492483404919953,0.3269230769230769,0.6017699115044248,0.4236760124610592,0.5432098765432098,42,"{0: 6, 1: 5}",150,0.01,[0.33333333 0.33333333 0.33333333],True,True,True,1.0,0.0,0.0,"[1005, 1471, 516, 588, 400, 1328, 304, 87, 486, 962, 285]","[1005, 1471, 516, 588, 400, 1328]","[304, 87, 486, 962, 285]",6,5
m3glvq_k0_6_k1_5_eta_001,3,1620,405,0.5225076855511638,0.3429951690821256,0.5461538461538461,0.4213649851632047,0.5185185185185185,42,"{0: 6, 1: 5}",150,0.01,[0.33333333 0.33333333 0.33333333],True,True,True,0.0,1.0,0.0,"[1492, 396, 440, 20, 482, 537, 194, 176, 682, 1489, 350]","[1492, 396, 440, 20, 482, 537]","[194, 176, 682, 1489, 350]",6,5
m3glvq_k0_6_k1_5_eta_001,4,1620,405,0.5754281949934124,0.4589371980676328,0.6089743589743589,0.5234159779614325,0.5728395061728395,42,"{0: 6, 1: 5}",150,0.01,[0.33333333 0.33333333 0.33333333],True,True,True,1.0,0.0,0.0,"[623, 384, 1044, 1278, 259, 501, 1025, 1270, 631, 1052, 349]","[623, 384, 1044, 1278, 259, 501]","[1025, 1270, 631, 1052, 349]",6,5
m3glvq_k0_6_k1_6_eta_001,0,1620,405,0.5388032018742679,0.5192307692307693,0.5538461538461539,0.5359801488833748,0.5382716049382716,42,"{0: 6, 1: 6}",150,0.01,[0.33333333 0.33333333 0.33333333],True,True,True,1.0,0.0,0.0,"[494, 1414, 386, 887, 739, 1537, 1447, 852, 347, 668, 194, 164]","[494, 1414, 386, 887, 739, 1537]","[1447, 852, 347, 668, 194, 164]",6,6
m3glvq_k0_6_k1_6_eta_001,1,1620,405,0.5975815111284655,0.5048076923076923,0.6325301204819277,0.5614973262032085,0.5950617283950618,42,"{0: 6, 1: 6}",150,0.01,[0.33333333 0.33333333 0.33333333],True,True,True,1.0,0.0,0.0,"[1494, 366, 880, 164, 1008, 870, 596, 1349, 439, 826, 1279, 1442]","[1494, 366, 880, 164, 1008, 870]","[596, 1349, 439, 826, 1279, 1442]",6,6
m3glvq_k0_6_k1_6_eta_001,2,1620,405,0.5435010737992971,0.3509615384615384,0.584,0.4384384384384384,0.5382716049382716,42,"{0: 6, 1: 6}",150,0.01,[0.33333333 0.33333333 0.33333333],True,True,True,1.0,0.0,0.0,"[1471, 1194, 1011, 1387, 993, 549, 404, 505, 369, 139, 186, 1039]","[1471, 1194, 1011, 1387, 993, 549]","[404, 505, 369, 139, 186, 1039]",6,6
m3glvq_k0_6_k1_6_eta_001,3,1620,405,0.535243741765481,0.6714975845410628,0.5387596899224806,0.5978494623655913,0.5382716049382716,42,"{0: 6, 1: 6}",150,0.01,[0.33333333 0.33333333 0.33333333],True,True,True,0.0,1.0,0.0,"[1020, 65, 1415, 964, 155, 340, 350, 1489, 1084, 194, 177, 25]","[1020, 65, 1415, 964, 155, 340]","[350, 1489, 1084, 194, 177, 25]",6,6
m3glvq_k0_6_k1_6_eta_001,4,1620,405,0.5632411067193676,0.4396135265700483,0.5947712418300654,0.5055555555555555,0.5604938271604938,42,"{0: 6, 1: 6}",150,0.01,[0.33333333 0.33333333 0.33333333],True,True,True,1.0,0.0,0.0,"[403, 623, 1044, 809, 1048, 384, 759, 1167, 1106, 681, 465, 758]","[403, 623, 1044, 809, 1048, 384]","[759, 1167, 1106, 681, 465, 758]",6,6
m3glvq_k0_6_k1_7_eta_001,0,1620,405,0.5762153455681375,0.4519230769230769,0.6143790849673203,0.5207756232686981,0.5728395061728395,42,"{0: 6, 1: 7}",150,0.01,[0.33333333 0.33333333 0.33333333],True,True,True,0.8248226761926766,0.1751773238073234,0.0,"[500, 477, 1348, 570, 1352, 1024, 463, 1325, 5, 745, 147, 1083, 1091]","[500, 477, 1348, 570, 1352, 1024]","[463, 1325, 5, 745, 147, 1083, 1091]",6,7
m3glvq_k0_6_k1_7_eta_001,1,1620,405,0.5767400429519719,0.5240384615384616,0.5989010989010989,0.558974358974359,0.5753086419753086,42,"{0: 6, 1: 7}",150,0.01,[0.33333333 0.33333333 0.33333333],True,True,True,1.0,0.0,0.0,"[970, 1016, 366, 498, 414, 1394, 724, 148, 1060, 316, 596, 1349, 1022]","[970, 1016, 366, 498, 414, 1394]","[724, 148, 1060, 316, 596, 1349, 1022]",6,7
m3glvq_k0_6_k1_7_eta_001,2,1620,405,0.5808766106989458,0.5576923076923077,0.5979381443298969,0.5771144278606966,0.5802469135802469,42,"{0: 6, 1: 7}",150,0.01,[0.33333333 0.33333333 0.33333333],True,True,True,1.0,0.0,0.0,"[105, 1541, 830, 549, 1328, 1001, 448, 1359, 604, 1015, 368, 962, 821]","[105, 1541, 830, 549, 1328, 1001]","[448, 1359, 604, 1015, 368, 962, 821]",6,7
m3glvq_k0_6_k1_7_eta_001,3,1620,405,0.5131752305665349,0.1980676328502415,0.5466666666666666,0.2907801418439716,0.5061728395061729,42,"{0: 6, 1: 7}",150,0.01,[0.33333333 0.33333333 0.33333333],True,True,True,0.0,1.0,0.0,"[1348, 537, 302, 503, 482, 279, 1064, 556, 1343, 150, 1248, 1544, 453]","[1348, 537, 302, 503, 482, 279]","[1064, 556, 1343, 150, 1248, 1544, 453]",6,7
m3glvq_k0_6_k1_7_eta_001,4,1620,405,0.5521519543258674,0.4830917874396135,0.5714285714285714,0.5235602094240838,0.5506172839506173,42,"{0: 6, 1: 7}",150,0.01,[0.33333333 0.33333333 0.33333333],True,True,True,1.0,0.0,0.0,"[1044, 384, 115, 403, 1474, 233, 171, 631, 1270, 1025, 242, 368, 431]","[1044, 384, 115, 403, 1474, 233]","[171, 631, 1270, 1025, 242, 368, 431]",6,7
m3glvq_k0_6_k1_8_eta_001,0,1620,405,0.5020987895353377,0.2884615384615384,0.5172413793103449,0.3703703703703704,0.4962962962962963,42,"{0: 6, 1: 8}",150,0.01,[0.33333333 0.33333333 0.33333333],True,True,True,1.0,0.0,0.0,"[1468, 1537, 97, 1426, 1204, 1333, 470, 976, 553, 810, 957, 1039, 1042, 1047]","[1468, 1537, 97, 1426, 1204, 1333]","[470, 976, 553, 810, 957, 1039, 1042, 1047]",6,8
m3glvq_k0_6_k1_8_eta_001,1,1620,405,0.5420245997657165,0.4038461538461538,0.5714285714285714,0.4732394366197183,0.5382716049382716,42,"{0: 6, 1: 8}",150,0.01,[0.33333333 0.33333333 0.33333333],True,True,True,1.0,0.0,0.0,"[539, 585, 366, 799, 25, 1604, 1029, 521, 1108, 570, 442, 724, 145, 644]","[539, 585, 366, 799, 25, 1604]","[1029, 521, 1108, 570, 442, 724, 145, 644]",6,8
m3glvq_k0_6_k1_8_eta_001,2,1620,405,0.5861113822725498,0.3701923076923077,0.6637931034482759,0.4753086419753086,0.5802469135802469,42,"{0: 6, 1: 8}",150,0.01,[0.33333333 0.33333333 0.33333333],True,True,True,1.0,0.0,0.0,"[374, 548, 1047, 1001, 1471, 1590, 730, 723, 563, 1063, 962, 1082, 353, 528]","[374, 548, 1047, 1001, 1471, 1590]","[730, 723, 563, 1063, 962, 1082, 353, 528]",6,8
m3glvq_k0_6_k1_8_eta_001,3,1620,405,0.5705972771190162,0.4492753623188406,0.6038961038961039,0.515235457063712,0.5679012345679012,42,"{0: 6, 1: 8}",150,0.01,[0.33333333 0.33333333 0.33333333],True,True,True,1.0,0.0,0.0,"[482, 139, 302, 179, 1059, 1468, 1544, 143, 1008, 763, 1036, 856, 1159, 1003]","[482, 139, 302, 179, 1059, 1468]","[1544, 143, 1008, 763, 1036, 856, 1159, 1003]",6,8
m3glvq_k0_6_k1_8_eta_001,4,1620,405,0.5856389986824769,0.5652173913043478,0.6,0.582089552238806,0.5851851851851851,42,"{0: 6, 1: 8}",150,0.01,[0.33333333 0.33333333 0.33333333],True,True,True,1.0,0.0,0.0,"[499, 223, 384, 1044, 1013, 403, 631, 33, 1052, 1270, 758, 550, 1364, 1220]","[499, 223, 384, 1044, 1013, 403]","[631, 33, 1052, 1270, 758, 550, 1364, 1220]",6,8
m3glvq_k0_6_k1_9_eta_001,0,1620,405,0.5218664584146817,0.3076923076923077,0.5517241379310345,0.3950617283950617,0.5160493827160494,42,"{0: 6, 1: 9}",150,0.01,[0.33333333 0.33333333 0.33333333],True,True,True,1.0,0.0,0.0,"[254, 1385, 1426, 1035, 1204, 1350, 604, 1117, 1447, 469, 309, 187, 744, 1019, 463]","[254, 1385, 1426, 1035, 1204, 1350]","[604, 1117, 1447, 469, 309, 187, 744, 1019, 463]",6,9
m3glvq_k0_6_k1_9_eta_001,1,1620,405,0.5875634517766497,0.5,0.6190476190476191,0.5531914893617021,0.5851851851851851,42,"{0: 6, 1: 9}",150,0.01,[0.33333333 0.33333333 0.33333333],True,True,True,1.0,0.0,0.0,"[98, 1016, 1324, 880, 300, 164, 1442, 151, 1019, 724, 823, 1022, 148, 1349, 962]","[98, 1016, 1324, 880, 300, 164]","[1442, 151, 1019, 724, 823, 1022, 148, 1349, 962]",6,9
m3glvq_k0_6_k1_9_eta_001,2,1620,405,0.5688695821944553,0.4423076923076923,0.6052631578947368,0.5111111111111111,0.5654320987654321,42,"{0: 6, 1: 9}",150,0.01,[0.33333333 0.33333333 0.33333333],True,True,True,1.0,0.0,0.0,"[1229, 374, 1005, 1378, 1503, 1471, 183, 730, 780, 723, 1147, 962, 385, 87, 910]","[1229, 374, 1005, 1378, 1503, 1471]","[183, 730, 780, 723, 1147, 962, 385, 87, 910]",6,9
m3glvq_k0_6_k1_9_eta_001,3,1620,405,0.5666447079490557,0.6231884057971014,0.5707964601769911,0.5958429561200924,0.5679012345679012,42,"{0: 6, 1: 9}",150,0.01,[0.33333333 0.33333333 0.33333333],True,True,True,1.0,0.0,0.0,"[1025, 110, 1468, 437, 482, 139, 1470, 637, 356, 1431, 468, 1041, 1076, 1052, 922]","[1025, 110, 1468, 437, 482, 139]","[1470, 637, 356, 1431, 468, 1041, 1076, 1052, 922]",6,9
m3glvq_k0_6_k1_9_eta_001,4,1620,405,0.5541282389108476,0.3961352657004831,0.5899280575539568,0.4739884393063583,0.5506172839506173,42,"{0: 6, 1: 9}",150,0.01,[0.33333333 0.33333333 0.33333333],True,True,True,1.0,0.0,0.0,"[202, 809, 384, 617, 102, 1073, 1368, 31, 997, 681, 1364, 1404, 1342, 698, 1258]","[202, 809, 384, 617, 102, 1073]","[1368, 31, 997, 681, 1364, 1404, 1342, 698, 1258]",6,9
m3glvq_k0_6_k1_10_eta_001,0,1620,405,0.5361431081608747,0.4326923076923077,0.5590062111801242,0.4878048780487805,0.5333333333333333,42,"{0: 6, 1: 10}",150,0.01,[0.33333333 0.33333333 0.33333333],True,True,True,1.0,0.0,0.0,"[494, 1414, 1333, 222, 615, 1426, 976, 668, 1481, 1078, 1351, 553, 291, 351, 604, 431]","[494, 1414, 1333, 222, 615, 1426]","[976, 668, 1481, 1078, 1351, 553, 291, 351, 604, 431]",6,10
m3glvq_k0_6_k1_10_eta_001,1,1620,405,0.5154358648965248,0.4471153846153846,0.5314285714285715,0.4856396866840731,0.5135802469135803,42,"{0: 6, 1: 10}",150,0.01,[0.33333333 0.33333333 0.33333333],True,True,True,1.0,0.0,0.0,"[1229, 398, 961, 35, 366, 1267, 145, 233, 724, 1254, 1250, 644, 1349, 570, 521, 1108]","[1229, 398, 961, 35, 366, 1267]","[145, 233, 724, 1254, 1250, 644, 1349, 570, 521, 1108]",6,10
m3glvq_k0_6_k1_10_eta_001,2,1620,405,0.5581681960171808,0.5528846153846154,0.572139303482587,0.5623471882640587,0.5580246913580247,42,"{0: 6, 1: 10}",150,0.01,[0.33333333 0.33333333 0.33333333],True,True,True,1.0,0.0,0.0,"[1034, 374, 1005, 153, 1471, 511, 1359, 843, 978, 1377, 1442, 1231, 448, 1083, 962, 1015]","[1034, 374, 1005, 153, 1471, 511]","[1359, 843, 978, 1377, 1442, 1231, 448, 1083, 962, 1015]",6,10
m3glvq_k0_6_k1_10_eta_001,3,1620,405,0.5306324110671936,0.429951690821256,0.5493827160493827,0.4823848238482385,0.528395061728395,42,"{0: 6, 1: 10}",150,0.01,[0.33333333 0.33333333 0.33333333],True,True,True,1.0,0.0,0.0,"[412, 1492, 1468, 179, 1216, 1381, 1482, 817, 843, 633, 856, 29, 162, 194, 291, 373]","[412, 1492, 1468, 179, 1216, 1381]","[1482, 817, 843, 633, 856, 29, 162, 194, 291, 373]",6,10
m3glvq_k0_6_k1_10_eta_001,4,1620,405,0.5434782608695652,0.4202898550724637,0.5686274509803921,0.4833333333333333,0.5407407407407407,42,"{0: 6, 1: 10}",150,0.01,[0.33333333 0.33333333 0.33333333],True,True,True,1.0,0.0,0.0,"[1053, 1474, 384, 657, 102, 501, 1121, 758, 1270, 1025, 237, 762, 34, 1175, 818, 1102]","[1053, 1474, 384, 657, 102, 501]","[1121, 758, 1270, 1025, 237, 762, 34, 1175, 818, 1102]",6,10
m3glvq_k0_7_k1_3_eta_001,0,1620,405,0.5632443381491605,0.5528846153846154,0.5778894472361809,0.5651105651105651,0.562962962962963,42,"{0: 7, 1: 3}",150,0.01,[0.33333333 0.33333333 0.33333333],True,True,True,0.6451088959714637,0.2334623879324578,0.1214287160960785,"[1378, 299, 494, 739, 97, 1348, 1537, 1447, 668, 1398]","[1378, 299, 494, 739, 97, 1348, 1537]","[1447, 668, 1398]",7,3
m3glvq_k0_7_k1_3_eta_001,1,1620,405,0.5309693479109723,0.1634615384615384,0.6296296296296297,0.2595419847328244,0.5209876543209877,42,"{0: 7, 1: 3}",150,0.01,[0.33333333 0.33333333 0.33333333],True,True,True,1.0,0.0,0.0,"[1229, 1342, 585, 98, 85, 474, 498, 429, 1442, 692]","[1229, 1342, 585, 98, 85, 474, 498]","[429, 1442, 692]",7,3
m3glvq_k0_7_k1_3_eta_001,2,1620,405,0.5368386372510738,0.2259615384615384,0.6103896103896104,0.3298245614035088,0.528395061728395,42,"{0: 7, 1: 3}",150,0.01,[0.33333333 0.33333333 0.33333333],True,True,True,0.0,1.0,0.0,"[1503, 694, 1216, 150, 1357, 838, 400, 87, 780, 723]","[1503, 694, 1216, 150, 1357, 838, 400]","[87, 780, 723]",7,3
m3glvq_k0_7_k1_3_eta_001,3,1620,405,0.4969257795344752,0.0241545893719806,0.4545454545454545,0.0458715596330275,0.4864197530864197,42,"{0: 7, 1: 3}",150,0.01,[0.33333333 0.33333333 0.33333333],True,True,True,0.0,1.0,0.0,"[959, 482, 1020, 155, 1241, 964, 1415, 676, 165, 204]","[959, 482, 1020, 155, 1241, 964, 1415]","[676, 165, 204]",7,3
m3glvq_k0_7_k1_3_eta_001,4,1620,405,0.589481774264383,0.5072463768115942,0.6176470588235294,0.5570291777188329,0.5876543209876544,42,"{0: 7, 1: 3}",150,0.01,[0.33333333 0.33333333 0.33333333],True,True,True,0.7694878033915219,0.230512196608478,0.0,"[154, 66, 754, 1101, 102, 623, 284, 1258, 1089, 1025]","[154, 66, 754, 1101, 102, 623, 284]","[1258, 1089, 1025]",7,3
m3glvq_k0_7_k1_4_eta_001,0,1620,405,0.4979622217883639,0.2548076923076923,0.5096153846153846,0.3397435897435897,0.491358024691358,42,"{0: 7, 1: 4}",150,0.01,[0.33333333 0.33333333 0.33333333],True,True,True,1.0,0.0,0.0,"[422, 657, 189, 887, 1352, 1499, 1426, 668, 745, 837, 194]","[422, 657, 189, 887, 1352, 1499, 1426]","[668, 745, 837, 194]",7,4
m3glvq_k0_7_k1_4_eta_001,1,1620,405,0.542842151503319,0.2836538461538461,0.6020408163265306,0.3856209150326797,0.5358024691358024,42,"{0: 7, 1: 4}",150,0.01,[0.33333333 0.33333333 0.33333333],True,True,True,1.0,0.0,0.0,"[35, 117, 366, 741, 1200, 474, 98, 725, 644, 1431, 201]","[35, 117, 366, 741, 1200, 474, 98]","[725, 644, 1431, 201]",7,4
m3glvq_k0_7_k1_4_eta_001,2,1620,405,0.5759346934791097,0.5528846153846154,0.5927835051546392,0.572139303482587,0.5753086419753086,42,"{0: 7, 1: 4}",150,0.01,[0.33333333 0.33333333 0.33333333],True,True,True,0.3838379896775779,0.3789573322396666,0.2372046780827556,"[152, 579, 248, 1243, 1503, 1476, 23, 87, 1392, 1442, 1359]","[152, 579, 248, 1243, 1503, 1476, 23]","[87, 1392, 1442, 1359]",7,4
m3glvq_k0_7_k1_4_eta_001,3,1620,405,0.5048309178743962,0.2318840579710145,0.5217391304347826,0.3210702341137124,0.4987654320987654,42,"{0: 7, 1: 4}",150,0.01,[0.33333333 0.33333333 0.33333333],True,True,True,1.0,0.0,0.0,"[179, 1536, 631, 1468, 1065, 412, 537, 1008, 1564, 820, 194]","[179, 1536, 631, 1468, 1065, 412, 537]","[1008, 1564, 820, 194]",7,4
m3glvq_k0_7_k1_4_eta_001,4,1620,405,0.5615942028985508,0.4009661835748792,0.6014492753623188,0.4811594202898551,0.5580246913580247,42,"{0: 7, 1: 4}",150,0.01,[0.33333333 0.33333333 0.33333333],True,True,True,1.0,0.0,0.0,"[1013, 223, 623, 1451, 384, 501, 406, 1025, 1443, 1240, 1092]","[1013, 223, 623, 1451, 384, 501, 406]","[1025, 1443, 1240, 1092]",7,4
m3glvq_k0_7_k1_5_eta_001,0,1620,405,0.5412314525575947,0.3413461538461538,0.5819672131147541,0.4303030303030303,0.5358024691358024,42,"{0: 7, 1: 5}",150,0.01,[0.33333333 0.33333333 0.33333333],True,True,True,0.9965386861054611,0.0033333333333323,0.0001279805612064,"[1468, 1333, 941, 1035, 615, 97, 754, 12, 1398, 469, 1078, 462]","[1468, 1333, 941, 1035, 615, 97, 754]","[12, 1398, 469, 1078, 462]",7,5
m3glvq_k0_7_k1_5_eta_001,1,1620,405,0.5560572042171027,0.3557692307692308,0.6065573770491803,0.4484848484848485,0.5506172839506173,42,"{0: 7, 1: 5}",150,0.01,[0.33333333 0.33333333 0.33333333],True,True,True,1.0,0.0,0.0,"[117, 651, 995, 498, 13, 366, 98, 28, 1431, 1390, 478, 201]","[117, 651, 995, 498, 13, 366, 98]","[28, 1431, 1390, 478, 201]",7,5
m3glvq_k0_7_k1_5_eta_001,2,1620,405,0.5750317258883249,0.3125,0.6701030927835051,0.4262295081967213,0.5679012345679012,42,"{0: 7, 1: 5}",150,0.01,[0.33333333 0.33333333 0.33333333],True,True,True,1.0,0.0,0.0,"[516, 1005, 1503, 374, 1229, 855, 474, 962, 1442, 136, 978, 174]","[516, 1005, 1503, 374, 1229, 855, 474]","[962, 1442, 136, 978, 174]",7,5
m3glvq_k0_7_k1_5_eta_001,3,1620,405,0.6381203337725077,0.5893719806763285,0.6630434782608695,0.6240409207161124,0.6370370370370371,42,"{0: 7, 1: 5}",150,0.01,[0.33333333 0.33333333 0.33333333],True,True,True,1.0,0.0,0.0,"[1468, 60, 110, 139, 1381, 372, 1268, 1525, 1355, 475, 453, 1564]","[1468, 60, 110, 139, 1381, 372, 1268]","[1525, 1355, 475, 453, 1564]",7,5
m3glvq_k0_7_k1_5_eta_001,4,1620,405,0.5563241106719368,0.4106280193236715,0.5902777777777778,0.4843304843304843,0.5530864197530864,42,"{0: 7, 1: 5}",150,0.01,[0.33333333 0.33333333 0.33333333],True,True,True,1.0,0.0,0.0,"[623, 328, 104, 913, 1474, 384, 1112, 759, 758, 681, 1582, 1258]","[623, 328, 104, 913, 1474, 384, 1112]","[759, 758, 681, 1582, 1258]",7,5
m3glvq_k0_7_k1_6_eta_001,0,1620,405,0.5253319016009371,0.3653846153846153,0.5507246376811594,0.4393063583815028,0.5209876543209877,42,"{0: 7, 1: 6}",150,0.01,[0.33333333 0.33333333 0.33333333],True,True,True,1.0,0.0,0.0,"[1099, 1426, 598, 254, 615, 739, 1333, 1562, 668, 463, 745, 626, 194]","[1099, 1426, 598, 254, 615, 739, 1333]","[1562, 668, 463, 745, 626, 194]",7,6
m3glvq_k0_7_k1_6_eta_001,1,1620,405,0.5492483404919953,0.3269230769230769,0.6017699115044248,0.4236760124610592,0.5432098765432098,42,"{0: 7, 1: 6}",150,0.01,[0.33333333 0.33333333 0.33333333],True,True,True,1.0,0.0,0.0,"[164, 366, 35, 98, 1494, 1055, 545, 201, 810, 360, 1250, 209, 734]","[164, 366, 35, 98, 1494, 1055, 545]","[201, 810, 360, 1250, 209, 734]",7,6
m3glvq_k0_7_k1_6_eta_001,2,1620,405,0.5943845177664975,0.4375,0.65,0.5229885057471264,0.5901234567901235,42,"{0: 7, 1: 6}",150,0.01,[0.33333333 0.33333333 0.33333333],True,True,True,1.0,0.0,0.0,"[1471, 436, 835, 374, 1193, 516, 1566, 1565, 730, 809, 604, 978, 1039]","[1471, 436, 835, 374, 1193, 516, 1566]","[1565, 730, 809, 604, 978, 1039]",7,6
m3glvq_k0_7_k1_6_eta_001,3,1620,405,0.5581906016688626,0.6618357487922706,0.5591836734693878,0.6061946902654868,0.5604938271604938,42,"{0: 7, 1: 6}",150,0.01,[0.33333333 0.33333333 0.33333333],True,True,True,0.0749243300625531,0.9188405409571796,0.0062351289802671,"[24, 1577, 985, 219, 1231, 557, 1536, 682, 857, 305, 453, 1444, 1343]","[24, 1577, 985, 219, 1231, 557, 1536]","[682, 857, 305, 453, 1444, 1343]",7,6
m3glvq_k0_7_k1_6_eta_001,4,1620,405,0.5495169082125604,0.3768115942028985,0.5864661654135338,0.4588235294117647,0.5456790123456791,42,"{0: 7, 1: 6}",150,0.01,[0.33333333 0.33333333 0.33333333],True,True,True,1.0,0.0,0.0,"[1474, 1545, 1087, 384, 958, 623, 501, 1270, 1025, 1167, 1570, 631, 868]","[1474, 1545, 1087, 384, 958, 623, 501]","[1270, 1025, 1167, 1570, 631, 868]",7,6
m3glvq_k0_7_k1_7_eta_001,0,1620,405,0.5612553689964858,0.4423076923076923,0.5935483870967742,0.5068870523415977,0.5580246913580247,42,"{0: 7, 1: 7}",150,0.01,[0.33333333 0.33333333 0.33333333],True,True,True,1.0,0.0,0.0,"[97, 1385, 502, 1468, 906, 386, 1200, 1117, 1039, 1076, 348, 1357, 61, 324]","[97, 1385, 502, 1468, 906, 386, 1200]","[1117, 1039, 1076, 348, 1357, 61, 324]",7,7
m3glvq_k0_7_k1_7_eta_001,1,1620,405,0.5272110503709488,0.2980769230769231,0.5636363636363636,0.3899371069182389,0.5209876543209877,42,"{0: 7, 1: 7}",150,0.01,[0.33333333 0.33333333 0.33333333],True,True,True,1.0,0.0,0.0,"[124, 366, 117, 585, 1587, 470, 35, 984, 342, 724, 394, 145, 786, 927]","[124, 366, 117, 585, 1587, 470, 35]","[984, 342, 724, 394, 145, 786, 927]",7,7
m3glvq_k0_7_k1_7_eta_001,2,1620,405,0.5324214174150722,0.2932692307692308,0.5754716981132075,0.3885350318471337,0.5259259259259259,42,"{0: 7, 1: 7}",150,0.01,[0.33333333 0.33333333 0.33333333],True,True,True,1.0,0.0,0.0,"[993, 126, 1471, 1328, 511, 588, 400, 304, 978, 1057, 168, 1614, 183, 1007]","[993, 126, 1471, 1328, 511, 588, 400]","[304, 978, 1057, 168, 1614, 183, 1007]",7,7
m3glvq_k0_7_k1_7_eta_001,3,1620,405,0.5068072024593764,0.2560386473429952,0.5247524752475248,0.3441558441558442,0.5012345679012346,42,"{0: 7, 1: 7}",150,0.01,[0.33333333 0.33333333 0.33333333],True,True,True,0.0,1.0,0.0,"[396, 537, 20, 412, 14, 1492, 1230, 682, 177, 305, 1049, 1377, 763, 1087]","[396, 537, 20, 412, 14, 1492, 1230]","[682, 177, 305, 1049, 1377, 763, 1087]",7,7
m3glvq_k0_7_k1_7_eta_001,4,1620,405,0.5645586297760211,0.4927536231884058,0.5862068965517241,0.5354330708661417,0.562962962962963,42,"{0: 7, 1: 7}",150,0.01,[0.33333333 0.33333333 0.33333333],True,True,True,1.0,0.0,0.0,"[501, 384, 403, 1048, 784, 623, 1013, 1025, 197, 1547, 207, 1404, 1582, 49]","[501, 384, 403, 1048, 784, 623, 1013]","[1025, 197, 1547, 207, 1404, 1582, 49]",7,7
m3glvq_k0_7_k1_8_eta_001,0,1620,405,0.5378880320187427,0.3701923076923077,0.5703703703703704,0.4489795918367347,0.5333333333333333,42,"{0: 7, 1: 8}",150,0.01,[0.33333333 0.33333333 0.33333333],True,True,True,1.0,0.0,0.0,"[1035, 1468, 1426, 1333, 615, 739, 97, 348, 381, 1076, 1511, 194, 462, 309, 463]","[1035, 1468, 1426, 1333, 615, 739, 97]","[348, 381, 1076, 1511, 194, 462, 309, 463]",7,8
m3glvq_k0_7_k1_8_eta_001,1,1620,405,0.5736772745021476,0.4519230769230769,0.6103896103896104,0.5193370165745856,0.5703703703703704,42,"{0: 7, 1: 8}",150,0.01,[0.33333333 0.33333333 0.33333333],True,True,True,1.0,0.0,0.0,"[870, 1200, 85, 453, 98, 498, 474, 1349, 328, 184, 1029, 1060, 342, 449, 145]","[870, 1200, 85, 453, 98, 498, 474]","[1349, 328, 184, 1029, 1060, 342, 449, 145]",7,8
m3glvq_k0_7_k1_8_eta_001,2,1620,405,0.577289144865287,0.4134615384615384,0.6277372262773723,0.4985507246376812,0.5728395061728395,42,"{0: 7, 1: 8}",150,0.01,[0.33333333 0.33333333 0.33333333],True,True,True,1.0,0.0,0.0,"[1229, 374, 855, 794, 1001, 1424, 1503, 881, 136, 723, 1063, 212, 730, 531, 978]","[1229, 374, 855, 794, 1001, 1424, 1503]","[881, 136, 723, 1063, 212, 730, 531, 978]",7,8
m3glvq_k0_7_k1_8_eta_001,3,1620,405,0.5821256038647342,0.4975845410628019,0.6094674556213018,0.5478723404255319,0.5802469135802469,42,"{0: 7, 1: 8}",150,0.01,[0.33333333 0.33333333 0.33333333],True,True,True,0.9585662048964788,0.0414337951035209,0.0,"[1483, 1468, 482, 1536, 1216, 110, 1059, 701, 1036, 1444, 771, 1008, 763, 1041, 468]","[1483, 1468, 482, 1536, 1216, 110, 1059]","[701, 1036, 1444, 771, 1008, 763, 1041, 468]",7,8
m3glvq_k0_7_k1_8_eta_001,4,1620,405,0.53743961352657,0.3526570048309179,0.5703125,0.435820895522388,0.5333333333333333,42,"{0: 7, 1: 8}",150,0.01,[0.33333333 0.33333333 0.33333333],True,True,True,1.0,0.0,0.0,"[958, 1474, 384, 501, 623, 921, 1252, 1368, 1175, 1194, 1092, 1040, 1167, 1025, 451]","[958, 1474, 384, 501, 623, 921, 1252]","[1368, 1175, 1194, 1092, 1040, 1167, 1025, 451]",7,8
m3glvq_k0_7_k1_9_eta_001,0,1620,405,0.5627318430300664,0.3894230769230769,0.6090225563909775,0.4750733137829912,0.5580246913580247,42,"{0: 7, 1: 9}",150,0.01,[0.33333333 0.33333333 0.33333333],True,True,True,1.0,0.0,0.0,"[615, 1488, 386, 1348, 1498, 763, 97, 194, 463, 745, 178, 382, 147, 162, 668, 1083]","[615, 1488, 386, 1348, 1498, 763, 97]","[194, 463, 745, 178, 382, 147, 162, 668, 1083]",7,9
m3glvq_k0_7_k1_9_eta_001,1,1620,405,0.52652772354549,0.4134615384615384,0.5477707006369427,0.4712328767123287,0.5234567901234568,42,"{0: 7, 1: 9}",150,0.01,[0.33333333 0.33333333 0.33333333],True,True,True,1.0,0.0,0.0,"[585, 1119, 187, 470, 970, 1494, 366, 1490, 984, 184, 145, 201, 725, 69, 1029, 232]","[585, 1119, 187, 470, 970, 1494, 366]","[1490, 984, 184, 145, 201, 725, 69, 1029, 232]",7,9
m3glvq_k0_7_k1_9_eta_001,2,1620,405,0.5600595470519328,0.3942307692307692,0.6029411764705882,0.4767441860465116,0.5555555555555556,42,"{0: 7, 1: 9}",150,0.01,[0.33333333 0.33333333 0.33333333],True,True,True,1.0,0.0,0.0,"[588, 717, 993, 133, 701, 400, 1471, 962, 1427, 87, 335, 1442, 139, 1007, 158, 368]","[588, 717, 993, 133, 701, 400, 1471]","[962, 1427, 87, 335, 1442, 139, 1007, 158, 368]",7,9
m3glvq_k0_7_k1_9_eta_001,3,1620,405,0.5590689503732982,0.4009661835748792,0.5971223021582733,0.4797687861271676,0.5555555555555556,42,"{0: 7, 1: 9}",150,0.01,[0.33333333 0.33333333 0.33333333],True,True,True,1.0,0.0,0.0,"[631, 1468, 179, 504, 1381, 412, 603, 1036, 1008, 1003, 676, 1159, 188, 1262, 763, 326]","[631, 1468, 179, 504, 1381, 412, 603]","[1036, 1008, 1003, 676, 1159, 188, 1262, 763, 326]",7,9
m3glvq_k0_7_k1_9_eta_001,4,1620,405,0.5617039964866052,0.3961352657004831,0.6029411764705882,0.478134110787172,0.5580246913580247,42,"{0: 7, 1: 9}",150,0.01,[0.33333333 0.33333333 0.33333333],True,True,True,1.0,0.0,0.0,"[1474, 188, 501, 384, 584, 418, 1087, 759, 171, 1323, 631, 1477, 758, 766, 238, 1025]","[1474, 188, 501, 384, 584, 418, 1087]","[759, 171, 1323, 631, 1477, 758, 766, 238, 1025]",7,9
m3glvq_k0_7_k1_10_eta_001,0,1620,405,0.5187914877001172,0.3269230769230769,0.544,0.4084084084084084,0.5135802469135803,42,"{0: 7, 1: 10}",150,0.01,[0.33333333 0.33333333 0.33333333],True,True,True,1.0,0.0,0.0,"[1426, 1468, 14, 1200, 613, 97, 422, 877, 1155, 463, 381, 5, 1076, 309, 194, 1067, 61]","[1426, 1468, 14, 1200, 613, 97, 422]","[877, 1155, 463, 381, 5, 1076, 309, 194, 1067, 61]",7,10
m3glvq_k0_7_k1_10_eta_001,1,1620,405,0.5297369191721983,0.3894230769230769,0.5547945205479452,0.4576271186440678,0.5259259259259259,42,"{0: 7, 1: 10}",150,0.01,[0.33333333 0.33333333 0.33333333],True,True,True,1.0,0.0,0.0,"[543, 198, 398, 96, 1537, 1324, 628, 442, 359, 201, 623, 184, 644, 1029, 145, 1131, 1313]","[543, 198, 398, 96, 1537, 1324, 628]","[442, 359, 201, 623, 184, 644, 1029, 145, 1131, 1313]",7,10
m3glvq_k0_7_k1_10_eta_001,2,1620,405,0.5588637251073799,0.3461538461538461,0.6153846153846154,0.4430769230769231,0.5530864197530864,42,"{0: 7, 1: 10}",150,0.01,[0.33333333 0.33333333 0.33333333],True,True,True,1.0,0.0,0.0,"[479, 116, 1590, 636, 400, 511, 855, 730, 1392, 55, 809, 780, 910, 1030, 962, 495, 978]","[479, 116, 1590, 636, 400, 511, 855]","[730, 1392, 55, 809, 780, 910, 1030, 962, 495, 978]",7,10
m3glvq_k0_7_k1_10_eta_001,3,1620,405,0.5912384716732543,0.429951690821256,0.644927536231884,0.5159420289855073,0.5876543209876544,42,"{0: 7, 1: 10}",150,0.01,[0.33333333 0.33333333 0.33333333],True,True,True,1.0,0.0,0.0,"[1022, 1514, 482, 1468, 1566, 97, 1059, 1544, 1076, 553, 1097, 701, 1041, 188, 1008, 394, 861]","[1022, 1514, 482, 1468, 1566, 97, 1059]","[1544, 1076, 553, 1097, 701, 1041, 188, 1008, 394, 861]",7,10
m3glvq_k0_7_k1_10_eta_001,4,1620,405,0.5343653930610452,0.3768115942028985,0.5611510791366906,0.4508670520231214,0.5308641975308642,42,"{0: 7, 1: 10}",150,0.01,[0.33333333 0.33333333 0.33333333],True,True,True,1.0,0.0,0.0,"[14, 786, 623, 571, 1073, 1474, 384, 864, 1443, 34, 929, 1025, 1547, 997, 1102, 1323, 31]","[14, 786, 623, 571, 1073, 1474, 384]","[864, 1443, 34, 929, 1025, 1547, 997, 1102, 1323, 31]",7,10
m3glvq_k0_8_k1_3_eta_001,0,1620,405,0.4946310035142522,0.1923076923076923,0.5,0.2777777777777778,0.4864197530864197,42,"{0: 8, 1: 3}",150,0.01,[0.33333333 0.33333333 0.33333333],True,True,True,1.0,0.0,0.0,"[615, 419, 767, 1499, 494, 739, 1348, 1426, 626, 194, 806]","[615, 419, 767, 1499, 494, 739, 1348, 1426]","[626, 194, 806]",8,3
m3glvq_k0_8_k1_3_eta_001,1,1620,405,0.5771549199531433,0.4182692307692308,0.6258992805755396,0.5014409221902018,0.5728395061728395,42,"{0: 8, 1: 3}",150,0.01,[0.33333333 0.33333333 0.33333333],True,True,True,0.975618549193156,0.0123259902770876,0.0120554605297564,"[1006, 445, 1057, 1267, 870, 1286, 85, 1016, 148, 1216, 1060]","[1006, 445, 1057, 1267, 870, 1286, 85, 1016]","[148, 1216, 1060]",8,3
m3glvq_k0_8_k1_3_eta_001,2,1620,405,0.5322871925029286,0.2980769230769231,0.5740740740740741,0.3924050632911393,0.5259259259259259,42,"{0: 8, 1: 3}",150,0.01,[0.33333333 0.33333333 0.33333333],True,True,True,1.0,0.0,0.0,"[70, 105, 1328, 126, 400, 1471, 153, 1163, 450, 962, 604]","[70, 105, 1328, 126, 400, 1471, 153, 1163]","[450, 962, 604]",8,3
m3glvq_k0_8_k1_3_eta_001,3,1620,405,0.533816425120773,0.2898550724637681,0.5769230769230769,0.3858520900321543,0.528395061728395,42,"{0: 8, 1: 3}",150,0.01,[0.33333333 0.33333333 0.33333333],True,True,True,1.0,0.0,0.0,"[1065, 778, 1022, 997, 807, 1422, 537, 1536, 817, 194, 1076]","[1065, 778, 1022, 997, 807, 1422, 537, 1536]","[817, 194, 1076]",8,3
m3glvq_k0_8_k1_3_eta_001,4,1620,405,0.5327184892402284,0.3381642512077294,0.5645161290322581,0.4229607250755287,0.528395061728395,42,"{0: 8, 1: 3}",150,0.01,[0.33333333 0.33333333 0.33333333],True,True,True,1.0,0.0,0.0,"[418, 1568, 1044, 623, 408, 115, 1048, 39, 207, 1258, 1025]","[418, 1568, 1044, 623, 408, 115, 1048, 39]","[207, 1258, 1025]",8,3
m3glvq_k0_8_k1_4_eta_001,0,1620,405,0.526417903162827,0.235576923076923,0.5764705882352941,0.3344709897610921,0.5185185185185185,42,"{0: 8, 1: 4}",150,0.01,[0.33333333 0.33333333 0.33333333],True,True,True,1.0,0.0,0.0,"[1055, 386, 615, 1537, 97, 1468, 906, 1385, 668, 837, 1076, 194]","[1055, 386, 615, 1537, 97, 1468, 906, 1385]","[668, 837, 1076, 194]",8,4
m3glvq_k0_8_k1_4_eta_001,1,1620,405,0.5738114994142913,0.4471153846153846,0.6118421052631579,0.5166666666666666,0.5703703703703704,42,"{0: 8, 1: 4}",150,0.01,[0.33333333 0.33333333 0.33333333],True,True,True,0.7510757377038249,0.2489242622961752,0.0,"[628, 741, 1001, 1537, 1055, 870, 35, 388, 1618, 984, 1442, 1431]","[628, 741, 1001, 1537, 1055, 870, 35, 388]","[1618, 984, 1442, 1431]",8,4
m3glvq_k0_8_k1_4_eta_001,2,1620,405,0.5726278797344787,0.3076923076923077,0.6666666666666666,0.4210526315789473,0.5654320987654321,42,"{0: 8, 1: 4}",150,0.01,[0.33333333 0.33333333 0.33333333],True,True,True,1.0,0.0,0.0,"[636, 329, 479, 153, 1193, 855, 1001, 1005, 139, 604, 1320, 1565]","[636, 329, 479, 153, 1193, 855, 1001, 1005]","[139, 604, 1320, 1565]",8,4
m3glvq_k0_8_k1_4_eta_001,3,1620,405,0.5444664031620553,0.2657004830917874,0.6111111111111112,0.3703703703703704,0.5382716049382716,42,"{0: 8, 1: 4}",150,0.01,[0.33333333 0.33333333 0.33333333],True,True,True,1.0,0.0,0.0,"[1483, 980, 1536, 273, 412, 1241, 997, 871, 1262, 471, 420, 840]","[1483, 980, 1536, 273, 412, 1241, 997, 871]","[1262, 471, 420, 840]",8,4
m3glvq_k0_8_k1_4_eta_001,4,1620,405,0.5503952569169961,0.4492753623188406,0.5740740740740741,0.5040650406504064,0.5481481481481482,42,"{0: 8, 1: 4}",150,0.01,[0.33333333 0.33333333 0.33333333],True,True,True,1.0,0.0,0.0,"[384, 921, 233, 623, 1044, 1005, 1090, 1013, 49, 1025, 1270, 1443]","[384, 921, 233, 623, 1044, 1005, 1090, 1013]","[49, 1025, 1270, 1443]",8,4
m3glvq_k0_8_k1_5_eta_001,0,1620,405,0.5077118313158923,0.2692307692307692,0.5283018867924528,0.3566878980891719,0.5012345679012346,42,"{0: 8, 1: 5}",150,0.01,[0.33333333 0.33333333 0.33333333],True,True,True,1.0,0.0,0.0,"[1333, 615, 836, 97, 763, 1348, 1426, 1537, 194, 1398, 5, 1078, 1562]","[1333, 615, 836, 97, 763, 1348, 1426, 1537]","[194, 1398, 5, 1078, 1562]",8,5
m3glvq_k0_8_k1_5_eta_001,1,1620,405,0.5153260445138618,0.2692307692307692,0.5436893203883495,0.360128617363344,0.508641975308642,42,"{0: 8, 1: 5}",150,0.01,[0.33333333 0.33333333 0.33333333],True,True,True,1.0,0.0,0.0,"[35, 1599, 543, 585, 1537, 198, 880, 1395, 1431, 1390, 201, 1442, 644]","[35, 1599, 543, 585, 1537, 198, 880, 1395]","[1431, 1390, 201, 1442, 644]",8,5
m3glvq_k0_8_k1_5_eta_001,2,1620,405,0.529761323701679,0.2067307692307692,0.5972222222222222,0.3071428571428571,0.5209876543209877,42,"{0: 8, 1: 5}",150,0.01,[0.33333333 0.33333333 0.33333333],True,True,True,1.0,0.0,0.0,"[400, 1229, 526, 105, 966, 591, 636, 1541, 723, 139, 1063, 962, 1431]","[400, 1229, 526, 105, 966, 591, 636, 1541]","[723, 139, 1063, 962, 1431]",8,5
m3glvq_k0_8_k1_5_eta_001,3,1620,405,0.5433684672815108,0.3140096618357488,0.5909090909090909,0.4100946372239748,0.5382716049382716,42,"{0: 8, 1: 5}",150,0.01,[0.33333333 0.33333333 0.33333333],True,True,True,1.0,0.0,0.0,"[179, 1422, 1462, 1142, 1059, 1468, 396, 1536, 1444, 165, 771, 1008, 194]","[179, 1422, 1462, 1142, 1059, 1468, 396, 1536]","[1444, 165, 771, 1008, 194]",8,5
m3glvq_k0_8_k1_5_eta_001,4,1620,405,0.5139437856829161,0.2753623188405797,0.5377358490566038,0.3642172523961661,0.508641975308642,42,"{0: 8, 1: 5}",150,0.01,[0.33333333 0.33333333 0.33333333],True,True,True,0.0,1.0,0.0,"[1250, 14, 754, 882, 1006, 229, 446, 408, 991, 766, 1368, 207, 681]","[1250, 14, 754, 882, 1006, 229, 446, 408]","[991, 766, 1368, 207, 681]",8,5
m3glvq_k0_8_k1_6_eta_001,0,1620,405,0.5409630027333072,0.3509615384615384,0.5793650793650794,0.437125748502994,0.5358024691358024,42,"{0: 8, 1: 6}",150,0.01,[0.33333333 0.33333333 0.33333333],True,True,True,1.0,0.0,0.0,"[1352, 1385, 1468, 1035, 1204, 1414, 754, 1426, 164, 1076, 1039, 744, 421, 85]","[1352, 1385, 1468, 1035, 1204, 1414, 754, 1426]","[164, 1076, 1039, 744, 421, 85]",8,6
m3glvq_k0_8_k1_6_eta_001,1,1620,405,0.5499072627879734,0.3942307692307692,0.5857142857142857,0.4712643678160919,0.5456790123456791,42,"{0: 8, 1: 6}",150,0.01,[0.33333333 0.33333333 0.33333333],True,True,True,1.0,0.0,0.0,"[1006, 1016, 85, 431, 1286, 628, 543, 870, 442, 1078, 157, 725, 1349, 64]","[1006, 1016, 85, 431, 1286, 628, 543, 870]","[442, 1078, 157, 725, 1349, 64]",8,6
m3glvq_k0_8_k1_6_eta_001,2,1620,405,0.5500536899648575,0.2980769230769231,0.6138613861386139,0.4012944983818771,0.5432098765432098,42,"{0: 8, 1: 6}",150,0.01,[0.33333333 0.33333333 0.33333333],True,True,True,1.0,0.0,0.0,"[400, 591, 105, 830, 511, 636, 479, 116, 1015, 1007, 978, 174, 962, 1057]","[400, 591, 105, 830, 511, 636, 479, 116]","[1015, 1007, 978, 174, 962, 1057]",8,6
m3glvq_k0_8_k1_6_eta_001,3,1620,405,0.5317303469477382,0.2705314009661835,0.5773195876288659,0.3684210526315789,0.5259259259259259,42,"{0: 8, 1: 6}",150,0.01,[0.33333333 0.33333333 0.33333333],True,True,True,1.0,0.0,0.0,"[24, 723, 1536, 1483, 179, 997, 412, 1105, 1444, 771, 1041, 682, 1036, 356]","[24, 723, 1536, 1483, 179, 997, 412, 1105]","[1444, 771, 1041, 682, 1036, 356]",8,6
m3glvq_k0_8_k1_6_eta_001,4,1620,405,0.5454545454545454,0.3333333333333333,0.5897435897435898,0.4259259259259259,0.5407407407407407,42,"{0: 8, 1: 6}",150,0.01,[0.33333333 0.33333333 0.33333333],True,True,True,1.0,0.0,0.0,"[740, 1104, 921, 1087, 408, 775, 1474, 1053, 1025, 631, 1270, 834, 171, 242]","[740, 1104, 921, 1087, 408, 775, 1474, 1053]","[1025, 631, 1270, 834, 171, 242]",8,6
m3glvq_k0_8_k1_7_eta_001,0,1620,405,0.531213393205779,0.3365384615384615,0.5645161290322581,0.4216867469879518,0.5259259259259259,42,"{0: 8, 1: 7}",150,0.01,[0.33333333 0.33333333 0.33333333],True,True,True,1.0,0.0,0.0,"[1537, 97, 422, 1348, 657, 754, 1426, 570, 164, 178, 668, 366, 1583, 1447, 976]","[1537, 97, 422, 1348, 657, 754, 1426, 570]","[164, 178, 668, 366, 1583, 1447, 976]",8,7
m3glvq_k0_8_k1_7_eta_001,1,1620,405,0.5074555837563453,0.1875,0.5342465753424658,0.2775800711743773,0.4987654320987654,42,"{0: 8, 1: 7}",150,0.01,[0.33333333 0.33333333 0.33333333],True,True,True,1.0,0.0,0.0,"[470, 1229, 388, 474, 930, 210, 628, 970, 724, 1431, 984, 1029, 145, 342, 725]","[470, 1229, 388, 474, 930, 210, 628, 970]","[724, 1431, 984, 1029, 145, 342, 725]",8,7
m3glvq_k0_8_k1_7_eta_001,2,1620,405,0.559010152284264,0.25,0.6666666666666666,0.3636363636363636,0.5506172839506173,42,"{0: 8, 1: 7}",150,0.01,[0.33333333 0.33333333 0.33333333],True,True,True,1.0,0.0,0.0,"[636, 548, 1503, 188, 1476, 400, 1229, 855, 723, 962, 978, 448, 1063, 730, 632]","[636, 548, 1503, 188, 1476, 400, 1229, 855]","[723, 962, 978, 448, 1063, 730, 632]",8,7
m3glvq_k0_8_k1_7_eta_001,3,1620,405,0.5646684233640755,0.3768115942028985,0.6141732283464567,0.467065868263473,0.5604938271604938,42,"{0: 8, 1: 7}",150,0.01,[0.33333333 0.33333333 0.33333333],True,True,True,1.0,0.0,0.0,"[1022, 1468, 1065, 139, 482, 581, 1059, 1288, 165, 1082, 1008, 313, 420, 194, 1544]","[1022, 1468, 1065, 139, 482, 581, 1059, 1288]","[165, 1082, 1008, 313, 420, 194, 1544]",8,7
m3glvq_k0_8_k1_7_eta_001,4,1620,405,0.5524813350900307,0.2463768115942029,0.6455696202531646,0.3566433566433566,0.5456790123456791,42,"{0: 8, 1: 7}",150,0.01,[0.33333333 0.33333333 0.33333333],True,True,True,1.0,0.0,0.0,"[501, 1013, 1252, 104, 548, 384, 1157, 623, 1058, 377, 1368, 758, 1167, 759, 1025]","[501, 1013, 1252, 104, 548, 384, 1157, 623]","[1058, 377, 1368, 758, 1167, 759, 1025]",8,7
m3glvq_k0_8_k1_8_eta_001,0,1620,405,0.5225375829754002,0.2836538461538461,0.5566037735849056,0.375796178343949,0.5160493827160494,42,"{0: 8, 1: 8}",150,0.01,[0.33333333 0.33333333 0.33333333],True,True,True,1.0,0.0,0.0,"[1426, 1468, 570, 422, 97, 1134, 1489, 657, 85, 5, 1039, 1583, 976, 1566, 1042, 463]","[1426, 1468, 570, 422, 97, 1134, 1489, 657]","[85, 5, 1039, 1583, 976, 1566, 1042, 463]",8,8
m3glvq_k0_8_k1_8_eta_001,1,1620,405,0.5521768840296759,0.4038461538461538,0.5874125874125874,0.4786324786324786,0.5481481481481482,42,"{0: 8, 1: 8}",150,0.01,[0.33333333 0.33333333 0.33333333],True,True,True,1.0,0.0,0.0,"[1016, 1006, 1394, 808, 1229, 366, 85, 35, 1349, 148, 394, 823, 429, 1060, 724, 570]","[1016, 1006, 1394, 808, 1229, 366, 85, 35]","[1349, 148, 394, 823, 429, 1060, 724, 570]",8,8
m3glvq_k0_8_k1_8_eta_001,2,1620,405,0.5448433229207341,0.3028846153846153,0.6,0.402555910543131,0.5382716049382716,42,"{0: 8, 1: 8}",150,0.01,[0.33333333 0.33333333 0.33333333],True,True,True,1.0,0.0,0.0,"[400, 436, 1471, 126, 579, 153, 204, 955, 1442, 1139, 664, 60, 978, 304, 528, 962]","[400, 436, 1471, 126, 579, 153, 204, 955]","[1442, 1139, 664, 60, 978, 304, 528, 962]",8,8
m3glvq_k0_8_k1_8_eta_001,3,1620,405,0.5708168642951251,0.4396135265700483,0.6066666666666667,0.5098039215686275,0.5679012345679012,42,"{0: 8, 1: 8}",150,0.01,[0.33333333 0.33333333 0.33333333],True,True,True,1.0,0.0,0.0,"[581, 1483, 997, 110, 1241, 666, 959, 139, 420, 1083, 1008, 1046, 1489, 499, 763, 1041]","[581, 1483, 997, 110, 1241, 666, 959, 139]","[420, 1083, 1008, 1046, 1489, 499, 763, 1041]",8,8
m3glvq_k0_8_k1_8_eta_001,4,1620,405,0.5480895915678524,0.3285024154589372,0.5964912280701754,0.4236760124610592,0.5432098765432098,42,"{0: 8, 1: 8}",150,0.01,[0.33333333 0.33333333 0.33333333],True,True,True,0.4743708160846229,0.525629183915377,0.0,"[775, 981, 66, 384, 1157, 975, 1225, 754, 1323, 758, 861, 478, 1175, 631, 1025, 1508]","[775, 981, 66, 384, 1157, 975, 1225, 754]","[1323, 758, 861, 478, 1175, 631, 1025, 1508]",8,8
m3glvq_k0_8_k1_9_eta_001,0,1620,405,0.5071749316673174,0.2884615384615384,0.5263157894736842,0.3726708074534161,0.5012345679012346,42,"{0: 8, 1: 9}",150,0.01,[0.33333333 0.33333333 0.33333333],True,True,True,1.0,0.0,0.0,"[1426, 1204, 1468, 1333, 181, 906, 531, 1499, 1481, 178, 400, 381, 1102, 1039, 92, 957, 1155]","[1426, 1204, 1468, 1333, 181, 906, 531, 1499]","[1481, 178, 400, 381, 1102, 1039, 92, 957, 1155]",8,9
m3glvq_k0_8_k1_9_eta_001,1,1620,405,0.5895768254588052,0.4278846153846153,0.644927536231884,0.5144508670520231,0.5851851851851851,42,"{0: 8, 1: 9}",150,0.01,[0.33333333 0.33333333 0.33333333],True,True,True,1.0,0.0,0.0,"[628, 445, 1006, 541, 543, 1394, 474, 507, 201, 1140, 145, 184, 1442, 334, 1313, 148, 1544]","[628, 445, 1006, 541, 543, 1394, 474, 507]","[201, 1140, 145, 184, 1442, 334, 1313, 148, 1544]",8,9
m3glvq_k0_8_k1_9_eta_001,2,1620,405,0.5461733697774307,0.3461538461538461,0.5901639344262295,0.4363636363636363,0.5407407407407407,42,"{0: 8, 1: 9}",150,0.01,[0.33333333 0.33333333 0.33333333],True,True,True,1.0,0.0,0.0,"[400, 476, 105, 1328, 636, 511, 1471, 1541, 780, 158, 531, 87, 1067, 1320, 664, 139, 723]","[400, 476, 105, 1328, 636, 511, 1471, 1541]","[780, 158, 531, 87, 1067, 1320, 664, 139, 723]",8,9
m3glvq_k0_8_k1_9_eta_001,3,1620,405,0.5929951690821256,0.463768115942029,0.6357615894039735,0.5363128491620112,0.5901234567901235,42,"{0: 8, 1: 9}",150,0.01,[0.33333333 0.33333333 0.33333333],True,True,True,1.0,0.0,0.0,"[1492, 1381, 959, 666, 1468, 1241, 24, 110, 817, 194, 1003, 1099, 1544, 1564, 1165, 1008, 1036]","[1492, 1381, 959, 666, 1468, 1241, 24, 110]","[817, 194, 1003, 1099, 1544, 1564, 1165, 1008, 1036]",8,9
m3glvq_k0_8_k1_9_eta_001,4,1620,405,0.56477821695213,0.3719806763285024,0.616,0.4638554216867469,0.5604938271604938,42,"{0: 8, 1: 9}",150,0.01,[0.33333333 0.33333333 0.33333333],True,True,True,1.0,0.0,0.0,"[1073, 1597, 1053, 921, 1252, 1325, 384, 1013, 631, 681, 759, 1557, 758, 152, 151, 171, 766]","[1073, 1597, 1053, 921, 1252, 1325, 384, 1013]","[631, 681, 759, 1557, 758, 152, 151, 171, 766]",8,9
m3glvq_k0_8_k1_10_eta_001,0,1620,405,0.5271988481062085,0.3894230769230769,0.5510204081632653,0.4563380281690141,0.5234567901234568,42,"{0: 8, 1: 10}",150,0.01,[0.33333333 0.33333333 0.33333333],True,True,True,1.0,0.0,0.0,"[829, 254, 598, 422, 1385, 1005, 386, 1499, 29, 604, 976, 65, 504, 291, 626, 366, 668, 553]","[829, 254, 598, 422, 1385, 1005, 386, 1499]","[29, 604, 976, 65, 504, 291, 626, 366, 668, 553]",8,10
m3glvq_k0_8_k1_10_eta_001,1,1620,405,0.5198652869972666,0.2884615384615384,0.5504587155963303,0.3785488958990536,0.5135802469135803,42,"{0: 8, 1: 10}",150,0.01,[0.33333333 0.33333333 0.33333333],True,True,True,1.0,0.0,0.0,"[1494, 541, 206, 1229, 628, 198, 366, 855, 148, 526, 52, 1583, 1490, 1431, 1284, 1442, 232, 1499]","[1494, 541, 206, 1229, 628, 198, 366, 855]","[148, 526, 52, 1583, 1490, 1431, 1284, 1442, 232, 1499]",8,10
m3glvq_k0_8_k1_10_eta_001,2,1620,405,0.5430739945333853,0.5480769230769231,0.5560975609756098,0.5520581113801454,0.5432098765432098,42,"{0: 8, 1: 10}",150,0.01,[0.33333333 0.33333333 0.33333333],True,True,True,0.9990269158209294,0.0009730841790706,0.0,"[1005, 955, 511, 602, 1471, 786, 1462, 549, 1071, 1039, 203, 316, 1455, 214, 1007, 417, 664, 1565]","[1005, 955, 511, 602, 1471, 786, 1462, 549]","[1071, 1039, 203, 316, 1455, 214, 1007, 417, 664, 1565]",8,10
m3glvq_k0_8_k1_10_eta_001,3,1620,405,0.5931049626701801,0.4589371980676328,0.6375838926174496,0.5337078651685394,0.5901234567901235,42,"{0: 8, 1: 10}",150,0.01,[0.33333333 0.33333333 0.33333333],True,True,True,1.0,0.0,0.0,"[985, 1143, 1059, 1422, 476, 1182, 1468, 179, 1544, 916, 1444, 1138, 194, 1099, 1146, 817, 946, 1008]","[985, 1143, 1059, 1422, 476, 1182, 1468, 179]","[1544, 916, 1444, 1138, 194, 1099, 1146, 817, 946, 1008]",8,10
m3glvq_k0_8_k1_10_eta_001,4,1620,405,0.5434782608695652,0.4202898550724637,0.5686274509803921,0.4833333333333333,0.5407407407407407,42,"{0: 8, 1: 10}",150,0.01,[0.33333333 0.33333333 0.33333333],True,True,True,1.0,0.0,0.0,"[623, 1044, 754, 384, 571, 1073, 617, 901, 555, 1063, 382, 1439, 674, 1368, 1025, 759, 171, 1019]","[623, 1044, 754, 384, 571, 1073, 617, 901]","[555, 1063, 382, 1439, 674, 1368, 1025, 759, 171, 1019]",8,10
m3glvq_k0_9_k1_3_eta_001,0,1620,405,0.5166682936352986,0.2211538461538461,0.5542168674698795,0.3161512027491409,0.508641975308642,42,"{0: 9, 1: 3}",150,0.01,[0.33333333 0.33333333 0.33333333],True,True,True,1.0,0.0,0.0,"[70, 1333, 598, 657, 1426, 739, 1468, 570, 97, 1076, 194, 806]","[70, 1333, 598, 657, 1426, 739, 1468, 570, 97]","[1076, 194, 806]",9,3
m3glvq_k0_9_k1_3_eta_001,1,1620,405,0.5621949433814917,0.4086538461538461,0.6028368794326241,0.487106017191977,0.5580246913580247,42,"{0: 9, 1: 3}",150,0.01,[0.33333333 0.33333333 0.33333333],True,True,True,0.9949722380366196,0.0006862942911919,0.0043414676721885,"[66, 1057, 1016, 85, 759, 870, 1286, 1256, 1006, 1216, 1060, 148]","[66, 1057, 1016, 85, 759, 870, 1286, 1256, 1006]","[1216, 1060, 148]",9,3
m3glvq_k0_9_k1_3_eta_001,2,1620,405,0.5557887543928153,0.3653846153846153,0.6031746031746031,0.4550898203592814,0.5506172839506173,42,"{0: 9, 1: 3}",150,0.01,[0.33333333 0.33333333 0.33333333],True,True,True,0.7170330524405193,0.0795653967558784,0.2034015508036022,"[452, 188, 516, 830, 573, 1163, 1328, 1541, 356, 1442, 1392, 87]","[452, 188, 516, 830, 573, 1163, 1328, 1541, 356]","[1442, 1392, 87]",9,3
m3glvq_k0_9_k1_3_eta_001,3,1620,405,0.5236056214317084,0.1835748792270531,0.5846153846153846,0.2794117647058823,0.5160493827160494,42,"{0: 9, 1: 3}",150,0.01,[0.33333333 0.33333333 0.33333333],True,True,True,0.0,1.0,0.0,"[1422, 155, 997, 619, 1241, 1252, 1020, 964, 440, 165, 150, 305]","[1422, 155, 997, 619, 1241, 1252, 1020, 964, 440]","[165, 150, 305]",9,3
m3glvq_k0_9_k1_3_eta_001,4,1620,405,0.5496267018006148,0.2608695652173913,0.627906976744186,0.3686006825938566,0.5432098765432098,42,"{0: 9, 1: 3}",150,0.01,[0.33333333 0.33333333 0.33333333],True,True,True,1.0,0.0,0.0,"[1073, 958, 860, 384, 370, 233, 921, 809, 1044, 1368, 1025, 1097]","[1073, 958, 860, 384, 370, 233, 921, 809, 1044]","[1368, 1025, 1097]",9,3
m3glvq_k0_9_k1_4_eta_001,0,1620,405,0.5197432643498633,0.2019230769230769,0.5675675675675675,0.2978723404255319,0.5111111111111111,42,"{0: 9, 1: 4}",150,0.01,[0.33333333 0.33333333 0.33333333],True,True,True,1.0,0.0,0.0,"[97, 1333, 502, 1200, 1305, 1468, 598, 849, 1426, 1091, 745, 348, 194]","[97, 1333, 502, 1200, 1305, 1468, 598, 849, 1426]","[1091, 745, 348, 194]",9,4
m3glvq_k0_9_k1_4_eta_001,1,1620,405,0.5030383639203436,0.2548076923076923,0.5196078431372549,0.3419354838709677,0.4962962962962963,42,"{0: 9, 1: 4}",150,0.01,[0.33333333 0.33333333 0.33333333],True,True,True,0.9868376298674136,0.0131623701325864,0.0,"[179, 1055, 741, 1537, 1001, 541, 628, 1616, 388, 644, 201, 1431, 927]","[179, 1055, 741, 1537, 1001, 541, 628, 1616, 388]","[644, 201, 1431, 927]",9,4
m3glvq_k0_9_k1_4_eta_001,2,1620,405,0.5534093127684498,0.1778846153846154,0.7254901960784313,0.2857142857142857,0.5432098765432098,42,"{0: 9, 1: 4}",150,0.01,[0.33333333 0.33333333 0.33333333],True,True,True,1.0,0.0,0.0,"[1590, 1476, 1229, 636, 548, 1541, 400, 474, 830, 1015, 962, 1442, 1431]","[1590, 1476, 1229, 636, 548, 1541, 400, 474, 830]","[1015, 962, 1442, 1431]",9,4
m3glvq_k0_9_k1_4_eta_001,3,1620,405,0.54655248133509,0.2850241545893719,0.6082474226804123,0.3881578947368421,0.5407407407407407,42,"{0: 9, 1: 4}",150,0.01,[0.33333333 0.33333333 0.33333333],True,True,True,1.0,0.0,0.0,"[871, 482, 1468, 1268, 1381, 139, 1105, 1206, 110, 856, 840, 233, 1564]","[871, 482, 1468, 1268, 1381, 139, 1105, 1206, 110]","[856, 840, 233, 1564]",9,4
m3glvq_k0_9_k1_4_eta_001,4,1620,405,0.5490777338603425,0.2850241545893719,0.6145833333333334,0.3894389438943894,0.5432098765432098,42,"{0: 9, 1: 4}",150,0.01,[0.33333333 0.33333333 0.33333333],True,True,True,1.0,0.0,0.0,"[754, 384, 1252, 1597, 1073, 623, 233, 1013, 784, 1443, 759, 1025, 207]","[754, 384, 1252, 1597, 1073, 623, 233, 1013, 784]","[1443, 759, 1025, 207]",9,4
m3glvq_k0_9_k1_5_eta_001,0,1620,405,0.5384127294025771,0.4423076923076923,0.5609756097560976,0.4946236559139785,0.5358024691358024,42,"{0: 9, 1: 5}",150,0.01,[0.33333333 0.33333333 0.33333333],True,True,True,1.0,0.0,0.0,"[1035, 1333, 740, 734, 1468, 906, 754, 70, 97, 12, 462, 1398, 1076, 469]","[1035, 1333, 740, 734, 1468, 906, 754, 70, 97]","[12, 462, 1398, 1076, 469]",9,5
m3glvq_k0_9_k1_5_eta_001,1,1620,405,0.5860991800078095,0.4615384615384615,0.6274509803921569,0.5318559556786704,0.582716049382716,42,"{0: 9, 1: 5}",150,0.01,[0.33333333 0.33333333 0.33333333],True,True,True,1.0,0.0,0.0,"[1374, 498, 1016, 1057, 414, 98, 870, 85, 1257, 439, 984, 1078, 1562, 1349]","[1374, 498, 1016, 1057, 414, 98, 870, 85, 1257]","[439, 984, 1078, 1562, 1349]",9,5
m3glvq_k0_9_k1_5_eta_001,2,1620,405,0.5445748730964467,0.3125,0.5963302752293578,0.4100946372239747,0.5382716049382716,42,"{0: 9, 1: 5}",150,0.01,[0.33333333 0.33333333 0.33333333],True,True,True,1.0,0.0,0.0,"[329, 1471, 59, 636, 400, 1328, 105, 835, 1011, 978, 1083, 723, 1058, 604]","[329, 1471, 59, 636, 400, 1328, 105, 835, 1011]","[978, 1083, 723, 1058, 604]",9,5
m3glvq_k0_9_k1_5_eta_001,3,1620,405,0.5212999560825647,0.2850241545893719,0.5514018691588785,0.375796178343949,0.5160493827160494,42,"{0: 9, 1: 5}",150,0.01,[0.33333333 0.33333333 0.33333333],True,True,True,0.0,1.0,0.0,"[302, 482, 89, 20, 219, 412, 24, 1020, 1230, 350, 25, 1343, 1285, 1489]","[302, 482, 89, 20, 219, 412, 24, 1020, 1230]","[350, 25, 1343, 1285, 1489]",9,5
m3glvq_k0_9_k1_5_eta_001,4,1620,405,0.5559947299077734,0.3140096618357488,0.6190476190476191,0.4166666666666666,0.5506172839506173,42,"{0: 9, 1: 5}",150,0.01,[0.33333333 0.33333333 0.33333333],True,True,True,1.0,0.0,0.0,"[418, 623, 1225, 1474, 501, 1157, 188, 384, 628, 889, 631, 349, 207, 1025]","[418, 623, 1225, 1474, 501, 1157, 188, 384, 628]","[889, 631, 349, 207, 1025]",9,5
m3glvq_k0_9_k1_6_eta_001,0,1620,405,0.5326898672393596,0.2836538461538461,0.5784313725490197,0.3806451612903225,0.5259259259259259,42,"{0: 9, 1: 6}",150,0.01,[0.33333333 0.33333333 0.33333333],True,True,True,1.0,0.0,0.0,"[181, 1537, 1385, 1426, 254, 419, 754, 1515, 1200, 85, 1562, 462, 1039, 1330, 1447]","[181, 1537, 1385, 1426, 254, 419, 754, 1515, 1200]","[85, 1562, 462, 1039, 1330, 1447]",9,6
m3glvq_k0_9_k1_6_eta_001,1,1620,405,0.5544587075361187,0.3221153846153846,0.6146788990825688,0.4227129337539432,0.5481481481481482,42,"{0: 9, 1: 6}",150,0.01,[0.33333333 0.33333333 0.33333333],True,True,True,1.0,0.0,0.0,"[1257, 388, 511, 1145, 498, 1537, 1008, 870, 1324, 1442, 984, 1349, 364, 724, 1390]","[1257, 388, 511, 1145, 498, 1537, 1008, 870, 1324]","[1442, 984, 1349, 364, 724, 1390]",9,6
m3glvq_k0_9_k1_6_eta_001,2,1620,405,0.5512495119094104,0.3461538461538461,0.6,0.4390243902439024,0.5456790123456791,42,"{0: 9, 1: 6}",150,0.01,[0.33333333 0.33333333 0.33333333],True,True,True,1.0,0.0,0.0,"[1387, 743, 549, 636, 1328, 993, 747, 1471, 988, 1377, 1418, 136, 1018, 723, 910]","[1387, 743, 549, 636, 1328, 993, 747, 1471, 988]","[1377, 1418, 136, 1018, 723, 910]",9,6
m3glvq_k0_9_k1_6_eta_001,3,1620,405,0.5577514273166446,0.5700483091787439,0.5673076923076923,0.5686746987951806,0.5580246913580247,42,"{0: 9, 1: 6}",150,0.01,[0.33333333 0.33333333 0.33333333],True,True,True,0.7315851264691502,0.2684148735308498,0.0,"[801, 1536, 219, 396, 24, 1379, 948, 179, 1252, 1041, 386, 682, 468, 1036, 1444]","[801, 1536, 219, 396, 24, 1379, 948, 179, 1252]","[1041, 386, 682, 468, 1036, 1444]",9,6
m3glvq_k0_9_k1_6_eta_001,4,1620,405,0.5287659200702679,0.2898550724637681,0.5660377358490566,0.3833865814696485,0.5234567901234568,42,"{0: 9, 1: 6}",150,0.01,[0.33333333 0.33333333 0.33333333],True,True,True,1.0,0.0,0.0,"[1597, 623, 1013, 384, 835, 775, 501, 1225, 921, 1092, 1025, 1557, 766, 171, 762]","[1597, 623, 1013, 384, 835, 775, 501, 1225, 921]","[1092, 1025, 1557, 766, 171, 762]",9,6
m3glvq_k0_9_k1_7_eta_001,0,1620,405,0.5106525771183131,0.2548076923076923,0.5353535353535354,0.3452768729641693,0.5037037037037037,42,"{0: 9, 1: 7}",150,0.01,[0.33333333 0.33333333 0.33333333],True,True,True,1.0,0.0,0.0,"[1035, 1197, 1426, 1333, 737, 657, 1055, 254, 97, 178, 976, 745, 229, 463, 1562, 1091]","[1035, 1197, 1426, 1333, 737, 657, 1055, 254, 97]","[178, 976, 745, 229, 463, 1562, 1091]",9,7
m3glvq_k0_9_k1_7_eta_001,1,1620,405,0.5425737016790316,0.2932692307692308,0.5980392156862745,0.3935483870967742,0.5358024691358024,42,"{0: 9, 1: 7}",150,0.01,[0.33333333 0.33333333 0.33333333],True,True,True,1.0,0.0,0.0,"[237, 1055, 1537, 470, 35, 585, 453, 1008, 398, 145, 1523, 442, 1499, 1442, 644, 201]","[237, 1055, 1537, 470, 35, 585, 453, 1008, 398]","[145, 1523, 442, 1499, 1442, 644, 201]",9,7
m3glvq_k0_9_k1_7_eta_001,2,1620,405,0.5326898672393596,0.2836538461538461,0.5784313725490197,0.3806451612903225,0.5259259259259259,42,"{0: 9, 1: 7}",150,0.01,[0.33333333 0.33333333 0.33333333],True,True,True,1.0,0.0,0.0,"[966, 988, 701, 400, 1416, 105, 835, 591, 636, 531, 910, 1007, 1015, 1057, 174, 203]","[966, 988, 701, 400, 1416, 105, 835, 591, 636]","[531, 910, 1007, 1015, 1057, 174, 203]",9,7
m3glvq_k0_9_k1_7_eta_001,3,1620,405,0.5260210803689065,0.1884057971014492,0.5909090909090909,0.2857142857142857,0.5185185185185185,42,"{0: 9, 1: 7}",150,0.01,[0.33333333 0.33333333 0.33333333],True,True,True,1.0,0.0,0.0,"[1483, 631, 412, 1143, 1090, 311, 343, 561, 139, 1003, 1355, 763, 1509, 856, 1444, 1008]","[1483, 631, 412, 1143, 1090, 311, 343, 561, 139]","[1003, 1355, 763, 1509, 856, 1444, 1008]",9,7
m3glvq_k0_9_k1_7_eta_001,4,1620,405,0.5360122968818621,0.3043478260869565,0.5779816513761468,0.3987341772151899,0.5308641975308642,42,"{0: 9, 1: 7}",150,0.01,[0.33333333 0.33333333 0.33333333],True,True,True,1.0,0.0,0.0,"[1005, 740, 40, 259, 384, 1073, 14, 958, 1252, 1404, 1025, 207, 376, 1102, 31, 171]","[1005, 740, 40, 259, 384, 1073, 14, 958, 1252]","[1404, 1025, 207, 376, 1102, 31, 171]",9,7
m3glvq_k0_9_k1_8_eta_001,0,1620,405,0.5302738188207732,0.3701923076923077,0.5579710144927537,0.4450867052023122,0.5259259259259259,42,"{0: 9, 1: 8}",150,0.01,[0.33333333 0.33333333 0.33333333],True,True,True,1.0,0.0,0.0,"[1499, 570, 1468, 386, 739, 1385, 1135, 511, 1055, 179, 1083, 745, 431, 668, 5, 463, 976]","[1499, 570, 1468, 386, 739, 1385, 1135, 511, 1055]","[179, 1083, 745, 431, 668, 5, 463, 976]",9,8
m3glvq_k0_9_k1_8_eta_001,1,1620,405,0.5750073213588442,0.4951923076923077,0.6023391812865497,0.5435356200527705,0.5728395061728395,42,"{0: 9, 1: 8}",150,0.01,[0.33333333 0.33333333 0.33333333],True,True,True,1.0,0.0,0.0,"[1511, 1057, 970, 1200, 98, 85, 164, 37, 474, 1108, 58, 1105, 1019, 1349, 1442, 439, 148]","[1511, 1057, 970, 1200, 98, 85, 164, 37, 474]","[1108, 58, 1105, 1019, 1349, 1442, 439, 148]",9,8
m3glvq_k0_9_k1_8_eta_001,2,1620,405,0.5493703631393987,0.4134615384615384,0.581081081081081,0.4831460674157303,0.5456790123456791,42,"{0: 9, 1: 8}",150,0.01,[0.33333333 0.33333333 0.33333333],True,True,True,1.0,0.0,0.0,"[329, 636, 474, 1005, 549, 966, 1541, 23, 694, 87, 531, 139, 1392, 448, 1442, 664, 1067]","[329, 636, 474, 1005, 549, 966, 1541, 23, 694]","[87, 531, 139, 1392, 448, 1442, 664, 1067]",9,8
m3glvq_k0_9_k1_8_eta_001,3,1620,405,0.535024154589372,0.2367149758454106,0.5975609756097561,0.3391003460207612,0.528395061728395,42,"{0: 9, 1: 8}",150,0.01,[0.33333333 0.33333333 0.33333333],True,True,True,1.0,0.0,0.0,"[1288, 666, 1022, 1241, 959, 412, 1381, 1018, 1468, 1003, 880, 1159, 1544, 1262, 50, 763, 1008]","[1288, 666, 1022, 1241, 959, 412, 1381, 1018, 1468]","[1003, 880, 1159, 1544, 1262, 50, 763, 1008]",9,8
m3glvq_k0_9_k1_8_eta_001,4,1620,405,0.5378787878787878,0.3333333333333333,0.575,0.4220183486238532,0.5333333333333333,42,"{0: 9, 1: 8}",150,0.01,[0.33333333 0.33333333 0.33333333],True,True,True,1.0,0.0,0.0,"[1013, 623, 1225, 1048, 453, 384, 14, 501, 775, 15, 1547, 207, 388, 218, 1404, 1092, 1240]","[1013, 623, 1225, 1048, 453, 384, 14, 501, 775]","[15, 1547, 207, 388, 218, 1404, 1092, 1240]",9,8
m3glvq_k0_9_k1_9_eta_001,0,1620,405,0.5644523623584536,0.5096153846153846,0.585635359116022,0.5449871465295629,0.562962962962963,42,"{0: 9, 1: 9}",150,0.01,[0.33333333 0.33333333 0.33333333],True,True,True,0.9933333333333404,0.0033333333333297,0.0033333333333297,"[754, 1468, 570, 1426, 598, 1333, 1200, 97, 502, 152, 1357, 49, 1132, 1102, 745, 509, 228, 324]","[754, 1468, 570, 1426, 598, 1333, 1200, 97, 502]","[152, 1357, 49, 1132, 1102, 745, 509, 228, 324]",9,9
m3glvq_k0_9_k1_9_eta_001,1,1620,405,0.5352157360406091,0.375,0.5652173913043478,0.4508670520231214,0.5308641975308642,42,"{0: 9, 1: 9}",150,0.01,[0.33333333 0.33333333 0.33333333],True,True,True,1.0,0.0,0.0,"[543, 741, 511, 870, 1073, 1591, 35, 995, 628, 184, 1029, 664, 1308, 725, 364, 360, 201, 148]","[543, 741, 511, 870, 1073, 1591, 35, 995, 628]","[184, 1029, 664, 1308, 725, 364, 360, 201, 148]",9,9
m3glvq_k0_9_k1_9_eta_001,2,1620,405,0.5899795001952362,0.4134615384615384,0.6515151515151515,0.5058823529411764,0.5851851851851851,42,"{0: 9, 1: 9}",150,0.01,[0.33333333 0.33333333 0.33333333],True,True,True,1.0,0.0,0.0,"[1193, 459, 204, 830, 1328, 1005, 1001, 549, 498, 1565, 136, 910, 304, 364, 1377, 183, 176, 962]","[1193, 459, 204, 830, 1328, 1005, 1001, 549, 498]","[1565, 136, 910, 304, 364, 1377, 183, 176, 962]",9,9
m3glvq_k0_9_k1_9_eta_001,3,1620,405,0.5316205533596838,0.2753623188405797,0.5757575757575758,0.3725490196078432,0.5259259259259259,42,"{0: 9, 1: 9}",150,0.01,[0.33333333 0.33333333 0.33333333],True,True,True,1.0,0.0,0.0,"[1059, 1483, 1241, 1566, 412, 1492, 1468, 666, 179, 927, 165, 856, 817, 1125, 194, 1560, 1544, 1554]","[1059, 1483, 1241, 1566, 412, 1492, 1468, 666, 179]","[927, 165, 856, 817, 1125, 194, 1560, 1544, 1554]",9,9
m3glvq_k0_9_k1_9_eta_001,4,1620,405,0.547979797979798,0.3333333333333333,0.5948275862068966,0.4272445820433437,0.5432098765432098,42,"{0: 9, 1: 9}",150,0.01,[0.33333333 0.33333333 0.33333333],True,True,True,1.0,0.0,0.0,"[623, 1597, 1005, 1073, 740, 1474, 384, 1199, 1252, 759, 1188, 1025, 929, 757, 1393, 550, 729, 478]","[623, 1597, 1005, 1073, 740, 1474, 384, 1199, 1252]","[759, 1188, 1025, 929, 757, 1393, 550, 729, 478]",9,9
m3glvq_k0_9_k1_10_eta_001,0,1620,405,0.5477718664584147,0.3798076923076923,0.5851851851851851,0.4606413994169095,0.5432098765432098,42,"{0: 9, 1: 10}",150,0.01,[0.33333333 0.33333333 0.33333333],True,True,True,1.0,0.0,0.0,"[906, 1197, 1499, 181, 717, 1426, 657, 1134, 761, 1357, 1154, 976, 1301, 29, 604, 1039, 668, 807, 553]","[906, 1197, 1499, 181, 717, 1426, 657, 1134, 761]","[1357, 1154, 976, 1301, 29, 604, 1039, 668, 807, 553]",9,10
m3glvq_k0_9_k1_10_eta_001,1,1620,405,0.5260152284263959,0.25,0.5714285714285714,0.3478260869565217,0.5185185185185185,42,"{0: 9, 1: 10}",150,0.01,[0.33333333 0.33333333 0.33333333],True,True,True,1.0,0.0,0.0,"[1533, 226, 1591, 164, 1342, 628, 1200, 543, 541, 201, 1022, 994, 52, 725, 1431, 342, 167, 1333, 148]","[1533, 226, 1591, 164, 1342, 628, 1200, 543, 541]","[201, 1022, 994, 52, 725, 1431, 342, 167, 1333, 148]",9,10
m3glvq_k0_9_k1_10_eta_001,2,1620,405,0.5513837368215541,0.3413461538461538,0.6016949152542372,0.4355828220858895,0.5456790123456791,42,"{0: 9, 1: 10}",150,0.01,[0.33333333 0.33333333 0.33333333],True,True,True,1.0,0.0,0.0,"[830, 549, 105, 1378, 492, 636, 1001, 548, 588, 723, 1427, 87, 604, 531, 1039, 1320, 385, 664, 730]","[830, 549, 105, 1378, 492, 636, 1001, 548, 588]","[723, 1427, 87, 604, 531, 1039, 1320, 385, 664, 730]",9,10
m3glvq_k0_9_k1_10_eta_001,3,1620,405,0.5464426877470355,0.2898550724637681,0.6060606060606061,0.392156862745098,0.5407407407407407,42,"{0: 9, 1: 10}",150,0.01,[0.33333333 0.33333333 0.33333333],True,True,True,1.0,0.0,0.0,"[1468, 412, 561, 980, 666, 1059, 1381, 1241, 1536, 701, 1087, 1008, 1444, 1097, 1482, 916, 165, 1509, 1041]","[1468, 412, 561, 980, 666, 1059, 1381, 1241, 1536]","[701, 1087, 1008, 1444, 1097, 1482, 916, 165, 1509, 1041]",9,10
m3glvq_k0_9_k1_10_eta_001,4,1620,405,0.5474308300395256,0.357487922705314,0.5873015873015873,0.4444444444444444,0.5432098765432098,42,"{0: 9, 1: 10}",150,0.01,[0.33333333 0.33333333 0.33333333],True,True,True,1.0,0.0,0.0,"[384, 1073, 1252, 623, 1597, 1474, 1199, 233, 1053, 929, 1188, 31, 1393, 674, 550, 1025, 698, 864, 1099]","[384, 1073, 1252, 623, 1597, 1474, 1199, 233, 1053]","[929, 1188, 31, 1393, 674, 550, 1025, 698, 864, 1099]",9,10
m3glvq_k0_10_k1_3_eta_001,0,1620,405,0.5030505661850839,0.1634615384615384,0.5230769230769231,0.2490842490842491,0.4938271604938271,42,"{0: 10, 1: 3}",150,0.01,[0.33333333 0.33333333 0.33333333],True,True,True,1.0,0.0,0.0,"[1537, 754, 1204, 947, 785, 417, 941, 1426, 97, 1127, 1447, 850, 806]","[1537, 754, 1204, 947, 785, 417, 941, 1426, 97, 1127]","[1447, 850, 806]",10,3
m3glvq_k0_10_k1_3_eta_001,1,1620,405,0.5519328387348692,0.2307692307692307,0.6575342465753424,0.3416370106761566,0.5432098765432098,42,"{0: 10, 1: 3}",150,0.01,[0.33333333 0.33333333 0.33333333],True,True,True,1.0,0.0,0.0,"[1229, 35, 366, 1374, 1016, 870, 85, 198, 431, 541, 598, 1442, 1390]","[1229, 35, 366, 1374, 1016, 870, 85, 198, 431, 541]","[598, 1442, 1390]",10,3
m3glvq_k0_10_k1_3_eta_001,2,1620,405,0.5250878563061304,0.1923076923076923,0.5882352941176471,0.2898550724637681,0.5160493827160494,42,"{0: 10, 1: 3}",150,0.01,[0.33333333 0.33333333 0.33333333],True,True,True,1.0,0.0,0.0,"[1541, 1597, 1243, 341, 966, 105, 548, 545, 474, 1424, 962, 369, 779]","[1541, 1597, 1243, 341, 966, 105, 548, 545, 474, 1424]","[962, 369, 779]",10,3
m3glvq_k0_10_k1_3_eta_001,3,1620,405,0.4974747474747474,0.2222222222222222,0.5054945054945055,0.3087248322147651,0.491358024691358,42,"{0: 10, 1: 3}",150,0.01,[0.33333333 0.33333333 0.33333333],True,True,True,1.0,0.0,0.0,"[139, 905, 302, 1468, 97, 1422, 1022, 1381, 40, 591, 817, 194, 1444]","[139, 905, 302, 1468, 97, 1422, 1022, 1381, 40, 591]","[817, 194, 1444]",10,3
m3glvq_k0_10_k1_3_eta_001,4,1620,405,0.5340360122968819,0.391304347826087,0.5586206896551724,0.4602272727272728,0.5308641975308642,42,"{0: 10, 1: 3}",150,0.01,[0.33333333 0.33333333 0.33333333],True,True,True,0.7502554291430897,0.2497445708569103,0.0,"[921, 775, 1319, 623, 734, 1326, 1101, 835, 1503, 1104, 681, 1258, 759]","[921, 775, 1319, 623, 734, 1326, 1101, 835, 1503, 1104]","[681, 1258, 759]",10,3
m3glvq_k0_10_k1_4_eta_001,0,1620,405,0.549126317844592,0.2403846153846154,0.6410256410256411,0.3496503496503496,0.5407407407407407,42,"{0: 10, 1: 4}",150,0.01,[0.33333333 0.33333333 0.33333333],True,True,True,1.0,0.0,0.0,"[1426, 1348, 941, 613, 453, 1488, 754, 1027, 419, 436, 1038, 626, 745, 164]","[1426, 1348, 941, 613, 453, 1488, 754, 1027, 419, 436]","[1038, 626, 745, 164]",10,4
m3glvq_k0_10_k1_4_eta_001,1,1620,405,0.5118606013276064,0.2115384615384615,0.5432098765432098,0.3044982698961938,0.5037037037037037,42,"{0: 10, 1: 4}",150,0.01,[0.33333333 0.33333333 0.33333333],True,True,True,1.0,0.0,0.0,"[388, 1537, 628, 1276, 1257, 272, 85, 870, 198, 511, 1250, 1431, 644, 1029]","[388, 1537, 628, 1276, 1257, 272, 85, 870, 198, 511]","[1250, 1431, 644, 1029]",10,4
m3glvq_k0_10_k1_4_eta_001,2,1620,405,0.5624877977352596,0.2163461538461538,0.7142857142857143,0.3321033210332103,0.5530864197530864,42,"{0: 10, 1: 4}",150,0.01,[0.33333333 0.33333333 0.33333333],True,True,True,1.0,0.0,0.0,"[1243, 548, 1001, 459, 248, 1566, 993, 1328, 898, 588, 962, 158, 1071, 978]","[1243, 548, 1001, 459, 248, 1566, 993, 1328, 898, 588]","[962, 158, 1071, 978]",10,4
m3glvq_k0_10_k1_4_eta_001,3,1620,405,0.5740008783487045,0.5217391304347826,0.5934065934065934,0.5552699228791774,0.5728395061728395,42,"{0: 10, 1: 4}",150,0.01,[0.33333333 0.33333333 0.33333333],True,True,True,0.798650080777132,0.1451532039185218,0.0561967153043462,"[219, 24, 1090, 807, 948, 801, 97, 139, 108, 1022, 260, 856, 1444, 468]","[219, 24, 1090, 807, 948, 801, 97, 139, 108, 1022]","[260, 856, 1444, 468]",10,4
m3glvq_k0_10_k1_4_eta_001,4,1620,405,0.5476504172156346,0.2367149758454106,0.6363636363636364,0.3450704225352112,0.5407407407407407,42,"{0: 10, 1: 4}",150,0.01,[0.33333333 0.33333333 0.33333333],True,True,True,1.0,0.0,0.0,"[740, 384, 1225, 1597, 1073, 1048, 958, 623, 1013, 775, 207, 759, 1025, 1443]","[740, 384, 1225, 1597, 1073, 1048, 958, 623, 1013, 775]","[207, 759, 1025, 1443]",10,4
m3glvq_k0_10_k1_5_eta_001,0,1620,405,0.5409752049980476,0.2596153846153846,0.6067415730337079,0.3636363636363636,0.5333333333333333,42,"{0: 10, 1: 5}",150,0.01,[0.33333333 0.33333333 0.33333333],True,True,True,0.998392446361406,0.0016075536385941,0.0,"[97, 906, 307, 583, 1200, 1333, 941, 502, 754, 598, 855, 1076, 462, 309, 469]","[97, 906, 307, 583, 1200, 1333, 941, 502, 754, 598]","[855, 1076, 462, 309, 469]",10,5
m3glvq_k0_10_k1_5_eta_001,1,1620,405,0.5337636665365092,0.2451923076923076,0.5930232558139535,0.3469387755102041,0.5259259259259259,42,"{0: 10, 1: 5}",150,0.01,[0.33333333 0.33333333 0.33333333],True,True,True,1.0,0.0,0.0,"[1006, 545, 1374, 98, 1200, 366, 398, 1223, 1164, 190, 1029, 464, 201, 644, 1250]","[1006, 545, 1374, 98, 1200, 366, 398, 1223, 1164, 190]","[1029, 464, 201, 644, 1250]",10,5
m3glvq_k0_10_k1_5_eta_001,2,1620,405,0.5628782702069505,0.2932692307692308,0.648936170212766,0.4039735099337749,0.5555555555555556,42,"{0: 10, 1: 5}",150,0.01,[0.33333333 0.33333333 0.33333333],True,True,True,1.0,0.0,0.0,"[516, 1221, 588, 1424, 548, 1001, 1005, 1243, 1597, 1378, 1431, 1057, 962, 978, 1015]","[516, 1221, 588, 1424, 548, 1001, 1005, 1243, 1597, 1378]","[1431, 1057, 962, 978, 1015]",10,5
m3glvq_k0_10_k1_5_eta_001,3,1620,405,0.5317303469477382,0.2705314009661835,0.5773195876288659,0.3684210526315789,0.5259259259259259,42,"{0: 10, 1: 5}",150,0.01,[0.33333333 0.33333333 0.33333333],True,True,True,1.0,0.0,0.0,"[1422, 1381, 97, 1059, 139, 1022, 980, 1288, 1468, 666, 771, 194, 1564, 1525, 1041]","[1422, 1381, 97, 1059, 139, 1022, 980, 1288, 1468, 666]","[771, 194, 1564, 1525, 1041]",10,5
m3glvq_k0_10_k1_5_eta_001,4,1620,405,0.554457619675011,0.2705314009661835,0.6363636363636364,0.3796610169491525,0.5481481481481482,42,"{0: 10, 1: 5}",150,0.01,[0.33333333 0.33333333 0.33333333],True,True,True,1.0,0.0,0.0,"[623, 1073, 1219, 740, 1048, 1157, 501, 384, 1474, 754, 1025, 171, 1097, 207, 766]","[623, 1073, 1219, 740, 1048, 1157, 501, 384, 1474, 754]","[1025, 171, 1097, 207, 766]",10,5
m3glvq_k0_10_k1_6_eta_001,0,1620,405,0.5417683522061695,0.3221153846153846,0.5877192982456141,0.4161490683229814,0.5358024691358024,42,"{0: 10, 1: 6}",150,0.01,[0.33333333 0.33333333 0.33333333],True,True,True,1.0,0.0,0.0,"[1035, 1426, 112, 739, 1468, 570, 1333, 97, 941, 657, 164, 1155, 745, 91, 194, 668]","[1035, 1426, 112, 739, 1468, 570, 1333, 97, 941, 657]","[164, 1155, 745, 91, 194, 668]",10,6
m3glvq_k0_10_k1_6_eta_001,1,1620,405,0.5471251464271769,0.2211538461538461,0.647887323943662,0.3297491039426523,0.5382716049382716,42,"{0: 10, 1: 6}",150,0.01,[0.33333333 0.33333333 0.33333333],True,True,True,1.0,0.0,0.0,"[1494, 870, 1533, 453, 1374, 1006, 541, 111, 388, 1200, 201, 442, 145, 734, 1442, 984]","[1494, 870, 1533, 453, 1374, 1006, 541, 111, 388, 1200]","[201, 442, 145, 734, 1442, 984]",10,6
m3glvq_k0_10_k1_6_eta_001,2,1620,405,0.5651356891839125,0.3942307692307692,0.6119402985074627,0.4795321637426901,0.5604938271604938,42,"{0: 10, 1: 6}",150,0.01,[0.33333333 0.33333333 0.33333333],True,True,True,1.0,0.0,0.0,"[421, 545, 830, 459, 1001, 993, 50, 1378, 1011, 591, 605, 597, 1565, 1392, 41, 139]","[421, 545, 830, 459, 1001, 993, 50, 1378, 1011, 591]","[605, 597, 1565, 1392, 41, 139]",10,6
m3glvq_k0_10_k1_6_eta_001,3,1620,405,0.5886034255599473,0.4347826086956521,0.6382978723404256,0.5172413793103449,0.5851851851851851,42,"{0: 10, 1: 6}",150,0.01,[0.33333333 0.33333333 0.33333333],True,True,True,1.0,0.0,0.0,"[1079, 1468, 1059, 1381, 1527, 1422, 110, 666, 139, 97, 1008, 194, 1099, 633, 817, 1564]","[1079, 1468, 1059, 1381, 1527, 1422, 110, 666, 139, 97]","[1008, 194, 1099, 633, 817, 1564]",10,6
m3glvq_k0_10_k1_6_eta_001,4,1620,405,0.544137022397892,0.2801932367149758,0.6041666666666666,0.3828382838283828,0.5382716049382716,42,"{0: 10, 1: 6}",150,0.01,[0.33333333 0.33333333 0.33333333],True,True,True,1.0,0.0,0.0,"[1157, 775, 1013, 623, 754, 384, 1048, 1225, 1503, 1073, 1564, 207, 1614, 1025, 1272, 631]","[1157, 775, 1013, 623, 754, 384, 1048, 1225, 1503, 1073]","[1564, 207, 1614, 1025, 1272, 631]",10,6
m3glvq_k0_10_k1_7_eta_001,0,1620,405,0.5354963881296368,0.2740384615384615,0.5876288659793815,0.3737704918032787,0.528395061728395,42,"{0: 10, 1: 7}",150,0.01,[0.33333333 0.33333333 0.33333333],True,True,True,1.0,0.0,0.0,"[1055, 1348, 1537, 1269, 657, 570, 1027, 1426, 1071, 869, 668, 164, 1313, 1095, 1447, 194, 1087]","[1055, 1348, 1537, 1269, 657, 570, 1027, 1426, 1071, 869]","[668, 164, 1313, 1095, 1447, 194, 1087]",10,7
m3glvq_k0_10_k1_7_eta_001,1,1620,405,0.5524453338539633,0.3942307692307692,0.5899280575539568,0.4726224783861671,0.5481481481481482,42,"{0: 10, 1: 7}",150,0.01,[0.33333333 0.33333333 0.33333333],True,True,True,1.0,0.0,0.0,"[431, 870, 476, 85, 1006, 808, 1416, 930, 628, 543, 442, 1431, 1019, 1140, 148, 1060, 232]","[431, 870, 476, 85, 1006, 808, 1416, 930, 628, 543]","[442, 1431, 1019, 1140, 148, 1060, 232]",10,7
m3glvq_k0_10_k1_7_eta_001,2,1620,405,0.5646231940648184,0.2307692307692307,0.7058823529411765,0.3478260869565218,0.5555555555555556,42,"{0: 10, 1: 7}",150,0.01,[0.33333333 0.33333333 0.33333333],True,True,True,1.0,0.0,0.0,"[993, 1424, 1503, 1597, 548, 1307, 474, 551, 966, 1243, 139, 448, 1431, 297, 962, 1057, 136]","[993, 1424, 1503, 1597, 548, 1307, 474, 551, 966, 1243]","[139, 448, 1431, 297, 962, 1057, 136]",10,7
m3glvq_k0_10_k1_7_eta_001,3,1620,405,0.5824549846288977,0.3719806763285024,0.652542372881356,0.4738461538461538,0.5777777777777777,42,"{0: 10, 1: 7}",150,0.01,[0.33333333 0.33333333 0.33333333],True,True,True,1.0,0.0,0.0,"[1468, 666, 564, 1542, 504, 1422, 437, 1381, 110, 1241, 1003, 856, 468, 1099, 628, 817, 763]","[1468, 666, 564, 1542, 504, 1422, 437, 1381, 110, 1241]","[1003, 856, 468, 1099, 628, 817, 763]",10,7
m3glvq_k0_10_k1_7_eta_001,4,1620,405,0.55566534914361,0.217391304347826,0.6818181818181818,0.3296703296703296,0.5481481481481482,42,"{0: 10, 1: 7}",150,0.01,[0.33333333 0.33333333 0.33333333],True,True,True,1.0,0.0,0.0,"[1597, 623, 1048, 1225, 384, 501, 1073, 809, 1044, 578, 1097, 674, 1025, 1404, 758, 631, 171]","[1597, 623, 1048, 1225, 384, 501, 1073, 809, 1044, 578]","[1097, 674, 1025, 1404, 758, 631, 171]",10,7
m3glvq_k0_10_k1_8_eta_001,0,1620,405,0.542842151503319,0.2836538461538461,0.6020408163265306,0.3856209150326797,0.5358024691358024,42,"{0: 10, 1: 8}",150,0.01,[0.33333333 0.33333333 0.33333333],True,True,True,1.0,0.0,0.0,"[1385, 941, 586, 576, 171, 579, 1135, 1537, 570, 1468, 1095, 462, 668, 1076, 604, 553, 852, 976]","[1385, 941, 586, 576, 171, 579, 1135, 1537, 570, 1468]","[1095, 462, 668, 1076, 604, 553, 852, 976]",10,8
m3glvq_k0_10_k1_8_eta_001,1,1620,405,0.5535313354158532,0.2644230769230769,0.6395348837209303,0.3741496598639456,0.5456790123456791,42,"{0: 10, 1: 8}",150,0.01,[0.33333333 0.33333333 0.33333333],True,True,True,1.0,0.0,0.0,"[474, 453, 470, 507, 479, 543, 35, 124, 880, 1604, 145, 521, 342, 1140, 148, 1442, 1108, 724]","[474, 453, 470, 507, 479, 543, 35, 124, 880, 1604]","[145, 521, 342, 1140, 148, 1442, 1108, 724]",10,8
m3glvq_k0_10_k1_8_eta_001,2,1620,405,0.5764959976571651,0.3509615384615384,0.6517857142857143,0.45625,0.5703703703703704,42,"{0: 10, 1: 8}",150,0.01,[0.33333333 0.33333333 0.33333333],True,True,True,0.9441279733435688,0.0558720266564312,0.0,"[548, 1541, 1243, 526, 1590, 1347, 830, 1196, 1424, 1047, 268, 723, 531, 1063, 730, 528, 139, 136]","[548, 1541, 1243, 526, 1590, 1347, 830, 1196, 1424, 1047]","[268, 723, 531, 1063, 730, 528, 139, 136]",10,8
m3glvq_k0_10_k1_8_eta_001,3,1620,405,0.5670838823012736,0.3816425120772946,0.6171875,0.4716417910447761,0.562962962962963,42,"{0: 10, 1: 8}",150,0.01,[0.33333333 0.33333333 0.33333333],True,True,True,1.0,0.0,0.0,"[139, 666, 1422, 997, 980, 515, 776, 1059, 737, 110, 1544, 1082, 1036, 313, 1008, 177, 194, 960]","[139, 666, 1422, 997, 980, 515, 776, 1059, 737, 110]","[1544, 1082, 1036, 313, 1008, 177, 194, 960]",10,8
m3glvq_k0_10_k1_8_eta_001,4,1620,405,0.5440272288098374,0.2850241545893719,0.6020408163265306,0.3868852459016393,0.5382716049382716,42,"{0: 10, 1: 8}",150,0.01,[0.33333333 0.33333333 0.33333333],True,True,True,1.0,0.0,0.0,"[499, 623, 530, 973, 1044, 1225, 958, 384, 104, 39, 1025, 758, 15, 757, 759, 766, 382, 631]","[499, 623, 530, 973, 1044, 1225, 958, 384, 104, 39]","[1025, 758, 15, 757, 759, 766, 382, 631]",10,8
m3glvq_k0_10_k1_9_eta_001,0,1620,405,0.5398892034361578,0.3894230769230769,0.5704225352112676,0.4628571428571428,0.5358024691358024,42,"{0: 10, 1: 9}",150,0.01,[0.33333333 0.33333333 0.33333333],True,True,True,1.0,0.0,0.0,"[1537, 570, 1024, 213, 1348, 1135, 836, 657, 171, 1426, 862, 668, 1095, 49, 1447, 604, 976, 852, 553]","[1537, 570, 1024, 213, 1348, 1135, 836, 657, 171, 1426]","[862, 668, 1095, 49, 1447, 604, 976, 852, 553]",10,9
m3glvq_k0_10_k1_9_eta_001,1,1620,405,0.5204021866458415,0.2692307692307692,0.5544554455445545,0.3624595469255663,0.5135802469135803,42,"{0: 10, 1: 9}",150,0.01,[0.33333333 0.33333333 0.33333333],True,True,True,1.0,0.0,0.0,"[507, 1267, 489, 1494, 1200, 928, 543, 35, 628, 1257, 1108, 521, 1442, 442, 984, 145, 359, 1140, 201]","[507, 1267, 489, 1494, 1200, 928, 543, 35, 628, 1257]","[1108, 521, 1442, 442, 984, 145, 359, 1140, 201]",10,9
m3glvq_k0_10_k1_9_eta_001,2,1620,405,0.5524575361187036,0.3028846153846153,0.6176470588235294,0.4064516129032258,0.5456790123456791,42,"{0: 10, 1: 9}",150,0.01,[0.33333333 0.33333333 0.33333333],True,True,True,1.0,0.0,0.0,"[1328, 153, 329, 1471, 636, 1193, 400, 1387, 105, 588, 1535, 723, 978, 385, 1505, 1520, 48, 962, 784]","[1328, 153, 329, 1471, 636, 1193, 400, 1387, 105, 588]","[1535, 723, 978, 385, 1505, 1520, 48, 962, 784]",10,9
m3glvq_k0_10_k1_9_eta_001,3,1620,405,0.5604962670180061,0.3381642512077294,0.6194690265486725,0.4375,0.5555555555555556,42,"{0: 10, 1: 9}",150,0.01,[0.33333333 0.33333333 0.33333333],True,True,True,1.0,0.0,0.0,"[554, 1577, 959, 666, 1422, 1018, 457, 159, 437, 1206, 835, 817, 843, 856, 701, 81, 1044, 1108, 763]","[554, 1577, 959, 666, 1422, 1018, 457, 159, 437, 1206]","[835, 817, 843, 856, 701, 81, 1044, 1108, 763]",10,9
m3glvq_k0_10_k1_9_eta_001,4,1620,405,0.5611550285463329,0.3091787439613526,0.6336633663366337,0.4155844155844156,0.5555555555555556,42,"{0: 10, 1: 9}",150,0.01,[0.33333333 0.33333333 0.33333333],True,True,True,1.0,0.0,0.0,"[104, 860, 1013, 1157, 921, 775, 384, 501, 312, 162, 1052, 1270, 152, 1220, 758, 1175, 30, 631, 1167]","[104, 860, 1013, 1157, 921, 775, 384, 501, 312, 162]","[1052, 1270, 152, 1220, 758, 1175, 30, 631, 1167]",10,9
m3glvq_k0_10_k1_10_eta_001,0,1620,405,0.5123730964467005,0.375,0.5306122448979592,0.4394366197183098,0.508641975308642,42,"{0: 10, 1: 10}",150,0.01,[0.33333333 0.33333333 0.33333333],True,True,True,1.0,0.0,0.0,"[1385, 97, 657, 1426, 1537, 1468, 422, 777, 1200, 739, 1095, 1331, 1154, 29, 744, 626, 309, 668, 381, 164]","[1385, 97, 657, 1426, 1537, 1468, 422, 777, 1200, 739]","[1095, 1331, 1154, 29, 744, 626, 309, 668, 381, 164]",10,10
m3glvq_k0_10_k1_10_eta_001,1,1620,405,0.5585952752830925,0.3557692307692308,0.6115702479338843,0.4498480243161094,0.5530864197530864,42,"{0: 10, 1: 10}",150,0.01,[0.33333333 0.33333333 0.33333333],True,True,True,1.0,0.0,0.0,"[808, 133, 543, 1591, 498, 1494, 628, 1073, 1200, 855, 1431, 1019, 1349, 148, 1583, 734, 1613, 359, 724, 442]","[808, 133, 543, 1591, 498, 1494, 628, 1073, 1200, 855]","[1431, 1019, 1349, 148, 1583, 734, 1613, 359, 724, 442]",10,10
m3glvq_k0_10_k1_10_eta_001,2,1620,405,0.5456486723935963,0.2740384615384615,0.6129032258064516,0.3787375415282392,0.5382716049382716,42,"{0: 10, 1: 10}",150,0.01,[0.33333333 0.33333333 0.33333333],True,True,True,1.0,0.0,0.0,"[400, 1229, 548, 701, 830, 591, 1011, 1054, 459, 993, 1442, 448, 664, 528, 87, 962, 1392, 274, 139, 1076]","[400, 1229, 548, 701, 830, 591, 1011, 1054, 459, 993]","[1442, 448, 664, 528, 87, 962, 1392, 274, 139, 1076]",10,10
m3glvq_k0_10_k1_10_eta_001,3,1620,405,0.580368906455863,0.3526570048309179,0.6576576576576577,0.4591194968553458,0.5753086419753086,42,"{0: 10, 1: 10}",150,0.01,[0.33333333 0.33333333 0.33333333],True,True,True,1.0,0.0,0.0,"[666, 1536, 1059, 1079, 585, 1292, 1241, 1022, 1422, 1468, 468, 1041, 229, 1008, 105, 1082, 1544, 763, 701, 394]","[666, 1536, 1059, 1079, 585, 1292, 1241, 1022, 1422, 1468]","[468, 1041, 229, 1008, 105, 1082, 1544, 763, 701, 394]",10,10
m3glvq_k0_10_k1_10_eta_001,4,1620,405,0.5726833552920509,0.357487922705314,0.6379310344827587,0.458204334365325,0.5679012345679012,42,"{0: 10, 1: 10}",150,0.01,[0.33333333 0.33333333 0.33333333],True,True,True,1.0,0.0,0.0,"[1073, 921, 873, 233, 1597, 1005, 775, 384, 1252, 623, 550, 152, 757, 478, 1364, 929, 971, 362, 1188, 1092]","[1073, 921, 873, 233, 1597, 1005, 775, 384, 1252, 623]","[550, 152, 757, 478, 1364, 929, 971, 362, 1188, 1092]",10,10
m3glvq_k0_3_k1_3_eta_0015,0,1620,405,0.5343981843030067,0.4951923076923077,0.5508021390374331,0.5215189873417722,0.5333333333333333,42,"{0: 3, 1: 3}",150,0.015,[0.33333333 0.33333333 0.33333333],True,True,True,1.0,0.0,0.0,"[254, 1333, 222, 668, 509, 745]","[254, 1333, 222]","[668, 509, 745]",3,3
m3glvq_k0_3_k1_3_eta_0015,1,1620,405,0.5195724326434986,0.4807692307692308,0.5347593582887701,0.5063291139240508,0.5185185185185185,42,"{0: 3, 1: 3}",150,0.015,[0.33333333 0.33333333 0.33333333],True,True,True,0.8070244106827656,0.0887636019756958,0.1042119873415383,"[870, 1267, 474, 1442, 148, 1390]","[870, 1267, 474]","[1442, 148, 1390]",3,3
m3glvq_k0_3_k1_3_eta_0015,2,1620,405,0.553628953533776,0.5336538461538461,0.5692307692307692,0.5508684863523574,0.5530864197530864,42,"{0: 3, 1: 3}",150,0.015,[0.33333333 0.33333333 0.33333333],True,True,True,0.0,1.0,0.0,"[1541, 18, 115, 723, 75, 1071]","[1541, 18, 115]","[723, 75, 1071]",3,3
m3glvq_k0_3_k1_3_eta_0015,3,1620,405,0.5317303469477382,0.6038647342995169,0.5387931034482759,0.5694760820045559,0.5333333333333333,42,"{0: 3, 1: 3}",150,0.015,[0.33333333 0.33333333 0.33333333],True,True,True,0.0,1.0,0.0,"[279, 1492, 964, 350, 150, 1027]","[279, 1492, 964]","[350, 150, 1027]",3,3
m3glvq_k0_3_k1_3_eta_0015,4,1620,405,0.5712560386473431,0.5314009661835749,0.5882352941176471,0.5583756345177665,0.5703703703703704,42,"{0: 3, 1: 3}",150,0.015,[0.33333333 0.33333333 0.33333333],True,True,True,1.0,0.0,0.0,"[921, 499, 1474, 631, 1019, 1025]","[921, 499, 1474]","[631, 1019, 1025]",3,3
m3glvq_k0_3_k1_4_eta_0015,0,1620,405,0.6119801835220617,0.7163461538461539,0.6056910569105691,0.6563876651982379,0.6148148148148148,42,"{0: 3, 1: 4}",150,0.015,[0.33333333 0.33333333 0.33333333],True,True,True,0.4272547878322378,0.3252246735850048,0.2475205385827574,"[1099, 1358, 1352, 462, 1398, 668, 1447]","[1099, 1358, 1352]","[462, 1398, 668, 1447]",3,4
m3glvq_k0_3_k1_4_eta_0015,1,1620,405,0.5677835806325654,0.5721153846153846,0.5804878048780487,0.5762711864406779,0.5679012345679012,42,"{0: 3, 1: 4}",150,0.015,[0.33333333 0.33333333 0.33333333],True,True,True,0.7453322654606915,0.1556276805043201,0.0990400540349884,"[470, 474, 870, 1442, 1390, 1349, 148]","[470, 474, 870]","[1442, 1390, 1349, 148]",3,4
m3glvq_k0_3_k1_4_eta_0015,2,1620,405,0.5666975790706755,0.7019230769230769,0.5658914728682171,0.6266094420600858,0.5703703703703704,42,"{0: 3, 1: 4}",150,0.015,[0.33333333 0.33333333 0.33333333],True,True,True,0.0077953395941644,0.9818104826160624,0.0103941777897732,"[1247, 1503, 115, 256, 335, 158, 1374]","[1247, 1503, 115]","[256, 335, 158, 1374]",3,4
m3glvq_k0_3_k1_4_eta_0015,3,1620,405,0.5205314009661836,0.6521739130434783,0.52734375,0.5831533477321814,0.5234567901234568,42,"{0: 3, 1: 4}",150,0.015,[0.33333333 0.33333333 0.33333333],True,True,True,0.0,1.0,0.0,"[1149, 964, 1020, 150, 1146, 370, 276]","[1149, 964, 1020]","[150, 1146, 370, 276]",3,4
m3glvq_k0_3_k1_4_eta_0015,4,1620,405,0.5431488801054019,0.5458937198067633,0.553921568627451,0.5498783454987834,0.5432098765432098,42,"{0: 3, 1: 4}",150,0.015,[0.33333333 0.33333333 0.33333333],True,True,True,1.0,0.0,0.0,"[499, 901, 623, 759, 1121, 1240, 152]","[499, 901, 623]","[759, 1121, 1240, 152]",3,4
m3glvq_k0_3_k1_5_eta_0015,0,1620,405,0.5648428348301444,0.5865384615384616,0.5754716981132075,0.5809523809523809,0.5654320987654321,42,"{0: 3, 1: 5}",150,0.015,[0.33333333 0.33333333 0.33333333],True,True,True,1.0,0.0,0.0,"[254, 386, 1027, 164, 1076, 1398, 1511, 1038]","[254, 386, 1027]","[164, 1076, 1398, 1511, 1038]",3,5
m3glvq_k0_3_k1_5_eta_0015,1,1620,405,0.5551054275673565,0.4807692307692308,0.5780346820809249,0.5249343832020997,0.5530864197530864,42,"{0: 3, 1: 5}",150,0.015,[0.33333333 0.33333333 0.33333333],True,True,True,1.0,0.0,0.0,"[1324, 498, 124, 439, 1349, 151, 360, 725]","[1324, 498, 124]","[439, 1349, 151, 360, 725]",3,5
m3glvq_k0_3_k1_5_eta_0015,2,1620,405,0.5518962319406482,0.5048076923076923,0.5706521739130435,0.5357142857142857,0.5506172839506173,42,"{0: 3, 1: 5}",150,0.015,[0.33333333 0.33333333 0.33333333],True,True,True,1.0,0.0,0.0,"[1471, 62, 588, 139, 404, 603, 818, 1057]","[1471, 62, 588]","[139, 404, 603, 818, 1057]",3,5
m3glvq_k0_3_k1_5_eta_0015,3,1620,405,0.5455643390425999,0.6618357487922706,0.548,0.5995623632385121,0.5481481481481482,42,"{0: 3, 1: 5}",150,0.015,[0.33333333 0.33333333 0.33333333],True,True,True,0.6694418269457568,0.3305581730542431,0.0,"[1492, 14, 302, 165, 1444, 771, 682, 194]","[1492, 14, 302]","[165, 1444, 771, 682, 194]",3,5
m3glvq_k0_3_k1_5_eta_0015,4,1620,405,0.5499560825647782,0.5797101449275363,0.5581395348837209,0.5687203791469194,0.5506172839506173,42,"{0: 3, 1: 5}",150,0.015,[0.33333333 0.33333333 0.33333333],True,True,True,0.8027657776708975,0.1972342223291025,0.0,"[499, 973, 623, 15, 631, 759, 1025, 385]","[499, 973, 623]","[15, 631, 759, 1025, 385]",3,5
m3glvq_k0_3_k1_6_eta_0015,0,1620,405,0.5319821358844201,0.5817307692307693,0.5426008968609866,0.5614849187935035,0.5333333333333333,42,"{0: 3, 1: 6}",150,0.015,[0.33333333 0.33333333 0.33333333],True,True,True,1.0,0.0,0.0,"[985, 1348, 494, 1447, 668, 839, 1117, 15, 1398]","[985, 1348, 494]","[1447, 668, 839, 1117, 15, 1398]",3,6
m3glvq_k0_3_k1_6_eta_0015,1,1620,405,0.5673931081608747,0.4951923076923077,0.5919540229885057,0.5392670157068062,0.5654320987654321,42,"{0: 3, 1: 6}",150,0.015,[0.33333333 0.33333333 0.33333333],True,True,True,1.0,0.0,0.0,"[96, 453, 1324, 1442, 724, 734, 342, 821, 984]","[96, 453, 1324]","[1442, 724, 734, 342, 821, 984]",3,6
m3glvq_k0_3_k1_6_eta_0015,2,1620,405,0.5461367629832097,0.6201923076923077,0.5536480686695279,0.585034013605442,0.5481481481481482,42,"{0: 3, 1: 6}",150,0.015,[0.33333333 0.33333333 0.33333333],True,True,True,1.0,0.0,0.0,"[1471, 105, 374, 183, 450, 962, 1057, 404, 1039]","[1471, 105, 374]","[183, 450, 962, 1057, 404, 1039]",3,6
m3glvq_k0_3_k1_6_eta_0015,3,1620,405,0.5648880105401844,0.5893719806763285,0.5727699530516432,0.5809523809523809,0.5654320987654321,42,"{0: 3, 1: 6}",150,0.015,[0.33333333 0.33333333 0.33333333],True,True,True,1.0,0.0,0.0,"[302, 14, 997, 165, 194, 1564, 176, 1416, 682]","[302, 14, 997]","[165, 194, 1564, 176, 1416, 682]",3,6
m3glvq_k0_3_k1_6_eta_0015,4,1620,405,0.5575318401405358,0.5797101449275363,0.5660377358490566,0.5727923627684964,0.5580246913580247,42,"{0: 3, 1: 6}",150,0.015,[0.33333333 0.33333333 0.33333333],True,True,True,1.0,0.0,0.0,"[384, 499, 1474, 1570, 171, 681, 759, 152, 631]","[384, 499, 1474]","[1570, 171, 681, 759, 152, 631]",3,6
m3glvq_k0_3_k1_7_eta_0015,0,1620,405,0.5549590003904725,0.5769230769230769,0.5660377358490566,0.5714285714285713,0.5555555555555556,42,"{0: 3, 1: 7}",150,0.015,[0.33333333 0.33333333 0.33333333],True,True,True,1.0,0.0,0.0,"[500, 254, 97, 324, 1511, 1326, 348, 807, 1475, 745]","[500, 254, 97]","[324, 1511, 1326, 348, 807, 1475, 745]",3,7
m3glvq_k0_3_k1_7_eta_0015,1,1620,405,0.521585806325654,0.4086538461538461,0.5414012738853503,0.4657534246575343,0.5185185185185185,42,"{0: 3, 1: 7}",150,0.015,[0.33333333 0.33333333 0.33333333],True,True,True,0.0,1.0,0.0,"[571, 294, 388, 734, 1078, 1183, 644, 1054, 1273, 638]","[571, 294, 388]","[734, 1078, 1183, 644, 1054, 1273, 638]",3,7
m3glvq_k0_3_k1_7_eta_0015,2,1620,405,0.5480159117532214,0.5528846153846154,0.5609756097560976,0.5569007263922519,0.5481481481481482,42,"{0: 3, 1: 7}",150,0.015,[0.33333333 0.33333333 0.33333333],True,True,True,1.0,0.0,0.0,"[1304, 1471, 374, 1067, 1039, 605, 139, 1147, 1442, 1117]","[1304, 1471, 374]","[1067, 1039, 605, 139, 1147, 1442, 1117]",3,7
m3glvq_k0_3_k1_7_eta_0015,3,1620,405,0.5057092665788319,0.748792270531401,0.5149501661129569,0.6102362204724411,0.5111111111111111,42,"{0: 3, 1: 7}",150,0.015,[0.33333333 0.33333333 0.33333333],True,True,True,0.0046279321778937,0.9953720678221064,0.0,"[1230, 964, 1492, 1084, 1343, 150, 350, 968, 1003, 1276]","[1230, 964, 1492]","[1084, 1343, 150, 350, 968, 1003, 1276]",3,7
m3glvq_k0_3_k1_7_eta_0015,4,1620,405,0.5828941589811155,0.5748792270531401,0.595,0.5847665847665847,0.582716049382716,42,"{0: 3, 1: 7}",150,0.015,[0.33333333 0.33333333 0.33333333],True,True,True,1.0,0.0,0.0,"[259, 1044, 416, 1240, 92, 1102, 1270, 1167, 1220, 1272]","[259, 1044, 416]","[1240, 92, 1102, 1270, 1167, 1220, 1272]",3,7
m3glvq_k0_3_k1_8_eta_0015,0,1620,405,0.5074067746973838,0.5528846153846154,0.5203619909502263,0.5361305361305363,0.508641975308642,42,"{0: 3, 1: 8}",150,0.015,[0.33333333 0.33333333 0.33333333],True,True,True,1.0,0.0,0.0,"[254, 985, 1426, 5, 1398, 187, 228, 810, 745, 414, 147]","[254, 985, 1426]","[5, 1398, 187, 228, 810, 745, 414, 147]",3,8
m3glvq_k0_3_k1_8_eta_0015,1,1620,405,0.5526893791487699,0.5673076923076923,0.5645933014354066,0.565947242206235,0.5530864197530864,42,"{0: 3, 1: 8}",150,0.015,[0.33333333 0.33333333 0.33333333],True,True,True,1.0,0.0,0.0,"[651, 470, 366, 358, 1596, 364, 725, 1029, 812, 984, 429]","[651, 470, 366]","[358, 1596, 364, 725, 1029, 812, 984, 429]",3,8
m3glvq_k0_3_k1_8_eta_0015,2,1620,405,0.546002538071066,0.625,0.5531914893617021,0.5869074492099322,0.5481481481481482,42,"{0: 3, 1: 8}",150,0.015,[0.33333333 0.33333333 0.33333333],True,True,True,1.0,0.0,0.0,"[1471, 1304, 374, 373, 809, 1139, 524, 1063, 183, 723, 978]","[1471, 1304, 374]","[373, 809, 1139, 524, 1063, 183, 723, 978]",3,8
m3glvq_k0_3_k1_8_eta_0015,3,1620,405,0.5646684233640755,0.5990338164251208,0.5714285714285714,0.5849056603773585,0.5654320987654321,42,"{0: 3, 1: 8}",150,0.015,[0.33333333 0.33333333 0.33333333],True,True,True,1.0,0.0,0.0,"[504, 997, 14, 1544, 165, 1008, 194, 1262, 1431, 916, 1560]","[504, 997, 14]","[1544, 165, 1008, 194, 1262, 1431, 916, 1560]",3,8
m3glvq_k0_3_k1_8_eta_0015,4,1620,405,0.5421607378129117,0.5893719806763285,0.5495495495495496,0.5687645687645687,0.5432098765432098,42,"{0: 3, 1: 8}",150,0.015,[0.33333333 0.33333333 0.33333333],True,True,True,1.0,0.0,0.0,"[1474, 384, 1039, 207, 237, 1240, 759, 1025, 34, 1167, 1121]","[1474, 384, 1039]","[207, 237, 1240, 759, 1025, 34, 1167, 1121]",3,8
m3glvq_k0_3_k1_9_eta_0015,0,1620,405,0.4916414486528699,0.5721153846153846,0.5063829787234042,0.5372460496613994,0.4938271604938271,42,"{0: 3, 1: 9}",150,0.015,[0.33333333 0.33333333 0.33333333],True,True,True,1.0,0.0,0.0,"[1135, 254, 419, 1596, 1566, 228, 1357, 852, 194, 509, 178, 49]","[1135, 254, 419]","[1596, 1566, 228, 1357, 852, 194, 509, 178, 49]",3,9
m3glvq_k0_3_k1_9_eta_0015,1,1620,405,0.5429153650917611,0.7355769230769231,0.5444839857651246,0.6257668711656442,0.5481481481481482,42,"{0: 3, 1: 9}",150,0.015,[0.33333333 0.33333333 0.33333333],True,True,True,0.268684610783702,0.7306877990437121,0.0006275901725859,"[1345, 958, 1494, 644, 1596, 429, 725, 1583, 1359, 976, 1349, 1066]","[1345, 958, 1494]","[644, 1596, 429, 725, 1583, 1359, 976, 1349, 1066]",3,9
m3glvq_k0_3_k1_9_eta_0015,2,1620,405,0.5326410581803983,0.6490384615384616,0.54,0.5895196506550218,0.5358024691358024,42,"{0: 3, 1: 9}",150,0.015,[0.33333333 0.33333333 0.33333333],True,True,True,1.0,0.0,0.0,"[374, 1471, 105, 962, 1427, 139, 1565, 448, 380, 664, 1015, 604]","[374, 1471, 105]","[962, 1427, 139, 1565, 448, 380, 664, 1015, 604]",3,9
m3glvq_k0_3_k1_9_eta_0015,3,1620,405,0.5620333772507686,0.6038647342995169,0.5681818181818182,0.585480093676815,0.562962962962963,42,"{0: 3, 1: 9}",150,0.015,[0.33333333 0.33333333 0.33333333],True,True,True,1.0,0.0,0.0,"[179, 997, 504, 1082, 260, 29, 348, 682, 291, 766, 843, 384]","[179, 997, 504]","[1082, 260, 29, 348, 682, 291, 766, 843, 384]",3,9
m3glvq_k0_3_k1_9_eta_0015,4,1620,405,0.5702678963548529,0.7971014492753623,0.559322033898305,0.6573705179282868,0.5753086419753086,42,"{0: 3, 1: 9}",150,0.015,[0.33333333 0.33333333 0.33333333],True,True,True,0.5040604606796716,0.2658044728635906,0.2301350664567377,"[1048, 1005, 233, 1368, 1025, 34, 1477, 350, 382, 1121, 759, 238]","[1048, 1005, 233]","[1368, 1025, 34, 1477, 350, 382, 1121, 759, 238]",3,9
m3glvq_k0_3_k1_10_eta_0015,0,1620,405,0.5672466809839907,0.5913461538461539,0.5774647887323944,0.5843230403800475,0.5679012345679012,42,"{0: 3, 1: 10}",150,0.015,[0.33333333 0.33333333 0.33333333],True,True,True,1.0,0.0,0.0,"[500, 887, 725, 1043, 1039, 263, 1572, 1472, 1357, 229, 29, 338, 810]","[500, 887, 725]","[1043, 1039, 263, 1572, 1472, 1357, 229, 29, 338, 810]",3,10
m3glvq_k0_3_k1_10_eta_0015,1,1620,405,0.5693820773135494,0.6057692307692307,0.5779816513761468,0.5915492957746479,0.5703703703703704,42,"{0: 3, 1: 10}",150,0.015,[0.33333333 0.33333333 0.33333333],True,True,True,1.0,0.0,0.0,"[226, 498, 366, 1349, 442, 1078, 614, 526, 1031, 976, 929, 209, 725]","[226, 498, 366]","[1349, 442, 1078, 614, 526, 1031, 976, 929, 209, 725]",3,10
m3glvq_k0_3_k1_10_eta_0015,2,1620,405,0.5378392229597814,0.7355769230769231,0.5406360424028268,0.6232179226069245,0.5432098765432098,42,"{0: 3, 1: 10}",150,0.015,[0.33333333 0.33333333 0.33333333],True,True,True,1.0,0.0,0.0,"[694, 1471, 374, 139, 1075, 605, 183, 962, 780, 1431, 664, 1007, 723]","[694, 1471, 374]","[139, 1075, 605, 183, 962, 780, 1431, 664, 1007, 723]",3,10
m3glvq_k0_3_k1_10_eta_0015,3,1620,405,0.5646684233640755,0.5990338164251208,0.5714285714285714,0.5849056603773585,0.5654320987654321,42,"{0: 3, 1: 10}",150,0.015,[0.33333333 0.33333333 0.33333333],True,True,True,1.0,0.0,0.0,"[1468, 1536, 1216, 1564, 466, 1470, 843, 1155, 386, 92, 1165, 1066, 1493]","[1468, 1536, 1216]","[1564, 466, 1470, 843, 1155, 386, 92, 1165, 1066, 1493]",3,10
m3glvq_k0_3_k1_10_eta_0015,4,1620,405,0.5588493631971893,0.7439613526570048,0.5539568345323741,0.6350515463917527,0.562962962962963,42,"{0: 3, 1: 10}",150,0.015,[0.33333333 0.33333333 0.33333333],True,True,True,1.0,0.0,0.0,"[384, 1408, 1013, 376, 92, 1489, 633, 207, 1368, 759, 1573, 34, 976]","[384, 1408, 1013]","[376, 92, 1489, 633, 207, 1368, 759, 1573, 34, 976]",3,10
m3glvq_k0_4_k1_3_eta_0015,0,1620,405,0.5029041390082,0.2596153846153846,0.5192307692307693,0.3461538461538462,0.4962962962962963,42,"{0: 4, 1: 3}",150,0.015,[0.33333333 0.33333333 0.33333333],True,True,True,1.0,0.0,0.0,"[725, 1269, 222, 419, 806, 194, 1447]","[725, 1269, 222, 419]","[806, 194, 1447]",4,3
m3glvq_k0_4_k1_3_eta_0015,1,1620,405,0.5856965052713783,0.4759615384615384,0.6226415094339622,0.5395095367847411,0.582716049382716,42,"{0: 4, 1: 3}",150,0.015,[0.33333333 0.33333333 0.33333333],True,True,True,0.7035498913074334,0.2964501086925666,0.0,"[366, 1494, 741, 1001, 1442, 636, 1131]","[366, 1494, 741, 1001]","[1442, 636, 1131]",4,3
m3glvq_k0_4_k1_3_eta_0015,2,1620,405,0.558973545490043,0.5240384615384616,0.5767195767195767,0.5491183879093198,0.5580246913580247,42,"{0: 4, 1: 3}",150,0.015,[0.33333333 0.33333333 0.33333333],True,True,True,0.0,1.0,0.0,"[991, 1357, 838, 1005, 282, 335, 158]","[991, 1357, 838, 1005]","[282, 335, 158]",4,3
m3glvq_k0_4_k1_3_eta_0015,3,1620,405,0.5318401405357926,0.5990338164251208,0.5391304347826087,0.5675057208237987,0.5333333333333333,42,"{0: 4, 1: 3}",150,0.015,[0.33333333 0.33333333 0.33333333],True,True,True,0.0,1.0,0.0,"[302, 219, 1492, 957, 165, 350, 682]","[302, 219, 1492, 957]","[165, 350, 682]",4,3
m3glvq_k0_4_k1_3_eta_0015,4,1620,405,0.5651075977162934,0.4685990338164251,0.5914634146341463,0.522911051212938,0.562962962962963,42,"{0: 4, 1: 3}",150,0.015,[0.33333333 0.33333333 0.33333333],True,True,True,1.0,0.0,0.0,"[1044, 1048, 1474, 384, 681, 1014, 631]","[1044, 1048, 1474, 384]","[681, 1014, 631]",4,3
m3glvq_k0_4_k1_4_eta_0015,0,1620,405,0.5416341272940258,0.3269230769230769,0.5862068965517241,0.419753086419753,0.5358024691358024,42,"{0: 4, 1: 4}",150,0.015,[0.33333333 0.33333333 0.33333333],True,True,True,1.0,0.0,0.0,"[419, 1099, 1520, 1468, 1447, 449, 164, 147]","[419, 1099, 1520, 1468]","[1447, 449, 164, 147]",4,4
m3glvq_k0_4_k1_4_eta_0015,1,1620,405,0.5922369191721983,0.5144230769230769,0.622093023255814,0.5631578947368421,0.5901234567901235,42,"{0: 4, 1: 4}",150,0.015,[0.33333333 0.33333333 0.33333333],True,True,True,1.0,0.0,0.0,"[498, 1257, 870, 1591, 439, 1349, 1060, 429]","[498, 1257, 870, 1591]","[439, 1349, 1060, 429]",4,4
m3glvq_k0_4_k1_4_eta_0015,2,1620,405,0.555483697774307,0.6490384615384616,0.5601659751037344,0.601336302895323,0.5580246913580247,42,"{0: 4, 1: 4}",150,0.015,[0.33333333 0.33333333 0.33333333],True,True,True,0.5821719129978791,0.2264024166424042,0.1914256703597167,"[1471, 1503, 1005, 1247, 597, 87, 1392, 1442]","[1471, 1503, 1005, 1247]","[597, 87, 1392, 1442]",4,4
m3glvq_k0_4_k1_4_eta_0015,3,1620,405,0.5442468159859464,0.4975845410628019,0.5597826086956522,0.5268542199488491,0.5432098765432098,42,"{0: 4, 1: 4}",150,0.015,[0.33333333 0.33333333 0.33333333],True,True,True,1.0,0.0,0.0,"[1394, 997, 504, 14, 856, 840, 194, 1564]","[1394, 997, 504, 14]","[856, 840, 194, 1564]",4,4
m3glvq_k0_4_k1_4_eta_0015,4,1620,405,0.5640096618357489,0.5169082125603864,0.5815217391304348,0.5473145780051152,0.562962962962963,42,"{0: 4, 1: 4}",150,0.015,[0.33333333 0.33333333 0.33333333],True,True,True,1.0,0.0,0.0,"[740, 384, 901, 784, 207, 729, 759, 1025]","[740, 384, 901, 784]","[207, 729, 759, 1025]",4,4
m3glvq_k0_4_k1_5_eta_0015,0,1620,405,0.534666634127294,0.4855769230769231,0.5519125683060109,0.516624040920716,0.5333333333333333,42,"{0: 4, 1: 5}",150,0.015,[0.33333333 0.33333333 0.33333333],True,True,True,1.0,0.0,0.0,"[1035, 97, 1333, 1468, 309, 462, 1078, 12, 469]","[1035, 97, 1333, 1468]","[309, 462, 1078, 12, 469]",4,5
m3glvq_k0_4_k1_5_eta_0015,1,1620,405,0.5404139008199922,0.4615384615384615,0.5614035087719298,0.5065963060686015,0.5382716049382716,42,"{0: 4, 1: 5}",150,0.015,[0.33333333 0.33333333 0.33333333],True,True,True,1.0,0.0,0.0,"[1537, 585, 880, 855, 644, 359, 1442, 821, 1349]","[1537, 585, 880, 855]","[644, 359, 1442, 821, 1349]",4,5
m3glvq_k0_4_k1_5_eta_0015,2,1620,405,0.5573628465443187,0.5817307692307693,0.568075117370892,0.5748218527315915,0.5580246913580247,42,"{0: 4, 1: 5}",150,0.015,[0.33333333 0.33333333 0.33333333],True,True,True,1.0,0.0,0.0,"[105, 1328, 835, 1471, 1117, 600, 1057, 603, 447]","[105, 1328, 835, 1471]","[1117, 600, 1057, 603, 447]",4,5
m3glvq_k0_4_k1_5_eta_0015,3,1620,405,0.5745498462889767,0.4975845410628019,0.5988372093023255,0.5435356200527705,0.5728395061728395,42,"{0: 4, 1: 5}",150,0.015,[0.33333333 0.33333333 0.33333333],True,True,True,1.0,0.0,0.0,"[158, 302, 14, 997, 771, 1618, 682, 1082, 1041]","[158, 302, 14, 997]","[771, 1618, 682, 1082, 1041]",4,5
m3glvq_k0_4_k1_5_eta_0015,4,1620,405,0.5786122090469916,0.5410628019323671,0.5957446808510638,0.5670886075949367,0.5777777777777777,42,"{0: 4, 1: 5}",150,0.015,[0.33333333 0.33333333 0.33333333],True,True,True,1.0,0.0,0.0,"[1048, 384, 68, 1474, 207, 759, 71, 631, 1443]","[1048, 384, 68, 1474]","[207, 759, 71, 631, 1443]",4,5
m3glvq_k0_4_k1_6_eta_0015,0,1620,405,0.5535069308863725,0.4471153846153846,0.58125,0.5054347826086957,0.5506172839506173,42,"{0: 4, 1: 6}",150,0.015,[0.33333333 0.33333333 0.33333333],True,True,True,1.0,0.0,0.0,"[1035, 254, 386, 97, 462, 1146, 855, 1078, 309, 147]","[1035, 254, 386, 97]","[462, 1146, 855, 1078, 309, 147]",4,6
m3glvq_k0_4_k1_6_eta_0015,1,1620,405,0.5485162046075751,0.8076923076923077,0.5454545454545454,0.6511627906976744,0.5555555555555556,42,"{0: 4, 1: 6}",150,0.015,[0.33333333 0.33333333 0.33333333],True,True,True,0.0,0.9992304676589684,0.0007695323410315,"[714, 1071, 1494, 294, 1078, 282, 55, 875, 1054, 1557]","[714, 1071, 1494, 294]","[1078, 282, 55, 875, 1054, 1557]",4,6
m3glvq_k0_4_k1_6_eta_0015,2,1620,405,0.5547027528309254,0.4951923076923077,0.5754189944134078,0.5322997416020672,0.5530864197530864,42,"{0: 4, 1: 6}",150,0.015,[0.33333333 0.33333333 0.33333333],True,True,True,1.0,0.0,0.0,"[1005, 1471, 479, 694, 1455, 1133, 723, 784, 380, 139]","[1005, 1471, 479, 694]","[1455, 1133, 723, 784, 380, 139]",4,6
m3glvq_k0_4_k1_6_eta_0015,3,1620,405,0.5994729907773386,0.6231884057971014,0.6056338028169014,0.6142857142857142,0.6,42,"{0: 4, 1: 6}",150,0.015,[0.33333333 0.33333333 0.33333333],True,True,True,1.0,0.0,0.0,"[1394, 504, 1468, 437, 1066, 843, 875, 1082, 861, 468]","[1394, 504, 1468, 437]","[1066, 843, 875, 1082, 861, 468]",4,6
m3glvq_k0_4_k1_6_eta_0015,4,1620,405,0.5446859903381642,0.4782608695652174,0.5625,0.5169712793733683,0.5432098765432098,42,"{0: 4, 1: 6}",150,0.015,[0.33333333 0.33333333 0.33333333],True,True,True,1.0,0.0,0.0,"[1474, 384, 499, 623, 1368, 1167, 1123, 311, 1025, 1097]","[1474, 384, 499, 623]","[1368, 1167, 1123, 311, 1025, 1097]",4,6
m3glvq_k0_4_k1_7_eta_0015,0,1620,405,0.5627074385005857,0.5721153846153846,0.5748792270531401,0.5734939759036145,0.562962962962963,42,"{0: 4, 1: 7}",150,0.015,[0.33333333 0.33333333 0.33333333],True,True,True,1.0,0.0,0.0,"[213, 1035, 549, 386, 1475, 463, 85, 1076, 348, 309, 381]","[213, 1035, 549, 386]","[1475, 463, 85, 1076, 348, 309, 381]",4,7
m3glvq_k0_4_k1_7_eta_0015,1,1620,405,0.5727254978524015,0.5769230769230769,0.5853658536585366,0.5811138014527846,0.5728395061728395,42,"{0: 4, 1: 7}",150,0.015,[0.33333333 0.33333333 0.33333333],True,True,True,1.0,0.0,0.0,"[498, 651, 1257, 1016, 151, 1019, 372, 1349, 148, 308, 1442]","[498, 651, 1257, 1016]","[151, 1019, 372, 1349, 148, 308, 1442]",4,7
m3glvq_k0_4_k1_7_eta_0015,2,1620,405,0.5579119484576338,0.4711538461538461,0.5833333333333334,0.5212765957446809,0.5555555555555556,42,"{0: 4, 1: 7}",150,0.015,[0.33333333 0.33333333 0.33333333],True,True,True,1.0,0.0,0.0,"[1011, 1005, 1471, 374, 139, 1377, 285, 723, 1380, 136, 605]","[1011, 1005, 1471, 374]","[139, 1377, 285, 723, 1380, 136, 605]",4,7
m3glvq_k0_4_k1_7_eta_0015,3,1620,405,0.5830039525691699,0.5700483091787439,0.5959595959595959,0.582716049382716,0.582716049382716,42,"{0: 4, 1: 7}",150,0.015,[0.33333333 0.33333333 0.33333333],True,True,True,1.0,0.0,0.0,"[1468, 504, 407, 482, 1083, 1008, 194, 1262, 1036, 1159, 1544]","[1468, 504, 407, 482]","[1083, 1008, 194, 1262, 1036, 1159, 1544]",4,7
m3glvq_k0_4_k1_7_eta_0015,4,1620,405,0.5581906016688626,0.4396135265700483,0.5870967741935483,0.5027624309392265,0.5555555555555556,42,"{0: 4, 1: 7}",150,0.015,[0.33333333 0.33333333 0.33333333],True,True,True,1.0,0.0,0.0,"[623, 1474, 384, 613, 758, 470, 1025, 1097, 1404, 1368, 766]","[623, 1474, 384, 613]","[758, 470, 1025, 1097, 1404, 1368, 766]",4,7
m3glvq_k0_4_k1_8_eta_0015,0,1620,405,0.5506760054666145,0.6394230769230769,0.5564853556485355,0.5950782997762862,0.5530864197530864,42,"{0: 4, 1: 8}",150,0.015,[0.33333333 0.33333333 0.33333333],True,True,True,0.9560526112069028,0.0,0.0439473887930971,"[1333, 1468, 97, 1035, 469, 12, 462, 1039, 1511, 1078, 607, 374]","[1333, 1468, 97, 1035]","[469, 12, 462, 1039, 1511, 1078, 607, 374]",4,8
m3glvq_k0_4_k1_8_eta_0015,1,1620,405,0.5564476766887935,0.4326923076923077,0.5882352941176471,0.4986149584487536,0.5530864197530864,42,"{0: 4, 1: 8}",150,0.015,[0.33333333 0.33333333 0.33333333],True,True,True,1.0,0.0,0.0,"[741, 1494, 366, 970, 724, 1029, 442, 26, 429, 148, 623, 1250]","[741, 1494, 366, 970]","[724, 1029, 442, 26, 429, 148, 623, 1250]",4,8
m3glvq_k0_4_k1_8_eta_0015,2,1620,405,0.563915462709879,0.5288461538461539,0.582010582010582,0.5541561712846348,0.562962962962963,42,"{0: 4, 1: 8}",150,0.015,[0.33333333 0.33333333 0.33333333],True,True,True,1.0,0.0,0.0,"[1471, 588, 374, 105, 139, 1431, 780, 1007, 723, 368, 962, 136]","[1471, 588, 374, 105]","[139, 1431, 780, 1007, 723, 368, 962, 136]",4,8
m3glvq_k0_4_k1_8_eta_0015,3,1620,405,0.549407114624506,0.4927536231884058,0.5666666666666667,0.5271317829457365,0.5481481481481482,42,"{0: 4, 1: 8}",150,0.015,[0.33333333 0.33333333 0.33333333],True,True,True,1.0,0.0,0.0,"[482, 1468, 179, 504, 433, 763, 817, 1262, 1159, 394, 766, 466]","[482, 1468, 179, 504]","[433, 763, 817, 1262, 1159, 394, 766, 466]",4,8
m3glvq_k0_4_k1_8_eta_0015,4,1620,405,0.5638998682476943,0.6328502415458938,0.5670995670995671,0.5981735159817352,0.5654320987654321,42,"{0: 4, 1: 8}",150,0.015,[0.33333333 0.33333333 0.33333333],True,True,True,1.0,0.0,0.0,"[384, 784, 403, 1474, 834, 1025, 759, 1108, 1368, 242, 550, 1557]","[384, 784, 403, 1474]","[834, 1025, 759, 1108, 1368, 242, 550, 1557]",4,8
m3glvq_k0_4_k1_9_eta_0015,0,1620,405,0.5589613432253027,0.6153846153846154,0.5663716814159292,0.5898617511520737,0.5604938271604938,42,"{0: 4, 1: 9}",150,0.015,[0.33333333 0.33333333 0.33333333],True,True,True,1.0,0.0,0.0,"[1499, 1348, 386, 213, 1132, 1511, 630, 381, 309, 463, 1076, 194, 74]","[1499, 1348, 386, 213]","[1132, 1511, 630, 381, 309, 463, 1076, 194, 74]",4,9
m3glvq_k0_4_k1_9_eta_0015,1,1620,405,0.4974131198750487,0.3653846153846153,0.5100671140939598,0.4257703081232493,0.4938271604938271,42,"{0: 4, 1: 9}",150,0.015,[0.33333333 0.33333333 0.33333333],True,True,True,1.0,0.0,0.0,"[1604, 474, 453, 288, 724, 258, 442, 148, 1431, 1029, 1084, 623, 1390]","[1604, 474, 453, 288]","[724, 258, 442, 148, 1431, 1029, 1084, 623, 1390]",4,9
m3glvq_k0_4_k1_9_eta_0015,2,1620,405,0.574458219445529,0.6057692307692307,0.5833333333333334,0.5943396226415095,0.5753086419753086,42,"{0: 4, 1: 9}",150,0.015,[0.33333333 0.33333333 0.33333333],True,True,True,1.0,0.0,0.0,"[1413, 374, 1471, 1005, 881, 1431, 1015, 978, 1320, 1057, 531, 787, 404]","[1413, 374, 1471, 1005]","[881, 1431, 1015, 978, 1320, 1057, 531, 787, 404]",4,9
m3glvq_k0_4_k1_9_eta_0015,3,1620,405,0.5552261747913922,0.5700483091787439,0.5645933014354066,0.5673076923076923,0.5555555555555556,42,"{0: 4, 1: 9}",150,0.015,[0.33333333 0.33333333 0.33333333],True,True,True,1.0,0.0,0.0,"[1065, 997, 1536, 619, 1482, 50, 763, 1544, 633, 1041, 1008, 701, 1138]","[1065, 997, 1536, 619]","[1482, 50, 763, 1544, 633, 1041, 1008, 701, 1138]",4,9
m3glvq_k0_4_k1_9_eta_0015,4,1620,405,0.5699385155906895,0.4782608695652174,0.5963855421686747,0.5308310991957105,0.5679012345679012,42,"{0: 4, 1: 9}",150,0.015,[0.33333333 0.33333333 0.33333333],True,True,True,1.0,0.0,0.0,"[384, 403, 102, 1474, 237, 681, 1368, 1097, 1404, 1439, 238, 729, 1175]","[384, 403, 102, 1474]","[237, 681, 1368, 1097, 1404, 1439, 238, 729, 1175]",4,9
m3glvq_k0_4_k1_10_eta_0015,0,1620,405,0.5012812377977353,0.4086538461538461,0.5151515151515151,0.4557640750670241,0.4987654320987654,42,"{0: 4, 1: 10}",150,0.015,[0.33333333 0.33333333 0.33333333],True,True,True,1.0,0.0,0.0,"[1537, 254, 386, 986, 976, 105, 876, 604, 1047, 1102, 462, 1083, 852, 957]","[1537, 254, 386, 986]","[976, 105, 876, 604, 1047, 1102, 462, 1083, 852, 957]",4,10
m3glvq_k0_4_k1_10_eta_0015,1,1620,405,0.5780700898086685,0.5673076923076923,0.592964824120603,0.5798525798525799,0.5777777777777777,42,"{0: 4, 1: 10}",150,0.015,[0.33333333 0.33333333 0.33333333],True,True,True,1.0,0.0,0.0,"[1494, 187, 366, 970, 1431, 1399, 201, 429, 442, 236, 984, 232, 1254, 302]","[1494, 187, 366, 970]","[1431, 1399, 201, 429, 442, 236, 984, 232, 1254, 302]",4,10
m3glvq_k0_4_k1_10_eta_0015,2,1620,405,0.5568259468957438,0.6009615384615384,0.5656108597285068,0.5827505827505827,0.5580246913580247,42,"{0: 4, 1: 10}",150,0.015,[0.33333333 0.33333333 0.33333333],True,True,True,1.0,0.0,0.0,"[1005, 1471, 132, 374, 183, 978, 962, 723, 316, 385, 784, 373, 730, 417]","[1005, 1471, 132, 374]","[183, 978, 962, 723, 316, 385, 784, 373, 730, 417]",4,10
m3glvq_k0_4_k1_10_eta_0015,3,1620,405,0.5737812911725955,0.5314009661835749,0.5913978494623656,0.5597964376590331,0.5728395061728395,42,"{0: 4, 1: 10}",150,0.015,[0.33333333 0.33333333 0.33333333],True,True,True,1.0,0.0,0.0,"[1468, 482, 959, 97, 927, 373, 701, 763, 682, 143, 856, 50, 1076, 843]","[1468, 482, 959, 97]","[927, 373, 701, 763, 682, 143, 856, 50, 1076, 843]",4,10
m3glvq_k0_4_k1_10_eta_0015,4,1620,405,0.5573122529644269,0.5893719806763285,0.5648148148148148,0.5768321513002364,0.5580246913580247,42,"{0: 4, 1: 10}",150,0.015,[0.33333333 0.33333333 0.33333333],True,True,True,1.0,0.0,0.0,"[384, 403, 1474, 499, 1477, 1097, 55, 1547, 152, 997, 681, 759, 1443, 631]","[384, 403, 1474, 499]","[1477, 1097, 55, 1547, 152, 997, 681, 759, 1443, 631]",4,10
m3glvq_k0_5_k1_3_eta_0015,0,1620,405,0.6309547051932839,0.6730769230769231,0.6334841628959276,0.6526806526806527,0.6320987654320988,42,"{0: 5, 1: 3}",150,0.015,[0.33333333 0.33333333 0.33333333],True,True,True,0.4456881425534468,0.2828878240361336,0.2714240334104196,"[1352, 1499, 739, 299, 1358, 668, 1398, 1447]","[1352, 1499, 739, 299, 1358]","[668, 1398, 1447]",5,3
m3glvq_k0_5_k1_3_eta_0015,1,1620,405,0.5540438305349473,0.4278846153846153,0.5855263157894737,0.4944444444444444,0.5506172839506173,42,"{0: 5, 1: 3}",150,0.015,[0.33333333 0.33333333 0.33333333],True,True,True,1.0,0.0,0.0,"[870, 880, 1006, 85, 366, 1442, 429, 692]","[870, 880, 1006, 85, 366]","[1442, 429, 692]",5,3
m3glvq_k0_5_k1_3_eta_0015,2,1620,405,0.5343981843030067,0.4951923076923077,0.5508021390374331,0.5215189873417722,0.5333333333333333,42,"{0: 5, 1: 3}",150,0.015,[0.33333333 0.33333333 0.33333333],True,True,True,1.0,0.0,0.0,"[966, 211, 1328, 421, 1005, 1057, 842, 183]","[966, 211, 1328, 421, 1005]","[1057, 842, 183]",5,3
m3glvq_k0_5_k1_3_eta_0015,3,1620,405,0.5657663592446202,0.6618357487922706,0.5661157024793388,0.6102449888641426,0.5679012345679012,42,"{0: 5, 1: 3}",150,0.015,[0.33333333 0.33333333 0.33333333],True,True,True,0.6105677456396039,0.3735430657578046,0.0158891886025914,"[179, 396, 948, 1536, 158, 468, 1444, 1008]","[179, 396, 948, 1536, 158]","[468, 1444, 1008]",5,3
m3glvq_k0_5_k1_3_eta_0015,4,1620,405,0.550614844093105,0.4396135265700483,0.5759493670886076,0.4986301369863013,0.5481481481481482,42,"{0: 5, 1: 3}",150,0.015,[0.33333333 0.33333333 0.33333333],True,True,True,1.0,0.0,0.0,"[921, 1474, 1348, 501, 623, 1240, 1025, 1092]","[921, 1474, 1348, 501, 623]","[1240, 1025, 1092]",5,3
m3glvq_k0_5_k1_4_eta_0015,0,1620,405,0.5563134517766497,0.4375,0.5870967741935483,0.5013774104683196,0.5530864197530864,42,"{0: 5, 1: 4}",150,0.015,[0.33333333 0.33333333 0.33333333],True,True,True,1.0,0.0,0.0,"[526, 97, 1348, 1333, 1035, 12, 309, 469, 1078]","[526, 97, 1348, 1333, 1035]","[12, 309, 469, 1078]",5,4
m3glvq_k0_5_k1_4_eta_0015,1,1620,405,0.5703216516985552,0.5721153846153846,0.5833333333333334,0.5776699029126212,0.5703703703703704,42,"{0: 5, 1: 4}",150,0.015,[0.33333333 0.33333333 0.33333333],True,True,True,0.961562503463961,0.034071998017791,0.0043654985182478,"[111, 1223, 1324, 498, 1057, 1349, 821, 1442, 644]","[111, 1223, 1324, 498, 1057]","[1349, 821, 1442, 644]",5,4
m3glvq_k0_5_k1_4_eta_0015,2,1620,405,0.5417439476766888,0.5048076923076923,0.5585106382978723,0.5303030303030303,0.5407407407407407,42,"{0: 5, 1: 4}",150,0.015,[0.33333333 0.33333333 0.33333333],True,True,True,1.0,0.0,0.0,"[62, 1005, 873, 1481, 1471, 495, 821, 604, 404]","[62, 1005, 873, 1481, 1471]","[495, 821, 604, 404]",5,4
m3glvq_k0_5_k1_4_eta_0015,3,1620,405,0.5108695652173914,0.2995169082125604,0.5299145299145299,0.382716049382716,0.5061728395061729,42,"{0: 5, 1: 4}",150,0.015,[0.33333333 0.33333333 0.33333333],True,True,True,0.0,1.0,0.0,"[440, 964, 1241, 1492, 482, 165, 262, 25, 194]","[440, 964, 1241, 1492, 482]","[165, 262, 25, 194]",5,4
m3glvq_k0_5_k1_4_eta_0015,4,1620,405,0.578941589811155,0.5265700483091788,0.5989010989010989,0.5604113110539846,0.5777777777777777,42,"{0: 5, 1: 4}",150,0.015,[0.33333333 0.33333333 0.33333333],True,True,True,1.0,0.0,0.0,"[1112, 921, 1044, 1013, 384, 631, 1443, 1025, 31]","[1112, 921, 1044, 1013, 384]","[631, 1443, 1025, 31]",5,4
m3glvq_k0_5_k1_5_eta_0015,0,1620,405,0.5429519718859821,0.4615384615384615,0.5647058823529412,0.507936507936508,0.5407407407407407,42,"{0: 5, 1: 5}",150,0.015,[0.33333333 0.33333333 0.33333333],True,True,True,1.0,0.0,0.0,"[1035, 1348, 97, 526, 1333, 1398, 12, 469, 462, 1076]","[1035, 1348, 97, 526, 1333]","[1398, 12, 469, 462, 1076]",5,5
m3glvq_k0_5_k1_5_eta_0015,1,1620,405,0.5473691917219836,0.3942307692307692,0.5815602836879432,0.4699140401146132,0.5432098765432098,42,"{0: 5, 1: 5}",150,0.015,[0.33333333 0.33333333 0.33333333],True,True,True,1.0,0.0,0.0,"[1229, 366, 799, 741, 855, 1442, 520, 201, 1433, 734]","[1229, 366, 799, 741, 855]","[1442, 520, 201, 1433, 734]",5,5
m3glvq_k0_5_k1_5_eta_0015,2,1620,405,0.5536411557985161,0.4423076923076923,0.5822784810126582,0.5027322404371584,0.5506172839506173,42,"{0: 5, 1: 5}",150,0.015,[0.33333333 0.33333333 0.33333333],True,True,True,1.0,0.0,0.0,"[1011, 374, 1005, 1471, 1378, 139, 778, 1057, 1015, 404]","[1011, 374, 1005, 1471, 1378]","[139, 778, 1057, 1015, 404]",5,5
m3glvq_k0_5_k1_5_eta_0015,3,1620,405,0.5232762406675451,0.4202898550724637,0.5403726708074534,0.4728260869565217,0.5209876543209877,42,"{0: 5, 1: 5}",150,0.015,[0.33333333 0.33333333 0.33333333],True,True,True,1.0,0.0,0.0,"[14, 561, 631, 997, 504, 1564, 856, 763, 1355, 1612]","[14, 561, 631, 997, 504]","[1564, 856, 763, 1355, 1612]",5,5
m3glvq_k0_5_k1_5_eta_0015,4,1620,405,0.54655248133509,0.3961352657004831,0.5774647887323944,0.4699140401146131,0.5432098765432098,42,"{0: 5, 1: 5}",150,0.015,[0.33333333 0.33333333 0.33333333],True,True,True,1.0,0.0,0.0,"[384, 901, 775, 958, 501, 1025, 631, 766, 207, 759]","[384, 901, 775, 958, 501]","[1025, 631, 766, 207, 759]",5,5
m3glvq_k0_5_k1_6_eta_0015,0,1620,405,0.5538974033580633,0.5240384615384616,0.5706806282722513,0.5463659147869675,0.5530864197530864,42,"{0: 5, 1: 6}",150,0.015,[0.33333333 0.33333333 0.33333333],True,True,True,1.0,0.0,0.0,"[1099, 213, 97, 1348, 386, 462, 1039, 1562, 1447, 1043, 12]","[1099, 213, 97, 1348, 386]","[462, 1039, 1562, 1447, 1043, 12]",5,6
m3glvq_k0_5_k1_6_eta_0015,1,1620,405,0.5527137836782507,0.3846153846153846,0.5925925925925926,0.4664723032069971,0.5481481481481482,42,"{0: 5, 1: 6}",150,0.015,[0.33333333 0.33333333 0.33333333],True,True,True,1.0,0.0,0.0,"[210, 366, 1119, 970, 1591, 442, 1431, 1583, 984, 145, 201]","[210, 366, 1119, 970, 1591]","[442, 1431, 1583, 984, 145, 201]",5,6
m3glvq_k0_5_k1_6_eta_0015,2,1620,405,0.5687475595470519,0.3557692307692308,0.6324786324786325,0.4553846153846153,0.562962962962963,42,"{0: 5, 1: 6}",150,0.015,[0.33333333 0.33333333 0.33333333],True,True,True,1.0,0.0,0.0,"[1471, 1229, 374, 1566, 1005, 404, 174, 1151, 139, 723, 604]","[1471, 1229, 374, 1566, 1005]","[404, 174, 1151, 139, 723, 604]",5,6
m3glvq_k0_5_k1_6_eta_0015,3,1620,405,0.5534694773825208,0.5362318840579711,0.5663265306122449,0.5508684863523573,0.5530864197530864,42,"{0: 5, 1: 6}",150,0.015,[0.33333333 0.33333333 0.33333333],True,True,True,1.0,0.0,0.0,"[407, 139, 1394, 1468, 482, 1431, 194, 1036, 532, 351, 1159]","[407, 139, 1394, 1468, 482]","[1431, 194, 1036, 532, 351, 1159]",5,6
m3glvq_k0_5_k1_6_eta_0015,4,1620,405,0.5563241106719368,0.4106280193236715,0.5902777777777778,0.4843304843304843,0.5530864197530864,42,"{0: 5, 1: 6}",150,0.015,[0.33333333 0.33333333 0.33333333],True,True,True,1.0,0.0,0.0,"[1054, 617, 1013, 921, 403, 200, 1097, 766, 207, 1025, 1564]","[1054, 617, 1013, 921, 403]","[200, 1097, 766, 207, 1025, 1564]",5,6
m3glvq_k0_5_k1_7_eta_0015,0,1620,405,0.5509566575556424,0.5384615384615384,0.5656565656565656,0.5517241379310345,0.5506172839506173,42,"{0: 5, 1: 7}",150,0.015,[0.33333333 0.33333333 0.33333333],True,True,True,1.0,0.0,0.0,"[1468, 1333, 1035, 906, 97, 49, 46, 1078, 1117, 187, 348, 852]","[1468, 1333, 1035, 906, 97]","[49, 46, 1078, 1117, 187, 348, 852]",5,7
m3glvq_k0_5_k1_7_eta_0015,1,1620,405,0.5528480085903944,0.3798076923076923,0.5939849624060151,0.4633431085043988,0.5481481481481482,42,"{0: 5, 1: 7}",150,0.015,[0.33333333 0.33333333 0.33333333],True,True,True,1.0,0.0,0.0,"[970, 1016, 288, 98, 366, 1544, 1250, 201, 148, 1140, 1078, 1431]","[970, 1016, 288, 98, 366]","[1544, 1250, 201, 148, 1140, 1078, 1431]",5,7
m3glvq_k0_5_k1_7_eta_0015,2,1620,405,0.5919562670831706,0.6153846153846154,0.6009389671361502,0.6080760095011877,0.5925925925925926,42,"{0: 5, 1: 7}",150,0.015,[0.33333333 0.33333333 0.33333333],True,True,True,1.0,0.0,0.0,"[1001, 1304, 374, 830, 405, 1067, 1320, 723, 784, 809, 962, 139]","[1001, 1304, 374, 830, 405]","[1067, 1320, 723, 784, 809, 962, 139]",5,7
m3glvq_k0_5_k1_7_eta_0015,3,1620,405,0.5092226613965745,0.7053140096618358,0.5177304964539007,0.5971370143149285,0.5135802469135803,42,"{0: 5, 1: 7}",150,0.015,[0.33333333 0.33333333 0.33333333],True,True,True,0.0047127365077802,0.99528726349222,0.0,"[1230, 997, 58, 964, 155, 150, 1084, 350, 1343, 1463, 1277, 1003]","[1230, 997, 58, 964, 155]","[150, 1084, 350, 1343, 1463, 1277, 1003]",5,7
m3glvq_k0_5_k1_7_eta_0015,4,1620,405,0.557092665788318,0.5990338164251208,0.5636363636363636,0.5807962529274006,0.5580246913580247,42,"{0: 5, 1: 7}",150,0.015,[0.33333333 0.33333333 0.33333333],True,True,True,1.0,0.0,0.0,"[418, 784, 384, 1013, 499, 1025, 49, 1167, 759, 207, 1175, 631]","[418, 784, 384, 1013, 499]","[1025, 49, 1167, 759, 207, 1175, 631]",5,7
m3glvq_k0_5_k1_8_eta_0015,0,1620,405,0.5558985747754783,0.5432692307692307,0.5707070707070707,0.5566502463054188,0.5555555555555556,42,"{0: 5, 1: 8}",150,0.015,[0.33333333 0.33333333 0.33333333],True,True,True,1.0,0.0,0.0,"[213, 1348, 471, 97, 1333, 839, 291, 1041, 1252, 1423, 147, 61, 1091]","[213, 1348, 471, 97, 1333]","[839, 291, 1041, 1252, 1423, 147, 61, 1091]",5,8
m3glvq_k0_5_k1_8_eta_0015,1,1620,405,0.5102377001171418,0.3605769230769231,0.528169014084507,0.4285714285714285,0.5061728395061729,42,"{0: 5, 1: 8}",150,0.015,[0.33333333 0.33333333 0.33333333],True,True,True,1.0,0.0,0.0,"[799, 1229, 741, 366, 474, 1108, 927, 148, 145, 623, 724, 442, 521]","[799, 1229, 741, 366, 474]","[1108, 927, 148, 145, 623, 724, 442, 521]",5,8
m3glvq_k0_5_k1_8_eta_0015,2,1620,405,0.5684547051932839,0.5480769230769231,0.5846153846153846,0.5657568238213401,0.5679012345679012,42,"{0: 5, 1: 8}",150,0.015,[0.33333333 0.33333333 0.33333333],True,True,True,1.0,0.0,0.0,"[374, 1471, 1590, 590, 1328, 48, 1380, 505, 448, 1063, 910, 809, 821]","[374, 1471, 1590, 590, 1328]","[48, 1380, 505, 448, 1063, 910, 809, 821]",5,8
m3glvq_k0_5_k1_8_eta_0015,3,1620,405,0.5075757575757576,0.6666666666666666,0.5168539325842697,0.5822784810126582,0.5111111111111111,42,"{0: 5, 1: 8}",150,0.015,[0.33333333 0.33333333 0.33333333],True,True,True,0.0,1.0,0.0,"[155, 964, 440, 340, 58, 766, 904, 249, 1343, 968, 150, 370, 1084]","[155, 964, 440, 340, 58]","[766, 904, 249, 1343, 968, 150, 370, 1084]",5,8
m3glvq_k0_5_k1_8_eta_0015,4,1620,405,0.5247035573122529,0.4685990338164251,0.5388888888888889,0.5012919896640826,0.5234567901234568,42,"{0: 5, 1: 8}",150,0.015,[0.33333333 0.33333333 0.33333333],True,True,True,1.0,0.0,0.0,"[416, 1474, 975, 384, 623, 1175, 1443, 311, 1582, 631, 674, 758, 92]","[416, 1474, 975, 384, 623]","[1175, 1443, 311, 1582, 631, 674, 758, 92]",5,8
m3glvq_k0_5_k1_9_eta_0015,0,1620,405,0.538266302225693,0.5384615384615384,0.5517241379310345,0.5450121654501217,0.5382716049382716,42,"{0: 5, 1: 9}",150,0.015,[0.33333333 0.33333333 0.33333333],True,True,True,1.0,0.0,0.0,"[386, 570, 254, 1385, 1537, 1511, 347, 862, 431, 164, 1155, 976, 745, 604]","[386, 570, 254, 1385, 1537]","[1511, 347, 862, 431, 164, 1155, 976, 745, 604]",5,9
m3glvq_k0_5_k1_9_eta_0015,1,1620,405,0.5254661265130808,0.3605769230769231,0.5514705882352942,0.436046511627907,0.5209876543209877,42,"{0: 5, 1: 9}",150,0.015,[0.33333333 0.33333333 0.33333333],True,True,True,1.0,0.0,0.0,"[1494, 366, 1229, 470, 855, 521, 724, 1029, 148, 1022, 725, 664, 442, 52]","[1494, 366, 1229, 470, 855]","[521, 724, 1029, 148, 1022, 725, 664, 442, 52]",5,9
m3glvq_k0_5_k1_9_eta_0015,2,1620,405,0.5628538656774698,0.4759615384615384,0.5892857142857143,0.526595744680851,0.5604938271604938,42,"{0: 5, 1: 9}",150,0.015,[0.33333333 0.33333333 0.33333333],True,True,True,1.0,0.0,0.0,"[374, 993, 855, 511, 588, 136, 174, 821, 142, 1442, 962, 1007, 446, 139]","[374, 993, 855, 511, 588]","[136, 174, 821, 142, 1442, 962, 1007, 446, 139]",5,9
m3glvq_k0_5_k1_9_eta_0015,3,1620,405,0.5559947299077734,0.5362318840579711,0.5692307692307692,0.5522388059701493,0.5555555555555556,42,"{0: 5, 1: 9}",150,0.015,[0.33333333 0.33333333 0.33333333],True,True,True,1.0,0.0,0.0,"[561, 407, 504, 482, 1468, 817, 1076, 569, 313, 1121, 194, 701, 1008, 1036]","[561, 407, 504, 482, 1468]","[817, 1076, 569, 313, 1121, 194, 701, 1008, 1036]",5,9
m3glvq_k0_5_k1_9_eta_0015,4,1620,405,0.5953008344312691,0.4734299516908212,0.6363636363636364,0.5429362880886426,0.5925925925925926,42,"{0: 5, 1: 9}",150,0.015,[0.33333333 0.33333333 0.33333333],True,True,True,1.0,0.0,0.0,"[740, 384, 1048, 775, 1013, 1064, 1121, 171, 758, 759, 152, 1491, 34, 1368]","[740, 384, 1048, 775, 1013]","[1064, 1121, 171, 758, 759, 152, 1491, 34, 1368]",5,9
m3glvq_k0_5_k1_10_eta_0015,0,1620,405,0.5462831901600937,0.5240384615384616,0.5618556701030928,0.5422885572139304,0.5456790123456791,42,"{0: 5, 1: 10}",150,0.015,[0.33333333 0.33333333 0.33333333],True,True,True,1.0,0.0,0.0,"[570, 386, 1537, 1024, 254, 1154, 553, 194, 75, 291, 1566, 381, 668, 1217, 1039]","[570, 386, 1537, 1024, 254]","[1154, 553, 194, 75, 291, 1566, 381, 668, 1217, 1039]",5,10
m3glvq_k0_5_k1_10_eta_0015,1,1620,405,0.5414877001171418,0.4230769230769231,0.567741935483871,0.4848484848484848,0.5382716049382716,42,"{0: 5, 1: 10}",150,0.015,[0.33333333 0.33333333 0.33333333],True,True,True,1.0,0.0,0.0,"[799, 366, 1229, 474, 198, 1490, 1029, 145, 1084, 1532, 201, 184, 1344, 148, 359]","[799, 366, 1229, 474, 198]","[1490, 1029, 145, 1084, 1532, 201, 184, 1344, 148, 359]",5,10
m3glvq_k0_5_k1_10_eta_0015,2,1620,405,0.5521646817649356,0.4951923076923077,0.5722222222222222,0.5309278350515464,0.5506172839506173,42,"{0: 5, 1: 10}",150,0.015,[0.33333333 0.33333333 0.33333333],True,True,True,1.0,0.0,0.0,"[966, 1011, 188, 374, 511, 448, 978, 1231, 385, 1083, 1133, 1015, 1057, 664, 962]","[966, 1011, 188, 374, 511]","[448, 978, 1231, 385, 1083, 1133, 1015, 1057, 664, 962]",5,10
m3glvq_k0_5_k1_10_eta_0015,3,1620,405,0.5611550285463329,0.5314009661835749,0.5759162303664922,0.5527638190954774,0.5604938271604938,42,"{0: 5, 1: 10}",150,0.015,[0.33333333 0.33333333 0.33333333],True,True,True,1.0,0.0,0.0,"[1468, 504, 1615, 1381, 482, 1194, 843, 177, 178, 29, 1076, 1419, 25, 856, 420]","[1468, 504, 1615, 1381, 482]","[1194, 843, 177, 178, 29, 1076, 1419, 25, 856, 420]",5,10
m3glvq_k0_5_k1_10_eta_0015,4,1620,405,0.5610452349582784,0.4251207729468599,0.5945945945945946,0.4957746478873239,0.5580246913580247,42,"{0: 5, 1: 10}",150,0.015,[0.33333333 0.33333333 0.33333333],True,True,True,1.0,0.0,0.0,"[1148, 499, 231, 384, 1474, 864, 1582, 362, 1064, 382, 631, 207, 152, 1063, 1570]","[1148, 499, 231, 384, 1474]","[864, 1582, 362, 1064, 382, 631, 207, 152, 1063, 1570]",5,10
m3glvq_k0_6_k1_3_eta_0015,0,1620,405,0.5006223155017571,0.3413461538461538,0.5144927536231884,0.4104046242774566,0.4962962962962963,42,"{0: 6, 1: 3}",150,0.015,[0.33333333 0.33333333 0.33333333],True,True,True,1.0,0.0,0.0,"[222, 1426, 1348, 754, 1257, 771, 351, 1076, 806]","[222, 1426, 1348, 754, 1257, 771]","[351, 1076, 806]",6,3
m3glvq_k0_6_k1_3_eta_0015,1,1620,405,0.5154724716907458,0.173076923076923,0.5625,0.2647058823529412,0.5061728395061729,42,"{0: 6, 1: 3}",150,0.015,[0.33333333 0.33333333 0.33333333],True,True,True,1.0,0.0,0.0,"[498, 1537, 35, 398, 1229, 366, 927, 1433, 598]","[498, 1537, 35, 398, 1229, 366]","[927, 1433, 598]",6,3
m3glvq_k0_6_k1_3_eta_0015,2,1620,405,0.5406945529090199,0.3605769230769231,0.5769230769230769,0.4437869822485207,0.5358024691358024,42,"{0: 6, 1: 3}",150,0.015,[0.33333333 0.33333333 0.33333333],True,True,True,1.0,0.0,0.0,"[993, 830, 1243, 1229, 374, 695, 604, 930, 962]","[993, 830, 1243, 1229, 374, 695]","[604, 930, 962]",6,3
m3glvq_k0_6_k1_3_eta_0015,3,1620,405,0.5193236714975845,0.2608695652173913,0.5510204081632653,0.3540983606557377,0.5135802469135803,42,"{0: 6, 1: 3}",150,0.015,[0.33333333 0.33333333 0.33333333],True,True,True,0.0,1.0,0.0,"[482, 279, 1020, 155, 1231, 964, 1489, 165, 150]","[482, 279, 1020, 155, 1231, 964]","[1489, 165, 150]",6,3
m3glvq_k0_6_k1_3_eta_0015,4,1620,405,0.5410628019323671,0.4154589371980676,0.5657894736842105,0.4791086350974931,0.5382716049382716,42,"{0: 6, 1: 3}",150,0.015,[0.33333333 0.33333333 0.33333333],True,True,True,1.0,0.0,0.0,"[1013, 623, 524, 384, 584, 406, 818, 92, 631]","[1013, 623, 524, 384, 584, 406]","[818, 92, 631]",6,3
m3glvq_k0_6_k1_4_eta_0015,0,1620,405,0.5485650136665365,0.4423076923076923,0.575,0.5,0.5456790123456791,42,"{0: 6, 1: 4}",150,0.015,[0.33333333 0.33333333 0.33333333],True,True,True,1.0,0.0,0.0,"[1348, 97, 771, 386, 77, 222, 668, 1423, 1078, 309]","[1348, 97, 771, 386, 77, 222]","[668, 1423, 1078, 309]",6,4
m3glvq_k0_6_k1_4_eta_0015,1,1620,405,0.5763495704802811,0.4471153846153846,0.6158940397350994,0.5181058495821728,0.5728395061728395,42,"{0: 6, 1: 4}",150,0.015,[0.33333333 0.33333333 0.33333333],True,True,True,1.0,0.0,0.0,"[870, 1008, 498, 1416, 1016, 366, 429, 148, 1060, 1431]","[870, 1008, 498, 1416, 1016, 366]","[429, 148, 1060, 1431]",6,4
m3glvq_k0_6_k1_4_eta_0015,2,1620,405,0.558973545490043,0.5240384615384616,0.5767195767195767,0.5491183879093198,0.5580246913580247,42,"{0: 6, 1: 4}",150,0.015,[0.33333333 0.33333333 0.33333333],True,True,True,0.0,1.0,0.0,"[115, 64, 215, 838, 991, 1357, 868, 282, 1514, 335]","[115, 64, 215, 838, 991, 1357]","[868, 282, 1514, 335]",6,4
m3glvq_k0_6_k1_4_eta_0015,3,1620,405,0.6382301273605622,0.5845410628019324,0.6648351648351648,0.622107969151671,0.6370370370370371,42,"{0: 6, 1: 4}",150,0.015,[0.33333333 0.33333333 0.33333333],True,True,True,1.0,0.0,0.0,"[1381, 1331, 1468, 853, 1022, 139, 1008, 1262, 468, 1525]","[1381, 1331, 1468, 853, 1022, 139]","[1008, 1262, 468, 1525]",6,4
m3glvq_k0_6_k1_4_eta_0015,4,1620,405,0.55566534914361,0.4396135265700483,0.5833333333333334,0.5013774104683195,0.5530864197530864,42,"{0: 6, 1: 4}",150,0.015,[0.33333333 0.33333333 0.33333333],True,True,True,1.0,0.0,0.0,"[1474, 1048, 1451, 623, 1278, 501, 1167, 1240, 1582, 1025]","[1474, 1048, 1451, 623, 1278, 501]","[1167, 1240, 1582, 1025]",6,4
m3glvq_k0_6_k1_5_eta_0015,0,1620,405,0.5314818430300664,0.3269230769230769,0.5666666666666667,0.4146341463414634,0.5259259259259259,42,"{0: 6, 1: 5}",150,0.015,[0.33333333 0.33333333 0.33333333],True,True,True,1.0,0.0,0.0,"[97, 14, 1426, 500, 1403, 1468, 418, 668, 164, 194, 1447]","[97, 14, 1426, 500, 1403, 1468]","[418, 668, 164, 194, 1447]",6,5
m3glvq_k0_6_k1_5_eta_0015,1,1620,405,0.5580461733697775,0.4663461538461538,0.5843373493975904,0.518716577540107,0.5555555555555556,42,"{0: 6, 1: 5}",150,0.015,[0.33333333 0.33333333 0.33333333],True,True,True,1.0,0.0,0.0,"[1006, 366, 651, 1599, 880, 1394, 1618, 734, 644, 1060, 429]","[1006, 366, 651, 1599, 880, 1394]","[1618, 734, 644, 1060, 429]",6,5
m3glvq_k0_6_k1_5_eta_0015,2,1620,405,0.5730183522061695,0.3846153846153846,0.6299212598425197,0.4776119402985075,0.5679012345679012,42,"{0: 6, 1: 5}",150,0.015,[0.33333333 0.33333333 0.33333333],True,True,True,1.0,0.0,0.0,"[701, 374, 1503, 1005, 1471, 511, 158, 1442, 962, 1431, 978]","[701, 374, 1503, 1005, 1471, 511]","[158, 1442, 962, 1431, 978]",6,5
m3glvq_k0_6_k1_5_eta_0015,3,1620,405,0.5668642951251647,0.5024154589371981,0.5875706214689266,0.5416666666666667,0.5654320987654321,42,"{0: 6, 1: 5}",150,0.015,[0.33333333 0.33333333 0.33333333],True,True,True,1.0,0.0,0.0,"[407, 1492, 1615, 482, 1468, 1381, 1262, 1008, 1431, 1087, 194]","[407, 1492, 1615, 482, 1468, 1381]","[1262, 1008, 1431, 1087, 194]",6,5
m3glvq_k0_6_k1_5_eta_0015,4,1620,405,0.5558849363197189,0.429951690821256,0.5855263157894737,0.4958217270194986,0.5530864197530864,42,"{0: 6, 1: 5}",150,0.015,[0.33333333 0.33333333 0.33333333],True,True,True,1.0,0.0,0.0,"[623, 501, 68, 1474, 1048, 1315, 1167, 631, 1025, 1270, 15]","[623, 501, 68, 1474, 1048, 1315]","[1167, 631, 1025, 1270, 15]",6,5
m3glvq_k0_6_k1_6_eta_0015,0,1620,405,0.5410850253807107,0.4375,0.5652173913043478,0.4932249322493225,0.5382716049382716,42,"{0: 6, 1: 6}",150,0.015,[0.33333333 0.33333333 0.33333333],True,True,True,1.0,0.0,0.0,"[1352, 254, 1385, 386, 1499, 739, 194, 164, 668, 1076, 309, 178]","[1352, 254, 1385, 386, 1499, 739]","[194, 164, 668, 1076, 309, 178]",6,6
m3glvq_k0_6_k1_6_eta_0015,1,1620,405,0.5892961733697775,0.5288461538461539,0.6145251396648045,0.5684754521963824,0.5876543209876544,42,"{0: 6, 1: 6}",150,0.015,[0.33333333 0.33333333 0.33333333],True,True,True,1.0,0.0,0.0,"[651, 507, 498, 98, 1416, 366, 30, 1471, 725, 442, 184, 360]","[651, 507, 498, 98, 1416, 366]","[30, 1471, 725, 442, 184, 360]",6,6
m3glvq_k0_6_k1_6_eta_0015,2,1620,405,0.5314818430300664,0.3269230769230769,0.5666666666666667,0.4146341463414634,0.5259259259259259,42,"{0: 6, 1: 6}",150,0.015,[0.33333333 0.33333333 0.33333333],True,True,True,1.0,0.0,0.0,"[830, 701, 374, 479, 511, 993, 404, 136, 139, 1039, 1057, 1520]","[830, 701, 374, 479, 511, 993]","[404, 136, 139, 1039, 1057, 1520]",6,6
m3glvq_k0_6_k1_6_eta_0015,3,1620,405,0.5384277558190602,0.4202898550724637,0.5612903225806452,0.4806629834254143,0.5358024691358024,42,"{0: 6, 1: 6}",150,0.015,[0.33333333 0.33333333 0.33333333],True,True,True,1.0,0.0,0.0,"[1492, 1483, 959, 110, 482, 957, 194, 165, 1564, 1525, 771, 92]","[1492, 1483, 959, 110, 482, 957]","[194, 165, 1564, 1525, 771, 92]",6,6
m3glvq_k0_6_k1_6_eta_0015,4,1620,405,0.5680720245937637,0.4492753623188406,0.6,0.5138121546961326,0.5654320987654321,42,"{0: 6, 1: 6}",150,0.015,[0.33333333 0.33333333 0.33333333],True,True,True,1.0,0.0,0.0,"[1568, 775, 384, 1048, 657, 809, 350, 349, 197, 759, 49, 1025]","[1568, 775, 384, 1048, 657, 809]","[350, 349, 197, 759, 49, 1025]",6,6
m3glvq_k0_6_k1_7_eta_0015,0,1620,405,0.5341419367434596,0.4134615384615384,0.5584415584415584,0.4751381215469613,0.5308641975308642,42,"{0: 6, 1: 7}",150,0.015,[0.33333333 0.33333333 0.33333333],True,True,True,1.0,0.0,0.0,"[735, 254, 1426, 1204, 1499, 1385, 5, 381, 626, 668, 194, 745, 463]","[735, 254, 1426, 1204, 1499, 1385]","[5, 381, 626, 668, 194, 745, 463]",6,7
m3glvq_k0_6_k1_7_eta_0015,1,1620,405,0.5374853572823116,0.3846153846153846,0.5673758865248227,0.4584527220630372,0.5333333333333333,42,"{0: 6, 1: 7}",150,0.015,[0.33333333 0.33333333 0.33333333],True,True,True,1.0,0.0,0.0,"[1342, 961, 1119, 1488, 585, 543, 442, 148, 724, 373, 1349, 1311, 1390]","[1342, 961, 1119, 1488, 585, 543]","[442, 148, 724, 373, 1349, 1311, 1390]",6,7
m3glvq_k0_6_k1_7_eta_0015,2,1620,405,0.5475034166341273,0.3894230769230769,0.5827338129496403,0.4668587896253602,0.5432098765432098,42,"{0: 6, 1: 7}",150,0.015,[0.33333333 0.33333333 0.33333333],True,True,True,1.0,0.0,0.0,"[1566, 1229, 105, 1471, 511, 374, 1127, 136, 1380, 1442, 87, 528, 664]","[1566, 1229, 105, 1471, 511, 374]","[1127, 136, 1380, 1442, 87, 528, 664]",6,7
m3glvq_k0_6_k1_7_eta_0015,3,1620,405,0.4954984628897672,0.7536231884057971,0.50814332247557,0.6070038910505836,0.5012345679012346,42,"{0: 6, 1: 7}",150,0.015,[0.33333333 0.33333333 0.33333333],True,True,True,0.0,0.9977005971201408,0.002299402879859,"[964, 534, 219, 1032, 1492, 1231, 481, 771, 379, 1146, 1049, 1003, 968]","[964, 534, 219, 1032, 1492, 1231]","[481, 771, 379, 1146, 1049, 1003, 968]",6,7
m3glvq_k0_6_k1_7_eta_0015,4,1620,405,0.5365612648221344,0.391304347826087,0.5625,0.4615384615384615,0.5333333333333333,42,"{0: 6, 1: 7}",150,0.015,[0.33333333 0.33333333 0.33333333],True,True,True,1.0,0.0,0.0,"[1319, 1048, 1013, 623, 384, 14, 33, 1477, 197, 1097, 1167, 376, 864]","[1319, 1048, 1013, 623, 384, 14]","[33, 1477, 197, 1097, 1167, 376, 864]",6,7
m3glvq_k0_6_k1_8_eta_0015,0,1620,405,0.5616580437329168,0.4278846153846153,0.5973154362416108,0.4985994397759104,0.5580246913580247,42,"{0: 6, 1: 8}",150,0.015,[0.33333333 0.33333333 0.33333333],True,True,True,1.0,0.0,0.0,"[1385, 771, 1426, 97, 1204, 1537, 1076, 358, 1357, 1019, 1047, 852, 85, 291]","[1385, 771, 1426, 97, 1204, 1537]","[1076, 358, 1357, 1019, 1047, 852, 85, 291]",6,8
m3glvq_k0_6_k1_8_eta_0015,1,1620,405,0.5734210269426006,0.3701923076923077,0.6363636363636364,0.4680851063829787,0.5679012345679012,42,"{0: 6, 1: 8}",150,0.015,[0.33333333 0.33333333 0.33333333],True,True,True,1.0,0.0,0.0,"[398, 1229, 366, 1267, 1494, 970, 724, 984, 1442, 342, 233, 295, 442, 1019]","[398, 1229, 366, 1267, 1494, 970]","[724, 984, 1442, 342, 233, 295, 442, 1019]",6,8
m3glvq_k0_6_k1_8_eta_0015,2,1620,405,0.5257223740726279,0.4423076923076923,0.5443786982248521,0.4880636604774536,0.5234567901234568,42,"{0: 6, 1: 8}",150,0.015,[0.33333333 0.33333333 0.33333333],True,True,True,1.0,0.0,0.0,"[105, 588, 1243, 835, 1471, 374, 978, 183, 1487, 404, 74, 524, 1442, 1015]","[105, 588, 1243, 835, 1471, 374]","[978, 183, 1487, 404, 74, 524, 1442, 1015]",6,8
m3glvq_k0_6_k1_8_eta_0015,3,1620,405,0.5038427755819059,0.4975845410628019,0.515,0.506142506142506,0.5037037037037037,42,"{0: 6, 1: 8}",150,0.015,[0.33333333 0.33333333 0.33333333],True,True,True,0.0049999999998138,0.9900000000003722,0.0049999999998138,"[279, 476, 591, 482, 964, 959, 682, 194, 1377, 771, 350, 176, 41, 1097]","[279, 476, 591, 482, 964, 959]","[682, 194, 1377, 771, 350, 176, 41, 1097]",6,8
m3glvq_k0_6_k1_8_eta_0015,4,1620,405,0.5536890645586298,0.4154589371980676,0.5850340136054422,0.4858757062146892,0.5506172839506173,42,"{0: 6, 1: 8}",150,0.015,[0.33333333 0.33333333 0.33333333],True,True,True,1.0,0.0,0.0,"[384, 223, 403, 1013, 188, 623, 268, 71, 1368, 1167, 1106, 1019, 758, 1058]","[384, 223, 403, 1013, 188, 623]","[268, 71, 1368, 1167, 1106, 1019, 758, 1058]",6,8
m3glvq_k0_6_k1_9_eta_0015,0,1620,405,0.49018937914877,0.4423076923076923,0.5027322404371585,0.4705882352941176,0.4888888888888889,42,"{0: 6, 1: 9}",150,0.015,[0.33333333 0.33333333 0.33333333],True,True,True,1.0,0.0,0.0,"[422, 1537, 97, 526, 1426, 774, 1132, 228, 839, 29, 382, 1102, 187, 852, 1087]","[422, 1537, 97, 526, 1426, 774]","[1132, 228, 839, 29, 382, 1102, 187, 852, 1087]",6,9
m3glvq_k0_6_k1_9_eta_0015,1,1620,405,0.5527015814135103,0.4759615384615384,0.5755813953488372,0.5210526315789474,0.5506172839506173,42,"{0: 6, 1: 9}",150,0.015,[0.33333333 0.33333333 0.33333333],True,True,True,1.0,0.0,0.0,"[970, 366, 1055, 272, 1016, 892, 1060, 145, 521, 1349, 1022, 1048, 724, 442, 209]","[970, 366, 1055, 272, 1016, 892]","[1060, 145, 521, 1349, 1022, 1048, 724, 442, 209]",6,9
m3glvq_k0_6_k1_9_eta_0015,2,1620,405,0.562573213588442,0.5769230769230769,0.5741626794258373,0.5755395683453237,0.562962962962963,42,"{0: 6, 1: 9}",150,0.015,[0.33333333 0.33333333 0.33333333],True,True,True,1.0,0.0,0.0,"[1011, 516, 1471, 1328, 436, 835, 1043, 1133, 597, 447, 139, 1007, 1015, 604, 1565]","[1011, 516, 1471, 1328, 436, 835]","[1043, 1133, 597, 447, 139, 1007, 1015, 604, 1565]",6,9
m3glvq_k0_6_k1_9_eta_0015,3,1620,405,0.5943126921387791,0.5169082125603864,0.622093023255814,0.5646437994722956,0.5925925925925926,42,"{0: 6, 1: 9}",150,0.015,[0.33333333 0.33333333 0.33333333],True,True,True,1.0,0.0,0.0,"[139, 1468, 463, 295, 1214, 1033, 1564, 1041, 1544, 386, 1525, 194, 1008, 1036, 1141]","[139, 1468, 463, 295, 1214, 1033]","[1564, 1041, 1544, 386, 1525, 194, 1008, 1036, 1141]",6,9
m3glvq_k0_6_k1_9_eta_0015,4,1620,405,0.5615942028985508,0.4009661835748792,0.6014492753623188,0.4811594202898551,0.5580246913580247,42,"{0: 6, 1: 9}",150,0.015,[0.33333333 0.33333333 0.33333333],True,True,True,1.0,0.0,0.0,"[1474, 384, 571, 623, 416, 14, 71, 1368, 766, 1102, 1270, 758, 1167, 55, 1447]","[1474, 384, 571, 623, 416, 14]","[71, 1368, 766, 1102, 1270, 758, 1167, 55, 1447]",6,9
m3glvq_k0_6_k1_10_eta_0015,0,1620,405,0.547747461928934,0.5625,0.5598086124401914,0.5611510791366907,0.5481481481481482,42,"{0: 6, 1: 10}",150,0.015,[0.33333333 0.33333333 0.33333333],True,True,True,1.0,0.0,0.0,"[1499, 1099, 771, 386, 1348, 97, 291, 504, 194, 1091, 553, 147, 187, 1447, 1351, 162]","[1499, 1099, 771, 386, 1348, 97]","[291, 504, 194, 1091, 553, 147, 187, 1447, 1351, 162]",6,10
m3glvq_k0_6_k1_10_eta_0015,1,1620,405,0.506357379929715,0.4086538461538461,0.5214723926380368,0.4582210242587601,0.5037037037037037,42,"{0: 6, 1: 10}",150,0.015,[0.33333333 0.33333333 0.33333333],True,True,True,1.0,0.0,0.0,"[366, 498, 447, 870, 385, 597, 167, 1084, 201, 729, 1029, 1250, 52, 624, 209, 521]","[366, 498, 447, 870, 385, 597]","[167, 1084, 201, 729, 1029, 1250, 52, 624, 209, 521]",6,10
m3glvq_k0_6_k1_10_eta_0015,2,1620,405,0.5381442795782897,0.4519230769230769,0.5595238095238095,0.5,0.5358024691358024,42,"{0: 6, 1: 10}",150,0.015,[0.33333333 0.33333333 0.33333333],True,True,True,1.0,0.0,0.0,"[1005, 1471, 132, 374, 1116, 511, 962, 448, 605, 730, 664, 1133, 1083, 723, 785, 139]","[1005, 1471, 132, 374, 1116, 511]","[962, 448, 605, 730, 664, 1133, 1083, 723, 785, 139]",6,10
m3glvq_k0_6_k1_10_eta_0015,3,1620,405,0.5788317962231007,0.5314009661835749,0.5978260869565217,0.5626598465473146,0.5777777777777777,42,"{0: 6, 1: 10}",150,0.015,[0.33333333 0.33333333 0.33333333],True,True,True,1.0,0.0,0.0,"[407, 666, 1468, 1022, 1422, 504, 313, 927, 1564, 1158, 1008, 373, 701, 820, 194, 1083]","[407, 666, 1468, 1022, 1422, 504]","[313, 927, 1564, 1158, 1008, 373, 701, 820, 194, 1083]",6,10
m3glvq_k0_6_k1_10_eta_0015,4,1620,405,0.5814668423364076,0.5265700483091788,0.6022099447513812,0.5618556701030928,0.5802469135802469,42,"{0: 6, 1: 10}",150,0.015,[0.33333333 0.33333333 0.33333333],True,True,True,1.0,0.0,0.0,"[501, 1080, 1474, 1225, 104, 403, 1477, 465, 1443, 207, 1547, 311, 1025, 1491, 155, 1393]","[501, 1080, 1474, 1225, 104, 403]","[1477, 465, 1443, 207, 1547, 311, 1025, 1491, 155, 1393]",6,10
m3glvq_k0_7_k1_3_eta_0015,0,1620,405,0.5429763764154627,0.2788461538461538,0.6041666666666666,0.381578947368421,0.5358024691358024,42,"{0: 7, 1: 3}",150,0.015,[0.33333333 0.33333333 0.33333333],True,True,True,1.0,0.0,0.0,"[1348, 869, 754, 1498, 1426, 419, 771, 627, 309, 1447]","[1348, 869, 754, 1498, 1426, 419, 771]","[627, 309, 1447]",7,3
m3glvq_k0_7_k1_3_eta_0015,1,1620,405,0.5029163412729403,0.1682692307692307,0.5223880597014925,0.2545454545454545,0.4938271604938271,42,"{0: 7, 1: 3}",150,0.015,[0.33333333 0.33333333 0.33333333],True,True,True,1.0,0.0,0.0,"[198, 366, 585, 35, 210, 1494, 398, 201, 692, 1583]","[198, 366, 585, 35, 210, 1494, 398]","[201, 692, 1583]",7,3
m3glvq_k0_7_k1_3_eta_0015,2,1620,405,0.5473569894572433,0.4855769230769231,0.5674157303370787,0.5233160621761659,0.5456790123456791,42,"{0: 7, 1: 3}",150,0.015,[0.33333333 0.33333333 0.33333333],True,True,True,0.9734691148015244,0.0166529001630477,0.0098779850354278,"[1471, 1011, 153, 1387, 329, 424, 1328, 139, 1442, 1455]","[1471, 1011, 153, 1387, 329, 424, 1328]","[139, 1442, 1455]",7,3
m3glvq_k0_7_k1_3_eta_0015,3,1620,405,0.571256038647343,0.4202898550724637,0.6126760563380281,0.498567335243553,0.5679012345679012,42,"{0: 7, 1: 3}",150,0.015,[0.33333333 0.33333333 0.33333333],True,True,True,1.0,0.0,0.0,"[482, 1104, 542, 871, 1468, 1022, 1381, 1323, 766, 1262]","[482, 1104, 542, 871, 1468, 1022, 1381]","[1323, 766, 1262]",7,3
m3glvq_k0_7_k1_3_eta_0015,4,1620,405,0.5221783047870004,0.357487922705314,0.5441176470588235,0.4314868804664722,0.5185185185185185,42,"{0: 7, 1: 3}",150,0.015,[0.33333333 0.33333333 0.33333333],True,True,True,1.0,0.0,0.0,"[1474, 1344, 384, 1434, 1545, 1073, 623, 759, 1258, 207]","[1474, 1344, 384, 1434, 1545, 1073, 623]","[759, 1258, 207]",7,3
m3glvq_k0_7_k1_4_eta_0015,0,1620,405,0.5690160093713393,0.3461538461538461,0.6371681415929203,0.4485981308411215,0.562962962962963,42,"{0: 7, 1: 4}",150,0.015,[0.33333333 0.33333333 0.33333333],True,True,True,1.0,0.0,0.0,"[1035, 1468, 739, 906, 1197, 1488, 386, 164, 194, 348, 1076]","[1035, 1468, 739, 906, 1197, 1488, 386]","[164, 194, 348, 1076]",7,4
m3glvq_k0_7_k1_4_eta_0015,1,1620,405,0.5770084927762593,0.5144230769230769,0.601123595505618,0.5544041450777202,0.5753086419753086,42,"{0: 7, 1: 4}",150,0.015,[0.33333333 0.33333333 0.33333333],True,True,True,1.0,0.0,0.0,"[1006, 870, 1057, 880, 85, 366, 1016, 1431, 1442, 148, 1349]","[1006, 870, 1057, 880, 85, 366, 1016]","[1431, 1442, 148, 1349]",7,4
m3glvq_k0_7_k1_4_eta_0015,2,1620,405,0.5095787778211636,0.2932692307692308,0.5304347826086957,0.3777089783281733,0.5037037037037037,42,"{0: 7, 1: 4}",150,0.015,[0.33333333 0.33333333 0.33333333],True,True,True,1.0,0.0,0.0,"[548, 1541, 1243, 1378, 1471, 374, 1093, 962, 1431, 1392, 1065]","[548, 1541, 1243, 1378, 1471, 374, 1093]","[962, 1431, 1392, 1065]",7,4
m3glvq_k0_7_k1_4_eta_0015,3,1620,405,0.5184453227931489,0.4106280193236715,0.5345911949685535,0.4644808743169399,0.5160493827160494,42,"{0: 7, 1: 4}",150,0.015,[0.33333333 0.33333333 0.33333333],True,True,True,0.3660870922620675,0.3969837395306642,0.2369291682072682,"[631, 1536, 1241, 1059, 302, 482, 1142, 682, 194, 840, 231]","[631, 1536, 1241, 1059, 302, 482, 1142]","[682, 194, 840, 231]",7,4
m3glvq_k0_7_k1_4_eta_0015,4,1620,405,0.5312911725955204,0.2898550724637681,0.5714285714285714,0.3846153846153846,0.5259259259259259,42,"{0: 7, 1: 4}",150,0.015,[0.33333333 0.33333333 0.33333333],True,True,True,1.0,0.0,0.0,"[775, 1252, 14, 124, 384, 116, 1013, 631, 207, 681, 1443]","[775, 1252, 14, 124, 384, 116, 1013]","[631, 207, 681, 1443]",7,4
m3glvq_k0_7_k1_5_eta_0015,0,1620,405,0.5243923272159312,0.3990384615384615,0.5460526315789473,0.4611111111111111,0.5209876543209877,42,"{0: 7, 1: 5}",150,0.015,[0.33333333 0.33333333 0.33333333],True,True,True,1.0,0.0,0.0,"[906, 754, 97, 500, 1348, 1027, 1418, 1447, 12, 309, 462, 1038]","[906, 754, 97, 500, 1348, 1027, 1418]","[1447, 12, 309, 462, 1038]",7,5
m3glvq_k0_7_k1_5_eta_0015,1,1620,405,0.5237456071846934,0.2403846153846154,0.5681818181818182,0.3378378378378378,0.5160493827160494,42,"{0: 7, 1: 5}",150,0.015,[0.33333333 0.33333333 0.33333333],True,True,True,1.0,0.0,0.0,"[555, 1494, 366, 470, 85, 541, 585, 442, 148, 258, 394, 724]","[555, 1494, 366, 470, 85, 541, 585]","[442, 148, 258, 394, 724]",7,5
m3glvq_k0_7_k1_5_eta_0015,2,1620,405,0.5411094299101913,0.2548076923076923,0.6091954022988506,0.3593220338983051,0.5333333333333333,42,"{0: 7, 1: 5}",150,0.015,[0.33333333 0.33333333 0.33333333],True,True,True,1.0,0.0,0.0,"[153, 1011, 1471, 1326, 636, 204, 436, 784, 297, 1133, 139, 1320]","[153, 1011, 1471, 1326, 636, 204, 436]","[784, 297, 1133, 139, 1320]",7,5
m3glvq_k0_7_k1_5_eta_0015,3,1620,405,0.5139437856829161,0.6086956521739131,0.5228215767634855,0.5625,0.5160493827160494,42,"{0: 7, 1: 5}",150,0.015,[0.33333333 0.33333333 0.33333333],True,True,True,0.0116493535044312,0.9809753132962824,0.0073753331992864,"[1492, 65, 155, 964, 340, 1423, 24, 998, 931, 1343, 1489, 350]","[1492, 65, 155, 964, 340, 1423, 24]","[998, 931, 1343, 1489, 350]",7,5
m3glvq_k0_7_k1_5_eta_0015,4,1620,405,0.5162494510320598,0.2850241545893719,0.5412844036697247,0.3734177215189873,0.5111111111111111,42,"{0: 7, 1: 5}",150,0.015,[0.33333333 0.33333333 0.33333333],True,True,True,0.9092621800074844,0.0907378199925155,0.0,"[499, 14, 384, 403, 605, 623, 259, 1582, 171, 1432, 1025, 766]","[499, 14, 384, 403, 605, 623, 259]","[1582, 171, 1432, 1025, 766]",7,5
m3glvq_k0_7_k1_6_eta_0015,0,1620,405,0.5441477938305349,0.5096153846153846,0.5608465608465608,0.5340050377833752,0.5432098765432098,42,"{0: 7, 1: 6}",150,0.015,[0.33333333 0.33333333 0.33333333],True,True,True,1.0,0.0,0.0,"[97, 1468, 1035, 1333, 906, 598, 739, 1078, 1117, 348, 607, 852, 1423]","[97, 1468, 1035, 1333, 906, 598, 739]","[1078, 1117, 348, 607, 852, 1423]",7,6
m3glvq_k0_7_k1_6_eta_0015,1,1620,405,0.5393523037875829,0.4086538461538461,0.5666666666666667,0.4748603351955307,0.5358024691358024,42,"{0: 7, 1: 6}",150,0.015,[0.33333333 0.33333333 0.33333333],True,True,True,1.0,0.0,0.0,"[970, 498, 880, 320, 501, 447, 453, 209, 1250, 201, 1373, 359, 394]","[970, 498, 880, 320, 501, 447, 453]","[209, 1250, 201, 1373, 359, 394]",7,6
m3glvq_k0_7_k1_6_eta_0015,2,1620,405,0.5185230378758298,0.3365384615384615,0.5426356589147286,0.4154302670623145,0.5135802469135803,42,"{0: 7, 1: 6}",150,0.015,[0.33333333 0.33333333 0.33333333],True,True,True,1.0,0.0,0.0,"[549, 1011, 329, 1471, 717, 498, 105, 60, 778, 1065, 978, 1120, 304]","[549, 1011, 329, 1471, 717, 498, 105]","[60, 778, 1065, 978, 1120, 304]",7,6
m3glvq_k0_7_k1_6_eta_0015,3,1620,405,0.5343653930610452,0.3768115942028985,0.5611510791366906,0.4508670520231214,0.5308641975308642,42,"{0: 7, 1: 6}",150,0.015,[0.33333333 0.33333333 0.33333333],True,True,True,0.0,1.0,0.0,"[279, 155, 482, 1540, 1492, 65, 964, 194, 1084, 350, 1489, 771, 25]","[279, 155, 482, 1540, 1492, 65, 964]","[194, 1084, 350, 1489, 771, 25]",7,6
m3glvq_k0_7_k1_6_eta_0015,4,1620,405,0.5552261747913922,0.3478260869565217,0.6050420168067226,0.4417177914110429,0.5506172839506173,42,"{0: 7, 1: 6}",150,0.015,[0.33333333 0.33333333 0.33333333],True,True,True,1.0,0.0,0.0,"[384, 958, 901, 501, 104, 617, 775, 152, 1570, 1121, 759, 171, 207]","[384, 958, 901, 501, 104, 617, 775]","[152, 1570, 1121, 759, 171, 207]",7,6
m3glvq_k0_7_k1_7_eta_0015,0,1620,405,0.5340199140960562,0.3269230769230769,0.5714285714285714,0.4159021406727829,0.528395061728395,42,"{0: 7, 1: 7}",150,0.015,[0.33333333 0.33333333 0.33333333],True,True,True,1.0,0.0,0.0,"[771, 615, 419, 887, 1426, 1035, 941, 1601, 1076, 194, 1398, 463, 1467, 668]","[771, 615, 419, 887, 1426, 1035, 941]","[1601, 1076, 194, 1398, 463, 1467, 668]",7,7
m3glvq_k0_7_k1_7_eta_0015,1,1620,405,0.5392302811401797,0.3221153846153846,0.5826086956521739,0.4148606811145511,0.5333333333333333,42,"{0: 7, 1: 7}",150,0.015,[0.33333333 0.33333333 0.33333333],True,True,True,1.0,0.0,0.0,"[1494, 85, 1604, 1008, 545, 1200, 366, 725, 184, 984, 1022, 976, 201, 81]","[1494, 85, 1604, 1008, 545, 1200, 366]","[725, 184, 984, 1022, 976, 201, 81]",7,7
m3glvq_k0_7_k1_7_eta_0015,2,1620,405,0.5261372510737994,0.3365384615384615,0.5555555555555556,0.4191616766467066,0.5209876543209877,42,"{0: 7, 1: 7}",150,0.015,[0.33333333 0.33333333 0.33333333],True,True,True,1.0,0.0,0.0,"[694, 1243, 400, 1001, 132, 427, 830, 1057, 597, 1015, 962, 730, 385, 978]","[694, 1243, 400, 1001, 132, 427, 830]","[1057, 597, 1015, 962, 730, 385, 978]",7,7
m3glvq_k0_7_k1_7_eta_0015,3,1620,405,0.4848484848484848,0.3333333333333333,0.4893617021276595,0.396551724137931,0.4814814814814814,42,"{0: 7, 1: 7}",150,0.015,[0.33333333 0.33333333 0.33333333],True,True,True,0.0,1.0,0.0,"[302, 1492, 463, 482, 155, 1241, 1078, 632, 763, 50, 1003, 25, 1099, 1159]","[302, 1492, 463, 482, 155, 1241, 1078]","[632, 763, 50, 1003, 25, 1099, 1159]",7,7
m3glvq_k0_7_k1_7_eta_0015,4,1620,405,0.5534694773825208,0.4251207729468599,0.5827814569536424,0.4916201117318435,0.5506172839506173,42,"{0: 7, 1: 7}",150,0.015,[0.33333333 0.33333333 0.33333333],True,True,True,1.0,0.0,0.0,"[1474, 1048, 501, 1225, 418, 384, 623, 1121, 151, 631, 758, 766, 1019, 152]","[1474, 1048, 501, 1225, 418, 384, 623]","[1121, 151, 631, 758, 766, 1019, 152]",7,7
m3glvq_k0_7_k1_8_eta_0015,0,1620,405,0.5491141155798516,0.3317307692307692,0.6,0.4272445820433436,0.5432098765432098,42,"{0: 7, 1: 8}",150,0.015,[0.33333333 0.33333333 0.33333333],True,True,True,1.0,0.0,0.0,"[1499, 436, 1468, 1204, 1426, 97, 1071, 164, 668, 1175, 309, 1475, 855, 1076, 1287]","[1499, 436, 1468, 1204, 1426, 97, 1071]","[164, 668, 1175, 309, 1475, 855, 1076, 1287]",7,8
m3glvq_k0_7_k1_8_eta_0015,1,1620,405,0.5929080437329168,0.4903846153846153,0.6296296296296297,0.5513513513513514,0.5901234567901235,42,"{0: 7, 1: 8}",150,0.015,[0.33333333 0.33333333 0.33333333],True,True,True,1.0,0.0,0.0,"[164, 1494, 98, 398, 970, 1055, 366, 780, 145, 1250, 322, 1349, 724, 342, 984]","[164, 1494, 98, 398, 970, 1055, 366]","[780, 145, 1250, 322, 1349, 724, 342, 984]",7,8
m3glvq_k0_7_k1_8_eta_0015,2,1620,405,0.5330925419757907,0.2692307692307692,0.5833333333333334,0.3684210526315789,0.5259259259259259,42,"{0: 7, 1: 8}",150,0.015,[0.33333333 0.33333333 0.33333333],True,True,True,0.0,1.0,0.0,"[400, 1502, 636, 694, 1229, 511, 1247, 364, 1374, 156, 1059, 962, 730, 353, 1046]","[400, 1502, 636, 694, 1229, 511, 1247]","[364, 1374, 156, 1059, 962, 730, 353, 1046]",7,8
m3glvq_k0_7_k1_8_eta_0015,3,1620,405,0.5723539745278876,0.3719806763285024,0.6311475409836066,0.4680851063829787,0.5679012345679012,42,"{0: 7, 1: 8}",150,0.015,[0.33333333 0.33333333 0.33333333],True,True,True,1.0,0.0,0.0,"[1536, 1468, 631, 179, 1065, 482, 1059, 1489, 763, 637, 633, 386, 1262, 621, 143]","[1536, 1468, 631, 179, 1065, 482, 1059]","[1489, 763, 637, 633, 386, 1262, 621, 143]",7,8
m3glvq_k0_7_k1_8_eta_0015,4,1620,405,0.5742204655248133,0.4009661835748792,0.6240601503759399,0.4882352941176471,0.5703703703703704,42,"{0: 7, 1: 8}",150,0.015,[0.33333333 0.33333333 0.33333333],True,True,True,1.0,0.0,0.0,"[1474, 623, 501, 921, 104, 384, 617, 207, 171, 1025, 1092, 1612, 674, 311, 1368]","[1474, 623, 501, 921, 104, 384, 617]","[207, 171, 1025, 1092, 1612, 674, 311, 1368]",7,8
m3glvq_k0_7_k1_9_eta_0015,0,1620,405,0.5276015228426396,0.375,0.5531914893617021,0.4469914040114613,0.5234567901234568,42,"{0: 7, 1: 9}",150,0.015,[0.33333333 0.33333333 0.33333333],True,True,True,1.0,0.0,0.0,"[97, 615, 386, 1385, 771, 1311, 956, 381, 194, 218, 553, 810, 1047, 839, 668, 745]","[97, 615, 386, 1385, 771, 1311, 956]","[381, 194, 218, 553, 810, 1047, 839, 668, 745]",7,9
m3glvq_k0_7_k1_9_eta_0015,1,1620,405,0.5133126708317064,0.3413461538461538,0.5338345864661654,0.4164222873900293,0.508641975308642,42,"{0: 7, 1: 9}",150,0.015,[0.33333333 0.33333333 0.33333333],True,True,True,1.0,0.0,0.0,"[111, 651, 741, 1494, 628, 543, 1324, 968, 1499, 521, 442, 52, 439, 725, 526, 1029]","[111, 651, 741, 1494, 628, 543, 1324]","[968, 1499, 521, 442, 52, 439, 725, 526, 1029]",7,9
m3glvq_k0_7_k1_9_eta_0015,2,1620,405,0.5503099375244045,0.3798076923076923,0.5895522388059702,0.4619883040935673,0.5456790123456791,42,"{0: 7, 1: 9}",150,0.015,[0.33333333 0.33333333 0.33333333],True,True,True,1.0,0.0,0.0,"[1471, 636, 421, 1011, 400, 657, 591, 385, 1565, 1431, 1065, 1380, 881, 1320, 297, 978]","[1471, 636, 421, 1011, 400, 657, 591]","[385, 1565, 1431, 1065, 1380, 881, 1320, 297, 978]",7,9
m3glvq_k0_7_k1_9_eta_0015,3,1620,405,0.6212121212121212,0.5555555555555556,0.6497175141242938,0.5989583333333334,0.6197530864197531,42,"{0: 7, 1: 9}",150,0.015,[0.33333333 0.33333333 0.33333333],True,True,True,1.0,0.0,0.0,"[619, 1381, 1268, 179, 1468, 616, 853, 1003, 291, 637, 766, 1165, 1262, 843, 763, 1071]","[619, 1381, 1268, 179, 1468, 616, 853]","[1003, 291, 637, 766, 1165, 1262, 843, 763, 1071]",7,9
m3glvq_k0_7_k1_9_eta_0015,4,1620,405,0.5514931927975406,0.4009661835748792,0.5845070422535211,0.4756446991404011,0.5481481481481482,42,"{0: 7, 1: 9}",150,0.015,[0.33333333 0.33333333 0.33333333],True,True,True,1.0,0.0,0.0,"[1048, 1474, 1073, 499, 623, 1225, 617, 681, 1188, 1102, 1194, 151, 759, 550, 929, 478]","[1048, 1474, 1073, 499, 623, 1225, 617]","[681, 1188, 1102, 1194, 151, 759, 550, 929, 478]",7,9
m3glvq_k0_7_k1_10_eta_0015,0,1620,405,0.5171807887543928,0.3846153846153846,0.5369127516778524,0.4481792717086834,0.5135802469135803,42,"{0: 7, 1: 10}",150,0.015,[0.33333333 0.33333333 0.33333333],True,True,True,1.0,0.0,0.0,"[771, 422, 254, 205, 1197, 386, 1499, 976, 668, 553, 75, 291, 1351, 745, 604, 366, 504]","[771, 422, 254, 205, 1197, 386, 1499]","[976, 668, 553, 75, 291, 1351, 745, 604, 366, 504]",7,10
m3glvq_k0_7_k1_10_eta_0015,1,1620,405,0.5711392034361578,0.4519230769230769,0.6064516129032258,0.5179063360881544,0.5679012345679012,42,"{0: 7, 1: 10}",150,0.015,[0.33333333 0.33333333 0.33333333],True,True,True,1.0,0.0,0.0,"[870, 1396, 210, 366, 111, 536, 110, 734, 1312, 1583, 359, 148, 725, 1431, 724, 442, 360]","[870, 1396, 210, 366, 111, 536, 110]","[734, 1312, 1583, 359, 148, 725, 1431, 724, 442, 360]",7,10
m3glvq_k0_7_k1_10_eta_0015,2,1620,405,0.6034752049980476,0.3846153846153846,0.6956521739130435,0.4953560371517028,0.5975308641975309,42,"{0: 7, 1: 10}",150,0.015,[0.33333333 0.33333333 0.33333333],True,True,True,1.0,0.0,0.0,"[1471, 111, 374, 1005, 1476, 1541, 551, 139, 158, 730, 881, 368, 1015, 1442, 87, 448, 962]","[1471, 111, 374, 1005, 1476, 1541, 551]","[139, 158, 730, 881, 368, 1015, 1442, 87, 448, 962]",7,10
m3glvq_k0_7_k1_10_eta_0015,3,1620,405,0.5694993412384717,0.3864734299516908,0.6201550387596899,0.4761904761904762,0.5654320987654321,42,"{0: 7, 1: 10}",150,0.015,[0.33333333 0.33333333 0.33333333],True,True,True,1.0,0.0,0.0,"[631, 1468, 666, 1422, 959, 1241, 1308, 916, 820, 771, 1511, 194, 1003, 50, 1097, 162, 1262]","[631, 1468, 666, 1422, 959, 1241, 1308]","[916, 820, 771, 1511, 194, 1003, 50, 1097, 162, 1262]",7,10
m3glvq_k0_7_k1_10_eta_0015,4,1620,405,0.5481993851559069,0.4347826086956521,0.5732484076433121,0.4945054945054944,0.5456790123456791,42,"{0: 7, 1: 10}",150,0.015,[0.33333333 0.33333333 0.33333333],True,True,True,1.0,0.0,0.0,"[384, 1073, 623, 1219, 1474, 740, 1278, 31, 55, 237, 1025, 631, 550, 1557, 1364, 997, 1323]","[384, 1073, 623, 1219, 1474, 740, 1278]","[31, 55, 237, 1025, 631, 550, 1557, 1364, 997, 1323]",7,10
m3glvq_k0_8_k1_3_eta_0015,0,1620,405,0.544294221007419,0.4134615384615384,0.5733333333333334,0.4804469273743016,0.5407407407407407,42,"{0: 8, 1: 3}",150,0.015,[0.33333333 0.33333333 0.33333333],True,True,True,1.0,0.0,0.0,"[598, 1035, 160, 1333, 754, 97, 906, 1468, 852, 1229, 1566]","[598, 1035, 160, 1333, 754, 97, 906, 1468]","[852, 1229, 1566]",8,3
m3glvq_k0_8_k1_3_eta_0015,1,1620,405,0.573689476766888,0.3605769230769231,0.6410256410256411,0.4615384615384616,0.5679012345679012,42,"{0: 8, 1: 3}",150,0.015,[0.33333333 0.33333333 0.33333333],True,True,True,1.0,0.0,0.0,"[1267, 1057, 85, 1006, 35, 1580, 651, 961, 1060, 148, 1216]","[1267, 1057, 85, 1006, 35, 1580, 651, 961]","[1060, 148, 1216]",8,3
m3glvq_k0_8_k1_3_eta_0015,2,1620,405,0.5449897500976181,0.2067307692307692,0.6515151515151515,0.3138686131386861,0.5358024691358024,42,"{0: 8, 1: 3}",150,0.015,[0.33333333 0.33333333 0.33333333],True,True,True,1.0,0.0,0.0,"[1066, 966, 1347, 1590, 400, 511, 341, 1503, 1442, 158, 978]","[1066, 966, 1347, 1590, 400, 511, 341, 1503]","[1442, 158, 978]",8,3
m3glvq_k0_8_k1_3_eta_0015,3,1620,405,0.5051602986385595,0.1062801932367149,0.5365853658536586,0.1774193548387096,0.4962962962962963,42,"{0: 8, 1: 3}",150,0.015,[0.33333333 0.33333333 0.33333333],True,True,True,0.0,1.0,0.0,"[155, 20, 302, 412, 666, 959, 1020, 279, 165, 676, 1332]","[155, 20, 302, 412, 666, 959, 1020, 279]","[165, 676, 1332]",8,3
m3glvq_k0_8_k1_3_eta_0015,4,1620,405,0.6005709266578831,0.463768115942029,0.6486486486486487,0.5408450704225353,0.5975308641975309,42,"{0: 8, 1: 3}",150,0.015,[0.33333333 0.33333333 0.33333333],True,True,True,0.0,0.9968568289912774,0.0031431710087225,"[384, 882, 747, 734, 164, 1006, 1250, 1174, 345, 1078, 1465]","[384, 882, 747, 734, 164, 1006, 1250, 1174]","[345, 1078, 1465]",8,3
m3glvq_k0_8_k1_4_eta_0015,0,1620,405,0.5448311206559937,0.3942307692307692,0.5774647887323944,0.4685714285714286,0.5407407407407407,42,"{0: 8, 1: 4}",150,0.015,[0.33333333 0.33333333 0.33333333],True,True,True,0.998066213810224,0.001933786189776,0.0,"[370, 1333, 598, 1035, 1468, 522, 754, 97, 462, 852, 1076, 12]","[370, 1333, 598, 1035, 1468, 522, 754, 97]","[462, 852, 1076, 12]",8,4
m3glvq_k0_8_k1_4_eta_0015,1,1620,405,0.5352279383053495,0.2836538461538461,0.5841584158415841,0.3818770226537217,0.528395061728395,42,"{0: 8, 1: 4}",150,0.015,[0.33333333 0.33333333 0.33333333],True,True,True,1.0,0.0,0.0,"[272, 1016, 543, 808, 1324, 85, 870, 1006, 1442, 201, 1019, 148]","[272, 1016, 543, 808, 1324, 85, 870, 1006]","[1442, 201, 1019, 148]",8,4
m3glvq_k0_8_k1_4_eta_0015,2,1620,405,0.5461977743069114,0.1634615384615384,0.7083333333333334,0.265625,0.5358024691358024,42,"{0: 8, 1: 4}",150,0.015,[0.33333333 0.33333333 0.33333333],True,True,True,1.0,0.0,0.0,"[188, 1541, 1229, 400, 1471, 548, 1476, 636, 962, 1057, 1392, 1431]","[188, 1541, 1229, 400, 1471, 548, 1476, 636]","[962, 1057, 1392, 1431]",8,4
m3glvq_k0_8_k1_4_eta_0015,3,1620,405,0.507465963987703,0.4492753623188406,0.5195530726256983,0.4818652849740932,0.5061728395061729,42,"{0: 8, 1: 4}",150,0.015,[0.33333333 0.33333333 0.33333333],True,True,True,0.4973922165012018,0.3405482754942172,0.1620595080045809,"[957, 1059, 1536, 302, 482, 158, 905, 24, 231, 682, 840, 194]","[957, 1059, 1536, 302, 482, 158, 905, 24]","[231, 682, 840, 194]",8,4
m3glvq_k0_8_k1_4_eta_0015,4,1620,405,0.5446859903381642,0.3671497584541063,0.5801526717557252,0.4497041420118343,0.5407407407407407,42,"{0: 8, 1: 4}",150,0.015,[0.33333333 0.33333333 0.33333333],True,True,True,1.0,0.0,0.0,"[1225, 584, 384, 501, 623, 1474, 530, 1048, 1443, 631, 1025, 143]","[1225, 584, 384, 501, 623, 1474, 530, 1048]","[1443, 631, 1025, 143]",8,4
m3glvq_k0_8_k1_5_eta_0015,0,1620,405,0.5380222569308863,0.3653846153846153,0.5714285714285714,0.4457478005865102,0.5333333333333333,42,"{0: 8, 1: 5}",150,0.015,[0.33333333 0.33333333 0.33333333],True,True,True,1.0,0.0,0.0,"[531, 386, 1488, 754, 570, 1348, 1269, 1537, 164, 418, 194, 1078, 668]","[531, 386, 1488, 754, 570, 1348, 1269, 1537]","[164, 418, 194, 1078, 668]",8,5
m3glvq_k0_8_k1_5_eta_0015,1,1620,405,0.5659410386567747,0.3653846153846153,0.6229508196721312,0.4606060606060606,0.5604938271604938,42,"{0: 8, 1: 5}",150,0.015,[0.33333333 0.33333333 0.33333333],True,True,True,0.5975099653627788,0.4024900346372213,0.0,"[288, 741, 366, 46, 448, 447, 585, 25, 520, 1442, 734, 1045, 201]","[288, 741, 366, 46, 448, 447, 585, 25]","[520, 1442, 734, 1045, 201]",8,5
m3glvq_k0_8_k1_5_eta_0015,2,1620,405,0.5746412534166341,0.235576923076923,0.7424242424242424,0.3576642335766423,0.5654320987654321,42,"{0: 8, 1: 5}",150,0.015,[0.33333333 0.33333333 0.33333333],True,True,True,1.0,0.0,0.0,"[548, 188, 1541, 636, 1229, 1471, 1247, 549, 1442, 1431, 962, 353, 978]","[548, 188, 1541, 636, 1229, 1471, 1247, 549]","[1442, 1431, 962, 353, 978]",8,5
m3glvq_k0_8_k1_5_eta_0015,3,1620,405,0.5318401405357928,0.2657004830917874,0.5789473684210527,0.3642384105960265,0.5259259259259259,42,"{0: 8, 1: 5}",150,0.015,[0.33333333 0.33333333 0.33333333],True,True,True,1.0,0.0,0.0,"[666, 561, 1468, 1536, 1059, 980, 1241, 412, 771, 194, 1525, 1262, 1008]","[666, 561, 1468, 1536, 1059, 980, 1241, 412]","[771, 194, 1525, 1262, 1008]",8,5
m3glvq_k0_8_k1_5_eta_0015,4,1620,405,0.5457839262187087,0.3188405797101449,0.5945945945945946,0.4150943396226415,0.5407407407407407,42,"{0: 8, 1: 5}",150,0.015,[0.33333333 0.33333333 0.33333333],True,True,True,0.8220423802253212,0.1779576197746787,0.0,"[1073, 1101, 1048, 1157, 775, 499, 384, 1087, 759, 1376, 207, 848, 681]","[1073, 1101, 1048, 1157, 775, 499, 384, 1087]","[759, 1376, 207, 848, 681]",8,5
m3glvq_k0_8_k1_6_eta_0015,0,1620,405,0.5750195236235845,0.4038461538461538,0.6268656716417911,0.4912280701754387,0.5703703703703704,42,"{0: 8, 1: 6}",150,0.015,[0.33333333 0.33333333 0.33333333],True,True,True,1.0,0.0,0.0,"[1385, 386, 1035, 570, 739, 1055, 97, 1468, 178, 1095, 147, 1078, 194, 309]","[1385, 386, 1035, 570, 739, 1055, 97, 1468]","[178, 1095, 147, 1078, 194, 309]",8,6
m3glvq_k0_8_k1_6_eta_0015,1,1620,405,0.5218664584146817,0.3076923076923077,0.5517241379310345,0.3950617283950617,0.5160493827160494,42,"{0: 8, 1: 6}",150,0.015,[0.33333333 0.33333333 0.33333333],True,True,True,1.0,0.0,0.0,"[431, 511, 1200, 1257, 1006, 628, 388, 651, 644, 1029, 725, 1349, 52, 184]","[431, 511, 1200, 1257, 1006, 628, 388, 651]","[644, 1029, 725, 1349, 52, 184]",8,6
m3glvq_k0_8_k1_6_eta_0015,2,1620,405,0.5409752049980476,0.2596153846153846,0.6067415730337079,0.3636363636363636,0.5333333333333333,42,"{0: 8, 1: 6}",150,0.015,[0.33333333 0.33333333 0.33333333],True,True,True,1.0,0.0,0.0,"[1196, 421, 400, 966, 747, 1047, 1080, 153, 1427, 1377, 1083, 978, 1015, 472]","[1196, 421, 400, 966, 747, 1047, 1080, 153]","[1427, 1377, 1083, 978, 1015, 472]",8,6
m3glvq_k0_8_k1_6_eta_0015,3,1620,405,0.5552261747913922,0.3478260869565217,0.6050420168067226,0.4417177914110429,0.5506172839506173,42,"{0: 8, 1: 6}",150,0.015,[0.33333333 0.33333333 0.33333333],True,True,True,1.0,0.0,0.0,"[959, 666, 693, 1381, 504, 1580, 412, 1468, 1431, 1355, 1262, 1159, 194, 1008]","[959, 666, 693, 1381, 504, 1580, 412, 1468]","[1431, 1355, 1262, 1159, 194, 1008]",8,6
m3glvq_k0_8_k1_6_eta_0015,4,1620,405,0.563570487483531,0.4251207729468599,0.5986394557823129,0.4971751412429379,0.5604938271604938,42,"{0: 8, 1: 6}",150,0.015,[0.33333333 0.33333333 0.33333333],True,True,True,1.0,0.0,0.0,"[68, 1474, 501, 584, 1087, 104, 384, 623, 1368, 1547, 171, 1025, 451, 1097]","[68, 1474, 501, 584, 1087, 104, 384, 623]","[1368, 1547, 171, 1025, 451, 1097]",8,6
m3glvq_k0_8_k1_7_eta_0015,0,1620,405,0.5288095470519328,0.3317307692307692,0.5609756097560976,0.4169184290030212,0.5234567901234568,42,"{0: 8, 1: 7}",150,0.015,[0.33333333 0.33333333 0.33333333],True,True,True,1.0,0.0,0.0,"[1468, 657, 1055, 1311, 986, 1426, 836, 1333, 668, 745, 194, 381, 553, 626, 463]","[1468, 657, 1055, 1311, 986, 1426, 836, 1333]","[668, 745, 194, 381, 553, 626, 463]",8,7
m3glvq_k0_8_k1_7_eta_0015,1,1620,405,0.5622071456462319,0.3173076923076923,0.6346153846153846,0.4230769230769231,0.5555555555555556,42,"{0: 8, 1: 7}",150,0.015,[0.33333333 0.33333333 0.33333333],True,True,True,1.0,0.0,0.0,"[476, 970, 1200, 1324, 414, 453, 498, 388, 439, 429, 1349, 1060, 364, 984, 503]","[476, 970, 1200, 1324, 414, 453, 498, 388]","[439, 429, 1349, 1060, 364, 984, 503]",8,7
m3glvq_k0_8_k1_7_eta_0015,2,1620,405,0.5593640179617336,0.6009615384615384,0.5681818181818182,0.5841121495327103,0.5604938271604938,42,"{0: 8, 1: 7}",150,0.015,[0.33333333 0.33333333 0.33333333],True,True,True,0.0,1.0,0.0,"[215, 1357, 694, 40, 1503, 1388, 325, 64, 205, 894, 448, 962, 335, 787, 1374]","[215, 1357, 694, 40, 1503, 1388, 325, 64]","[205, 894, 448, 962, 335, 787, 1374]",8,7
m3glvq_k0_8_k1_7_eta_0015,3,1620,405,0.521848924022837,0.3719806763285024,0.5422535211267606,0.4412607449856733,0.5185185185185185,42,"{0: 8, 1: 7}",150,0.015,[0.33333333 0.33333333 0.33333333],True,True,True,0.6544357639495616,0.3455642360504383,0.0,"[179, 1241, 412, 396, 1536, 14, 1059, 948, 305, 1560, 1544, 817, 1159, 682, 194]","[179, 1241, 412, 396, 1536, 14, 1059, 948]","[305, 1560, 1544, 817, 1159, 682, 194]",8,7
m3glvq_k0_8_k1_7_eta_0015,4,1620,405,0.5617039964866052,0.3961352657004831,0.6029411764705882,0.478134110787172,0.5580246913580247,42,"{0: 8, 1: 7}",150,0.015,[0.33333333 0.33333333 0.33333333],True,True,True,1.0,0.0,0.0,"[1005, 1597, 384, 1474, 786, 835, 1252, 921, 759, 631, 1564, 1547, 207, 1364, 681]","[1005, 1597, 384, 1474, 786, 835, 1252, 921]","[759, 631, 1564, 1547, 207, 1364, 681]",8,7
m3glvq_k0_8_k1_8_eta_0015,0,1620,405,0.5318845177664975,0.3125,0.5701754385964912,0.4037267080745342,0.5259259259259259,42,"{0: 8, 1: 8}",150,0.015,[0.33333333 0.33333333 0.33333333],True,True,True,1.0,0.0,0.0,"[1055, 1035, 1348, 77, 1071, 615, 1027, 97, 839, 1087, 309, 85, 957, 810, 1301, 374]","[1055, 1035, 1348, 77, 1071, 615, 1027, 97]","[839, 1087, 309, 85, 957, 810, 1301, 374]",8,8
m3glvq_k0_8_k1_8_eta_0015,1,1620,405,0.5345690160093713,0.2163461538461538,0.6081081081081081,0.3191489361702128,0.5259259259259259,42,"{0: 8, 1: 8}",150,0.015,[0.33333333 0.33333333 0.33333333],True,True,True,1.0,0.0,0.0,"[272, 13, 1073, 414, 1537, 388, 1200, 970, 724, 148, 1583, 1544, 1202, 1029, 1019, 1431]","[272, 13, 1073, 414, 1537, 388, 1200, 970]","[724, 148, 1583, 1544, 1202, 1029, 1019, 1431]",8,8
m3glvq_k0_8_k1_8_eta_0015,2,1620,405,0.5830364115579851,0.3894230769230769,0.648,0.4864864864864864,0.5777777777777777,42,"{0: 8, 1: 8}",150,0.015,[0.33333333 0.33333333 0.33333333],True,True,True,1.0,0.0,0.0,"[993, 1011, 211, 1481, 855, 549, 835, 636, 821, 1380, 139, 136, 1057, 385, 1187, 1472]","[993, 1011, 211, 1481, 855, 549, 835, 636]","[821, 1380, 139, 136, 1057, 385, 1187, 1472]",8,8
m3glvq_k0_8_k1_8_eta_0015,3,1620,405,0.5790513833992095,0.4106280193236715,0.6296296296296297,0.4970760233918129,0.5753086419753086,42,"{0: 8, 1: 8}",150,0.015,[0.33333333 0.33333333 0.33333333],True,True,True,1.0,0.0,0.0,"[1059, 139, 666, 997, 1292, 1422, 1241, 110, 1544, 1138, 194, 1008, 1041, 1097, 495, 1444]","[1059, 139, 666, 997, 1292, 1422, 1241, 110]","[1544, 1138, 194, 1008, 1041, 1097, 495, 1444]",8,8
m3glvq_k0_8_k1_8_eta_0015,4,1620,405,0.5462231005709266,0.2995169082125604,0.6019417475728155,0.3999999999999999,0.5407407407407407,42,"{0: 8, 1: 8}",150,0.015,[0.33333333 0.33333333 0.33333333],True,True,True,1.0,0.0,0.0,"[1474, 921, 1073, 384, 501, 600, 1252, 623, 758, 217, 1175, 792, 1092, 200, 218, 33]","[1474, 921, 1073, 384, 501, 600, 1252, 623]","[758, 217, 1175, 792, 1092, 200, 218, 33]",8,8
m3glvq_k0_8_k1_9_eta_0015,0,1620,405,0.5471129441624365,0.3125,0.6018518518518519,0.4113924050632911,0.5407407407407407,42,"{0: 8, 1: 9}",150,0.015,[0.33333333 0.33333333 0.33333333],True,True,True,1.0,0.0,0.0,"[1385, 1035, 906, 1071, 941, 97, 386, 956, 309, 1095, 957, 147, 178, 604, 807, 378, 548]","[1385, 1035, 906, 1071, 941, 97, 386, 956]","[309, 1095, 957, 147, 178, 604, 807, 378, 548]",8,9
m3glvq_k0_8_k1_9_eta_0015,1,1620,405,0.5532628855915658,0.2740384615384615,0.6333333333333333,0.3825503355704698,0.5456790123456791,42,"{0: 8, 1: 9}",150,0.015,[0.33333333 0.33333333 0.33333333],True,True,True,1.0,0.0,0.0,"[1537, 388, 111, 628, 651, 1055, 507, 741, 623, 984, 1390, 1029, 364, 256, 1349, 1562, 724]","[1537, 388, 111, 628, 651, 1055, 507, 741]","[623, 984, 1390, 1029, 364, 256, 1349, 1562, 724]",8,9
m3glvq_k0_8_k1_9_eta_0015,2,1620,405,0.5421588246778601,0.3990384615384615,0.5724137931034483,0.4702549575070822,0.5382716049382716,42,"{0: 8, 1: 9}",150,0.015,[0.33333333 0.33333333 0.33333333],True,True,True,1.0,0.0,0.0,"[511, 204, 1001, 636, 400, 855, 1590, 1034, 962, 664, 1025, 87, 136, 1565, 139, 297, 730]","[511, 204, 1001, 636, 400, 855, 1590, 1034]","[962, 664, 1025, 87, 136, 1565, 139, 297, 730]",8,9
m3glvq_k0_8_k1_9_eta_0015,3,1620,405,0.5709266578831796,0.4347826086956521,0.6081081081081081,0.5070422535211269,0.5679012345679012,42,"{0: 8, 1: 9}",150,0.015,[0.33333333 0.33333333 0.33333333],True,True,True,1.0,0.0,0.0,"[482, 1059, 396, 1483, 179, 1492, 1241, 997, 1003, 817, 1544, 468, 1008, 1087, 763, 375, 143]","[482, 1059, 396, 1483, 179, 1492, 1241, 997]","[1003, 817, 1544, 468, 1008, 1087, 763, 375, 143]",8,9
m3glvq_k0_8_k1_9_eta_0015,4,1620,405,0.5450153711023276,0.3526570048309179,0.584,0.4397590361445783,0.5407407407407407,42,"{0: 8, 1: 9}",150,0.015,[0.33333333 0.33333333 0.33333333],True,True,True,1.0,0.0,0.0,"[623, 1073, 1087, 384, 233, 14, 809, 1044, 152, 265, 1368, 1364, 83, 834, 388, 1078, 242]","[623, 1073, 1087, 384, 233, 14, 809, 1044]","[152, 265, 1368, 1364, 83, 834, 388, 1078, 242]",8,9
m3glvq_k0_8_k1_10_eta_0015,0,1620,405,0.5215980085903944,0.3173076923076923,0.55,0.4024390243902439,0.5160493827160494,42,"{0: 8, 1: 10}",150,0.015,[0.33333333 0.33333333 0.33333333],True,True,True,1.0,0.0,0.0,"[1201, 1537, 1348, 771, 436, 1055, 77, 386, 214, 1447, 698, 162, 976, 1091, 291, 957, 852, 5]","[1201, 1537, 1348, 771, 436, 1055, 77, 386]","[214, 1447, 698, 162, 976, 1091, 291, 957, 852, 5]",8,10
m3glvq_k0_8_k1_10_eta_0015,1,1620,405,0.5226596056228037,0.3701923076923077,0.5460992907801419,0.4412607449856733,0.5185185185185185,42,"{0: 8, 1: 10}",150,0.015,[0.33333333 0.33333333 0.33333333],True,True,True,1.0,0.0,0.0,"[35, 585, 1494, 543, 1229, 1073, 414, 272, 167, 201, 1583, 1318, 145, 47, 151, 887, 1596, 148]","[35, 585, 1494, 543, 1229, 1073, 414, 272]","[167, 201, 1583, 1318, 145, 47, 151, 887, 1596, 148]",8,10
m3glvq_k0_8_k1_10_eta_0015,2,1620,405,0.5719567551737602,0.3317307692307692,0.6509433962264151,0.4394904458598725,0.5654320987654321,42,"{0: 8, 1: 10}",150,0.015,[0.33333333 0.33333333 0.33333333],True,True,True,1.0,0.0,0.0,"[400, 1471, 1536, 1193, 636, 794, 436, 545, 829, 87, 156, 139, 723, 136, 962, 1359, 1431, 1025]","[400, 1471, 1536, 1193, 636, 794, 436, 545]","[829, 87, 156, 139, 723, 136, 962, 1359, 1431, 1025]",8,10
m3glvq_k0_8_k1_10_eta_0015,3,1620,405,0.5472112428634168,0.3671497584541063,0.5846153846153846,0.4510385756676558,0.5432098765432098,42,"{0: 8, 1: 10}",150,0.015,[0.33333333 0.33333333 0.33333333],True,True,True,1.0,0.0,0.0,"[537, 302, 1022, 412, 666, 1241, 1468, 139, 28, 701, 194, 1403, 1583, 278, 1262, 637, 177, 1097]","[537, 302, 1022, 412, 666, 1241, 1468, 139]","[28, 701, 194, 1403, 1583, 278, 1262, 637, 177, 1097]",8,10
m3glvq_k0_8_k1_10_eta_0015,4,1620,405,0.5501756697408872,0.4589371980676328,0.572289156626506,0.5093833780160858,0.5481481481481482,42,"{0: 8, 1: 10}",150,0.015,[0.33333333 0.33333333 0.33333333],True,True,True,0.8729873181836196,0.1270126818163803,0.0,"[1361, 66, 1104, 1073, 617, 1225, 775, 408, 1176, 237, 34, 864, 929, 1025, 997, 31, 1323, 1443]","[1361, 66, 1104, 1073, 617, 1225, 775, 408]","[1176, 237, 34, 864, 929, 1025, 997, 31, 1323, 1443]",8,10
m3glvq_k0_9_k1_3_eta_0015,0,1620,405,0.5587295001952362,0.3509615384615384,0.6134453781512605,0.4464831804281345,0.5530864197530864,42,"{0: 9, 1: 3}",150,0.015,[0.33333333 0.33333333 0.33333333],True,True,True,1.0,0.0,0.0,"[754, 619, 272, 1385, 1499, 906, 419, 1468, 1378, 309, 1076, 61]","[754, 619, 272, 1385, 1499, 906, 419, 1468, 1378]","[309, 1076, 61]",9,3
m3glvq_k0_9_k1_3_eta_0015,1,1620,405,0.5572652284263959,0.3125,0.625,0.4166666666666667,0.5506172839506173,42,"{0: 9, 1: 3}",150,0.015,[0.33333333 0.33333333 0.33333333],True,True,True,1.0,0.0,0.0,"[870, 1016, 1057, 1257, 272, 37, 1085, 1006, 85, 1140, 209, 1442]","[870, 1016, 1057, 1257, 272, 37, 1085, 1006, 85]","[1140, 209, 1442]",9,3
m3glvq_k0_9_k1_3_eta_0015,2,1620,405,0.5654163412729403,0.2932692307692308,0.6559139784946236,0.4053156146179402,0.5580246913580247,42,"{0: 9, 1: 3}",150,0.015,[0.33333333 0.33333333 0.33333333],True,True,True,1.0,0.0,0.0,"[59, 1328, 1011, 400, 126, 1243, 105, 830, 474, 87, 186, 1442]","[59, 1328, 1011, 400, 126, 1243, 105, 830, 474]","[87, 186, 1442]",9,3
m3glvq_k0_9_k1_3_eta_0015,3,1620,405,0.4902283706631533,0.2077294685990338,0.4886363636363636,0.2915254237288135,0.4839506172839506,42,"{0: 9, 1: 3}",150,0.015,[0.33333333 0.33333333 0.33333333],True,True,True,1.0,0.0,0.0,"[980, 1468, 97, 1059, 1381, 561, 1536, 412, 14, 817, 194, 1262]","[980, 1468, 97, 1059, 1381, 561, 1536, 412, 14]","[817, 194, 1262]",9,3
m3glvq_k0_9_k1_3_eta_0015,4,1620,405,0.5508344312692139,0.3188405797101449,0.6055045871559633,0.4177215189873418,0.5456790123456791,42,"{0: 9, 1: 3}",150,0.015,[0.33333333 0.33333333 0.33333333],True,True,True,0.9739786290349528,0.0131974289830357,0.0128239419820115,"[584, 623, 384, 1048, 1474, 1252, 500, 1112, 600, 1345, 1097, 1025]","[584, 623, 384, 1048, 1474, 1252, 500, 1112, 600]","[1345, 1097, 1025]",9,3
m3glvq_k0_9_k1_4_eta_0015,0,1620,405,0.5507004099960953,0.4567307692307692,0.5757575757575758,0.5093833780160858,0.5481481481481482,42,"{0: 9, 1: 4}",150,0.015,[0.33333333 0.33333333 0.33333333],True,True,True,1.0,0.0,0.0,"[97, 149, 254, 849, 436, 754, 1035, 1027, 1333, 462, 1076, 12, 852]","[97, 149, 254, 849, 436, 754, 1035, 1027, 1333]","[462, 1076, 12, 852]",9,4
m3glvq_k0_9_k1_4_eta_0015,1,1620,405,0.524416731745412,0.2163461538461538,0.5769230769230769,0.3146853146853147,0.5160493827160494,42,"{0: 9, 1: 4}",150,0.015,[0.33333333 0.33333333 0.33333333],True,True,True,1.0,0.0,0.0,"[470, 1324, 628, 543, 1494, 507, 541, 1616, 970, 644, 1442, 1431, 201]","[470, 1324, 628, 543, 1494, 507, 541, 1616, 970]","[644, 1442, 1431, 201]",9,4
m3glvq_k0_9_k1_4_eta_0015,2,1620,405,0.549382565404139,0.3221153846153846,0.6036036036036037,0.4200626959247649,0.5432098765432098,42,"{0: 9, 1: 4}",150,0.015,[0.33333333 0.33333333 0.33333333],True,True,True,1.0,0.0,0.0,"[548, 1424, 830, 1243, 132, 1001, 105, 1196, 545, 1431, 821, 604, 962]","[548, 1424, 830, 1243, 132, 1001, 105, 1196, 545]","[1431, 821, 604, 962]",9,4
m3glvq_k0_9_k1_4_eta_0015,3,1620,405,0.4814448836187966,0.1497584541062802,0.4558823529411764,0.2254545454545454,0.4740740740740741,42,"{0: 9, 1: 4}",150,0.015,[0.33333333 0.33333333 0.33333333],True,True,True,1.0,0.0,0.0,"[959, 110, 997, 1288, 1241, 666, 1536, 1483, 412, 1082, 682, 840, 194]","[959, 110, 997, 1288, 1241, 666, 1536, 1483, 412]","[1082, 682, 840, 194]",9,4
m3glvq_k0_9_k1_4_eta_0015,4,1620,405,0.5624725516029864,0.251207729468599,0.6753246753246753,0.3661971830985915,0.5555555555555556,42,"{0: 9, 1: 4}",150,0.015,[0.33333333 0.33333333 0.33333333],True,True,True,1.0,0.0,0.0,"[1252, 1597, 384, 104, 1013, 740, 530, 623, 223, 207, 1443, 759, 1025]","[1252, 1597, 384, 104, 1013, 740, 530, 623, 223]","[207, 1443, 759, 1025]",9,4
m3glvq_k0_9_k1_5_eta_0015,0,1620,405,0.554727157360406,0.3125,0.6190476190476191,0.4153354632587859,0.5481481481481482,42,"{0: 9, 1: 5}",150,0.015,[0.33333333 0.33333333 0.33333333],True,True,True,1.0,0.0,0.0,"[941, 1348, 213, 1200, 77, 436, 754, 386, 502, 473, 1076, 855, 309, 421]","[941, 1348, 213, 1200, 77, 436, 754, 386, 502]","[473, 1076, 855, 309, 421]",9,5
m3glvq_k0_9_k1_5_eta_0015,1,1620,405,0.5161191917219836,0.3317307692307692,0.5390625,0.4107142857142857,0.5111111111111111,42,"{0: 9, 1: 5}",150,0.015,[0.33333333 0.33333333 0.33333333],True,True,True,1.0,0.0,0.0,"[628, 1200, 808, 1604, 543, 476, 25, 272, 1324, 1060, 734, 821, 148, 201]","[628, 1200, 808, 1604, 543, 476, 25, 272, 1324]","[1060, 734, 821, 148, 201]",9,5
m3glvq_k0_9_k1_5_eta_0015,2,1620,405,0.5289681764935572,0.1442307692307692,0.6382978723404256,0.2352941176470588,0.5185185185185185,42,"{0: 9, 1: 5}",150,0.015,[0.33333333 0.33333333 0.33333333],True,True,True,1.0,0.0,0.0,"[636, 1503, 830, 188, 400, 1196, 960, 1054, 153, 1392, 962, 1419, 978, 1025]","[636, 1503, 830, 188, 400, 1196, 960, 1054, 153]","[1392, 962, 1419, 978, 1025]",9,5
m3glvq_k0_9_k1_5_eta_0015,3,1620,405,0.5553359683794467,0.3429951690821256,0.6068376068376068,0.4382716049382716,0.5506172839506173,42,"{0: 9, 1: 5}",150,0.015,[0.33333333 0.33333333 0.33333333],True,True,True,1.0,0.0,0.0,"[110, 1483, 139, 619, 482, 980, 1468, 1241, 85, 1255, 1159, 766, 856, 1431]","[110, 1483, 139, 619, 482, 980, 1468, 1241, 85]","[1255, 1159, 766, 856, 1431]",9,5
m3glvq_k0_9_k1_5_eta_0015,4,1620,405,0.5319499341238472,0.2608695652173913,0.5806451612903226,0.36,0.5259259259259259,42,"{0: 9, 1: 5}",150,0.015,[0.33333333 0.33333333 0.33333333],True,True,True,1.0,0.0,0.0,"[14, 1087, 749, 384, 79, 115, 501, 1073, 1474, 207, 759, 766, 1025, 377]","[14, 1087, 749, 384, 79, 115, 501, 1073, 1474]","[207, 759, 766, 1025, 377]",9,5
m3glvq_k0_9_k1_6_eta_0015,0,1620,405,0.5565819016009371,0.4278846153846153,0.5894039735099338,0.4958217270194986,0.5530864197530864,42,"{0: 9, 1: 6}",150,0.015,[0.33333333 0.33333333 0.33333333],True,True,True,1.0,0.0,0.0,"[1385, 1035, 1468, 906, 97, 598, 941, 754, 1257, 12, 473, 462, 1036, 850, 1076]","[1385, 1035, 1468, 906, 97, 598, 941, 754, 1257]","[12, 473, 462, 1036, 850, 1076]",9,6
m3glvq_k0_9_k1_6_eta_0015,1,1620,405,0.5257467786021086,0.2596153846153846,0.5684210526315789,0.3564356435643565,0.5185185185185185,42,"{0: 9, 1: 6}",150,0.015,[0.33333333 0.33333333 0.33333333],True,True,True,1.0,0.0,0.0,"[111, 498, 651, 995, 398, 1257, 388, 628, 1200, 201, 148, 725, 1082, 1544, 1029]","[111, 498, 651, 995, 398, 1257, 388, 628, 1200]","[201, 148, 725, 1082, 1544, 1029]",9,6
m3glvq_k0_9_k1_6_eta_0015,2,1620,405,0.5663559156579461,0.2596153846153846,0.6835443037974683,0.3763066202090592,0.5580246913580247,42,"{0: 9, 1: 6}",150,0.015,[0.33333333 0.33333333 0.33333333],True,True,True,1.0,0.0,0.0,"[400, 1476, 636, 474, 1502, 1471, 1229, 548, 1005, 448, 1442, 962, 730, 297, 978]","[400, 1476, 636, 474, 1502, 1471, 1229, 548, 1005]","[448, 1442, 962, 730, 297, 978]",9,6
m3glvq_k0_9_k1_6_eta_0015,3,1620,405,0.5838823012736056,0.5314009661835749,0.6043956043956044,0.5655526992287917,0.582716049382716,42,"{0: 9, 1: 6}",150,0.015,[0.33333333 0.33333333 0.33333333],True,True,True,0.9900000000000316,0.0049999999999841,0.0049999999999841,"[1422, 1514, 1468, 1022, 1381, 980, 1241, 437, 603, 165, 394, 194, 1564, 856, 1165]","[1422, 1514, 1468, 1022, 1381, 980, 1241, 437, 603]","[165, 394, 194, 1564, 856, 1165]",9,6
m3glvq_k0_9_k1_6_eta_0015,4,1620,405,0.5662055335968379,0.3091787439613526,0.6464646464646465,0.4183006535947712,0.5604938271604938,42,"{0: 9, 1: 6}",150,0.015,[0.33333333 0.33333333 0.33333333],True,True,True,1.0,0.0,0.0,"[578, 1597, 1288, 623, 1013, 1225, 418, 384, 233, 207, 1404, 1025, 1097, 478, 1443]","[578, 1597, 1288, 623, 1013, 1225, 418, 384, 233]","[207, 1404, 1025, 1097, 478, 1443]",9,6
m3glvq_k0_9_k1_7_eta_0015,0,1620,405,0.5524575361187036,0.3028846153846153,0.6176470588235294,0.4064516129032258,0.5456790123456791,42,"{0: 9, 1: 7}",150,0.015,[0.33333333 0.33333333 0.33333333],True,True,True,1.0,0.0,0.0,"[1426, 1135, 863, 500, 739, 1385, 95, 1269, 1055, 147, 462, 1042, 1583, 309, 744, 164]","[1426, 1135, 863, 500, 739, 1385, 95, 1269, 1055]","[147, 462, 1042, 1583, 309, 744, 164]",9,7
m3glvq_k0_9_k1_7_eta_0015,1,1620,405,0.5851718078875439,0.4038461538461538,0.6461538461538462,0.4970414201183432,0.5802469135802469,42,"{0: 9, 1: 7}",150,0.015,[0.33333333 0.33333333 0.33333333],True,True,True,1.0,0.0,0.0,"[880, 1604, 1324, 352, 25, 1016, 543, 541, 98, 724, 148, 441, 145, 1137, 47, 1250]","[880, 1604, 1324, 352, 25, 1016, 543, 541, 98]","[724, 148, 441, 145, 1137, 47, 1250]",9,7
m3glvq_k0_9_k1_7_eta_0015,2,1620,405,0.5436230964467005,0.4375,0.56875,0.4945652173913042,0.5407407407407407,42,"{0: 9, 1: 7}",150,0.015,[0.33333333 0.33333333 0.33333333],True,True,True,1.0,0.0,0.0,"[590, 1328, 356, 830, 573, 1590, 873, 1001, 1011, 1057, 1455, 1133, 385, 600, 417, 978]","[590, 1328, 356, 830, 573, 1590, 873, 1001, 1011]","[1057, 1455, 1133, 385, 600, 417, 978]",9,7
m3glvq_k0_9_k1_7_eta_0015,3,1620,405,0.5574220465524813,0.251207729468599,0.6582278481012658,0.3636363636363636,0.5506172839506173,42,"{0: 9, 1: 7}",150,0.015,[0.33333333 0.33333333 0.33333333],True,True,True,1.0,0.0,0.0,"[14, 412, 1483, 1468, 1536, 583, 985, 1033, 1462, 231, 1509, 1087, 1355, 763, 143, 856]","[14, 412, 1483, 1468, 1536, 583, 985, 1033, 1462]","[231, 1509, 1087, 1355, 763, 143, 856]",9,7
m3glvq_k0_9_k1_7_eta_0015,4,1620,405,0.5564339042599913,0.2946859903381642,0.6288659793814433,0.4013157894736842,0.5506172839506173,42,"{0: 9, 1: 7}",150,0.015,[0.33333333 0.33333333 0.33333333],True,True,True,1.0,0.0,0.0,"[1039, 1073, 162, 384, 1157, 1087, 115, 501, 873, 1025, 1393, 864, 31, 151, 766, 758]","[1039, 1073, 162, 384, 1157, 1087, 115, 501, 873]","[1025, 1393, 864, 31, 151, 766, 758]",9,7
m3glvq_k0_9_k1_8_eta_0015,0,1620,405,0.51598496680984,0.3365384615384615,0.5384615384615384,0.4142011834319526,0.5111111111111111,42,"{0: 9, 1: 8}",150,0.015,[0.33333333 0.33333333 0.33333333],True,True,True,1.0,0.0,0.0,"[1537, 739, 1426, 1055, 1071, 1333, 254, 657, 570, 65, 1083, 178, 29, 668, 1398, 194, 381]","[1537, 739, 1426, 1055, 1071, 1333, 254, 657, 570]","[65, 1083, 178, 29, 668, 1398, 194, 381]",9,8
m3glvq_k0_9_k1_8_eta_0015,1,1620,405,0.5533971105037094,0.2692307692307692,0.6363636363636364,0.3783783783783783,0.5456790123456791,42,"{0: 9, 1: 8}",150,0.015,[0.33333333 0.33333333 0.33333333],True,True,True,1.0,0.0,0.0,"[272, 880, 915, 1200, 1484, 651, 388, 474, 13, 439, 725, 151, 1471, 1108, 359, 1078, 148]","[272, 880, 915, 1200, 1484, 651, 388, 474, 13]","[439, 725, 151, 1471, 1108, 359, 1078, 148]",9,8
m3glvq_k0_9_k1_8_eta_0015,2,1620,405,0.5667463881296368,0.3365384615384615,0.6363636363636364,0.440251572327044,0.5604938271604938,42,"{0: 9, 1: 8}",150,0.015,[0.33333333 0.33333333 0.33333333],True,True,True,1.0,0.0,0.0,"[507, 545, 548, 1331, 588, 1005, 1471, 636, 549, 76, 821, 528, 962, 495, 1144, 368, 404]","[507, 545, 548, 1331, 588, 1005, 1471, 636, 549]","[76, 821, 528, 962, 495, 1144, 368, 404]",9,8
m3glvq_k0_9_k1_8_eta_0015,3,1620,405,0.5344751866490997,0.2608695652173913,0.5869565217391305,0.3612040133779264,0.528395061728395,42,"{0: 9, 1: 8}",150,0.015,[0.33333333 0.33333333 0.33333333],True,True,True,1.0,0.0,0.0,"[302, 957, 973, 139, 1059, 1422, 1483, 666, 1022, 1076, 1416, 676, 763, 701, 1138, 843, 856]","[302, 957, 973, 139, 1059, 1422, 1483, 666, 1022]","[1076, 1416, 676, 763, 701, 1138, 843, 856]",9,8
m3glvq_k0_9_k1_8_eta_0015,4,1620,405,0.5409530083443127,0.3091787439613526,0.5871559633027523,0.4050632911392405,0.5358024691358024,42,"{0: 9, 1: 8}",150,0.015,[0.33333333 0.33333333 0.33333333],True,True,True,1.0,0.0,0.0,"[1048, 1073, 754, 384, 1597, 1252, 1013, 233, 623, 818, 1175, 1547, 758, 864, 1121, 971, 1557]","[1048, 1073, 754, 384, 1597, 1252, 1013, 233, 623]","[818, 1175, 1547, 758, 864, 1121, 971, 1557]",9,8
m3glvq_k0_9_k1_9_eta_0015,0,1620,405,0.5310791682936353,0.3413461538461538,0.5634920634920635,0.4251497005988024,0.5259259259259259,42,"{0: 9, 1: 9}",150,0.015,[0.33333333 0.33333333 0.33333333],True,True,True,1.0,0.0,0.0,"[1426, 1468, 1035, 739, 1055, 657, 570, 97, 1201, 862, 194, 178, 65, 976, 1091, 852, 1566, 1042]","[1426, 1468, 1035, 739, 1055, 657, 570, 97, 1201]","[862, 194, 178, 65, 976, 1091, 852, 1566, 1042]",9,9
m3glvq_k0_9_k1_9_eta_0015,1,1620,405,0.567551737602499,0.3076923076923077,0.6530612244897959,0.4183006535947712,0.5604938271604938,42,"{0: 9, 1: 9}",150,0.015,[0.33333333 0.33333333 0.33333333],True,True,True,1.0,0.0,0.0,"[930, 37, 1395, 1494, 1200, 543, 414, 143, 453, 464, 441, 145, 570, 1442, 724, 233, 984, 334]","[930, 37, 1395, 1494, 1200, 543, 414, 143, 453]","[464, 441, 145, 570, 1442, 724, 233, 984, 334]",9,9
m3glvq_k0_9_k1_9_eta_0015,2,1620,405,0.5595226474033581,0.4134615384615384,0.5972222222222222,0.4886363636363636,0.5555555555555556,42,"{0: 9, 1: 9}",150,0.015,[0.33333333 0.33333333 0.33333333],True,True,True,1.0,0.0,0.0,"[636, 870, 204, 400, 1471, 835, 897, 1328, 1011, 1015, 139, 1007, 1431, 1139, 1057, 962, 373, 156]","[636, 870, 204, 400, 1471, 835, 897, 1328, 1011]","[1015, 139, 1007, 1431, 1139, 1057, 962, 373, 156]",9,9
m3glvq_k0_9_k1_9_eta_0015,3,1620,405,0.5588493631971893,0.4106280193236715,0.5944055944055944,0.4857142857142857,0.5555555555555556,42,"{0: 9, 1: 9}",150,0.015,[0.33333333 0.33333333 0.33333333],True,True,True,1.0,0.0,0.0,"[1059, 1142, 1422, 1381, 504, 1468, 179, 1206, 439, 763, 1525, 1431, 701, 1008, 1564, 676, 1560, 1041]","[1059, 1142, 1422, 1381, 504, 1468, 179, 1206, 439]","[763, 1525, 1431, 701, 1008, 1564, 676, 1560, 1041]",9,9
m3glvq_k0_9_k1_9_eta_0015,4,1620,405,0.541501976284585,0.2850241545893719,0.5959595959595959,0.3856209150326797,0.5358024691358024,42,"{0: 9, 1: 9}",150,0.015,[0.33333333 0.33333333 0.33333333],True,True,True,1.0,0.0,0.0,"[384, 166, 1073, 578, 1406, 613, 416, 1434, 1474, 1557, 1097, 729, 1058, 1439, 1025, 55, 555, 1175]","[384, 166, 1073, 578, 1406, 613, 416, 1434, 1474]","[1557, 1097, 729, 1058, 1439, 1025, 55, 555, 1175]",9,9
m3glvq_k0_9_k1_10_eta_0015,0,1620,405,0.5153138422491215,0.3605769230769231,0.5357142857142857,0.4310344827586206,0.5111111111111111,42,"{0: 9, 1: 10}",150,0.015,[0.33333333 0.33333333 0.33333333],True,True,True,1.0,0.0,0.0,"[657, 1426, 254, 1201, 1385, 1537, 570, 1055, 1350, 668, 29, 839, 228, 291, 178, 626, 194, 366, 504]","[657, 1426, 254, 1201, 1385, 1537, 570, 1055, 1350]","[668, 29, 839, 228, 291, 178, 626, 194, 366, 504]",9,10
m3glvq_k0_9_k1_10_eta_0015,1,1620,405,0.5763495704802811,0.4471153846153846,0.6158940397350994,0.5181058495821728,0.5728395061728395,42,"{0: 9, 1: 10}",150,0.015,[0.33333333 0.33333333 0.33333333],True,True,True,1.0,0.0,0.0,"[543, 1324, 541, 628, 555, 85, 1016, 498, 651, 725, 1308, 1108, 521, 1029, 1216, 724, 86, 1012, 664]","[543, 1324, 541, 628, 555, 85, 1016, 498, 651]","[725, 1308, 1108, 521, 1029, 1216, 724, 86, 1012, 664]",9,10
m3glvq_k0_9_k1_10_eta_0015,2,1620,405,0.5512495119094104,0.3461538461538461,0.6,0.4390243902439024,0.5456790123456791,42,"{0: 9, 1: 10}",150,0.015,[0.33333333 0.33333333 0.33333333],True,True,True,1.0,0.0,0.0,"[1193, 1471, 400, 657, 204, 794, 1566, 835, 636, 664, 139, 1067, 158, 87, 1442, 404, 531, 183, 1039]","[1193, 1471, 400, 657, 204, 794, 1566, 835, 636]","[664, 139, 1067, 158, 87, 1442, 404, 531, 183, 1039]",9,10
m3glvq_k0_9_k1_10_eta_0015,3,1620,405,0.5629117259552042,0.4541062801932367,0.5911949685534591,0.5136612021857923,0.5604938271604938,42,"{0: 9, 1: 10}",150,0.015,[0.33333333 0.33333333 0.33333333],True,True,True,1.0,0.0,0.0,"[1241, 1059, 1422, 1022, 1381, 666, 985, 997, 139, 1544, 143, 637, 682, 194, 927, 50, 1355, 1444, 1099]","[1241, 1059, 1422, 1022, 1381, 666, 985, 997, 139]","[1544, 143, 637, 682, 194, 927, 50, 1355, 1444, 1099]",9,10
m3glvq_k0_9_k1_10_eta_0015,4,1620,405,0.5398550724637681,0.357487922705314,0.5736434108527132,0.4404761904761905,0.5358024691358024,42,"{0: 9, 1: 10}",150,0.015,[0.33333333 0.33333333 0.33333333],True,True,True,1.0,0.0,0.0,"[14, 623, 835, 384, 600, 104, 1156, 501, 1013, 34, 1019, 1439, 152, 1058, 555, 1121, 1368, 759, 976]","[14, 623, 835, 384, 600, 104, 1156, 501, 1013]","[34, 1019, 1439, 152, 1058, 555, 1121, 1368, 759, 976]",9,10
m3glvq_k0_10_k1_3_eta_0015,0,1620,405,0.5081267083170636,0.1634615384615384,0.5396825396825397,0.2509225092250922,0.4987654320987654,42,"{0: 10, 1: 3}",150,0.015,[0.33333333 0.33333333 0.33333333],True,True,True,1.0,0.0,0.0,"[1499, 739, 869, 1071, 1333, 657, 1426, 941, 570, 254, 1078, 194, 806]","[1499, 739, 869, 1071, 1333, 657, 1426, 941, 570, 254]","[1078, 194, 806]",10,3
m3glvq_k0_10_k1_3_eta_0015,1,1620,405,0.536301737602499,0.2451923076923076,0.6,0.3481228668941979,0.528395061728395,42,"{0: 10, 1: 3}",150,0.015,[0.33333333 0.33333333 0.33333333],True,True,True,1.0,0.0,0.0,"[1006, 1016, 1204, 880, 85, 272, 388, 25, 628, 870, 201, 692, 678]","[1006, 1016, 1204, 880, 85, 272, 388, 25, 628, 870]","[201, 692, 678]",10,3
m3glvq_k0_10_k1_3_eta_0015,2,1620,405,0.5465882467786021,0.2403846153846154,0.6329113924050633,0.3484320557491289,0.5382716049382716,42,"{0: 10, 1: 3}",150,0.015,[0.33333333 0.33333333 0.33333333],True,True,True,1.0,0.0,0.0,"[993, 94, 1424, 1193, 1237, 516, 1566, 1597, 1001, 341, 1472, 604, 779]","[993, 94, 1424, 1193, 1237, 516, 1566, 1597, 1001, 341]","[1472, 604, 779]",10,3
m3glvq_k0_10_k1_3_eta_0015,3,1620,405,0.5225076855511638,0.2318840579710145,0.5647058823529412,0.3287671232876712,0.5160493827160494,42,"{0: 10, 1: 3}",150,0.015,[0.33333333 0.33333333 0.33333333],True,True,True,1.0,0.0,0.0,"[1059, 1381, 1022, 985, 1241, 619, 778, 1536, 482, 997, 194, 1444, 817]","[1059, 1381, 1022, 985, 1241, 619, 778, 1536, 482, 997]","[194, 1444, 817]",10,3
m3glvq_k0_10_k1_3_eta_0015,4,1620,405,0.547979797979798,0.4444444444444444,0.5714285714285714,0.5,0.5456790123456791,42,"{0: 10, 1: 3}",150,0.015,[0.33333333 0.33333333 0.33333333],True,True,True,0.9545503082685828,0.0454496917314171,0.0,"[501, 990, 1090, 623, 921, 584, 1474, 1278, 1482, 1426, 1025, 1097, 1240]","[501, 990, 1090, 623, 921, 584, 1474, 1278, 1482, 1426]","[1025, 1097, 1240]",10,3
m3glvq_k0_10_k1_4_eta_0015,0,1620,405,0.5106647793830535,0.1634615384615384,0.5483870967741935,0.2518518518518519,0.5012345679012346,42,"{0: 10, 1: 4}",150,0.015,[0.33333333 0.33333333 0.33333333],True,True,True,1.0,0.0,0.0,"[906, 1020, 570, 1468, 1200, 1426, 657, 1055, 1333, 739, 194, 1076, 710, 164]","[906, 1020, 570, 1468, 1200, 1426, 657, 1055, 1333, 739]","[194, 1076, 710, 164]",10,4
m3glvq_k0_10_k1_4_eta_0015,1,1620,405,0.5205486138227255,0.173076923076923,0.5806451612903226,0.2666666666666666,0.5111111111111111,42,"{0: 10, 1: 4}",150,0.015,[0.33333333 0.33333333 0.33333333],True,True,True,1.0,0.0,0.0,"[628, 870, 35, 1452, 1245, 1200, 541, 272, 507, 366, 1442, 201, 1431, 148]","[628, 870, 35, 1452, 1245, 1200, 541, 272, 507, 366]","[1442, 201, 1431, 148]",10,4
m3glvq_k0_10_k1_4_eta_0015,2,1620,405,0.5536655603279969,0.2596153846153846,0.6428571428571429,0.3698630136986301,0.5456790123456791,42,"{0: 10, 1: 4}",150,0.015,[0.33333333 0.33333333 0.33333333],True,True,True,1.0,0.0,0.0,"[1541, 1005, 23, 636, 545, 474, 507, 548, 549, 1471, 604, 962, 978, 1431]","[1541, 1005, 23, 636, 545, 474, 507, 548, 549, 1471]","[604, 962, 978, 1431]",10,4
m3glvq_k0_10_k1_4_eta_0015,3,1620,405,0.5655467720685112,0.3381642512077294,0.6306306306306306,0.440251572327044,0.5604938271604938,42,"{0: 10, 1: 4}",150,0.015,[0.33333333 0.33333333 0.33333333],True,True,True,1.0,0.0,0.0,"[1381, 1059, 666, 1241, 1468, 1422, 1492, 110, 302, 1400, 1433, 1008, 194, 1444]","[1381, 1059, 666, 1241, 1468, 1422, 1492, 110, 302, 1400]","[1433, 1008, 194, 1444]",10,4
m3glvq_k0_10_k1_4_eta_0015,4,1620,405,0.5593983311374615,0.2753623188405797,0.6477272727272727,0.3864406779661017,0.5530864197530864,42,"{0: 10, 1: 4}",150,0.015,[0.33333333 0.33333333 0.33333333],True,True,True,1.0,0.0,0.0,"[973, 1073, 1048, 1112, 193, 1474, 39, 617, 384, 1095, 1443, 631, 207, 1025]","[973, 1073, 1048, 1112, 193, 1474, 39, 617, 384, 1095]","[1443, 631, 207, 1025]",10,4
m3glvq_k0_10_k1_5_eta_0015,0,1620,405,0.5320187426786411,0.3076923076923077,0.5714285714285714,0.4,0.5259259259259259,42,"{0: 10, 1: 5}",150,0.015,[0.33333333 0.33333333 0.33333333],True,True,True,1.0,0.0,0.0,"[657, 1348, 1135, 1055, 1333, 570, 739, 1426, 97, 1499, 668, 194, 1078, 164, 309]","[657, 1348, 1135, 1055, 1333, 570, 739, 1426, 97, 1499]","[668, 194, 1078, 164, 309]",10,5
m3glvq_k0_10_k1_5_eta_0015,1,1620,405,0.5563256540413901,0.3461538461538461,0.6101694915254238,0.4417177914110429,0.5506172839506173,42,"{0: 10, 1: 5}",150,0.015,[0.33333333 0.33333333 0.33333333],True,True,True,0.9855471452689276,0.0144528547310723,0.0,"[597, 1494, 1200, 226, 541, 1257, 1591, 741, 1229, 453, 1583, 734, 148, 1349, 201]","[597, 1494, 1200, 226, 541, 1257, 1591, 741, 1229, 453]","[1583, 734, 148, 1349, 201]",10,5
m3glvq_k0_10_k1_5_eta_0015,2,1620,405,0.5663559156579461,0.2596153846153846,0.6835443037974683,0.3763066202090592,0.5580246913580247,42,"{0: 10, 1: 5}",150,0.015,[0.33333333 0.33333333 0.33333333],True,True,True,1.0,0.0,0.0,"[830, 1378, 993, 1001, 445, 329, 548, 1121, 1011, 459, 978, 1225, 1431, 723, 962]","[830, 1378, 993, 1001, 445, 329, 548, 1121, 1011, 459]","[978, 1225, 1431, 723, 962]",10,5
m3glvq_k0_10_k1_5_eta_0015,3,1620,405,0.5171277997364954,0.2463768115942029,0.5483870967741935,0.34,0.5111111111111111,42,"{0: 10, 1: 5}",150,0.015,[0.33333333 0.33333333 0.33333333],True,True,True,1.0,0.0,0.0,"[1018, 97, 1468, 1059, 666, 1422, 1022, 980, 1381, 1288, 165, 313, 1564, 771, 194]","[1018, 97, 1468, 1059, 666, 1422, 1022, 980, 1381, 1288]","[165, 313, 1564, 771, 194]",10,5
m3glvq_k0_10_k1_5_eta_0015,4,1620,405,0.5429292929292929,0.2222222222222222,0.6301369863013698,0.3285714285714285,0.5358024691358024,42,"{0: 10, 1: 5}",150,0.015,[0.33333333 0.33333333 0.33333333],True,True,True,1.0,0.0,0.0,"[1225, 1474, 137, 921, 501, 584, 1073, 188, 384, 958, 200, 1270, 1025, 1102, 1272]","[1225, 1474, 137, 921, 501, 584, 1073, 188, 384, 958]","[200, 1270, 1025, 1102, 1272]",10,5
m3glvq_k0_10_k1_6_eta_0015,0,1620,405,0.5232087075361187,0.2596153846153846,0.5625,0.3552631578947369,0.5160493827160494,42,"{0: 10, 1: 6}",150,0.015,[0.33333333 0.33333333 0.33333333],True,True,True,1.0,0.0,0.0,"[1403, 1333, 1468, 657, 1426, 829, 739, 570, 869, 1055, 431, 164, 552, 1420, 1447, 194]","[1403, 1333, 1468, 657, 1426, 829, 739, 570, 869, 1055]","[431, 164, 552, 1420, 1447, 194]",10,6
m3glvq_k0_10_k1_6_eta_0015,1,1620,405,0.5353621632174932,0.2788461538461538,0.5858585858585859,0.3778501628664495,0.528395061728395,42,"{0: 10, 1: 6}",150,0.015,[0.33333333 0.33333333 0.33333333],True,True,True,1.0,0.0,0.0,"[470, 1324, 543, 739, 1537, 25, 628, 529, 541, 1200, 644, 734, 201, 1442, 145, 442]","[470, 1324, 543, 739, 1537, 25, 628, 529, 541, 1200]","[644, 734, 201, 1442, 145, 442]",10,6
m3glvq_k0_10_k1_6_eta_0015,2,1620,405,0.5423174541194845,0.2115384615384615,0.6376811594202898,0.3176895306859205,0.5333333333333333,42,"{0: 10, 1: 6}",150,0.015,[0.33333333 0.33333333 0.33333333],True,True,True,1.0,0.0,0.0,"[1590, 636, 1503, 1001, 548, 1471, 400, 1193, 835, 591, 174, 1025, 448, 962, 1392, 978]","[1590, 636, 1503, 1001, 548, 1471, 400, 1193, 835, 591]","[174, 1025, 448, 962, 1392, 978]",10,6
m3glvq_k0_10_k1_6_eta_0015,3,1620,405,0.5264602547211243,0.1690821256038647,0.603448275862069,0.2641509433962264,0.5185185185185185,42,"{0: 10, 1: 6}",150,0.015,[0.33333333 0.33333333 0.33333333],True,True,True,1.0,0.0,0.0,"[1059, 412, 1241, 1033, 997, 122, 778, 1536, 302, 666, 194, 165, 771, 1036, 1444, 1008]","[1059, 412, 1241, 1033, 997, 122, 778, 1536, 302, 666]","[194, 165, 771, 1036, 1444, 1008]",10,6
m3glvq_k0_10_k1_6_eta_0015,4,1620,405,0.5615942028985508,0.2898550724637681,0.6451612903225806,0.3999999999999999,0.5555555555555556,42,"{0: 10, 1: 6}",150,0.015,[0.33333333 0.33333333 0.33333333],True,True,True,1.0,0.0,0.0,"[102, 1048, 1474, 921, 501, 584, 617, 79, 623, 1104, 171, 758, 1102, 1025, 155, 1270]","[102, 1048, 1474, 921, 501, 584, 617, 79, 623, 1104]","[171, 758, 1102, 1025, 155, 1270]",10,6
m3glvq_k0_10_k1_7_eta_0015,0,1620,405,0.5304202459976572,0.2740384615384615,0.5757575757575758,0.3713355048859935,0.5234567901234568,42,"{0: 10, 1: 7}",150,0.015,[0.33333333 0.33333333 0.33333333],True,True,True,1.0,0.0,0.0,"[1348, 986, 1269, 941, 205, 1333, 739, 1537, 657, 1426, 431, 164, 194, 1039, 29, 626, 668]","[1348, 986, 1269, 941, 205, 1333, 739, 1537, 657, 1426]","[431, 164, 194, 1039, 29, 626, 668]",10,7
m3glvq_k0_10_k1_7_eta_0015,1,1620,405,0.521475985942991,0.2307692307692307,0.5647058823529412,0.3276450511945392,0.5135802469135803,42,"{0: 10, 1: 7}",150,0.015,[0.33333333 0.33333333 0.33333333],True,True,True,1.0,0.0,0.0,"[1200, 628, 958, 470, 187, 543, 870, 489, 1006, 880, 823, 429, 724, 984, 1022, 1583, 1431]","[1200, 628, 958, 470, 187, 543, 870, 489, 1006, 880]","[823, 429, 724, 984, 1022, 1583, 1431]",10,7
m3glvq_k0_10_k1_7_eta_0015,2,1620,405,0.5419025771183131,0.3173076923076923,0.5892857142857143,0.4125,0.5358024691358024,42,"{0: 10, 1: 7}",150,0.015,[0.33333333 0.33333333 0.33333333],True,True,True,1.0,0.0,0.0,"[548, 1243, 1247, 1054, 1503, 341, 474, 1471, 636, 549, 610, 528, 1556, 1063, 1380, 87, 136]","[548, 1243, 1247, 1054, 1503, 341, 474, 1471, 636, 549]","[610, 528, 1556, 1063, 1380, 87, 136]",10,7
m3glvq_k0_10_k1_7_eta_0015,3,1620,405,0.5406236275801494,0.2125603864734299,0.6285714285714286,0.3176895306859205,0.5333333333333333,42,"{0: 10, 1: 7}",150,0.015,[0.33333333 0.33333333 0.33333333],True,True,True,1.0,0.0,0.0,"[206, 1143, 412, 1241, 1381, 1214, 1536, 1059, 1022, 1468, 1262, 1087, 763, 1097, 577, 1008, 1003]","[206, 1143, 412, 1241, 1381, 1214, 1536, 1059, 1022, 1468]","[1262, 1087, 763, 1097, 577, 1008, 1003]",10,7
m3glvq_k0_10_k1_7_eta_0015,4,1620,405,0.5402942468159859,0.2270531400966183,0.618421052631579,0.3321554770318021,0.5333333333333333,42,"{0: 10, 1: 7}",150,0.015,[0.33333333 0.33333333 0.33333333],True,True,True,1.0,0.0,0.0,"[1474, 501, 104, 1073, 584, 1252, 1225, 623, 384, 1157, 759, 766, 1167, 631, 1040, 1025, 758]","[1474, 501, 104, 1073, 584, 1252, 1225, 623, 384, 1157]","[759, 766, 1167, 631, 1040, 1025, 758]",10,7
m3glvq_k0_10_k1_8_eta_0015,0,1620,405,0.5213417610308473,0.235576923076923,0.5632183908045977,0.3322033898305084,0.5135802469135803,42,"{0: 10, 1: 8}",150,0.015,[0.33333333 0.33333333 0.33333333],True,True,True,1.0,0.0,0.0,"[97, 1426, 1071, 1333, 570, 739, 1055, 657, 1468, 1537, 1047, 1076, 462, 855, 1102, 214, 1042, 744]","[97, 1426, 1071, 1333, 570, 739, 1055, 657, 1468, 1537]","[1047, 1076, 462, 855, 1102, 214, 1042, 744]",10,8
m3glvq_k0_10_k1_8_eta_0015,1,1620,405,0.524270304568528,0.3125,0.5555555555555556,0.3999999999999999,0.5185185185185185,42,"{0: 10, 1: 8}",150,0.015,[0.33333333 0.33333333 0.33333333],True,True,True,1.0,0.0,0.0,"[294, 541, 585, 366, 474, 1564, 1200, 479, 1342, 741, 201, 1029, 725, 353, 148, 521, 644, 221]","[294, 541, 585, 366, 474, 1564, 1200, 479, 1342, 741]","[201, 1029, 725, 353, 148, 521, 644, 221]",10,8
m3glvq_k0_10_k1_8_eta_0015,2,1620,405,0.5302860210855135,0.2788461538461538,0.5742574257425742,0.3754045307443365,0.5234567901234568,42,"{0: 10, 1: 8}",150,0.015,[0.33333333 0.33333333 0.33333333],True,True,True,1.0,0.0,0.0,"[1243, 588, 1196, 548, 966, 562, 459, 191, 1328, 188, 448, 664, 962, 304, 1057, 139, 87, 730]","[1243, 588, 1196, 548, 966, 562, 459, 191, 1328, 188]","[448, 664, 962, 304, 1057, 139, 87, 730]",10,8
m3glvq_k0_10_k1_8_eta_0015,3,1620,405,0.5692797540623628,0.2850241545893719,0.6704545454545454,0.3999999999999999,0.562962962962963,42,"{0: 10, 1: 8}",150,0.015,[0.33333333 0.33333333 0.33333333],True,True,True,1.0,0.0,0.0,"[1241, 512, 1536, 302, 412, 1483, 1059, 1143, 1468, 179, 1431, 370, 1044, 1008, 1355, 1087, 1003, 763]","[1241, 512, 1536, 302, 412, 1483, 1059, 1143, 1468, 179]","[1431, 370, 1044, 1008, 1355, 1087, 1003, 763]",10,8
m3glvq_k0_10_k1_8_eta_0015,4,1620,405,0.5490777338603425,0.2850241545893719,0.6145833333333334,0.3894389438943894,0.5432098765432098,42,"{0: 10, 1: 8}",150,0.015,[0.33333333 0.33333333 0.33333333],True,True,True,1.0,0.0,0.0,"[578, 384, 1406, 1073, 1053, 1225, 14, 497, 1013, 116, 376, 83, 151, 1175, 1025, 1443, 1557, 207]","[578, 384, 1406, 1073, 1053, 1225, 14, 497, 1013, 116]","[376, 83, 151, 1175, 1025, 1443, 1557, 207]",10,8
m3glvq_k0_10_k1_9_eta_0015,0,1620,405,0.5348252635689184,0.2980769230769231,0.5794392523364486,0.3936507936507937,0.528395061728395,42,"{0: 10, 1: 9}",150,0.015,[0.33333333 0.33333333 0.33333333],True,True,True,1.0,0.0,0.0,"[1055, 364, 1426, 299, 1498, 657, 1468, 1071, 570, 739, 1447, 29, 366, 553, 852, 162, 668, 194, 504]","[1055, 364, 1426, 299, 1498, 657, 1468, 1071, 570, 739]","[1447, 29, 366, 553, 852, 162, 668, 194, 504]",10,9
m3glvq_k0_10_k1_9_eta_0015,1,1620,405,0.5480525185474424,0.2788461538461538,0.6170212765957447,0.3841059602649007,0.5407407407407407,42,"{0: 10, 1: 9}",150,0.015,[0.33333333 0.33333333 0.33333333],True,True,True,1.0,0.0,0.0,"[85, 1200, 476, 741, 543, 541, 272, 1073, 870, 628, 919, 394, 145, 623, 1250, 724, 1029, 984, 442]","[85, 1200, 476, 741, 543, 541, 272, 1073, 870, 628]","[919, 394, 145, 623, 1250, 724, 1029, 984, 442]",10,9
m3glvq_k0_10_k1_9_eta_0015,2,1620,405,0.5505661850839516,0.4615384615384615,0.5748502994011976,0.512,0.5481481481481482,42,"{0: 10, 1: 9}",150,0.015,[0.33333333 0.33333333 0.33333333],True,True,True,1.0,0.0,0.0,"[1424, 1243, 1596, 548, 993, 573, 1416, 1221, 1001, 588, 1139, 1007, 183, 1431, 962, 664, 304, 1442, 87]","[1424, 1243, 1596, 548, 993, 573, 1416, 1221, 1001, 588]","[1139, 1007, 183, 1431, 962, 664, 304, 1442, 87]",10,9
m3glvq_k0_10_k1_9_eta_0015,3,1620,405,0.5534694773825208,0.3140096618357488,0.6132075471698113,0.4153354632587859,0.5481481481481482,42,"{0: 10, 1: 9}",150,0.015,[0.33333333 0.33333333 0.33333333],True,True,True,1.0,0.0,0.0,"[302, 1033, 778, 1079, 1059, 412, 1468, 581, 666, 1536, 373, 50, 1008, 143, 162, 1159, 1003, 194, 843]","[302, 1033, 778, 1079, 1059, 412, 1468, 581, 666, 1536]","[373, 50, 1008, 143, 162, 1159, 1003, 194, 843]",10,9
m3glvq_k0_10_k1_9_eta_0015,4,1620,405,0.5782828282828283,0.3333333333333333,0.6634615384615384,0.4437299035369774,0.5728395061728395,42,"{0: 10, 1: 9}",150,0.015,[0.33333333 0.33333333 0.33333333],True,True,True,1.0,0.0,0.0,"[921, 1225, 1073, 1597, 578, 384, 623, 497, 1474, 1406, 971, 1323, 929, 758, 33, 1443, 362, 171, 478]","[921, 1225, 1073, 1597, 578, 384, 623, 497, 1474, 1406]","[971, 1323, 929, 758, 33, 1443, 362, 171, 478]",10,9
m3glvq_k0_10_k1_10_eta_0015,0,1620,405,0.5210611089418196,0.3365384615384615,0.546875,0.4166666666666667,0.5160493827160494,42,"{0: 10, 1: 10}",150,0.015,[0.33333333 0.33333333 0.33333333],True,True,True,1.0,0.0,0.0,"[95, 254, 500, 97, 1071, 1385, 1055, 906, 657, 1426, 1160, 1085, 1217, 431, 976, 1083, 553, 604, 1351, 745]","[95, 254, 500, 97, 1071, 1385, 1055, 906, 657, 1426]","[1160, 1085, 1217, 431, 976, 1083, 553, 604, 1351, 745]",10,10
m3glvq_k0_10_k1_10_eta_0015,1,1620,405,0.5489798906677079,0.3365384615384615,0.5982905982905983,0.4307692307692308,0.5432098765432098,42,"{0: 10, 1: 10}",150,0.015,[0.33333333 0.33333333 0.33333333],True,True,True,1.0,0.0,0.0,"[1204, 620, 741, 628, 1203, 1016, 541, 651, 543, 98, 201, 167, 1029, 984, 1431, 145, 442, 1022, 1583, 1399]","[1204, 620, 741, 628, 1203, 1016, 541, 651, 543, 98]","[201, 167, 1029, 984, 1431, 145, 442, 1022, 1583, 1399]",10,10
m3glvq_k0_10_k1_10_eta_0015,2,1620,405,0.5320187426786411,0.3076923076923077,0.5714285714285714,0.4,0.5259259259259259,42,"{0: 10, 1: 10}",150,0.015,[0.33333333 0.33333333 0.33333333],True,True,True,1.0,0.0,0.0,"[548, 993, 636, 830, 329, 1066, 1503, 701, 1054, 549, 136, 1083, 316, 978, 664, 1361, 1063, 531, 723, 837]","[548, 993, 636, 830, 329, 1066, 1503, 701, 1054, 549]","[136, 1083, 316, 978, 664, 1361, 1063, 531, 723, 837]",10,10
m3glvq_k0_10_k1_10_eta_0015,3,1620,405,0.504062362758015,0.2657004830917874,0.5188679245283019,0.3514376996805111,0.4987654320987654,42,"{0: 10, 1: 10}",150,0.015,[0.33333333 0.33333333 0.33333333],True,True,True,1.0,0.0,0.0,"[97, 1268, 1288, 437, 561, 776, 343, 412, 1059, 1468, 843, 143, 763, 1082, 50, 373, 701, 856, 553, 420]","[97, 1268, 1288, 437, 561, 776, 343, 412, 1059, 1468]","[843, 143, 763, 1082, 50, 373, 701, 856, 553, 420]",10,10
m3glvq_k0_10_k1_10_eta_0015,4,1620,405,0.5702678963548529,0.7971014492753623,0.559322033898305,0.6573705179282868,0.5753086419753086,42,"{0: 10, 1: 10}",150,0.015,[0.33333333 0.33333333 0.33333333],True,True,True,0.0130979623247052,0.9865755004422866,0.000326537233008,"[348, 1006, 229, 734, 499, 882, 174, 1545, 334, 1174, 917, 82, 31, 929, 1547, 1261, 550, 531, 1404, 207]","[348, 1006, 229, 734, 499, 882, 174, 1545, 334, 1174]","[917, 82, 31, 929, 1547, 1261, 550, 531, 1404, 207]",10,10
m3glvq_k0_3_k1_3_eta_0025,0,1620,405,0.6316258297540023,0.6490384615384616,0.6398104265402843,0.6443914081145584,0.6320987654320988,42,"{0: 3, 1: 3}",150,0.025,[0.33333333 0.33333333 0.33333333],True,True,True,0.5089581989374624,0.3173339891855308,0.1737078118770068,"[299, 222, 956, 668, 1398, 1447]","[299, 222, 956]","[668, 1398, 1447]",3,3
m3glvq_k0_3_k1_3_eta_0025,1,1620,405,0.5231965052713783,0.3509615384615384,0.5488721804511278,0.4281524926686217,0.5185185185185185,42,"{0: 3, 1: 3}",150,0.025,[0.33333333 0.33333333 0.33333333],True,True,True,1.0,0.0,0.0,"[498, 1016, 855, 725, 148, 47]","[498, 1016, 855]","[725, 148, 47]",3,3
m3glvq_k0_3_k1_3_eta_0025,2,1620,405,0.5815233307301835,0.7163461538461539,0.5775193798449613,0.6394849785407726,0.5851851851851851,42,"{0: 3, 1: 3}",150,0.025,[0.33333333 0.33333333 0.33333333],True,True,True,0.0083333333332406,0.9833333333335188,0.0083333333332406,"[838, 115, 991, 353, 19, 75]","[838, 115, 991]","[353, 19, 75]",3,3
m3glvq_k0_3_k1_3_eta_0025,3,1620,405,0.5584101888449715,0.6521739130434783,0.5601659751037344,0.6026785714285714,0.5604938271604938,42,"{0: 3, 1: 3}",150,0.025,[0.33333333 0.33333333 0.33333333],True,True,True,0.5797223156465263,0.4199649550813898,0.0003127292720838,"[179, 948, 504, 1041, 682, 1444]","[179, 948, 504]","[1041, 682, 1444]",3,3
m3glvq_k0_3_k1_3_eta_0025,4,1620,405,0.5513833992094861,0.5169082125603864,0.5661375661375662,0.5404040404040403,0.5506172839506173,42,"{0: 3, 1: 3}",150,0.025,[0.33333333 0.33333333 0.33333333],True,True,True,1.0,0.0,0.0,"[1474, 1348, 104, 1270, 631, 92]","[1474, 1348, 104]","[1270, 631, 92]",3,3
m3glvq_k0_3_k1_4_eta_0025,0,1620,405,0.5235869777430691,0.4278846153846153,0.5426829268292683,0.478494623655914,0.5209876543209877,42,"{0: 3, 1: 4}",150,0.025,[0.33333333 0.33333333 0.33333333],True,True,True,1.0,0.0,0.0,"[887, 459, 906, 837, 449, 194, 1076]","[887, 459, 906]","[837, 449, 194, 1076]",3,4
m3glvq_k0_3_k1_4_eta_0025,1,1620,405,0.5946285630613042,0.6105769230769231,0.6047619047619047,0.6076555023923446,0.5950617283950618,42,"{0: 3, 1: 4}",150,0.025,[0.33333333 0.33333333 0.33333333],True,True,True,1.0,0.0,0.0,"[366, 855, 741, 644, 201, 1431, 1442]","[366, 855, 741]","[644, 201, 1431, 1442]",3,4
m3glvq_k0_3_k1_4_eta_0025,2,1620,405,0.5448189183912534,0.4855769230769231,0.5642458100558659,0.5219638242894057,0.5432098765432098,42,"{0: 3, 1: 4}",150,0.025,[0.33333333 0.33333333 0.33333333],True,True,True,1.0,0.0,0.0,"[1005, 1471, 62, 447, 723, 1065, 183]","[1005, 1471, 62]","[447, 723, 1065, 183]",3,4
m3glvq_k0_3_k1_4_eta_0025,3,1620,405,0.5712560386473431,0.5314009661835749,0.5882352941176471,0.5583756345177665,0.5703703703703704,42,"{0: 3, 1: 4}",150,0.025,[0.33333333 0.33333333 0.33333333],True,True,True,1.0,0.0,0.0,"[504, 997, 745, 682, 468, 165, 1076]","[504, 997, 745]","[682, 468, 165, 1076]",3,4
m3glvq_k0_3_k1_4_eta_0025,4,1620,405,0.5513833992094861,0.5169082125603864,0.5661375661375662,0.5404040404040403,0.5506172839506173,42,"{0: 3, 1: 4}",150,0.025,[0.33333333 0.33333333 0.33333333],True,True,True,1.0,0.0,0.0,"[1503, 384, 1474, 759, 1172, 1443, 1121]","[1503, 384, 1474]","[759, 1172, 1443, 1121]",3,4
m3glvq_k0_3_k1_5_eta_0025,0,1620,405,0.5266497461928934,0.5,0.5416666666666666,0.52,0.5259259259259259,42,"{0: 3, 1: 5}",150,0.025,[0.33333333 0.33333333 0.33333333],True,True,True,1.0,0.0,0.0,"[1348, 386, 213, 1091, 957, 852, 1132, 194]","[1348, 386, 213]","[1091, 957, 852, 1132, 194]",3,5
m3glvq_k0_3_k1_5_eta_0025,1,1620,405,0.5628416634127293,0.5673076923076923,0.5756097560975609,0.5714285714285715,0.562962962962963,42,"{0: 3, 1: 5}",150,0.025,[0.33333333 0.33333333 0.33333333],True,True,True,1.0,0.0,0.0,"[741, 366, 855, 734, 201, 1442, 1045, 984]","[741, 366, 855]","[734, 201, 1442, 1045, 984]",3,5
m3glvq_k0_3_k1_5_eta_0025,2,1620,405,0.5472227645450995,0.4903846153846153,0.5666666666666667,0.5257731958762886,0.5456790123456791,42,"{0: 3, 1: 5}",150,0.025,[0.33333333 0.33333333 0.33333333],True,True,True,1.0,0.0,0.0,"[701, 1566, 1471, 1431, 1472, 139, 1392, 1442]","[701, 1566, 1471]","[1431, 1472, 139, 1392, 1442]",3,5
m3glvq_k0_3_k1_5_eta_0025,3,1620,405,0.5619235836627141,0.4975845410628019,0.5819209039548022,0.5364583333333333,0.5604938271604938,42,"{0: 3, 1: 5}",150,0.025,[0.33333333 0.33333333 0.33333333],True,True,True,1.0,0.0,0.0,"[997, 504, 745, 771, 1041, 466, 1076, 420]","[997, 504, 745]","[771, 1041, 466, 1076, 420]",3,5
m3glvq_k0_3_k1_5_eta_0025,4,1620,405,0.5572024593763725,0.5942028985507246,0.5642201834862385,0.5788235294117647,0.5580246913580247,42,"{0: 3, 1: 5}",150,0.025,[0.33333333 0.33333333 0.33333333],True,True,True,1.0,0.0,0.0,"[921, 1474, 195, 1167, 1240, 868, 1097, 71]","[921, 1474, 195]","[1167, 1240, 868, 1097, 71]",3,5
m3glvq_k0_3_k1_6_eta_0025,0,1620,405,0.5572408238969153,0.4951923076923077,0.5786516853932584,0.5336787564766838,0.5555555555555556,42,"{0: 3, 1: 6}",150,0.025,[0.33333333 0.33333333 0.33333333],True,True,True,1.0,0.0,0.0,"[725, 500, 1468, 630, 852, 1132, 1398, 1078, 839]","[725, 500, 1468]","[630, 852, 1132, 1398, 1078, 839]",3,6
m3glvq_k0_3_k1_6_eta_0025,1,1620,405,0.5533605037094884,0.5432692307692307,0.5678391959798995,0.5552825552825553,0.5530864197530864,42,"{0: 3, 1: 6}",150,0.025,[0.33333333 0.33333333 0.33333333],True,True,True,1.0,0.0,0.0,"[366, 855, 498, 78, 1029, 984, 1618, 725, 919]","[366, 855, 498]","[78, 1029, 984, 1618, 725, 919]",3,6
m3glvq_k0_3_k1_6_eta_0025,2,1620,405,0.5537509761811792,0.6201923076923077,0.5608695652173913,0.589041095890411,0.5555555555555556,42,"{0: 3, 1: 6}",150,0.025,[0.33333333 0.33333333 0.33333333],True,True,True,1.0,0.0,0.0,"[188, 374, 1471, 158, 1442, 1007, 978, 1392, 962]","[188, 374, 1471]","[158, 1442, 1007, 978, 1392, 962]",3,6
m3glvq_k0_3_k1_6_eta_0025,3,1620,405,0.6090250329380764,0.6473429951690821,0.6118721461187214,0.6291079812206573,0.6098765432098765,42,"{0: 3, 1: 6}",150,0.025,[0.33333333 0.33333333 0.33333333],True,True,True,1.0,0.0,0.0,"[504, 1468, 437, 1082, 843, 351, 313, 766, 1121]","[504, 1468, 437]","[1082, 843, 351, 313, 766, 1121]",3,6
m3glvq_k0_3_k1_6_eta_0025,4,1620,405,0.5674132630654369,0.5893719806763285,0.5754716981132075,0.5823389021479713,0.5679012345679012,42,"{0: 3, 1: 6}",150,0.025,[0.33333333 0.33333333 0.33333333],True,True,True,1.0,0.0,0.0,"[384, 1044, 1474, 92, 34, 631, 171, 1439, 1097]","[384, 1044, 1474]","[92, 34, 631, 171, 1439, 1097]",3,6
m3glvq_k0_3_k1_7_eta_0025,0,1620,405,0.5298589418196017,0.4759615384615384,0.5469613259668509,0.5089974293059127,0.528395061728395,42,"{0: 3, 1: 7}",150,0.025,[0.33333333 0.33333333 0.33333333],True,True,True,1.0,0.0,0.0,"[254, 725, 500, 1572, 1083, 194, 1239, 1043, 29, 1398]","[254, 725, 500]","[1572, 1083, 194, 1239, 1043, 29, 1398]",3,7
m3glvq_k0_3_k1_7_eta_0025,1,1620,405,0.5421344201483795,0.5817307692307693,0.5525114155251142,0.566744730679157,0.5432098765432098,42,"{0: 3, 1: 7}",150,0.025,[0.33333333 0.33333333 0.33333333],True,True,True,1.0,0.0,0.0,"[651, 470, 366, 984, 145, 1254, 1250, 724, 342, 1349]","[651, 470, 366]","[984, 145, 1254, 1250, 724, 342, 1349]",3,7
m3glvq_k0_3_k1_7_eta_0025,2,1620,405,0.5359966809839907,0.5288461538461539,0.55,0.5392156862745098,0.5358024691358024,42,"{0: 3, 1: 7}",150,0.025,[0.33333333 0.33333333 0.33333333],True,True,True,1.0,0.0,0.0,"[588, 374, 855, 1571, 1039, 1117, 1219, 183, 785, 842]","[588, 374, 855]","[1571, 1039, 1117, 1219, 183, 785, 842]",3,7
m3glvq_k0_3_k1_7_eta_0025,3,1620,405,0.6085858585858586,0.6666666666666666,0.6079295154185022,0.6359447004608294,0.6098765432098765,42,"{0: 3, 1: 7}",150,0.025,[0.33333333 0.33333333 0.33333333],True,True,True,1.0,0.0,0.0,"[988, 1468, 437, 843, 351, 1564, 633, 384, 342, 856]","[988, 1468, 437]","[843, 351, 1564, 633, 384, 342, 856]",3,7
m3glvq_k0_3_k1_7_eta_0025,4,1620,405,0.5685111989459816,0.6521739130434783,0.569620253164557,0.6081081081081081,0.5703703703703704,42,"{0: 3, 1: 7}",150,0.025,[0.33333333 0.33333333 0.33333333],True,True,True,1.0,0.0,0.0,"[384, 1112, 1474, 207, 34, 1121, 712, 1368, 868, 759]","[384, 1112, 1474]","[207, 34, 1121, 712, 1368, 868, 759]",3,7
m3glvq_k0_3_k1_8_eta_0025,0,1620,405,0.5442820187426787,0.5048076923076923,0.5614973262032086,0.5316455696202531,0.5432098765432098,42,"{0: 3, 1: 8}",150,0.025,[0.33333333 0.33333333 0.33333333],True,True,True,1.0,0.0,0.0,"[956, 985, 1135, 1047, 852, 855, 469, 1078, 976, 463, 462]","[956, 985, 1135]","[1047, 852, 855, 469, 1078, 976, 463, 462]",3,8
m3glvq_k0_3_k1_8_eta_0025,1,1620,405,0.5513471300273332,0.6153846153846154,0.5589519650655022,0.585812356979405,0.5530864197530864,42,"{0: 3, 1: 8}",150,0.025,[0.33333333 0.33333333 0.33333333],True,True,True,1.0,0.0,0.0,"[498, 1587, 453, 1431, 725, 209, 360, 201, 76, 441, 1544]","[498, 1587, 453]","[1431, 725, 209, 360, 201, 76, 441, 1544]",3,8
m3glvq_k0_3_k1_8_eta_0025,2,1620,405,0.5362529285435377,0.6105769230769231,0.5450643776824035,0.5759637188208618,0.5382716049382716,42,"{0: 3, 1: 8}",150,0.025,[0.33333333 0.33333333 0.33333333],True,True,True,1.0,0.0,0.0,"[993, 1471, 374, 368, 268, 1067, 1133, 385, 297, 447, 1057]","[993, 1471, 374]","[368, 268, 1067, 1133, 385, 297, 447, 1057]",3,8
m3glvq_k0_3_k1_8_eta_0025,3,1620,405,0.580368906455863,0.5748792270531401,0.5920398009950248,0.5833333333333334,0.5802469135802469,42,"{0: 3, 1: 8}",150,0.025,[0.33333333 0.33333333 0.33333333],True,True,True,1.0,0.0,0.0,"[1468, 14, 504, 637, 763, 1052, 1003, 143, 81, 843, 1138]","[1468, 14, 504]","[637, 763, 1052, 1003, 143, 81, 843, 1138]",3,8
m3glvq_k0_3_k1_8_eta_0025,4,1620,405,0.5624725516029864,0.6956521739130435,0.5603112840466926,0.6206896551724138,0.5654320987654321,42,"{0: 3, 1: 8}",150,0.025,[0.33333333 0.33333333 0.33333333],True,True,True,1.0,0.0,0.0,"[384, 1426, 1474, 1025, 31, 1368, 382, 350, 34, 759, 1258]","[384, 1426, 1474]","[1025, 31, 1368, 382, 350, 34, 759, 1258]",3,8
m3glvq_k0_3_k1_9_eta_0025,0,1620,405,0.5927494142912925,0.6778846153846154,0.592436974789916,0.632286995515695,0.5950617283950618,42,"{0: 3, 1: 9}",150,0.025,[0.33333333 0.33333333 0.33333333],True,True,True,1.0,0.0,0.0,"[386, 272, 1468, 1472, 178, 1447, 218, 228, 309, 187, 1511, 812]","[386, 272, 1468]","[1472, 178, 1447, 218, 228, 309, 187, 1511, 812]",3,9
m3glvq_k0_3_k1_9_eta_0025,1,1620,405,0.5597544904334244,0.6778846153846154,0.5617529880478087,0.6143790849673202,0.562962962962963,42,"{0: 3, 1: 9}",150,0.025,[0.33333333 0.33333333 0.33333333],True,True,True,1.0,0.0,0.0,"[498, 453, 855, 1022, 623, 1349, 274, 86, 478, 1019, 1431, 724]","[498, 453, 855]","[1022, 623, 1349, 274, 86, 478, 1019, 1431, 724]",3,9
m3glvq_k0_3_k1_9_eta_0025,2,1620,405,0.526234869191722,0.6057692307692307,0.5361702127659574,0.5688487584650113,0.528395061728395,42,"{0: 3, 1: 9}",150,0.025,[0.33333333 0.33333333 0.33333333],True,True,True,1.0,0.0,0.0,"[374, 966, 188, 784, 1359, 136, 528, 1211, 962, 978, 723, 664]","[374, 966, 188]","[784, 1359, 136, 528, 1211, 962, 978, 723, 664]",3,9
m3glvq_k0_3_k1_9_eta_0025,3,1620,405,0.5553359683794465,0.5652173913043478,0.5652173913043478,0.5652173913043478,0.5555555555555556,42,"{0: 3, 1: 9}",150,0.025,[0.33333333 0.33333333 0.33333333],True,True,True,1.0,0.0,0.0,"[504, 997, 619, 817, 1564, 763, 1044, 701, 927, 1554, 453, 1008]","[504, 997, 619]","[817, 1564, 763, 1044, 701, 927, 1554, 453, 1008]",3,9
m3glvq_k0_3_k1_9_eta_0025,4,1620,405,0.5606060606060606,0.5555555555555556,0.572139303482587,0.5637254901960784,0.5604938271604938,42,"{0: 3, 1: 9}",150,0.025,[0.33333333 0.33333333 0.33333333],True,True,True,1.0,0.0,0.0,"[384, 1013, 841, 759, 929, 1064, 758, 1194, 1092, 152, 34, 766]","[384, 1013, 841]","[759, 929, 1064, 758, 1194, 1092, 152, 34, 766]",3,9
m3glvq_k0_3_k1_10_eta_0025,0,1620,405,0.5585708707536119,0.5384615384615384,0.5743589743589743,0.5558312655086848,0.5580246913580247,42,"{0: 3, 1: 10}",150,0.025,[0.33333333 0.33333333 0.33333333],True,True,True,1.0,0.0,0.0,"[1468, 615, 419, 1154, 1252, 1493, 29, 604, 839, 1301, 61, 553, 1091]","[1468, 615, 419]","[1154, 1252, 1493, 29, 604, 839, 1301, 61, 553, 1091]",3,10
m3glvq_k0_3_k1_10_eta_0025,1,1620,405,0.603963295587661,0.7307692307692307,0.596078431372549,0.6565874730021598,0.6074074074074074,42,"{0: 3, 1: 10}",150,0.025,[0.33333333 0.33333333 0.33333333],True,True,True,1.0,0.0,0.0,"[470, 366, 970, 145, 397, 1596, 724, 725, 1558, 1029, 1349, 644, 1066]","[470, 366, 970]","[145, 397, 1596, 724, 725, 1558, 1029, 1349, 644, 1066]",3,10
m3glvq_k0_3_k1_10_eta_0025,2,1620,405,0.5463930105427567,0.7019230769230769,0.5488721804511278,0.6160337552742616,0.5506172839506173,42,"{0: 3, 1: 10}",150,0.025,[0.33333333 0.33333333 0.33333333],True,True,True,0.0035289239545653,0.9964710760454346,0.0,"[694, 1541, 18, 1275, 353, 1374, 1046, 1059, 1341, 143, 205, 723, 894]","[694, 1541, 18]","[1275, 353, 1374, 1046, 1059, 1341, 143, 205, 723, 894]",3,10
m3glvq_k0_3_k1_10_eta_0025,3,1620,405,0.5402942468159859,0.5603864734299517,0.5497630331753555,0.5550239234449761,0.5407407407407407,42,"{0: 3, 1: 10}",150,0.025,[0.33333333 0.33333333 0.33333333],True,True,True,1.0,0.0,0.0,"[14, 504, 997, 1243, 857, 1036, 771, 1008, 1003, 194, 1262, 817, 143]","[14, 504, 997]","[1243, 857, 1036, 771, 1008, 1003, 194, 1262, 817, 143]",3,10
m3glvq_k0_3_k1_10_eta_0025,4,1620,405,0.5572024593763725,0.7053140096618358,0.5551330798479087,0.6212765957446809,0.5604938271604938,42,"{0: 3, 1: 10}",150,0.025,[0.33333333 0.33333333 0.33333333],True,True,True,0.9961181143199174,0.0038818856800826,0.0,"[384, 901, 188, 1102, 71, 55, 155, 759, 729, 1266, 1477, 1368, 1194]","[384, 901, 188]","[1102, 71, 55, 155, 759, 729, 1266, 1477, 1368, 1194]",3,10
m3glvq_k0_4_k1_3_eta_0025,0,1620,405,0.5831340296759078,0.6586538461538461,0.5854700854700855,0.6199095022624435,0.5851851851851851,42,"{0: 4, 1: 3}",150,0.025,[0.33333333 0.33333333 0.33333333],True,True,True,0.5826905786202017,0.2100516694863486,0.2072577518934496,"[299, 1358, 494, 222, 668, 1398, 1447]","[299, 1358, 494, 222]","[668, 1398, 1447]",4,3
m3glvq_k0_4_k1_3_eta_0025,1,1620,405,0.5676737602499023,0.3942307692307692,0.6165413533834586,0.4809384164222873,0.562962962962963,42,"{0: 4, 1: 3}",150,0.025,[0.33333333 0.33333333 0.33333333],True,True,True,1.0,0.0,0.0,"[366, 855, 1494, 470, 429, 984, 1583]","[366, 855, 1494, 470]","[429, 984, 1583]",4,3
m3glvq_k0_4_k1_3_eta_0025,2,1620,405,0.5324336196798126,0.2019230769230769,0.6086956521739131,0.3032490974729242,0.5234567901234568,42,"{0: 4, 1: 3}",150,0.025,[0.33333333 0.33333333 0.33333333],True,True,True,0.0,1.0,0.0,"[838, 115, 459, 991, 1071, 158, 1449]","[838, 115, 459, 991]","[1071, 158, 1449]",4,3
m3glvq_k0_4_k1_3_eta_0025,3,1620,405,0.5207509881422925,0.3091787439613526,0.5470085470085471,0.3950617283950617,0.5160493827160494,42,"{0: 4, 1: 3}",150,0.025,[0.33333333 0.33333333 0.33333333],True,True,True,0.0,1.0,0.0,"[964, 1536, 340, 14, 1489, 817, 150]","[964, 1536, 340, 14]","[1489, 817, 150]",4,3
m3glvq_k0_4_k1_3_eta_0025,4,1620,405,0.5494071146245059,0.3816425120772946,0.5851851851851851,0.4619883040935672,0.5456790123456791,42,"{0: 4, 1: 3}",150,0.025,[0.33333333 0.33333333 0.33333333],True,True,True,1.0,0.0,0.0,"[1112, 784, 1013, 623, 1025, 631, 759]","[1112, 784, 1013, 623]","[1025, 631, 759]",4,3
m3glvq_k0_4_k1_4_eta_0025,0,1620,405,0.5601693674345958,0.5721153846153846,0.5721153846153846,0.5721153846153846,0.5604938271604938,42,"{0: 4, 1: 4}",150,0.025,[0.33333333 0.33333333 0.33333333],True,True,True,1.0,0.0,0.0,"[386, 1035, 213, 887, 852, 837, 1076, 1151]","[386, 1035, 213, 887]","[852, 837, 1076, 1151]",4,4
m3glvq_k0_4_k1_4_eta_0025,1,1620,405,0.5486870363139399,0.5288461538461539,0.5641025641025641,0.5459057071960297,0.5481481481481482,42,"{0: 4, 1: 4}",150,0.025,[0.33333333 0.33333333 0.33333333],True,True,True,1.0,0.0,0.0,"[366, 1494, 198, 651, 644, 201, 1431, 1442]","[366, 1494, 198, 651]","[644, 201, 1431, 1442]",4,4
m3glvq_k0_4_k1_4_eta_0025,2,1620,405,0.509700800468567,0.3798076923076923,0.5266666666666666,0.441340782122905,0.5061728395061729,42,"{0: 4, 1: 4}",150,0.025,[0.33333333 0.33333333 0.33333333],True,True,True,1.0,0.0,0.0,"[374, 476, 966, 1590, 978, 1063, 1431, 297]","[374, 476, 966, 1590]","[978, 1063, 1431, 297]",4,4
m3glvq_k0_4_k1_4_eta_0025,3,1620,405,0.5424901185770751,0.463768115942029,0.5614035087719298,0.5079365079365079,0.5407407407407407,42,"{0: 4, 1: 4}",150,0.025,[0.33333333 0.33333333 0.33333333],True,True,True,0.6644385206391106,0.3355614793608893,0.0,"[302, 619, 1492, 179, 194, 231, 840, 682]","[302, 619, 1492, 179]","[194, 231, 840, 682]",4,4
m3glvq_k0_4_k1_4_eta_0025,4,1620,405,0.5574220465524813,0.4734299516908212,0.5798816568047337,0.5212765957446808,0.5555555555555556,42,"{0: 4, 1: 4}",150,0.025,[0.33333333 0.33333333 0.33333333],True,True,True,1.0,0.0,0.0,"[623, 416, 1013, 524, 1167, 1270, 631, 92]","[623, 416, 1013, 524]","[1167, 1270, 631, 92]",4,4
m3glvq_k0_4_k1_5_eta_0025,0,1620,405,0.5548491800078095,0.3990384615384615,0.5928571428571429,0.4770114942528736,0.5506172839506173,42,"{0: 4, 1: 5}",150,0.025,[0.33333333 0.33333333 0.33333333],True,True,True,1.0,0.0,0.0,"[1020, 386, 887, 1130, 418, 194, 1398, 470, 1076]","[1020, 386, 887, 1130]","[418, 194, 1398, 470, 1076]",4,5
m3glvq_k0_4_k1_5_eta_0025,1,1620,405,0.5234527528309254,0.4326923076923077,0.5421686746987951,0.481283422459893,0.5209876543209877,42,"{0: 4, 1: 5}",150,0.025,[0.33333333 0.33333333 0.33333333],True,True,True,1.0,0.0,0.0,"[498, 1016, 870, 1324, 725, 151, 1349, 148, 360]","[498, 1016, 870, 1324]","[725, 151, 1349, 148, 360]",4,5
m3glvq_k0_4_k1_5_eta_0025,2,1620,405,0.5839515814135103,0.5384615384615384,0.6054054054054054,0.5699745547073792,0.582716049382716,42,"{0: 4, 1: 5}",150,0.025,[0.33333333 0.33333333 0.33333333],True,True,True,1.0,0.0,0.0,"[374, 1226, 1471, 1005, 780, 1431, 723, 978, 962]","[374, 1226, 1471, 1005]","[780, 1431, 723, 978, 962]",4,5
m3glvq_k0_4_k1_5_eta_0025,3,1620,405,0.5681818181818181,0.4444444444444444,0.6013071895424836,0.5111111111111112,0.5654320987654321,42,"{0: 4, 1: 5}",150,0.025,[0.33333333 0.33333333 0.33333333],True,True,True,1.0,0.0,0.0,"[482, 1468, 504, 1134, 682, 194, 1076, 771, 1486]","[482, 1468, 504, 1134]","[682, 194, 1076, 771, 1486]",4,5
m3glvq_k0_4_k1_5_eta_0025,4,1620,405,0.5588493631971893,0.4106280193236715,0.5944055944055944,0.4857142857142857,0.5555555555555556,42,"{0: 4, 1: 5}",150,0.025,[0.33333333 0.33333333 0.33333333],True,True,True,1.0,0.0,0.0,"[384, 1013, 775, 1148, 631, 766, 681, 759, 207]","[384, 1013, 775, 1148]","[631, 766, 681, 759, 207]",4,5
m3glvq_k0_4_k1_6_eta_0025,0,1620,405,0.523037875829754,0.5384615384615384,0.5358851674641149,0.5371702637889688,0.5234567901234568,42,"{0: 4, 1: 6}",150,0.025,[0.33333333 0.33333333 0.33333333],True,True,True,1.0,0.0,0.0,"[386, 771, 726, 887, 1562, 21, 1047, 462, 1078, 178]","[386, 771, 726, 887]","[1562, 21, 1047, 462, 1078, 178]",4,6
m3glvq_k0_4_k1_6_eta_0025,1,1620,405,0.580339711050371,0.5769230769230769,0.594059405940594,0.5853658536585367,0.5802469135802469,42,"{0: 4, 1: 6}",150,0.025,[0.33333333 0.33333333 0.33333333],True,True,True,1.0,0.0,0.0,"[474, 741, 366, 35, 201, 1490, 644, 442, 394, 1060]","[474, 741, 366, 35]","[201, 1490, 644, 442, 394, 1060]",4,6
m3glvq_k0_4_k1_6_eta_0025,2,1620,405,0.5420123975009762,0.4951923076923077,0.5597826086956522,0.5255102040816327,0.5407407407407407,42,"{0: 4, 1: 6}",150,0.025,[0.33333333 0.33333333 0.33333333],True,True,True,1.0,0.0,0.0,"[105, 1471, 479, 374, 821, 139, 787, 404, 369, 495]","[105, 1471, 479, 374]","[821, 139, 787, 404, 369, 495]",4,6
m3glvq_k0_4_k1_6_eta_0025,3,1620,405,0.5537988581466842,0.5217391304347826,0.5684210526315789,0.544080604534005,0.5530864197530864,42,"{0: 4, 1: 6}",150,0.025,[0.33333333 0.33333333 0.33333333],True,True,True,1.0,0.0,0.0,"[988, 14, 561, 997, 843, 1159, 1008, 766, 1262, 771]","[988, 14, 561, 997]","[843, 1159, 1008, 766, 1262, 771]",4,6
m3glvq_k0_4_k1_6_eta_0025,4,1620,405,0.5685111989459815,0.5410628019323671,0.5833333333333334,0.5614035087719299,0.5679012345679012,42,"{0: 4, 1: 6}",150,0.025,[0.33333333 0.33333333 0.33333333],True,True,True,1.0,0.0,0.0,"[784, 1013, 384, 403, 1270, 834, 1025, 171, 242, 631]","[784, 1013, 384, 403]","[1270, 834, 1025, 171, 242, 631]",4,6
m3glvq_k0_4_k1_7_eta_0025,0,1620,405,0.5245021475985943,0.5769230769230769,0.5357142857142857,0.5555555555555555,0.5259259259259259,42,"{0: 4, 1: 7}",150,0.025,[0.33333333 0.33333333 0.33333333],True,True,True,1.0,0.0,0.0,"[386, 1348, 1499, 494, 1447, 1039, 381, 463, 668, 194, 5]","[386, 1348, 1499, 494]","[1447, 1039, 381, 463, 668, 194, 5]",4,7
m3glvq_k0_4_k1_7_eta_0025,1,1620,405,0.5146183131589223,0.5673076923076923,0.5267857142857143,0.5462962962962964,0.5160493827160494,42,"{0: 4, 1: 7}",150,0.025,[0.33333333 0.33333333 0.33333333],True,True,True,0.9978989529401,0.0,0.0021010470598998,"[366, 1016, 1267, 855, 503, 1349, 359, 209, 1390, 364, 1060]","[366, 1016, 1267, 855]","[503, 1349, 359, 209, 1390, 364, 1060]",4,7
m3glvq_k0_4_k1_7_eta_0025,2,1620,405,0.5615116165560328,0.5240384615384616,0.5797872340425532,0.5505050505050506,0.5604938271604938,42,"{0: 4, 1: 7}",150,0.025,[0.33333333 0.33333333 0.33333333],True,True,True,1.0,0.0,0.0,"[1005, 1011, 1471, 374, 176, 809, 604, 304, 1565, 380, 139]","[1005, 1011, 1471, 374]","[176, 809, 604, 304, 1565, 380, 139]",4,7
m3glvq_k0_4_k1_7_eta_0025,3,1620,405,0.5098814229249011,0.4541062801932367,0.5222222222222223,0.4857881136950905,0.508641975308642,42,"{0: 4, 1: 7}",150,0.025,[0.33333333 0.33333333 0.33333333],True,True,True,0.0,1.0,0.0,"[1492, 482, 1415, 964, 350, 701, 194, 25, 771, 1403, 1456]","[1492, 482, 1415, 964]","[350, 701, 194, 25, 771, 1403, 1456]",4,7
m3glvq_k0_4_k1_7_eta_0025,4,1620,405,0.5241545893719807,0.4927536231884058,0.5368421052631579,0.5138539042821159,0.5234567901234568,42,"{0: 4, 1: 7}",150,0.025,[0.33333333 0.33333333 0.33333333],True,True,True,1.0,0.0,0.0,"[102, 259, 384, 403, 1025, 864, 1368, 431, 350, 758, 1582]","[102, 259, 384, 403]","[1025, 864, 1368, 431, 350, 758, 1582]",4,7
m3glvq_k0_4_k1_8_eta_0025,0,1620,405,0.569516302225693,0.6009615384615384,0.5787037037037037,0.589622641509434,0.5703703703703704,42,"{0: 4, 1: 8}",150,0.025,[0.33333333 0.33333333 0.33333333],True,True,True,1.0,0.0,0.0,"[386, 1591, 906, 1468, 463, 309, 431, 61, 1076, 5, 1175, 976]","[386, 1591, 906, 1468]","[463, 309, 431, 61, 1076, 5, 1175, 976]",4,8
m3glvq_k0_4_k1_8_eta_0025,1,1620,405,0.5603035923467395,0.5673076923076923,0.5728155339805825,0.5700483091787439,0.5604938271604938,42,"{0: 4, 1: 8}",150,0.025,[0.33333333 0.33333333 0.33333333],True,True,True,1.0,0.0,0.0,"[651, 498, 961, 453, 356, 441, 1060, 1390, 724, 157, 810, 530]","[651, 498, 961, 453]","[356, 441, 1060, 1390, 724, 157, 810, 530]",4,8
m3glvq_k0_4_k1_8_eta_0025,2,1620,405,0.5630979109722765,0.6490384615384616,0.5672268907563025,0.6053811659192826,0.5654320987654321,42,"{0: 4, 1: 8}",150,0.025,[0.33333333 0.33333333 0.33333333],True,True,True,0.0,1.0,0.0,"[694, 838, 1357, 1503, 962, 730, 282, 868, 335, 158, 143, 205]","[694, 838, 1357, 1503]","[962, 730, 282, 868, 335, 158, 143, 205]",4,8
m3glvq_k0_4_k1_8_eta_0025,3,1620,405,0.563350900307422,0.5458937198067633,0.576530612244898,0.5607940446650124,0.562962962962963,42,"{0: 4, 1: 8}",150,0.025,[0.33333333 0.33333333 0.33333333],True,True,True,1.0,0.0,0.0,"[504, 1134, 14, 997, 1544, 1444, 1138, 763, 1008, 1041, 1083, 766]","[504, 1134, 14, 997]","[1544, 1444, 1138, 763, 1008, 1041, 1083, 766]",4,8
m3glvq_k0_4_k1_8_eta_0025,4,1620,405,0.557092665788318,0.4879227053140096,0.5771428571428572,0.5287958115183247,0.5555555555555556,42,"{0: 4, 1: 8}",150,0.025,[0.33333333 0.33333333 0.33333333],True,True,True,1.0,0.0,0.0,"[384, 1148, 613, 1474, 377, 1368, 237, 997, 1025, 1477, 1443, 1270]","[384, 1148, 613, 1474]","[377, 1368, 237, 997, 1025, 1477, 1443, 1270]",4,8
m3glvq_k0_4_k1_9_eta_0025,0,1620,405,0.5491019133151113,0.4230769230769231,0.5789473684210527,0.4888888888888889,0.5456790123456791,42,"{0: 4, 1: 9}",150,0.025,[0.33333333 0.33333333 0.33333333],True,True,True,1.0,0.0,0.0,"[1130, 1468, 386, 985, 1472, 105, 1398, 228, 260, 1447, 214, 85, 976]","[1130, 1468, 386, 985]","[1472, 105, 1398, 228, 260, 1447, 214, 85, 976]",4,9
m3glvq_k0_4_k1_9_eta_0025,1,1620,405,0.5652455095665756,0.5721153846153846,0.5776699029126213,0.5748792270531401,0.5654320987654321,42,"{0: 4, 1: 9}",150,0.025,[0.33333333 0.33333333 0.33333333],True,True,True,1.0,0.0,0.0,"[1494, 741, 970, 366, 1022, 360, 725, 151, 1349, 503, 1466, 439, 782]","[1494, 741, 970, 366]","[1022, 360, 725, 151, 1349, 503, 1466, 439, 782]",4,9
m3glvq_k0_4_k1_9_eta_0025,2,1620,405,0.5569601718078876,0.5961538461538461,0.5662100456621004,0.5807962529274006,0.5580246913580247,42,"{0: 4, 1: 9}",150,0.025,[0.33333333 0.33333333 0.33333333],True,True,True,1.0,0.0,0.0,"[374, 1471, 955, 436, 677, 528, 268, 1015, 1063, 1565, 1139, 226, 531]","[374, 1471, 955, 436]","[677, 528, 268, 1015, 1063, 1565, 1139, 226, 531]",4,9
m3glvq_k0_4_k1_9_eta_0025,3,1620,405,0.5195432586736934,0.8067632850241546,0.5235109717868338,0.6349809885931559,0.5259259259259259,42,"{0: 4, 1: 9}",150,0.025,[0.33333333 0.33333333 0.33333333],True,True,True,0.0049804231467728,0.9950195768532272,0.0,"[964, 455, 155, 1492, 766, 1084, 453, 1003, 1378, 1146, 150, 1343, 1285]","[964, 455, 155, 1492]","[766, 1084, 453, 1003, 1378, 1146, 150, 1343, 1285]",4,9
m3glvq_k0_4_k1_9_eta_0025,4,1620,405,0.5624725516029865,0.5845410628019324,0.5707547169811321,0.5775656324582339,0.562962962962963,42,"{0: 4, 1: 9}",150,0.025,[0.33333333 0.33333333 0.33333333],True,True,True,1.0,0.0,0.0,"[501, 1474, 623, 416, 1368, 1019, 240, 1167, 760, 1477, 1025, 864, 1106]","[501, 1474, 623, 416]","[1368, 1019, 240, 1167, 760, 1477, 1025, 864, 1106]",4,9
m3glvq_k0_4_k1_10_eta_0025,0,1620,405,0.5191575556423272,0.5865384615384616,0.5304347826086957,0.5570776255707762,0.5209876543209877,42,"{0: 4, 1: 10}",150,0.025,[0.33333333 0.33333333 0.33333333],True,True,True,1.0,0.0,0.0,"[1099, 97, 254, 386, 876, 1566, 178, 61, 604, 1298, 347, 218, 976, 229]","[1099, 97, 254, 386]","[876, 1566, 178, 61, 604, 1298, 347, 218, 976, 229]",4,10
m3glvq_k0_4_k1_10_eta_0025,1,1620,405,0.5076874267864115,0.4519230769230769,0.5222222222222223,0.4845360824742268,0.5061728395061729,42,"{0: 4, 1: 10}",150,0.025,[0.33333333 0.33333333 0.33333333],True,True,True,1.0,0.0,0.0,"[585, 388, 498, 855, 521, 1060, 526, 929, 823, 1377, 821, 441, 644, 287]","[585, 388, 498, 855]","[521, 1060, 526, 929, 823, 1377, 821, 441, 644, 287]",4,10
m3glvq_k0_4_k1_10_eta_0025,2,1620,405,0.567515130808278,0.5817307692307693,0.5789473684210527,0.5803357314148683,0.5679012345679012,42,"{0: 4, 1: 10}",150,0.025,[0.33333333 0.33333333 0.33333333],True,True,True,1.0,0.0,0.0,"[588, 374, 855, 993, 48, 784, 723, 139, 1520, 881, 87, 962, 664, 60]","[588, 374, 855, 993]","[48, 784, 723, 139, 1520, 881, 87, 962, 664, 60]",4,10
m3glvq_k0_4_k1_10_eta_0025,3,1620,405,0.5589591567852437,0.5169082125603864,0.5752688172043011,0.544529262086514,0.5580246913580247,42,"{0: 4, 1: 10}",150,0.025,[0.33333333 0.33333333 0.33333333],True,True,True,1.0,0.0,0.0,"[504, 1468, 482, 179, 205, 1121, 763, 29, 609, 1066, 1076, 1355, 1125, 701]","[504, 1468, 482, 179]","[205, 1121, 763, 29, 609, 1066, 1076, 1355, 1125, 701]",4,10
m3glvq_k0_4_k1_10_eta_0025,4,1620,405,0.5574220465524813,0.5845410628019324,0.5654205607476636,0.5748218527315915,0.5580246913580247,42,"{0: 4, 1: 10}",150,0.025,[0.33333333 0.33333333 0.33333333],True,True,True,1.0,0.0,0.0,"[403, 1474, 384, 1048, 1025, 237, 1404, 1582, 1364, 1052, 1188, 1102, 465, 101]","[403, 1474, 384, 1048]","[1025, 237, 1404, 1582, 1364, 1052, 1188, 1102, 465, 101]",4,10
m3glvq_k0_5_k1_3_eta_0025,0,1620,405,0.5119704217102694,0.3894230769230769,0.5294117647058824,0.4487534626038781,0.508641975308642,42,"{0: 5, 1: 3}",150,0.025,[0.33333333 0.33333333 0.33333333],True,True,True,1.0,0.0,0.0,"[863, 386, 726, 494, 1385, 1423, 1076, 806]","[863, 386, 726, 494, 1385]","[1423, 1076, 806]",5,3
m3glvq_k0_5_k1_3_eta_0025,1,1620,405,0.5294928738773916,0.2163461538461538,0.5921052631578947,0.3169014084507042,0.5209876543209877,42,"{0: 5, 1: 3}",150,0.025,[0.33333333 0.33333333 0.33333333],True,True,True,1.0,0.0,0.0,"[474, 1024, 453, 880, 288, 1433, 636, 1442]","[474, 1024, 453, 880, 288]","[1433, 636, 1442]",5,3
m3glvq_k0_5_k1_3_eta_0025,2,1620,405,0.5499194650527137,0.3028846153846153,0.6116504854368932,0.405144694533762,0.5432098765432098,42,"{0: 5, 1: 3}",150,0.025,[0.33333333 0.33333333 0.33333333],True,True,True,1.0,0.0,0.0,"[1005, 374, 1001, 830, 1541, 139, 1442, 818]","[1005, 374, 1001, 830, 1541]","[139, 1442, 818]",5,3
m3glvq_k0_5_k1_3_eta_0025,3,1620,405,0.5281071585419411,0.6521739130434783,0.5335968379446641,0.5869565217391305,0.5308641975308642,42,"{0: 5, 1: 3}",150,0.025,[0.33333333 0.33333333 0.33333333],True,True,True,0.0083333333332482,0.9833333333335036,0.0083333333332482,"[219, 964, 1536, 279, 65, 150, 350, 1027]","[219, 964, 1536, 279, 65]","[150, 350, 1027]",5,3
m3glvq_k0_5_k1_3_eta_0025,4,1620,405,0.5533596837944664,0.429951690821256,0.5816993464052288,0.4944444444444444,0.5506172839506173,42,"{0: 5, 1: 3}",150,0.025,[0.33333333 0.33333333 0.33333333],True,True,True,1.0,0.0,0.0,"[384, 901, 1044, 115, 958, 631, 681, 759]","[384, 901, 1044, 115, 958]","[631, 681, 759]",5,3
m3glvq_k0_5_k1_4_eta_0025,0,1620,405,0.5601815696993362,0.4807692307692308,0.5847953216374269,0.5277044854881267,0.5580246913580247,42,"{0: 5, 1: 4}",150,0.025,[0.33333333 0.33333333 0.33333333],True,True,True,1.0,0.0,0.0,"[386, 887, 1035, 213, 97, 12, 1076, 309, 414]","[386, 887, 1035, 213, 97]","[12, 1076, 309, 414]",5,4
m3glvq_k0_5_k1_4_eta_0025,1,1620,405,0.5416219250292854,0.4182692307692308,0.5686274509803921,0.4819944598337949,0.5382716049382716,42,"{0: 5, 1: 4}",150,0.025,[0.33333333 0.33333333 0.33333333],True,True,True,1.0,0.0,0.0,"[498, 85, 1016, 1324, 651, 429, 1349, 1442, 148]","[498, 85, 1016, 1324, 651]","[429, 1349, 1442, 148]",5,4
m3glvq_k0_5_k1_4_eta_0025,2,1620,405,0.5317380905896134,0.4086538461538461,0.5555555555555556,0.4709141274238227,0.528395061728395,42,"{0: 5, 1: 4}",150,0.025,[0.33333333 0.33333333 0.33333333],True,True,True,1.0,0.0,0.0,"[105, 1471, 590, 374, 873, 139, 600, 603, 1057]","[105, 1471, 590, 374, 873]","[139, 600, 603, 1057]",5,4
m3glvq_k0_5_k1_4_eta_0025,3,1620,405,0.5293148880105402,0.2657004830917874,0.5729166666666666,0.3630363036303631,0.5234567901234568,42,"{0: 5, 1: 4}",150,0.025,[0.33333333 0.33333333 0.33333333],True,True,True,0.0,1.0,0.0,"[1020, 440, 964, 155, 619, 840, 1285, 312, 637]","[1020, 440, 964, 155, 619]","[840, 1285, 312, 637]",5,4
m3glvq_k0_5_k1_4_eta_0025,4,1620,405,0.5419411506368028,0.3768115942028985,0.5735294117647058,0.4548104956268222,0.5382716049382716,42,"{0: 5, 1: 4}",150,0.025,[0.33333333 0.33333333 0.33333333],True,True,True,1.0,0.0,0.0,"[657, 775, 1013, 384, 116, 681, 1443, 207, 1097]","[657, 775, 1013, 384, 116]","[681, 1443, 207, 1097]",5,4
m3glvq_k0_5_k1_5_eta_0025,0,1620,405,0.5536411557985161,0.4423076923076923,0.5822784810126582,0.5027322404371584,0.5506172839506173,42,"{0: 5, 1: 5}",150,0.025,[0.33333333 0.33333333 0.33333333],True,True,True,1.0,0.0,0.0,"[1333, 1537, 386, 570, 254, 194, 668, 164, 1447, 418]","[1333, 1537, 386, 570, 254]","[194, 668, 164, 1447, 418]",5,5
m3glvq_k0_5_k1_5_eta_0025,1,1620,405,0.5565819016009371,0.4278846153846153,0.5894039735099338,0.4958217270194986,0.5530864197530864,42,"{0: 5, 1: 5}",150,0.025,[0.33333333 0.33333333 0.33333333],True,True,True,1.0,0.0,0.0,"[651, 498, 1324, 414, 1016, 429, 148, 151, 1442, 1349]","[651, 498, 1324, 414, 1016]","[429, 148, 151, 1442, 1349]",5,5
m3glvq_k0_5_k1_5_eta_0025,2,1620,405,0.5628660679422101,0.3846153846153846,0.6106870229007634,0.471976401179941,0.5580246913580247,42,"{0: 5, 1: 5}",150,0.025,[0.33333333 0.33333333 0.33333333],True,True,True,1.0,0.0,0.0,"[1471, 993, 588, 511, 374, 158, 486, 978, 962, 1015]","[1471, 993, 588, 511, 374]","[158, 486, 978, 962, 1015]",5,5
m3glvq_k0_5_k1_5_eta_0025,3,1620,405,0.504062362758015,0.5990338164251208,0.5145228215767634,0.5535714285714286,0.5061728395061729,42,"{0: 5, 1: 5}",150,0.025,[0.33333333 0.33333333 0.33333333],True,True,True,0.0,1.0,0.0,"[155, 1239, 973, 964, 631, 675, 562, 194, 771, 1489]","[155, 1239, 973, 964, 631]","[675, 562, 194, 771, 1489]",5,5
m3glvq_k0_5_k1_5_eta_0025,4,1620,405,0.5612648221343873,0.4154589371980676,0.5972222222222222,0.49002849002849,0.5580246913580247,42,"{0: 5, 1: 5}",150,0.025,[0.33333333 0.33333333 0.33333333],True,True,True,1.0,0.0,0.0,"[233, 784, 403, 1474, 384, 207, 631, 1025, 171, 766]","[233, 784, 403, 1474, 384]","[207, 631, 1025, 171, 766]",5,5
m3glvq_k0_5_k1_6_eta_0025,0,1620,405,0.553628953533776,0.5336538461538461,0.5692307692307692,0.5508684863523574,0.5530864197530864,42,"{0: 5, 1: 6}",150,0.025,[0.33333333 0.33333333 0.33333333],True,True,True,1.0,0.0,0.0,"[1499, 771, 1348, 1414, 386, 1095, 462, 1447, 85, 105, 1039]","[1499, 771, 1348, 1414, 386]","[1095, 462, 1447, 85, 105, 1039]",5,6
m3glvq_k0_5_k1_6_eta_0025,1,1620,405,0.5321285630613042,0.4855769230769231,0.5489130434782609,0.5153061224489796,0.5308641975308642,42,"{0: 5, 1: 6}",150,0.025,[0.33333333 0.33333333 0.33333333],True,True,True,1.0,0.0,0.0,"[453, 597, 1006, 855, 431, 503, 64, 1442, 201, 734, 1349]","[453, 597, 1006, 855, 431]","[503, 64, 1442, 201, 734, 1349]",5,6
m3glvq_k0_5_k1_6_eta_0025,2,1620,405,0.5320187426786411,0.3076923076923077,0.5714285714285714,0.4,0.5259259259259259,42,"{0: 5, 1: 6}",150,0.025,[0.33333333 0.33333333 0.33333333],True,True,True,1.0,0.0,0.0,"[476, 400, 1503, 855, 1122, 962, 139, 1015, 1063, 174, 495]","[476, 400, 1503, 855, 1122]","[962, 139, 1015, 1063, 174, 495]",5,6
m3glvq_k0_5_k1_6_eta_0025,3,1620,405,0.5102108036890646,0.6618357487922706,0.5189393939393939,0.5817409766454353,0.5135802469135803,42,"{0: 5, 1: 6}",150,0.025,[0.33333333 0.33333333 0.33333333],True,True,True,0.0,0.9724201369977128,0.0275798630022872,"[1492, 155, 340, 440, 964, 350, 1084, 1489, 150, 1343, 968]","[1492, 155, 340, 440, 964]","[350, 1084, 1489, 150, 1343, 968]",5,6
m3glvq_k0_5_k1_6_eta_0025,4,1620,405,0.5760869565217391,0.429951690821256,0.6180555555555556,0.5071225071225072,0.5728395061728395,42,"{0: 5, 1: 6}",150,0.025,[0.33333333 0.33333333 0.33333333],True,True,True,1.0,0.0,0.0,"[1252, 740, 1013, 418, 384, 1052, 1121, 1025, 848, 758, 759]","[1252, 740, 1013, 418, 384]","[1052, 1121, 1025, 848, 758, 759]",5,6
m3glvq_k0_5_k1_7_eta_0025,0,1620,405,0.5769962905115189,0.6057692307692307,0.586046511627907,0.5957446808510639,0.5777777777777777,42,"{0: 5, 1: 7}",150,0.025,[0.33333333 0.33333333 0.33333333],True,True,True,1.0,0.0,0.0,"[386, 579, 1333, 1468, 97, 5, 1164, 561, 1562, 1566, 1083, 1398]","[386, 579, 1333, 1468, 97]","[5, 1164, 561, 1562, 1566, 1083, 1398]",5,7
m3glvq_k0_5_k1_7_eta_0025,1,1620,405,0.5445626708317064,0.4038461538461538,0.5753424657534246,0.4745762711864407,0.5407407407407407,42,"{0: 5, 1: 7}",150,0.025,[0.33333333 0.33333333 0.33333333],True,True,True,1.0,0.0,0.0,"[880, 1324, 13, 1475, 597, 145, 1442, 372, 1349, 364, 342, 724]","[880, 1324, 13, 1475, 597]","[145, 1442, 372, 1349, 364, 342, 724]",5,7
m3glvq_k0_5_k1_7_eta_0025,2,1620,405,0.5540438305349473,0.4278846153846153,0.5855263157894737,0.4944444444444444,0.5506172839506173,42,"{0: 5, 1: 7}",150,0.025,[0.33333333 0.33333333 0.33333333],True,True,True,1.0,0.0,0.0,"[105, 1471, 588, 511, 374, 136, 1063, 531, 978, 448, 723, 174]","[105, 1471, 588, 511, 374]","[136, 1063, 531, 978, 448, 723, 174]",5,7
m3glvq_k0_5_k1_7_eta_0025,3,1620,405,0.5541282389108476,0.5072463768115942,0.5706521739130435,0.5370843989769821,0.5530864197530864,42,"{0: 5, 1: 7}",150,0.025,[0.33333333 0.33333333 0.33333333],True,True,True,1.0,0.0,0.0,"[407, 1468, 482, 504, 561, 856, 194, 1087, 1329, 843, 143, 1564]","[407, 1468, 482, 504, 561]","[856, 194, 1087, 1329, 843, 143, 1564]",5,7
m3glvq_k0_5_k1_7_eta_0025,4,1620,405,0.5428194993412385,0.3381642512077294,0.5833333333333334,0.4281345565749235,0.5382716049382716,42,"{0: 5, 1: 7}",150,0.025,[0.33333333 0.33333333 0.33333333],True,True,True,1.0,0.0,0.0,"[403, 501, 1315, 1474, 617, 171, 758, 377, 200, 1025, 1097, 1058]","[403, 501, 1315, 1474, 617]","[171, 758, 377, 200, 1025, 1097, 1058]",5,7
m3glvq_k0_5_k1_8_eta_0025,0,1620,405,0.5433424443576728,0.5384615384615384,0.5572139303482587,0.547677261613692,0.5432098765432098,42,"{0: 5, 1: 8}",150,0.025,[0.33333333 0.33333333 0.33333333],True,True,True,1.0,0.0,0.0,"[1468, 1035, 1333, 97, 1135, 178, 668, 1160, 1566, 976, 358, 345, 463]","[1468, 1035, 1333, 97, 1135]","[178, 668, 1160, 1566, 976, 358, 345, 463]",5,8
m3glvq_k0_5_k1_8_eta_0025,1,1620,405,0.5565574970714564,0.6105769230769231,0.5644444444444444,0.5866050808314087,0.5580246913580247,42,"{0: 5, 1: 8}",150,0.025,[0.33333333 0.33333333 0.33333333],True,True,True,1.0,0.0,0.0,"[498, 870, 507, 366, 1016, 725, 1349, 676, 521, 1029, 359, 1108, 201]","[498, 870, 507, 366, 1016]","[725, 1349, 676, 521, 1029, 359, 1108, 201]",5,8
m3glvq_k0_5_k1_8_eta_0025,2,1620,405,0.5659166341272941,0.5480769230769231,0.5816326530612245,0.5643564356435645,0.5654320987654321,42,"{0: 5, 1: 8}",150,0.025,[0.33333333 0.33333333 0.33333333],True,True,True,1.0,0.0,0.0,"[1011, 966, 1294, 211, 516, 978, 1133, 910, 1283, 385, 1455, 723, 369]","[1011, 966, 1294, 211, 516]","[978, 1133, 910, 1283, 385, 1455, 723, 369]",5,8
m3glvq_k0_5_k1_8_eta_0025,3,1620,405,0.5638998682476943,0.4106280193236715,0.6028368794326241,0.4885057471264368,0.5604938271604938,42,"{0: 5, 1: 8}",150,0.025,[0.33333333 0.33333333 0.33333333],True,True,True,1.0,0.0,0.0,"[1468, 1483, 616, 482, 407, 817, 1008, 629, 1003, 763, 1097, 291, 1544]","[1468, 1483, 616, 482, 407]","[817, 1008, 629, 1003, 763, 1097, 291, 1544]",5,8
m3glvq_k0_5_k1_8_eta_0025,4,1620,405,0.5604962670180061,0.5603864734299517,0.5714285714285714,0.5658536585365854,0.5604938271604938,42,"{0: 5, 1: 8}",150,0.025,[0.33333333 0.33333333 0.33333333],True,True,True,1.0,0.0,0.0,"[1474, 416, 501, 623, 921, 200, 155, 760, 1092, 71, 635, 311, 1477]","[1474, 416, 501, 623, 921]","[200, 155, 760, 1092, 71, 635, 311, 1477]",5,8
m3glvq_k0_5_k1_9_eta_0025,0,1620,405,0.5587050956657555,0.5336538461538461,0.5751295336787565,0.5536159600997508,0.5580246913580247,42,"{0: 5, 1: 9}",150,0.025,[0.33333333 0.33333333 0.33333333],True,True,True,1.0,0.0,0.0,"[1027, 1200, 97, 254, 386, 5, 668, 1511, 218, 1357, 604, 309, 1566, 509]","[1027, 1200, 97, 254, 386]","[5, 668, 1511, 218, 1357, 604, 309, 1566, 509]",5,9
m3glvq_k0_5_k1_9_eta_0025,1,1620,405,0.5640496876220227,0.5240384615384616,0.5828877005347594,0.5518987341772152,0.562962962962963,42,"{0: 5, 1: 9}",150,0.025,[0.33333333 0.33333333 0.33333333],True,True,True,1.0,0.0,0.0,"[880, 1604, 187, 366, 1016, 1022, 724, 151, 148, 274, 1349, 1390, 280, 64]","[880, 1604, 187, 366, 1016]","[1022, 724, 151, 148, 274, 1349, 1390, 280, 64]",5,9
m3glvq_k0_5_k1_9_eta_0025,2,1620,405,0.5195968371729793,0.2980769230769231,0.5486725663716814,0.3862928348909657,0.5135802469135803,42,"{0: 5, 1: 9}",150,0.025,[0.33333333 0.33333333 0.33333333],True,True,True,0.0,1.0,0.0,"[374, 694, 1503, 511, 338, 730, 920, 822, 1449, 353, 664, 868, 978, 962]","[374, 694, 1503, 511, 338]","[730, 920, 822, 1449, 353, 664, 868, 978, 962]",5,9
m3glvq_k0_5_k1_9_eta_0025,3,1620,405,0.5820158102766799,0.5024154589371981,0.6081871345029239,0.5502645502645502,0.5802469135802469,42,"{0: 5, 1: 9}",150,0.025,[0.33333333 0.33333333 0.33333333],True,True,True,1.0,0.0,0.0,"[1615, 482, 1468, 407, 139, 1003, 1564, 637, 763, 143, 771, 50, 633, 843]","[1615, 482, 1468, 407, 139]","[1003, 1564, 637, 763, 143, 771, 50, 633, 843]",5,9
m3glvq_k0_5_k1_9_eta_0025,4,1620,405,0.5562143170838822,0.5265700483091788,0.5706806282722513,0.5477386934673366,0.5555555555555556,42,"{0: 5, 1: 9}",150,0.025,[0.33333333 0.33333333 0.33333333],True,True,True,1.0,0.0,0.0,"[403, 1080, 784, 1474, 501, 1083, 1477, 1025, 1058, 631, 555, 1167, 1270, 15]","[403, 1080, 784, 1474, 501]","[1083, 1477, 1025, 1058, 631, 555, 1167, 1270, 15]",5,9
m3glvq_k0_5_k1_10_eta_0025,0,1620,405,0.5407921710269425,0.6298076923076923,0.5481171548117155,0.5861297539149888,0.5432098765432098,42,"{0: 5, 1: 10}",150,0.025,[0.33333333 0.33333333 0.33333333],True,True,True,1.0,0.0,0.0,"[1385, 1468, 1499, 386, 579, 852, 462, 1078, 1095, 178, 1472, 1102, 49, 604, 976]","[1385, 1468, 1499, 386, 579]","[852, 462, 1078, 1095, 178, 1472, 1102, 49, 604, 976]",5,10
m3glvq_k0_5_k1_10_eta_0025,1,1620,405,0.540914193674346,0.7163461538461539,0.5437956204379562,0.6182572614107883,0.5456790123456791,42,"{0: 5, 1: 10}",150,0.025,[0.33333333 0.33333333 0.33333333],True,True,True,0.9995815543813442,0.0,0.0004184456186557,"[498, 1494, 366, 300, 98, 1523, 1349, 439, 1022, 364, 1060, 270, 503, 1074, 429]","[498, 1494, 366, 300, 98]","[1523, 1349, 439, 1022, 364, 1060, 270, 503, 1074, 429]",5,10
m3glvq_k0_5_k1_10_eta_0025,2,1620,405,0.5524453338539633,0.3942307692307692,0.5899280575539568,0.4726224783861671,0.5481481481481482,42,"{0: 5, 1: 10}",150,0.025,[0.33333333 0.33333333 0.33333333],True,True,True,1.0,0.0,0.0,"[1503, 855, 400, 491, 1122, 881, 1067, 448, 1015, 780, 962, 664, 495, 87, 139]","[1503, 855, 400, 491, 1122]","[881, 1067, 448, 1015, 780, 962, 664, 495, 87, 139]",5,10
m3glvq_k0_5_k1_10_eta_0025,3,1620,405,0.5490777338603425,0.5072463768115942,0.5645161290322581,0.534351145038168,0.5481481481481482,42,"{0: 5, 1: 10}",150,0.025,[0.33333333 0.33333333 0.33333333],True,True,True,1.0,0.0,0.0,"[1492, 1468, 1241, 1025, 482, 188, 927, 1008, 162, 348, 1564, 817, 194, 373, 143]","[1492, 1468, 1241, 1025, 482]","[188, 927, 1008, 162, 348, 1564, 817, 194, 373, 143]",5,10
m3glvq_k0_5_k1_10_eta_0025,4,1620,405,0.5387571365832236,0.5169082125603864,0.5515463917525774,0.5336658354114714,0.5382716049382716,42,"{0: 5, 1: 10}",150,0.025,[0.33333333 0.33333333 0.33333333],True,True,True,1.0,0.0,0.0,"[1474, 1315, 613, 623, 384, 473, 1338, 993, 1019, 350, 1368, 759, 388, 1477, 729]","[1474, 1315, 613, 623, 384]","[473, 1338, 993, 1019, 350, 1368, 759, 388, 1477, 729]",5,10
m3glvq_k0_6_k1_3_eta_0025,0,1620,405,0.5432326239750097,0.3605769230769231,0.5813953488372093,0.4451038575667656,0.5382716049382716,42,"{0: 6, 1: 3}",150,0.025,[0.33333333 0.33333333 0.33333333],True,True,True,1.0,0.0,0.0,"[1333, 1035, 906, 97, 58, 1468, 1076, 449, 348]","[1333, 1035, 906, 97, 58, 1468]","[1076, 449, 348]",6,3
m3glvq_k0_6_k1_3_eta_0025,1,1620,405,0.5604744240531043,0.2884615384615384,0.6451612903225806,0.3986710963455149,0.5530864197530864,42,"{0: 6, 1: 3}",150,0.025,[0.33333333 0.33333333 0.33333333],True,True,True,1.0,0.0,0.0,"[366, 1008, 85, 1200, 1006, 870, 636, 1442, 429]","[366, 1008, 85, 1200, 1006, 870]","[636, 1442, 429]",6,3
m3glvq_k0_6_k1_3_eta_0025,2,1620,405,0.5300175712612261,0.2884615384615384,0.5714285714285714,0.3833865814696485,0.5234567901234568,42,"{0: 6, 1: 3}",150,0.025,[0.33333333 0.33333333 0.33333333],True,True,True,1.0,0.0,0.0,"[1471, 1005, 62, 1163, 400, 1492, 962, 821, 604]","[1471, 1005, 62, 1163, 400, 1492]","[962, 821, 604]",6,3
m3glvq_k0_6_k1_3_eta_0025,3,1620,405,0.5118577075098814,0.2560386473429952,0.5353535353535354,0.34640522875817,0.5061728395061729,42,"{0: 6, 1: 3}",150,0.025,[0.33333333 0.33333333 0.33333333],True,True,True,0.0,1.0,0.0,"[482, 155, 964, 340, 1020, 1231, 1489, 165, 150]","[482, 155, 964, 340, 1020, 1231]","[1489, 165, 150]",6,3
m3glvq_k0_6_k1_3_eta_0025,4,1620,405,0.5514931927975406,0.2898550724637681,0.6185567010309279,0.3947368421052632,0.5456790123456791,42,"{0: 6, 1: 3}",150,0.025,[0.33333333 0.33333333 0.33333333],True,True,True,1.0,0.0,0.0,"[1474, 617, 623, 1426, 567, 384, 207, 759, 818]","[1474, 617, 623, 1426, 567, 384]","[207, 759, 818]",6,3
m3glvq_k0_6_k1_4_eta_0025,0,1620,405,0.5476254392815306,0.4759615384615384,0.5689655172413793,0.518324607329843,0.5456790123456791,42,"{0: 6, 1: 4}",150,0.025,[0.33333333 0.33333333 0.33333333],True,True,True,1.0,0.0,0.0,"[1385, 1468, 941, 906, 500, 97, 1076, 462, 852, 12]","[1385, 1468, 941, 906, 500, 97]","[1076, 462, 852, 12]",6,4
m3glvq_k0_6_k1_4_eta_0025,1,1620,405,0.5463075946895743,0.3413461538461538,0.5916666666666667,0.4329268292682927,0.5407407407407407,42,"{0: 6, 1: 4}",150,0.025,[0.33333333 0.33333333 0.33333333],True,True,True,1.0,0.0,0.0,"[870, 198, 85, 1494, 366, 1395, 984, 1060, 1019, 201]","[870, 198, 85, 1494, 366, 1395]","[984, 1060, 1019, 201]",6,4
m3glvq_k0_6_k1_4_eta_0025,2,1620,405,0.5816575556423272,0.7115384615384616,0.578125,0.6379310344827586,0.5851851851851851,42,"{0: 6, 1: 4}",150,0.025,[0.33333333 0.33333333 0.33333333],True,True,True,0.0011836602031901,0.0,0.99881633979681,"[202, 1221, 1280, 436, 1141, 646, 258, 1046, 978, 353]","[202, 1221, 1280, 436, 1141, 646]","[258, 1046, 978, 353]",6,4
m3glvq_k0_6_k1_4_eta_0025,3,1620,405,0.549407114624506,0.4927536231884058,0.5666666666666667,0.5271317829457365,0.5481481481481482,42,"{0: 6, 1: 4}",150,0.025,[0.33333333 0.33333333 0.33333333],True,True,True,1.0,0.0,0.0,"[476, 959, 60, 1468, 482, 1394, 682, 840, 1262, 194]","[476, 959, 60, 1468, 482, 1394]","[682, 840, 1262, 194]",6,4
m3glvq_k0_6_k1_4_eta_0025,4,1620,405,0.5596179183135706,0.3768115942028985,0.6046511627906976,0.4642857142857142,0.5555555555555556,42,"{0: 6, 1: 4}",150,0.025,[0.33333333 0.33333333 0.33333333],True,True,True,1.0,0.0,0.0,"[1044, 1013, 384, 403, 1048, 499, 207, 631, 1443, 1025]","[1044, 1013, 384, 403, 1048, 499]","[207, 631, 1443, 1025]",6,4
m3glvq_k0_6_k1_5_eta_0025,0,1620,405,0.5182545880515423,0.3461538461538461,0.5413533834586466,0.4222873900293255,0.5135802469135803,42,"{0: 6, 1: 5}",150,0.025,[0.33333333 0.33333333 0.33333333],True,True,True,1.0,0.0,0.0,"[386, 570, 1468, 1375, 1537, 739, 218, 745, 1155, 668, 194]","[386, 570, 1468, 1375, 1537, 739]","[218, 745, 1155, 668, 194]",6,5
m3glvq_k0_6_k1_5_eta_0025,1,1620,405,0.5742141741507224,0.4326923076923077,0.6164383561643836,0.5084745762711865,0.5703703703703704,42,"{0: 6, 1: 5}",150,0.025,[0.33333333 0.33333333 0.33333333],True,True,True,1.0,0.0,0.0,"[1016, 366, 272, 541, 651, 85, 64, 734, 1442, 201, 1045]","[1016, 366, 272, 541, 651, 85]","[64, 734, 1442, 201, 1045]",6,5
m3glvq_k0_6_k1_5_eta_0025,2,1620,405,0.5639398672393596,0.3461538461538461,0.6260869565217392,0.4458204334365325,0.5580246913580247,42,"{0: 6, 1: 5}",150,0.025,[0.33333333 0.33333333 0.33333333],True,True,True,1.0,0.0,0.0,"[855, 1503, 636, 1570, 511, 105, 158, 962, 723, 784, 978]","[855, 1503, 636, 1570, 511, 105]","[158, 962, 723, 784, 978]",6,5
m3glvq_k0_6_k1_5_eta_0025,3,1620,405,0.5911286780851999,0.4347826086956521,0.6428571428571429,0.5187319884726225,0.5876543209876544,42,"{0: 6, 1: 5}",150,0.025,[0.33333333 0.33333333 0.33333333],True,True,True,1.0,0.0,0.0,"[1585, 1018, 631, 14, 1468, 1059, 633, 1003, 840, 1008, 763]","[1585, 1018, 631, 14, 1468, 1059]","[633, 1003, 840, 1008, 763]",6,5
m3glvq_k0_6_k1_5_eta_0025,4,1620,405,0.5443566095740009,0.3816425120772946,0.5766423357664233,0.4593023255813953,0.5407407407407407,42,"{0: 6, 1: 5}",150,0.025,[0.33333333 0.33333333 0.33333333],True,True,True,1.0,0.0,0.0,"[1044, 403, 1252, 259, 623, 384, 759, 681, 207, 478, 848]","[1044, 403, 1252, 259, 623, 384]","[759, 681, 207, 478, 848]",6,5
m3glvq_k0_6_k1_6_eta_0025,0,1620,405,0.550431960171808,0.4663461538461538,0.5739644970414202,0.5145888594164457,0.5481481481481482,42,"{0: 6, 1: 6}",150,0.025,[0.33333333 0.33333333 0.33333333],True,True,True,1.0,0.0,0.0,"[1468, 502, 906, 1333, 97, 579, 421, 1078, 187, 473, 855, 309]","[1468, 502, 906, 1333, 97, 579]","[421, 1078, 187, 473, 855, 309]",6,6
m3glvq_k0_6_k1_6_eta_0025,1,1620,405,0.5456364701288559,0.3653846153846153,0.5846153846153846,0.4497041420118343,0.5407407407407407,42,"{0: 6, 1: 6}",150,0.025,[0.33333333 0.33333333 0.33333333],True,True,True,1.0,0.0,0.0,"[1229, 398, 98, 1494, 35, 366, 184, 1029, 1250, 644, 442, 201]","[1229, 398, 98, 1494, 35, 366]","[184, 1029, 1250, 644, 442, 201]",6,6
m3glvq_k0_6_k1_6_eta_0025,2,1620,405,0.5509688598203827,0.4471153846153846,0.577639751552795,0.5040650406504065,0.5481481481481482,42,"{0: 6, 1: 6}",150,0.025,[0.33333333 0.33333333 0.33333333],True,True,True,1.0,0.0,0.0,"[374, 1471, 702, 743, 511, 1265, 1442, 87, 448, 1427, 962, 1015]","[374, 1471, 702, 743, 511, 1265]","[1442, 87, 448, 1427, 962, 1015]",6,6
m3glvq_k0_6_k1_6_eta_0025,3,1620,405,0.508893280632411,0.3864734299516908,0.5228758169934641,0.4444444444444444,0.5061728395061729,42,"{0: 6, 1: 6}",150,0.025,[0.33333333 0.33333333 0.33333333],True,True,True,0.0,1.0,0.0,"[1020, 631, 973, 482, 1415, 964, 1489, 194, 25, 350, 1560, 771]","[1020, 631, 973, 482, 1415, 964]","[1489, 194, 25, 350, 1560, 771]",6,6
m3glvq_k0_6_k1_6_eta_0025,4,1620,405,0.5460035133948178,0.3091787439613526,0.5981308411214953,0.4076433121019108,0.5407407407407407,42,"{0: 6, 1: 6}",150,0.025,[0.33333333 0.33333333 0.33333333],True,True,True,1.0,0.0,0.0,"[617, 499, 623, 1474, 1148, 416, 207, 171, 1025, 478, 155, 1097]","[617, 499, 623, 1474, 1148, 416]","[207, 171, 1025, 478, 155, 1097]",6,6
m3glvq_k0_6_k1_7_eta_0025,0,1620,405,0.5288095470519328,0.3317307692307692,0.5609756097560976,0.4169184290030212,0.5234567901234568,42,"{0: 6, 1: 7}",150,0.025,[0.33333333 0.33333333 0.33333333],True,True,True,1.0,0.0,0.0,"[422, 386, 986, 500, 771, 1348, 668, 1398, 228, 1095, 1078, 194, 105]","[422, 386, 986, 500, 771, 1348]","[668, 1398, 228, 1095, 1078, 194, 105]",6,7
m3glvq_k0_6_k1_7_eta_0025,1,1620,405,0.5601815696993362,0.4807692307692308,0.5847953216374269,0.5277044854881267,0.5580246913580247,42,"{0: 6, 1: 7}",150,0.025,[0.33333333 0.33333333 0.33333333],True,True,True,1.0,0.0,0.0,"[366, 272, 85, 970, 1416, 1016, 725, 815, 724, 1078, 364, 1279, 148]","[366, 272, 85, 970, 1416, 1016]","[725, 815, 724, 1078, 364, 1279, 148]",6,7
m3glvq_k0_6_k1_7_eta_0025,2,1620,405,0.559376220226474,0.5096153846153846,0.5792349726775956,0.5421994884910486,0.5580246913580247,42,"{0: 6, 1: 7}",150,0.025,[0.33333333 0.33333333 0.33333333],True,True,True,1.0,0.0,0.0,"[132, 1001, 1590, 549, 542, 855, 962, 1520, 87, 139, 136, 448, 723]","[132, 1001, 1590, 549, 542, 855]","[962, 1520, 87, 139, 136, 448, 723]",6,7
m3glvq_k0_6_k1_7_eta_0025,3,1620,405,0.5558849363197189,0.429951690821256,0.5855263157894737,0.4958217270194986,0.5530864197530864,42,"{0: 6, 1: 7}",150,0.025,[0.33333333 0.33333333 0.33333333],True,True,True,1.0,0.0,0.0,"[1468, 482, 476, 179, 1381, 959, 1003, 143, 471, 1041, 763, 1087, 771]","[1468, 482, 476, 179, 1381, 959]","[1003, 143, 471, 1041, 763, 1087, 771]",6,7
m3glvq_k0_6_k1_7_eta_0025,4,1620,405,0.5443566095740009,0.3816425120772946,0.5766423357664233,0.4593023255813953,0.5407407407407407,42,"{0: 6, 1: 7}",150,0.025,[0.33333333 0.33333333 0.33333333],True,True,True,1.0,0.0,0.0,"[784, 1252, 1013, 499, 384, 1073, 766, 681, 758, 151, 971, 1557, 171]","[784, 1252, 1013, 499, 384, 1073]","[766, 681, 758, 151, 971, 1557, 171]",6,7
m3glvq_k0_6_k1_8_eta_0025,0,1620,405,0.5109088246778601,0.3365384615384615,0.5303030303030303,0.411764705882353,0.5061728395061729,42,"{0: 6, 1: 8}",150,0.025,[0.33333333 0.33333333 0.33333333],True,True,True,1.0,0.0,0.0,"[97, 386, 1468, 502, 793, 422, 1447, 5, 382, 852, 381, 463, 194, 508]","[97, 386, 1468, 502, 793, 422]","[1447, 5, 382, 852, 381, 463, 194, 508]",6,8
m3glvq_k0_6_k1_8_eta_0025,1,1620,405,0.6082706950409996,0.4855769230769231,0.6558441558441559,0.5580110497237569,0.6049382716049383,42,"{0: 6, 1: 8}",150,0.025,[0.33333333 0.33333333 0.33333333],True,True,True,1.0,0.0,0.0,"[1494, 541, 1008, 1006, 35, 366, 442, 184, 342, 724, 1583, 984, 1082, 145]","[1494, 541, 1008, 1006, 35, 366]","[442, 184, 342, 724, 1583, 984, 1082, 145]",6,8
m3glvq_k0_6_k1_8_eta_0025,2,1620,405,0.51598496680984,0.3365384615384615,0.5384615384615384,0.4142011834319526,0.5111111111111111,42,"{0: 6, 1: 8}",150,0.025,[0.33333333 0.33333333 0.33333333],True,True,True,0.0,1.0,0.0,"[991, 694, 838, 215, 549, 1357, 1059, 528, 1537, 962, 894, 1071, 868, 1139]","[991, 694, 838, 215, 549, 1357]","[1059, 528, 1537, 962, 894, 1071, 868, 1139]",6,8
m3glvq_k0_6_k1_8_eta_0025,3,1620,405,0.4960474308300395,0.7294685990338164,0.5084175084175084,0.5992063492063493,0.5012345679012346,42,"{0: 6, 1: 8}",150,0.025,[0.33333333 0.33333333 0.33333333],True,True,True,0.1853924962239466,0.7852266934667652,0.0293808103092882,"[24, 279, 964, 1492, 219, 1231, 1210, 150, 968, 350, 1084, 766, 50, 249]","[24, 279, 964, 1492, 219, 1231]","[1210, 150, 968, 350, 1084, 766, 50, 249]",6,8
m3glvq_k0_6_k1_8_eta_0025,4,1620,405,0.5756477821695213,0.3381642512077294,0.6542056074766355,0.445859872611465,0.5703703703703704,42,"{0: 6, 1: 8}",150,0.025,[0.33333333 0.33333333 0.33333333],True,True,True,1.0,0.0,0.0,"[775, 1474, 384, 992, 1503, 1087, 1121, 758, 152, 1368, 1058, 34, 1270, 550]","[775, 1474, 384, 992, 1503, 1087]","[1121, 758, 152, 1368, 1058, 34, 1270, 550]",6,8
m3glvq_k0_6_k1_9_eta_0025,0,1620,405,0.546295392424834,0.4326923076923077,0.5732484076433121,0.4931506849315067,0.5432098765432098,42,"{0: 6, 1: 9}",150,0.025,[0.33333333 0.33333333 0.33333333],True,True,True,1.0,0.0,0.0,"[1499, 1333, 615, 181, 1426, 1468, 49, 194, 5, 381, 1357, 1132, 852, 75, 231]","[1499, 1333, 615, 181, 1426, 1468]","[49, 194, 5, 381, 1357, 1132, 852, 75, 231]",6,9
m3glvq_k0_6_k1_9_eta_0025,1,1620,405,0.5666975790706755,0.7019230769230769,0.5658914728682171,0.6266094420600858,0.5703703703703704,42,"{0: 6, 1: 9}",150,0.025,[0.33333333 0.33333333 0.33333333],True,True,True,0.0,1.0,0.0,"[66, 1386, 1396, 571, 647, 46, 1135, 55, 1027, 77, 1054, 875, 991, 20, 1544]","[66, 1386, 1396, 571, 647, 46]","[1135, 55, 1027, 77, 1054, 875, 991, 20, 1544]",6,9
m3glvq_k0_6_k1_9_eta_0025,2,1620,405,0.5337270597422882,0.5192307692307693,0.5482233502538071,0.5333333333333333,0.5333333333333333,42,"{0: 6, 1: 9}",150,0.025,[0.33333333 0.33333333 0.33333333],True,True,True,0.0026231249849038,0.9973768750150962,0.0,"[1503, 694, 838, 549, 150, 459, 1059, 894, 1341, 230, 1007, 143, 335, 868, 205]","[1503, 694, 838, 549, 150, 459]","[1059, 894, 1341, 230, 1007, 143, 335, 868, 205]",6,9
m3glvq_k0_6_k1_9_eta_0025,3,1620,405,0.5366710584101888,0.7198067632850241,0.5379061371841155,0.6157024793388429,0.5407407407407407,42,"{0: 6, 1: 9}",150,0.025,[0.33333333 0.33333333 0.33333333],True,True,True,0.0,1.0,0.0,"[964, 973, 1415, 1020, 155, 340, 771, 1084, 1255, 660, 1489, 411, 350, 150, 194]","[964, 973, 1415, 1020, 155, 340]","[771, 1084, 1255, 660, 1489, 411, 350, 150, 194]",6,9
m3glvq_k0_6_k1_9_eta_0025,4,1620,405,0.5488581466842337,0.4057971014492754,0.5793103448275863,0.4772727272727273,0.5456790123456791,42,"{0: 6, 1: 9}",150,0.025,[0.33333333 0.33333333 0.33333333],True,True,True,1.0,0.0,0.0,"[384, 499, 987, 879, 1252, 1474, 207, 1063, 33, 31, 864, 1439, 631, 268, 237]","[384, 499, 987, 879, 1252, 1474]","[207, 1063, 33, 31, 864, 1439, 631, 268, 237]",6,9
m3glvq_k0_6_k1_10_eta_0025,0,1620,405,0.5688695821944553,0.4423076923076923,0.6052631578947368,0.5111111111111111,0.5654320987654321,42,"{0: 6, 1: 10}",150,0.025,[0.33333333 0.33333333 0.33333333],True,True,True,1.0,0.0,0.0,"[570, 1035, 97, 1468, 386, 1055, 1351, 218, 152, 1102, 1572, 807, 194, 839, 49, 745]","[570, 1035, 97, 1468, 386, 1055]","[1351, 218, 152, 1102, 1572, 807, 194, 839, 49, 745]",6,10
m3glvq_k0_6_k1_10_eta_0025,1,1620,405,0.5090418781725888,0.3125,0.5284552845528455,0.3927492447129909,0.5037037037037037,42,"{0: 6, 1: 10}",150,0.025,[0.33333333 0.33333333 0.33333333],True,True,True,1.0,0.0,0.0,"[1342, 210, 1200, 474, 288, 366, 887, 1146, 521, 148, 664, 1022, 442, 724, 145, 28]","[1342, 210, 1200, 474, 288, 366]","[887, 1146, 521, 148, 664, 1022, 442, 724, 145, 28]",6,10
m3glvq_k0_6_k1_10_eta_0025,2,1620,405,0.5374731550175713,0.4759615384615384,0.5561797752808989,0.5129533678756477,0.5358024691358024,42,"{0: 6, 1: 10}",150,0.025,[0.33333333 0.33333333 0.33333333],True,True,True,1.0,0.0,0.0,"[549, 105, 511, 1471, 1196, 1021, 450, 1076, 962, 1015, 1007, 528, 664, 495, 1380, 1025]","[549, 105, 511, 1471, 1196, 1021]","[450, 1076, 962, 1015, 1007, 528, 664, 495, 1380, 1025]",6,10
m3glvq_k0_6_k1_10_eta_0025,3,1620,405,0.5514931927975406,0.4009661835748792,0.5845070422535211,0.4756446991404011,0.5481481481481482,42,"{0: 6, 1: 10}",150,0.025,[0.33333333 0.33333333 0.33333333],True,True,True,1.0,0.0,0.0,"[959, 504, 179, 1468, 973, 482, 1036, 771, 1178, 763, 632, 1097, 1008, 1262, 817, 1320]","[959, 504, 179, 1468, 973, 482]","[1036, 771, 1178, 763, 632, 1097, 1008, 1262, 817, 1320]",6,10
m3glvq_k0_6_k1_10_eta_0025,4,1620,405,0.5735617039964866,0.429951690821256,0.6137931034482759,0.5056818181818182,0.5703703703703704,42,"{0: 6, 1: 10}",150,0.025,[0.33333333 0.33333333 0.33333333],True,True,True,1.0,0.0,0.0,"[921, 233, 384, 657, 1474, 1252, 152, 171, 1025, 1393, 377, 1582, 997, 759, 237, 1443]","[921, 233, 384, 657, 1474, 1252]","[152, 171, 1025, 1393, 377, 1582, 997, 759, 237, 1443]",6,10
m3glvq_k0_7_k1_3_eta_0025,0,1620,405,0.5270646231940648,0.3942307692307692,0.5503355704697986,0.4593837535014005,0.5234567901234568,42,"{0: 7, 1: 3}",150,0.025,[0.33333333 0.33333333 0.33333333],True,True,True,1.0,0.0,0.0,"[906, 97, 754, 598, 1385, 887, 502, 855, 1078, 852]","[906, 97, 754, 598, 1385, 887, 502]","[855, 1078, 852]",7,3
m3glvq_k0_7_k1_3_eta_0025,1,1620,405,0.5609991214369386,0.3605769230769231,0.6147540983606558,0.4545454545454546,0.5555555555555556,42,"{0: 7, 1: 3}",150,0.025,[0.33333333 0.33333333 0.33333333],True,True,True,1.0,0.0,0.0,"[366, 1200, 98, 1006, 35, 1604, 1257, 692, 1442, 441]","[366, 1200, 98, 1006, 35, 1604, 1257]","[692, 1442, 441]",7,3
m3glvq_k0_7_k1_3_eta_0025,2,1620,405,0.5300297735259665,0.1971153846153846,0.6029411764705882,0.2971014492753623,0.5209876543209877,42,"{0: 7, 1: 3}",150,0.025,[0.33333333 0.33333333 0.33333333],True,True,True,1.0,0.0,0.0,"[579, 188, 400, 1247, 1304, 516, 966, 779, 604, 962]","[579, 188, 400, 1247, 1304, 516, 966]","[779, 604, 962]",7,3
m3glvq_k0_7_k1_3_eta_0025,3,1620,405,0.5210803689064558,0.2946859903381642,0.5495495495495496,0.3836477987421384,0.5160493827160494,42,"{0: 7, 1: 3}",150,0.025,[0.33333333 0.33333333 0.33333333],True,True,True,0.0,1.0,0.0,"[58, 340, 666, 964, 591, 155, 89, 262, 25, 350]","[58, 340, 666, 964, 591, 155, 89]","[262, 25, 350]",7,3
m3glvq_k0_7_k1_3_eta_0025,4,1620,405,0.519653052261748,0.2463768115942029,0.5543478260869565,0.3411371237458194,0.5135802469135803,42,"{0: 7, 1: 3}",150,0.025,[0.33333333 0.33333333 0.33333333],True,True,True,1.0,0.0,0.0,"[418, 384, 102, 623, 1087, 499, 1474, 207, 818, 1097]","[418, 384, 102, 623, 1087, 499, 1474]","[207, 818, 1097]",7,3
m3glvq_k0_7_k1_4_eta_0025,0,1620,405,0.5583146231940648,0.4567307692307692,0.5864197530864198,0.5135135135135135,0.5555555555555556,42,"{0: 7, 1: 4}",150,0.025,[0.33333333 0.33333333 0.33333333],True,True,True,1.0,0.0,0.0,"[1568, 213, 887, 598, 97, 739, 1385, 1566, 1511, 626, 348]","[1568, 213, 887, 598, 97, 739, 1385]","[1566, 1511, 626, 348]",7,4
m3glvq_k0_7_k1_4_eta_0025,1,1620,405,0.5516643889105818,0.2403846153846154,0.6493506493506493,0.3508771929824562,0.5432098765432098,42,"{0: 7, 1: 4}",150,0.025,[0.33333333 0.33333333 0.33333333],True,True,True,1.0,0.0,0.0,"[398, 880, 1342, 1016, 366, 1229, 210, 1431, 390, 429, 1442]","[398, 880, 1342, 1016, 366, 1229, 210]","[1431, 390, 429, 1442]",7,4
m3glvq_k0_7_k1_4_eta_0025,2,1620,405,0.5051737602499023,0.2692307692307692,0.5233644859813084,0.3555555555555555,0.4987654320987654,42,"{0: 7, 1: 4}",150,0.025,[0.33333333 0.33333333 0.33333333],True,True,True,0.0,0.9957292387153102,0.0042707612846898,"[215, 1357, 694, 341, 991, 64, 838, 1488, 1458, 335, 1374]","[215, 1357, 694, 341, 991, 64, 838]","[1488, 1458, 335, 1374]",7,4
m3glvq_k0_7_k1_4_eta_0025,3,1620,405,0.5825647782169521,0.4782608695652174,0.6149068322981367,0.5380434782608696,0.5802469135802469,42,"{0: 7, 1: 4}",150,0.025,[0.33333333 0.33333333 0.33333333],True,True,True,1.0,0.0,0.0,"[1381, 1411, 407, 1033, 35, 1422, 212, 856, 194, 840, 1076]","[1381, 1411, 407, 1033, 35, 1422, 212]","[856, 194, 840, 1076]",7,4
m3glvq_k0_7_k1_4_eta_0025,4,1620,405,0.5572024593763725,0.3719806763285024,0.6015625,0.4597014925373134,0.5530864197530864,42,"{0: 7, 1: 4}",150,0.025,[0.33333333 0.33333333 0.33333333],True,True,True,1.0,0.0,0.0,"[613, 1048, 384, 775, 1568, 530, 1474, 207, 1443, 631, 681]","[613, 1048, 384, 775, 1568, 530, 1474]","[207, 1443, 631, 681]",7,4
m3glvq_k0_7_k1_5_eta_0025,0,1620,405,0.5581803982819211,0.4615384615384615,0.5853658536585366,0.5161290322580645,0.5555555555555556,42,"{0: 7, 1: 5}",150,0.025,[0.33333333 0.33333333 0.33333333],True,True,True,1.0,0.0,0.0,"[1027, 1348, 1426, 1035, 1375, 754, 97, 837, 473, 1076, 309, 421]","[1027, 1348, 1426, 1035, 1375, 754, 97]","[837, 473, 1076, 309, 421]",7,5
m3glvq_k0_7_k1_5_eta_0025,1,1620,405,0.5248072042171027,0.2932692307692308,0.5596330275229358,0.3848580441640378,0.5185185185185185,42,"{0: 7, 1: 5}",150,0.025,[0.33333333 0.33333333 0.33333333],True,True,True,1.0,0.0,0.0,"[628, 1494, 366, 187, 398, 970, 620, 201, 209, 1486, 734, 1442]","[628, 1494, 366, 187, 398, 970, 620]","[201, 209, 1486, 734, 1442]",7,5
m3glvq_k0_7_k1_5_eta_0025,2,1620,405,0.5209146817649356,0.4326923076923077,0.5389221556886228,0.48,0.5185185185185185,42,"{0: 7, 1: 5}",150,0.025,[0.33333333 0.33333333 0.33333333],True,True,True,0.0,0.9962665975117894,0.0037334024882106,"[1525, 838, 91, 374, 1503, 694, 150, 894, 1472, 1431, 818, 829]","[1525, 838, 91, 374, 1503, 694, 150]","[894, 1472, 1431, 818, 829]",7,5
m3glvq_k0_7_k1_5_eta_0025,3,1620,405,0.5058190601668863,0.4106280193236715,0.5182926829268293,0.4582210242587601,0.5037037037037037,42,"{0: 7, 1: 5}",150,0.025,[0.33333333 0.33333333 0.33333333],True,True,True,0.0,1.0,0.0,"[619, 1020, 1415, 964, 155, 1401, 482, 771, 931, 1489, 194, 1560]","[619, 1020, 1415, 964, 155, 1401, 482]","[771, 931, 1489, 194, 1560]",7,5
m3glvq_k0_7_k1_5_eta_0025,4,1620,405,0.5097716293368467,0.2367149758454106,0.532608695652174,0.3277591973244147,0.5037037037037037,42,"{0: 7, 1: 5}",150,0.025,[0.33333333 0.33333333 0.33333333],True,True,True,1.0,0.0,0.0,"[530, 384, 1474, 734, 14, 188, 1225, 207, 171, 1092, 71, 766]","[530, 384, 1474, 734, 14, 188, 1225]","[207, 171, 1092, 71, 766]",7,5
m3glvq_k0_7_k1_6_eta_0025,0,1620,405,0.5549834049199531,0.3942307692307692,0.5942028985507246,0.4739884393063584,0.5506172839506173,42,"{0: 7, 1: 6}",150,0.025,[0.33333333 0.33333333 0.33333333],True,True,True,1.0,0.0,0.0,"[1333, 754, 1035, 436, 511, 1468, 615, 1091, 1566, 463, 1095, 852, 178]","[1333, 754, 1035, 436, 511, 1468, 615]","[1091, 1566, 463, 1095, 852, 178]",7,6
m3glvq_k0_7_k1_6_eta_0025,1,1620,405,0.514789144865287,0.2884615384615384,0.5405405405405406,0.3761755485893417,0.508641975308642,42,"{0: 7, 1: 6}",150,0.025,[0.33333333 0.33333333 0.33333333],True,True,True,1.0,0.0,0.0,"[628, 366, 117, 651, 470, 1229, 1494, 1082, 520, 734, 1442, 201, 442]","[628, 366, 117, 651, 470, 1229, 1494]","[1082, 520, 734, 1442, 201, 442]",7,6
m3glvq_k0_7_k1_6_eta_0025,2,1620,405,0.5276015228426396,0.375,0.5531914893617021,0.4469914040114613,0.5234567901234568,42,"{0: 7, 1: 6}",150,0.025,[0.33333333 0.33333333 0.33333333],True,True,True,1.0,0.0,0.0,"[1387, 1471, 1328, 588, 1481, 1005, 794, 603, 139, 1478, 1063, 1320, 723]","[1387, 1471, 1328, 588, 1481, 1005, 794]","[603, 139, 1478, 1063, 1320, 723]",7,6
m3glvq_k0_7_k1_6_eta_0025,3,1620,405,0.553030303030303,0.4444444444444444,0.5786163522012578,0.5027322404371585,0.5506172839506173,42,"{0: 7, 1: 6}",150,0.025,[0.33333333 0.33333333 0.33333333],True,True,True,1.0,0.0,0.0,"[482, 959, 1468, 97, 206, 110, 1381, 194, 1076, 856, 1560, 1431, 420]","[482, 959, 1468, 97, 206, 110, 1381]","[194, 1076, 856, 1560, 1431, 420]",7,6
m3glvq_k0_7_k1_6_eta_0025,4,1620,405,0.532389108476065,0.2415458937198067,0.5882352941176471,0.3424657534246575,0.5259259259259259,42,"{0: 7, 1: 6}",150,0.025,[0.33333333 0.33333333 0.33333333],True,True,True,1.0,0.0,0.0,"[499, 102, 1474, 1225, 530, 384, 14, 1194, 1097, 171, 1025, 1404, 758]","[499, 102, 1474, 1225, 530, 384, 14]","[1194, 1097, 171, 1025, 1404, 758]",7,6
m3glvq_k0_7_k1_7_eta_0025,0,1620,405,0.5282848496680984,0.2596153846153846,0.574468085106383,0.3576158940397351,0.5209876543209877,42,"{0: 7, 1: 7}",150,0.025,[0.33333333 0.33333333 0.33333333],True,True,True,1.0,0.0,0.0,"[386, 1134, 254, 1385, 986, 436, 1035, 178, 976, 358, 463, 1091, 745, 668]","[386, 1134, 254, 1385, 986, 436, 1035]","[178, 976, 358, 463, 1091, 745, 668]",7,7
m3glvq_k0_7_k1_7_eta_0025,1,1620,405,0.5468444943381492,0.3221153846153846,0.5982142857142857,0.4187499999999999,0.5407407407407407,42,"{0: 7, 1: 7}",150,0.025,[0.33333333 0.33333333 0.33333333],True,True,True,1.0,0.0,0.0,"[366, 1342, 398, 1229, 210, 1016, 741, 1084, 521, 201, 232, 209, 1442, 442]","[366, 1342, 398, 1229, 210, 1016, 741]","[1084, 521, 201, 232, 209, 1442, 442]",7,7
m3glvq_k0_7_k1_7_eta_0025,2,1620,405,0.5398892034361578,0.3894230769230769,0.5704225352112676,0.4628571428571428,0.5358024691358024,42,"{0: 7, 1: 7}",150,0.025,[0.33333333 0.33333333 0.33333333],True,True,True,1.0,0.0,0.0,"[966, 511, 211, 400, 1080, 1005, 636, 1442, 604, 531, 268, 978, 448, 1067]","[966, 511, 211, 400, 1080, 1005, 636]","[1442, 604, 531, 268, 978, 448, 1067]",7,7
m3glvq_k0_7_k1_7_eta_0025,3,1620,405,0.5384277558190601,0.3091787439613526,0.5818181818181818,0.4037854889589905,0.5333333333333333,42,"{0: 7, 1: 7}",150,0.025,[0.33333333 0.33333333 0.33333333],True,True,True,1.0,0.0,0.0,"[1468, 482, 1022, 139, 959, 905, 776, 1564, 1041, 771, 1355, 1087, 1008, 763]","[1468, 482, 1022, 139, 959, 905, 776]","[1564, 1041, 771, 1355, 1087, 1008, 763]",7,7
m3glvq_k0_7_k1_7_eta_0025,4,1620,405,0.5727931488801054,0.463768115942029,0.6037735849056604,0.5245901639344263,0.5703703703703704,42,"{0: 7, 1: 7}",150,0.025,[0.33333333 0.33333333 0.33333333],True,True,True,1.0,0.0,0.0,"[1474, 1597, 384, 657, 403, 501, 102, 1025, 971, 151, 349, 864, 758, 1393]","[1474, 1597, 384, 657, 403, 501, 102]","[1025, 971, 151, 349, 864, 758, 1393]",7,7
m3glvq_k0_7_k1_8_eta_0025,0,1620,405,0.5157165169855524,0.3461538461538461,0.5373134328358209,0.4210526315789473,0.5111111111111111,42,"{0: 7, 1: 8}",150,0.025,[0.33333333 0.33333333 0.33333333],True,True,True,1.0,0.0,0.0,"[613, 1333, 818, 14, 531, 189, 1426, 49, 668, 260, 463, 194, 1447, 5, 431]","[613, 1333, 818, 14, 531, 189, 1426]","[49, 668, 260, 463, 194, 1447, 5, 431]",7,8
m3glvq_k0_7_k1_8_eta_0025,1,1620,405,0.5413412729402578,0.5192307692307693,0.5567010309278351,0.5373134328358209,0.5407407407407407,42,"{0: 7, 1: 8}",150,0.025,[0.33333333 0.33333333 0.33333333],True,True,True,0.9986364467895296,0.0013635532104704,0.0,"[1225, 1016, 366, 1223, 511, 85, 1567, 76, 1060, 148, 1140, 364, 1390, 1478, 439]","[1225, 1016, 366, 1223, 511, 85, 1567]","[76, 1060, 148, 1140, 364, 1390, 1478, 439]",7,8
m3glvq_k0_7_k1_8_eta_0025,2,1620,405,0.5437329168293635,0.6153846153846154,0.5517241379310345,0.5818181818181819,0.5456790123456791,42,"{0: 7, 1: 8}",150,0.025,[0.33333333 0.33333333 0.33333333],True,True,True,0.0,1.0,0.0,"[1357, 1247, 91, 694, 1587, 208, 215, 1071, 364, 868, 1059, 158, 730, 205, 962]","[1357, 1247, 91, 694, 1587, 208, 215]","[1071, 364, 868, 1059, 158, 730, 205, 962]",7,8
m3glvq_k0_7_k1_8_eta_0025,3,1620,405,0.5436978480456741,0.2995169082125604,0.5961538461538461,0.3987138263665594,0.5382716049382716,42,"{0: 7, 1: 8}",150,0.025,[0.33333333 0.33333333 0.33333333],True,True,True,1.0,0.0,0.0,"[666, 1492, 412, 1241, 302, 537, 997, 50, 843, 1159, 373, 143, 763, 1003, 1008]","[666, 1492, 412, 1241, 302, 537, 997]","[50, 843, 1159, 373, 143, 763, 1003, 1008]",7,8
m3glvq_k0_7_k1_8_eta_0025,4,1620,405,0.5253623188405797,0.3285024154589372,0.5528455284552846,0.4121212121212121,0.5209876543209877,42,"{0: 7, 1: 8}",150,0.025,[0.33333333 0.33333333 0.33333333],True,True,True,1.0,0.0,0.0,"[1087, 14, 1044, 384, 1048, 124, 1361, 1557, 382, 207, 1106, 1025, 83, 759, 376]","[1087, 14, 1044, 384, 1048, 124, 1361]","[1557, 382, 207, 1106, 1025, 83, 759, 376]",7,8
m3glvq_k0_7_k1_9_eta_0025,0,1620,405,0.5210489066770793,0.4278846153846153,0.5393939393939394,0.4772117962466488,0.5185185185185185,42,"{0: 7, 1: 9}",150,0.025,[0.33333333 0.33333333 0.33333333],True,True,True,1.0,0.0,0.0,"[615, 1311, 254, 1055, 1385, 1426, 1257, 976, 1102, 862, 463, 5, 163, 1078, 351, 604]","[615, 1311, 254, 1055, 1385, 1426, 1257]","[976, 1102, 862, 463, 5, 163, 1078, 351, 604]",7,9
m3glvq_k0_7_k1_9_eta_0025,1,1620,405,0.5324092151503319,0.3846153846153846,0.5594405594405595,0.4558404558404558,0.528395061728395,42,"{0: 7, 1: 9}",150,0.025,[0.33333333 0.33333333 0.33333333],True,True,True,1.0,0.0,0.0,"[366, 294, 117, 651, 1494, 547, 1229, 521, 1060, 201, 1390, 984, 442, 1349, 167, 1084]","[366, 294, 117, 651, 1494, 547, 1229]","[521, 1060, 201, 1390, 984, 442, 1349, 167, 1084]",7,9
m3glvq_k0_7_k1_9_eta_0025,2,1620,405,0.5627440452948067,0.2980769230769231,0.6458333333333334,0.4078947368421053,0.5555555555555556,42,"{0: 7, 1: 9}",150,0.025,[0.33333333 0.33333333 0.33333333],True,True,True,1.0,0.0,0.0,"[400, 320, 636, 545, 993, 955, 1471, 881, 268, 605, 1431, 336, 1392, 730, 1139, 1442]","[400, 320, 636, 545, 993, 955, 1471]","[881, 268, 605, 1431, 336, 1392, 730, 1139, 1442]",7,9
m3glvq_k0_7_k1_9_eta_0025,3,1620,405,0.5272288098375055,0.6908212560386473,0.5315985130111525,0.6008403361344538,0.5308641975308642,42,"{0: 7, 1: 9}",150,0.025,[0.33333333 0.33333333 0.33333333],True,True,True,0.0,0.997514569960318,0.0024854300396819,"[396, 155, 1231, 1239, 20, 1230, 24, 1084, 928, 350, 276, 1343, 1003, 931, 1489, 1194]","[396, 155, 1231, 1239, 20, 1230, 24]","[1084, 928, 350, 276, 1343, 1003, 931, 1489, 1194]",7,9
m3glvq_k0_7_k1_9_eta_0025,4,1620,405,0.5396354852876593,0.3671497584541063,0.5714285714285714,0.4470588235294117,0.5358024691358024,42,"{0: 7, 1: 9}",150,0.025,[0.33333333 0.33333333 0.33333333],True,True,True,1.0,0.0,0.0,"[775, 617, 384, 116, 1474, 1073, 1087, 1063, 1108, 207, 1443, 71, 83, 1240, 759, 376]","[775, 617, 384, 116, 1474, 1073, 1087]","[1063, 1108, 207, 1443, 71, 83, 1240, 759, 376]",7,9
m3glvq_k0_7_k1_10_eta_0025,0,1620,405,0.5592541975790707,0.4230769230769231,0.5945945945945946,0.4943820224719101,0.5555555555555556,42,"{0: 7, 1: 10}",150,0.025,[0.33333333 0.33333333 0.33333333],True,True,True,1.0,0.0,0.0,"[1385, 386, 1035, 511, 836, 615, 1468, 65, 607, 469, 976, 1472, 162, 309, 1511, 462, 1078]","[1385, 386, 1035, 511, 836, 615, 1468]","[65, 607, 469, 976, 1472, 162, 309, 1511, 462, 1078]",7,10
m3glvq_k0_7_k1_10_eta_0025,1,1620,405,0.5974350839515814,0.6009615384615384,0.6097560975609756,0.6053268765133172,0.5975308641975309,42,"{0: 7, 1: 10}",150,0.025,[0.33333333 0.33333333 0.33333333],True,True,True,1.0,0.0,0.0,"[498, 1008, 133, 1016, 85, 366, 970, 1169, 1349, 823, 1250, 1097, 1078, 573, 148, 86, 1066]","[498, 1008, 133, 1016, 85, 366, 970]","[1169, 1349, 823, 1250, 1097, 1078, 573, 148, 86, 1066]",7,10
m3glvq_k0_7_k1_10_eta_0025,2,1620,405,0.5374853572823116,0.3846153846153846,0.5673758865248227,0.4584527220630372,0.5333333333333333,42,"{0: 7, 1: 10}",150,0.025,[0.33333333 0.33333333 0.33333333],True,True,True,1.0,0.0,0.0,"[701, 1566, 204, 957, 549, 1471, 511, 1599, 603, 978, 136, 1025, 962, 528, 357, 1556, 664]","[701, 1566, 204, 957, 549, 1471, 511]","[1599, 603, 978, 136, 1025, 962, 528, 357, 1556, 664]",7,10
m3glvq_k0_7_k1_10_eta_0025,3,1620,405,0.5229468599033816,0.4347826086956521,0.5389221556886228,0.4812834224598931,0.5209876543209877,42,"{0: 7, 1: 10}",150,0.025,[0.33333333 0.33333333 0.33333333],True,True,True,0.0,1.0,0.0,"[1492, 1422, 964, 973, 1415, 1241, 155, 143, 637, 1489, 1003, 25, 507, 979, 50, 857, 1366]","[1492, 1422, 964, 973, 1415, 1241, 155]","[143, 637, 1489, 1003, 25, 507, 979, 50, 857, 1366]",7,10
m3glvq_k0_7_k1_10_eta_0025,4,1620,405,0.5714756258234519,0.4106280193236715,0.6159420289855072,0.4927536231884058,0.5679012345679012,42,"{0: 7, 1: 10}",150,0.025,[0.33333333 0.33333333 0.33333333],True,True,True,1.0,0.0,0.0,"[384, 1474, 501, 584, 921, 416, 1252, 1222, 155, 49, 1025, 1019, 1058, 1439, 631, 34, 555]","[384, 1474, 501, 584, 921, 416, 1252]","[1222, 155, 49, 1025, 1019, 1058, 1439, 631, 34, 555]",7,10
m3glvq_k0_8_k1_3_eta_0025,0,1620,405,0.4987797735259664,0.1346153846153846,0.509090909090909,0.2129277566539923,0.4888888888888889,42,"{0: 8, 1: 3}",150,0.025,[0.33333333 0.33333333 0.33333333],True,True,True,1.0,0.0,0.0,"[1055, 1269, 854, 1204, 1537, 1333, 1468, 1426, 1076, 1093, 1039]","[1055, 1269, 854, 1204, 1537, 1333, 1468, 1426]","[1076, 1093, 1039]",8,3
m3glvq_k0_8_k1_3_eta_0025,1,1620,405,0.556179226864506,0.4423076923076923,0.5859872611464968,0.5041095890410958,0.5530864197530864,42,"{0: 8, 1: 3}",150,0.025,[0.33333333 0.33333333 0.33333333],True,True,True,1.0,0.0,0.0,"[85, 366, 1580, 870, 1406, 1006, 431, 1324, 201, 692, 1442]","[85, 366, 1580, 870, 1406, 1006, 431, 1324]","[201, 692, 1442]",8,3
m3glvq_k0_8_k1_3_eta_0025,2,1620,405,0.5537997852401406,0.2548076923076923,0.6463414634146342,0.3655172413793103,0.5456790123456791,42,"{0: 8, 1: 3}",150,0.025,[0.33333333 0.33333333 0.33333333],True,True,True,1.0,0.0,0.0,"[549, 636, 1471, 1066, 436, 1106, 548, 132, 1071, 723, 447]","[549, 636, 1471, 1066, 436, 1106, 548, 132]","[1071, 723, 447]",8,3
m3glvq_k0_8_k1_3_eta_0025,3,1620,405,0.5485287659200703,0.3091787439613526,0.6037735849056604,0.4089456869009585,0.5432098765432098,42,"{0: 8, 1: 3}",150,0.025,[0.33333333 0.33333333 0.33333333],True,True,True,1.0,0.0,0.0,"[619, 482, 110, 139, 1059, 1268, 1381, 997, 1262, 1525, 194]","[619, 482, 110, 139, 1059, 1268, 1381, 997]","[1262, 1525, 194]",8,3
m3glvq_k0_8_k1_3_eta_0025,4,1620,405,0.5946420729029425,0.6135265700483091,0.6018957345971564,0.6076555023923444,0.5950617283950618,42,"{0: 8, 1: 3}",150,0.025,[0.33333333 0.33333333 0.33333333],True,True,True,0.0086651519361663,0.0885849071866361,0.9027499408771976,"[803, 347, 230, 166, 600, 102, 233, 1053, 549, 630, 1557]","[803, 347, 230, 166, 600, 102, 233, 1053]","[549, 630, 1557]",8,3
m3glvq_k0_8_k1_4_eta_0025,0,1620,405,0.5360332877782117,0.2548076923076923,0.5955056179775281,0.3569023569023569,0.528395061728395,42,"{0: 8, 1: 4}",150,0.025,[0.33333333 0.33333333 0.33333333],True,True,True,1.0,0.0,0.0,"[299, 1537, 1200, 739, 1426, 598, 1352, 1348, 1447, 1398, 164, 1038]","[299, 1537, 1200, 739, 1426, 598, 1352, 1348]","[1447, 1398, 164, 1038]",8,4
m3glvq_k0_8_k1_4_eta_0025,1,1620,405,0.5290901991409606,0.2307692307692307,0.5853658536585366,0.3310344827586207,0.5209876543209877,42,"{0: 8, 1: 4}",150,0.025,[0.33333333 0.33333333 0.33333333],True,True,True,1.0,0.0,0.0,"[1200, 25, 388, 870, 46, 741, 1537, 1073, 595, 1431, 201, 148]","[1200, 25, 388, 870, 46, 741, 1537, 1073]","[595, 1431, 201, 148]",8,4
m3glvq_k0_8_k1_4_eta_0025,2,1620,405,0.5525917610308473,0.2980769230769231,0.62,0.4025974025974026,0.5456790123456791,42,"{0: 8, 1: 4}",150,0.025,[0.33333333 0.33333333 0.33333333],True,True,True,1.0,0.0,0.0,"[1001, 374, 993, 1541, 548, 204, 855, 1243, 978, 962, 1431, 604]","[1001, 374, 993, 1541, 548, 204, 855, 1243]","[978, 962, 1431, 604]",8,4
m3glvq_k0_8_k1_4_eta_0025,3,1620,405,0.5580808080808081,0.3333333333333333,0.6160714285714286,0.4326018808777429,0.5530864197530864,42,"{0: 8, 1: 4}",150,0.025,[0.33333333 0.33333333 0.33333333],True,True,True,1.0,0.0,0.0,"[1492, 1468, 942, 581, 482, 99, 1400, 985, 1444, 840, 856, 194]","[1492, 1468, 942, 581, 482, 99, 1400, 985]","[1444, 840, 856, 194]",8,4
m3glvq_k0_8_k1_4_eta_0025,4,1620,405,0.5342555994729907,0.2705314009661835,0.5833333333333334,0.3696369636963696,0.528395061728395,42,"{0: 8, 1: 4}",150,0.025,[0.33333333 0.33333333 0.33333333],True,True,True,1.0,0.0,0.0,"[1597, 116, 418, 1087, 973, 384, 548, 1013, 1443, 207, 681, 759]","[1597, 116, 418, 1087, 973, 384, 548, 1013]","[1443, 207, 681, 759]",8,4
m3glvq_k0_8_k1_5_eta_0025,0,1620,405,0.5432326239750097,0.3605769230769231,0.5813953488372093,0.4451038575667656,0.5382716049382716,42,"{0: 8, 1: 5}",150,0.025,[0.33333333 0.33333333 0.33333333],True,True,True,1.0,0.0,0.0,"[570, 1468, 1385, 422, 97, 1537, 386, 869, 164, 1039, 668, 1078, 194]","[570, 1468, 1385, 422, 97, 1537, 386, 869]","[164, 1039, 668, 1078, 194]",8,5
m3glvq_k0_8_k1_5_eta_0025,1,1620,405,0.5656725888324874,0.375,0.6190476190476191,0.467065868263473,0.5604938271604938,42,"{0: 8, 1: 5}",150,0.025,[0.33333333 0.33333333 0.33333333],True,True,True,1.0,0.0,0.0,"[870, 1055, 498, 388, 970, 1320, 474, 398, 984, 1442, 1390, 201, 734]","[870, 1055, 498, 388, 970, 1320, 474, 398]","[984, 1442, 1390, 201, 734]",8,5
m3glvq_k0_8_k1_5_eta_0025,2,1620,405,0.5611455486138227,0.2644230769230769,0.6626506024096386,0.3780068728522337,0.5530864197530864,42,"{0: 8, 1: 5}",150,0.025,[0.33333333 0.33333333 0.33333333],True,True,True,1.0,0.0,0.0,"[694, 636, 549, 229, 1229, 474, 966, 132, 158, 1431, 962, 723, 87]","[694, 636, 549, 229, 1229, 474, 966, 132]","[158, 1431, 962, 723, 87]",8,5
m3glvq_k0_8_k1_5_eta_0025,3,1620,405,0.5377689942907334,0.3381642512077294,0.5737704918032787,0.425531914893617,0.5333333333333333,42,"{0: 8, 1: 5}",150,0.025,[0.33333333 0.33333333 0.33333333],True,True,True,0.0,1.0,0.0,"[20, 440, 58, 1570, 155, 302, 482, 65, 350, 1189, 150, 1285, 1489]","[20, 440, 58, 1570, 155, 302, 482, 65]","[350, 1189, 150, 1285, 1489]",8,5
m3glvq_k0_8_k1_5_eta_0025,4,1620,405,0.5584101888449715,0.3188405797101449,0.6226415094339622,0.4217252396166134,0.5530864197530864,42,"{0: 8, 1: 5}",150,0.025,[0.33333333 0.33333333 0.33333333],True,True,True,1.0,0.0,0.0,"[1252, 384, 1044, 1073, 754, 901, 188, 471, 681, 631, 766, 207, 171]","[1252, 384, 1044, 1073, 754, 901, 188, 471]","[681, 631, 766, 207, 171]",8,5
m3glvq_k0_8_k1_6_eta_0025,0,1620,405,0.5288095470519328,0.3317307692307692,0.5609756097560976,0.4169184290030212,0.5234567901234568,42,"{0: 8, 1: 6}",150,0.025,[0.33333333 0.33333333 0.33333333],True,True,True,1.0,0.0,0.0,"[386, 1200, 97, 570, 1468, 1055, 500, 1385, 668, 1447, 1398, 431, 164, 194]","[386, 1200, 97, 570, 1468, 1055, 500, 1385]","[668, 1447, 1398, 431, 164, 194]",8,6
m3glvq_k0_8_k1_6_eta_0025,1,1620,405,0.5537875829754002,0.3461538461538461,0.6050420168067226,0.4403669724770642,0.5481481481481482,42,"{0: 8, 1: 6}",150,0.025,[0.33333333 0.33333333 0.33333333],True,True,True,1.0,0.0,0.0,"[970, 366, 398, 628, 210, 1229, 961, 98, 1583, 184, 442, 1116, 201, 644]","[970, 366, 398, 628, 210, 1229, 961, 98]","[1583, 184, 442, 1116, 201, 644]",8,6
m3glvq_k0_8_k1_6_eta_0025,2,1620,405,0.573689476766888,0.3605769230769231,0.6410256410256411,0.4615384615384616,0.5679012345679012,42,"{0: 8, 1: 6}",150,0.025,[0.33333333 0.33333333 0.33333333],True,True,True,1.0,0.0,0.0,"[133, 1243, 1193, 1566, 1471, 421, 993, 549, 174, 1015, 1478, 1057, 139, 385]","[133, 1243, 1193, 1566, 1471, 421, 993, 549]","[174, 1015, 1478, 1057, 139, 385]",8,6
m3glvq_k0_8_k1_6_eta_0025,3,1620,405,0.5702678963548529,0.3526570048309179,0.6347826086956522,0.4534161490683229,0.5654320987654321,42,"{0: 8, 1: 6}",150,0.025,[0.33333333 0.33333333 0.33333333],True,True,True,1.0,0.0,0.0,"[302, 482, 1059, 997, 1536, 1241, 542, 871, 1003, 1138, 1416, 856, 633, 763]","[302, 482, 1059, 997, 1536, 1241, 542, 871]","[1003, 1138, 1416, 856, 633, 763]",8,6
m3glvq_k0_8_k1_6_eta_0025,4,1620,405,0.5559947299077734,0.3140096618357488,0.6190476190476191,0.4166666666666666,0.5506172839506173,42,"{0: 8, 1: 6}",150,0.025,[0.33333333 0.33333333 0.33333333],True,True,True,1.0,0.0,0.0,"[1474, 1157, 1278, 162, 559, 501, 1087, 418, 762, 171, 1025, 311, 1097, 1570]","[1474, 1157, 1278, 162, 559, 501, 1087, 418]","[762, 171, 1025, 311, 1097, 1570]",8,6
m3glvq_k0_8_k1_7_eta_0025,0,1620,405,0.5276137251073799,0.2836538461538461,0.5673076923076923,0.3782051282051281,0.5209876543209877,42,"{0: 8, 1: 7}",150,0.025,[0.33333333 0.33333333 0.33333333],True,True,True,1.0,0.0,0.0,"[657, 570, 1426, 739, 1468, 1537, 1134, 1269, 1083, 463, 745, 5, 194, 228, 31]","[657, 570, 1426, 739, 1468, 1537, 1134, 1269]","[1083, 463, 745, 5, 194, 228, 31]",8,7
m3glvq_k0_8_k1_7_eta_0025,1,1620,405,0.5169367434595861,0.2115384615384615,0.5569620253164557,0.3066202090592334,0.508641975308642,42,"{0: 8, 1: 7}",150,0.025,[0.33333333 0.33333333 0.33333333],True,True,True,1.0,0.0,0.0,"[1494, 489, 1200, 1533, 651, 741, 388, 453, 232, 1029, 725, 984, 201, 429, 184]","[1494, 489, 1200, 1533, 651, 741, 388, 453]","[232, 1029, 725, 984, 201, 429, 184]",8,7
m3glvq_k0_8_k1_7_eta_0025,2,1620,405,0.5305544709098009,0.2692307692307692,0.5773195876288659,0.3672131147540983,0.5234567901234568,42,"{0: 8, 1: 7}",150,0.025,[0.33333333 0.33333333 0.33333333],True,True,True,1.0,0.0,0.0,"[511, 105, 1022, 400, 476, 855, 1503, 636, 136, 1063, 1431, 962, 978, 723, 368]","[511, 105, 1022, 400, 476, 855, 1503, 636]","[136, 1063, 1431, 962, 978, 723, 368]",8,7
m3glvq_k0_8_k1_7_eta_0025,3,1620,405,0.5589591567852437,0.2946859903381642,0.6354166666666666,0.4026402640264026,0.5530864197530864,42,"{0: 8, 1: 7}",150,0.025,[0.33333333 0.33333333 0.33333333],True,True,True,1.0,0.0,0.0,"[1468, 666, 437, 139, 412, 1241, 1022, 1025, 351, 766, 1159, 1610, 1262, 391, 843]","[1468, 666, 437, 139, 412, 1241, 1022, 1025]","[351, 766, 1159, 1610, 1262, 391, 843]",8,7
m3glvq_k0_8_k1_7_eta_0025,4,1620,405,0.5604962670180061,0.3381642512077294,0.6194690265486725,0.4375,0.5555555555555556,42,"{0: 8, 1: 7}",150,0.025,[0.33333333 0.33333333 0.33333333],True,True,True,1.0,0.0,0.0,"[1474, 617, 104, 1278, 921, 501, 623, 1073, 155, 1439, 33, 631, 1364, 207, 1270]","[1474, 617, 104, 1278, 921, 501, 623, 1073]","[155, 1439, 33, 631, 1364, 207, 1270]",8,7
m3glvq_k0_8_k1_8_eta_0025,0,1620,405,0.5580583756345178,0.375,0.6046511627906976,0.4629080118694362,0.5530864197530864,42,"{0: 8, 1: 8}",150,0.025,[0.33333333 0.33333333 0.33333333],True,True,True,1.0,0.0,0.0,"[97, 754, 906, 1385, 615, 1257, 1035, 1468, 228, 473, 1566, 626, 548, 1146, 855, 1039]","[97, 754, 906, 1385, 615, 1257, 1035, 1468]","[228, 473, 1566, 626, 548, 1146, 855, 1039]",8,8
m3glvq_k0_8_k1_8_eta_0025,1,1620,405,0.5644767668879344,0.3269230769230769,0.6355140186915887,0.4317460317460317,0.5580246913580247,42,"{0: 8, 1: 8}",150,0.025,[0.33333333 0.33333333 0.33333333],True,True,True,1.0,0.0,0.0,"[628, 1475, 651, 366, 541, 414, 206, 470, 184, 442, 148, 342, 724, 1550, 1060, 145]","[628, 1475, 651, 366, 541, 414, 206, 470]","[184, 442, 148, 342, 724, 1550, 1060, 145]",8,8
m3glvq_k0_8_k1_8_eta_0025,2,1620,405,0.5684669074580242,0.4567307692307692,0.6012658227848101,0.5191256830601093,0.5654320987654321,42,"{0: 8, 1: 8}",150,0.025,[0.33333333 0.33333333 0.33333333],True,True,True,1.0,0.0,0.0,"[516, 1503, 1328, 459, 549, 1005, 511, 248, 1431, 1057, 664, 353, 1139, 978, 962, 1130]","[516, 1503, 1328, 459, 549, 1005, 511, 248]","[1431, 1057, 664, 353, 1139, 978, 962, 1130]",8,8
m3glvq_k0_8_k1_8_eta_0025,3,1620,405,0.562362758014932,0.3671497584541063,0.6129032258064516,0.4592145015105741,0.5580246913580247,42,"{0: 8, 1: 8}",150,0.025,[0.33333333 0.33333333 0.33333333],True,True,True,1.0,0.0,0.0,"[179, 1468, 1566, 1422, 1059, 666, 631, 1492, 1489, 1544, 1087, 763, 50, 1003, 682, 143]","[179, 1468, 1566, 1422, 1059, 666, 631, 1492]","[1489, 1544, 1087, 763, 50, 1003, 682, 143]",8,8
m3glvq_k0_8_k1_8_eta_0025,4,1620,405,0.5543478260869565,0.3864734299516908,0.5925925925925926,0.4678362573099415,0.5506172839506173,42,"{0: 8, 1: 8}",150,0.025,[0.33333333 0.33333333 0.33333333],True,True,True,1.0,0.0,0.0,"[384, 1095, 501, 1474, 102, 72, 1073, 617, 766, 1092, 1368, 757, 1175, 1025, 151, 758]","[384, 1095, 501, 1474, 102, 72, 1073, 617]","[766, 1092, 1368, 757, 1175, 1025, 151, 758]",8,8
m3glvq_k0_8_k1_9_eta_0025,0,1620,405,0.5198652869972666,0.2884615384615384,0.5504587155963303,0.3785488958990536,0.5135802469135803,42,"{0: 8, 1: 9}",150,0.025,[0.33333333 0.33333333 0.33333333],True,True,True,1.0,0.0,0.0,"[422, 254, 1537, 1385, 386, 570, 189, 657, 1301, 1087, 164, 745, 1583, 382, 85, 1154, 976]","[422, 254, 1537, 1385, 386, 570, 189, 657]","[1301, 1087, 164, 745, 1583, 382, 85, 1154, 976]",8,9
m3glvq_k0_8_k1_9_eta_0025,1,1620,405,0.5461733697774307,0.3461538461538461,0.5901639344262295,0.4363636363636363,0.5407407407407407,42,"{0: 8, 1: 9}",150,0.025,[0.33333333 0.33333333 0.33333333],True,True,True,1.0,0.0,0.0,"[272, 628, 1055, 541, 543, 164, 35, 1494, 786, 442, 184, 1084, 984, 1250, 171, 570, 52]","[272, 628, 1055, 541, 543, 164, 35, 1494]","[786, 442, 184, 1084, 984, 1250, 171, 570, 52]",8,9
m3glvq_k0_8_k1_9_eta_0025,2,1620,405,0.5304080437329168,0.3653846153846153,0.5588235294117647,0.441860465116279,0.5259259259259259,42,"{0: 8, 1: 9}",150,0.025,[0.33333333 0.33333333 0.33333333],True,True,True,0.0,1.0,0.0,"[18, 694, 1587, 400, 451, 1247, 215, 267, 962, 1458, 1522, 1114, 868, 1341, 205, 381, 1059]","[18, 694, 1587, 400, 451, 1247, 215, 267]","[962, 1458, 1522, 1114, 868, 1341, 205, 381, 1059]",8,9
m3glvq_k0_8_k1_9_eta_0025,3,1620,405,0.52832674571805,0.4202898550724637,0.5471698113207547,0.4754098360655737,0.5259259259259259,42,"{0: 8, 1: 9}",150,0.025,[0.33333333 0.33333333 0.33333333],True,True,True,0.0,1.0,0.0,"[302, 155, 412, 20, 666, 58, 65, 440, 350, 1366, 998, 1084, 194, 1378, 682, 1343, 720]","[302, 155, 412, 20, 666, 58, 65, 440]","[350, 1366, 998, 1084, 194, 1378, 682, 1343, 720]",8,9
m3glvq_k0_8_k1_9_eta_0025,4,1620,405,0.5475406236275802,0.2415458937198067,0.6329113924050633,0.3496503496503497,0.5407407407407407,42,"{0: 8, 1: 9}",150,0.025,[0.33333333 0.33333333 0.33333333],True,True,True,1.0,0.0,0.0,"[1112, 665, 1252, 835, 775, 901, 14, 408, 929, 758, 759, 1582, 49, 1025, 349, 237, 151]","[1112, 665, 1252, 835, 775, 901, 14, 408]","[929, 758, 759, 1582, 49, 1025, 349, 237, 151]",8,9
m3glvq_k0_8_k1_10_eta_0025,0,1620,405,0.5325434400624756,0.3798076923076923,0.5602836879432624,0.4527220630372492,0.528395061728395,42,"{0: 8, 1: 10}",150,0.025,[0.33333333 0.33333333 0.33333333],True,True,True,1.0,0.0,0.0,"[739, 574, 1201, 254, 1498, 1385, 615, 386, 194, 164, 1252, 178, 162, 1132, 1618, 668, 218, 382]","[739, 574, 1201, 254, 1498, 1385, 615, 386]","[194, 164, 1252, 178, 162, 1132, 1618, 668, 218, 382]",8,10
m3glvq_k0_8_k1_10_eta_0025,1,1620,405,0.5405603279968763,0.3653846153846153,0.5757575757575758,0.4470588235294118,0.5358024691358024,42,"{0: 8, 1: 10}",150,0.025,[0.33333333 0.33333333 0.33333333],True,True,True,1.0,0.0,0.0,"[961, 470, 1229, 398, 366, 970, 210, 453, 148, 184, 145, 1583, 725, 994, 201, 1443, 1031, 232]","[961, 470, 1229, 398, 366, 970, 210, 453]","[148, 184, 145, 1583, 725, 994, 201, 1443, 1031, 232]",8,10
m3glvq_k0_8_k1_10_eta_0025,2,1620,405,0.5665877586880126,0.5240384615384616,0.5860215053763441,0.5532994923857869,0.5654320987654321,42,"{0: 8, 1: 10}",150,0.025,[0.33333333 0.33333333 0.33333333],True,True,True,1.0,0.0,0.0,"[1237, 549, 636, 747, 1503, 717, 966, 1590, 136, 1025, 297, 1565, 531, 1361, 139, 664, 87, 448]","[1237, 549, 636, 747, 1503, 717, 966, 1590]","[136, 1025, 297, 1565, 531, 1361, 139, 664, 87, 448]",8,10
m3glvq_k0_8_k1_10_eta_0025,3,1620,405,0.577733860342556,0.4685990338164251,0.610062893081761,0.5300546448087432,0.5753086419753086,42,"{0: 8, 1: 10}",150,0.025,[0.33333333 0.33333333 0.33333333],True,True,True,1.0,0.0,0.0,"[482, 1381, 1468, 1422, 504, 631, 1059, 179, 194, 1564, 1431, 880, 1008, 81, 176, 147, 188, 453]","[482, 1381, 1468, 1422, 504, 631, 1059, 179]","[194, 1564, 1431, 880, 1008, 81, 176, 147, 188, 453]",8,10
m3glvq_k0_8_k1_10_eta_0025,4,1620,405,0.5396354852876593,0.3671497584541063,0.5714285714285714,0.4470588235294117,0.5358024691358024,42,"{0: 8, 1: 10}",150,0.025,[0.33333333 0.33333333 0.33333333],True,True,True,1.0,0.0,0.0,"[1156, 1474, 921, 233, 384, 1597, 835, 1252, 237, 1443, 929, 997, 1489, 1364, 1025, 1063, 62, 1270]","[1156, 1474, 921, 233, 384, 1597, 835, 1252]","[237, 1443, 929, 997, 1489, 1364, 1025, 1063, 62, 1270]",8,10
m3glvq_k0_9_k1_3_eta_0025,0,1620,405,0.5051859625146428,0.1778846153846154,0.5285714285714286,0.2661870503597122,0.4962962962962963,42,"{0: 9, 1: 3}",150,0.025,[0.33333333 0.33333333 0.33333333],True,True,True,1.0,0.0,0.0,"[1200, 500, 1385, 754, 97, 1426, 1468, 570, 657, 806, 626, 194]","[1200, 500, 1385, 754, 97, 1426, 1468, 570, 657]","[806, 626, 194]",9,3
m3glvq_k0_9_k1_3_eta_0025,1,1620,405,0.5784727645450995,0.5528846153846154,0.5958549222797928,0.57356608478803,0.5777777777777777,42,"{0: 9, 1: 3}",150,0.025,[0.33333333 0.33333333 0.33333333],True,True,True,0.0049495964369149,0.995050403563085,0.0,"[1010, 162, 1567, 1417, 1386, 25, 389, 46, 1494, 1078, 1054, 77]","[1010, 162, 1567, 1417, 1386, 25, 389, 46, 1494]","[1078, 1054, 77]",9,3
m3glvq_k0_9_k1_3_eta_0025,2,1620,405,0.547491214369387,0.4807692307692308,0.5681818181818182,0.5208333333333334,0.5456790123456791,42,"{0: 9, 1: 3}",150,0.025,[0.33333333 0.33333333 0.33333333],True,True,True,1.0,0.0,0.0,"[1034, 591, 993, 1378, 718, 1387, 830, 356, 151, 842, 604, 603]","[1034, 591, 993, 1378, 718, 1387, 830, 356, 151]","[842, 604, 603]",9,3
m3glvq_k0_9_k1_3_eta_0025,3,1620,405,0.5016469038208169,0.2608695652173913,0.5142857142857142,0.3461538461538461,0.4962962962962963,42,"{0: 9, 1: 3}",150,0.025,[0.33333333 0.33333333 0.33333333],True,True,True,1.0,0.0,0.0,"[957, 482, 1422, 1022, 1268, 24, 1059, 1536, 1483, 1564, 817, 194]","[957, 482, 1422, 1022, 1268, 24, 1059, 1536, 1483]","[1564, 817, 194]",9,3
m3glvq_k0_9_k1_3_eta_0025,4,1620,405,0.5577514273166447,0.2367149758454106,0.6712328767123288,0.35,0.5506172839506173,42,"{0: 9, 1: 3}",150,0.025,[0.33333333 0.33333333 0.33333333],True,True,True,1.0,0.0,0.0,"[1073, 384, 1112, 609, 623, 1048, 809, 1044, 617, 759, 818, 207]","[1073, 384, 1112, 609, 623, 1048, 809, 1044, 617]","[759, 818, 207]",9,3
m3glvq_k0_9_k1_4_eta_0025,0,1620,405,0.5298833463490824,0.2932692307692308,0.5700934579439252,0.3873015873015872,0.5234567901234568,42,"{0: 9, 1: 4}",150,0.025,[0.33333333 0.33333333 0.33333333],True,True,True,1.0,0.0,0.0,"[1300, 1426, 739, 726, 1055, 1201, 657, 1385, 771, 194, 668, 1078, 837]","[1300, 1426, 739, 726, 1055, 1201, 657, 1385, 771]","[194, 668, 1078, 837]",9,4
m3glvq_k0_9_k1_4_eta_0025,1,1620,405,0.5370826825458805,0.3990384615384615,0.564625850340136,0.4676056338028169,0.5333333333333333,42,"{0: 9, 1: 4}",150,0.025,[0.33333333 0.33333333 0.33333333],True,True,True,0.9554691640441224,0.042994250603915,0.0015365853519625,"[35, 870, 1006, 85, 414, 352, 961, 1077, 1267, 148, 429, 1060, 931]","[35, 870, 1006, 85, 414, 352, 961, 1077, 1267]","[148, 429, 1060, 931]",9,4
m3glvq_k0_9_k1_4_eta_0025,2,1620,405,0.5512739164388911,0.1634615384615384,0.7391304347826086,0.2677165354330709,0.5407407407407407,42,"{0: 9, 1: 4}",150,0.025,[0.33333333 0.33333333 0.33333333],True,True,True,1.0,0.0,0.0,"[1541, 1229, 1476, 636, 548, 188, 400, 1471, 993, 962, 1431, 604, 978]","[1541, 1229, 1476, 636, 548, 188, 400, 1471, 993]","[962, 1431, 604, 978]",9,4
m3glvq_k0_9_k1_4_eta_0025,3,1620,405,0.5436978480456741,0.2995169082125604,0.5961538461538461,0.3987138263665594,0.5382716049382716,42,"{0: 9, 1: 4}",150,0.025,[0.33333333 0.33333333 0.33333333],True,True,True,1.0,0.0,0.0,"[482, 985, 110, 1132, 1206, 1468, 1059, 139, 1381, 194, 856, 1444, 840]","[482, 985, 110, 1132, 1206, 1468, 1059, 139, 1381]","[194, 856, 1444, 840]",9,4
m3glvq_k0_9_k1_4_eta_0025,4,1620,405,0.5378787878787878,0.2222222222222222,0.6133333333333333,0.326241134751773,0.5308641975308642,42,"{0: 9, 1: 4}",150,0.025,[0.33333333 0.33333333 0.33333333],True,True,True,1.0,0.0,0.0,"[408, 1157, 623, 584, 1474, 1348, 501, 188, 1073, 631, 33, 207, 1443]","[408, 1157, 623, 584, 1474, 1348, 501, 188, 1073]","[631, 33, 207, 1443]",9,4
m3glvq_k0_9_k1_5_eta_0025,0,1620,405,0.5158629441624365,0.25,0.5473684210526316,0.3432343234323432,0.508641975308642,42,"{0: 9, 1: 5}",150,0.025,[0.33333333 0.33333333 0.33333333],True,True,True,1.0,0.0,0.0,"[1426, 739, 570, 1055, 1201, 189, 657, 1537, 887, 668, 164, 1447, 418, 194]","[1426, 739, 570, 1055, 1201, 189, 657, 1537, 887]","[668, 164, 1447, 418, 194]",9,5
m3glvq_k0_9_k1_5_eta_0025,1,1620,405,0.5308229207340882,0.2596153846153846,0.5806451612903226,0.3588039867109635,0.5234567901234568,42,"{0: 9, 1: 5}",150,0.025,[0.33333333 0.33333333 0.33333333],True,True,True,1.0,0.0,0.0,"[1494, 609, 741, 541, 35, 366, 46, 585, 1200, 1433, 201, 1060, 734, 209]","[1494, 609, 741, 541, 35, 366, 46, 585, 1200]","[1433, 201, 1060, 734, 209]",9,5
m3glvq_k0_9_k1_5_eta_0025,2,1620,405,0.5547393596251464,0.2211538461538461,0.6764705882352942,0.3333333333333333,0.5456790123456791,42,"{0: 9, 1: 5}",150,0.025,[0.33333333 0.33333333 0.33333333],True,True,True,1.0,0.0,0.0,"[636, 960, 1047, 548, 400, 479, 1314, 105, 1471, 962, 1431, 304, 1082, 1057]","[636, 960, 1047, 548, 400, 479, 1314, 105, 1471]","[962, 1431, 304, 1082, 1057]",9,5
m3glvq_k0_9_k1_5_eta_0025,3,1620,405,0.5110891523935002,0.6231884057971014,0.5201612903225806,0.567032967032967,0.5135802469135803,42,"{0: 9, 1: 5}",150,0.025,[0.33333333 0.33333333 0.33333333],True,True,True,0.0,1.0,0.0,"[340, 1441, 155, 1149, 58, 964, 24, 89, 684, 150, 1558, 350, 1250, 1276]","[340, 1441, 155, 1149, 58, 964, 24, 89, 684]","[150, 1558, 350, 1250, 1276]",9,5
m3glvq_k0_9_k1_5_eta_0025,4,1620,405,0.575318401405358,0.3526570048309179,0.6460176991150443,0.45625,0.5703703703703704,42,"{0: 9, 1: 5}",150,0.025,[0.33333333 0.33333333 0.33333333],True,True,True,1.0,0.0,0.0,"[1225, 1044, 188, 418, 809, 1597, 499, 578, 384, 1025, 766, 207, 1240, 1097]","[1225, 1044, 188, 418, 809, 1597, 499, 578, 384]","[1025, 766, 207, 1240, 1097]",9,5
m3glvq_k0_9_k1_6_eta_0025,0,1620,405,0.5368264349863334,0.3173076923076923,0.5789473684210527,0.4099378881987577,0.5308641975308642,42,"{0: 9, 1: 6}",150,0.025,[0.33333333 0.33333333 0.33333333],True,True,True,1.0,0.0,0.0,"[1426, 739, 1468, 1385, 419, 657, 653, 570, 453, 194, 745, 668, 463, 5, 626]","[1426, 739, 1468, 1385, 419, 657, 653, 570, 453]","[194, 745, 668, 463, 5, 626]",9,6
m3glvq_k0_9_k1_6_eta_0025,1,1620,405,0.5066380320187427,0.3076923076923077,0.5245901639344263,0.3878787878787879,0.5012345679012346,42,"{0: 9, 1: 6}",150,0.025,[0.33333333 0.33333333 0.33333333],True,True,True,1.0,0.0,0.0,"[628, 1055, 1483, 507, 388, 1016, 498, 870, 1073, 201, 1431, 78, 725, 823, 209]","[628, 1055, 1483, 507, 388, 1016, 498, 870, 1073]","[201, 1431, 78, 725, 823, 209]",9,6
m3glvq_k0_9_k1_6_eta_0025,2,1620,405,0.5571432057789926,0.2259615384615384,0.6811594202898551,0.3393501805054152,0.5481481481481482,42,"{0: 9, 1: 6}",150,0.025,[0.33333333 0.33333333 0.33333333],True,True,True,1.0,0.0,0.0,"[1471, 636, 1229, 511, 1541, 1247, 798, 1005, 400, 174, 448, 1556, 962, 87, 136]","[1471, 636, 1229, 511, 1541, 1247, 798, 1005, 400]","[174, 448, 1556, 962, 87, 136]",9,6
m3glvq_k0_9_k1_6_eta_0025,3,1620,405,0.4859464207290294,0.2850241545893719,0.4876033057851239,0.3597560975609756,0.4814814814814814,42,"{0: 9, 1: 6}",150,0.025,[0.33333333 0.33333333 0.33333333],True,True,True,1.0,0.0,0.0,"[1059, 504, 905, 997, 666, 1422, 85, 179, 24, 92, 394, 1431, 1148, 1262, 194]","[1059, 504, 905, 997, 666, 1422, 85, 179, 24]","[92, 394, 1431, 1148, 1262, 194]",9,6
m3glvq_k0_9_k1_6_eta_0025,4,1620,405,0.5581906016688625,0.3285024154589372,0.6181818181818182,0.4290220820189274,0.5530864197530864,42,"{0: 9, 1: 6}",150,0.025,[0.33333333 0.33333333 0.33333333],True,True,True,1.0,0.0,0.0,"[501, 1044, 921, 1361, 14, 104, 387, 623, 1278, 1025, 1097, 1272, 1240, 1167, 15]","[501, 1044, 921, 1361, 14, 104, 387, 623, 1278]","[1025, 1097, 1272, 1240, 1167, 15]",9,6
m3glvq_k0_9_k1_7_eta_0025,0,1620,405,0.5170587661069894,0.2980769230769231,0.543859649122807,0.3850931677018634,0.5111111111111111,42,"{0: 9, 1: 7}",150,0.025,[0.33333333 0.33333333 0.33333333],True,True,True,1.0,0.0,0.0,"[657, 97, 1426, 1333, 1055, 739, 1468, 570, 1200, 1160, 1039, 1566, 5, 61, 381, 194]","[657, 97, 1426, 1333, 1055, 739, 1468, 570, 1200]","[1160, 1039, 1566, 5, 61, 381, 194]",9,7
m3glvq_k0_9_k1_7_eta_0025,1,1620,405,0.5619264935572043,0.4182692307692308,0.6,0.4929178470254958,0.5580246913580247,42,"{0: 9, 1: 7}",150,0.025,[0.33333333 0.33333333 0.33333333],True,True,True,0.0,1.0,0.0,"[25, 278, 388, 1494, 1440, 46, 1517, 222, 1219, 77, 875, 1078, 232, 439, 1054, 184]","[25, 278, 388, 1494, 1440, 46, 1517, 222, 1219]","[77, 875, 1078, 232, 439, 1054, 184]",9,7
m3glvq_k0_9_k1_7_eta_0025,2,1620,405,0.5522012885591565,0.2211538461538461,0.6666666666666666,0.3321299638989169,0.5432098765432098,42,"{0: 9, 1: 7}",150,0.025,[0.33333333 0.33333333 0.33333333],True,True,True,1.0,0.0,0.0,"[636, 1303, 548, 1229, 507, 830, 400, 545, 955, 136, 1057, 779, 268, 978, 1025, 1571]","[636, 1303, 548, 1229, 507, 830, 400, 545, 955]","[136, 1057, 779, 268, 978, 1025, 1571]",9,7
m3glvq_k0_9_k1_7_eta_0025,3,1620,405,0.5363416776460255,0.2898550724637681,0.5825242718446602,0.3870967741935484,0.5308641975308642,42,"{0: 9, 1: 7}",150,0.025,[0.33333333 0.33333333 0.33333333],True,True,True,1.0,0.0,0.0,"[412, 959, 367, 1492, 1241, 1514, 1033, 997, 666, 1544, 1416, 867, 194, 165, 1444, 682]","[412, 959, 367, 1492, 1241, 1514, 1033, 997, 666]","[1544, 1416, 867, 194, 165, 1444, 682]",9,7
m3glvq_k0_9_k1_7_eta_0025,4,1620,405,0.5659859464207291,0.429951690821256,0.6013513513513513,0.5014084507042254,0.562962962962963,42,"{0: 9, 1: 7}",150,0.025,[0.33333333 0.33333333 0.33333333],True,True,True,1.0,0.0,0.0,"[1482, 921, 39, 559, 623, 973, 1453, 1044, 1112, 152, 1167, 759, 1121, 1368, 350, 766]","[1482, 921, 39, 559, 623, 973, 1453, 1044, 1112]","[152, 1167, 759, 1121, 1368, 350, 766]",9,7
m3glvq_k0_9_k1_8_eta_0025,0,1620,405,0.5286753221397892,0.3365384615384615,0.56,0.4204204204204204,0.5234567901234568,42,"{0: 9, 1: 8}",150,0.025,[0.33333333 0.33333333 0.33333333],True,True,True,1.0,0.0,0.0,"[1499, 657, 570, 1333, 754, 494, 1055, 1200, 1426, 668, 626, 684, 1447, 431, 553, 1047, 976]","[1499, 657, 570, 1333, 754, 494, 1055, 1200, 1426]","[668, 626, 684, 1447, 431, 553, 1047, 976]",9,8
m3glvq_k0_9_k1_8_eta_0025,1,1620,405,0.5114579265911753,0.2259615384615384,0.5402298850574713,0.3186440677966102,0.5037037037037037,42,"{0: 9, 1: 8}",150,0.025,[0.33333333 0.33333333 0.33333333],True,True,True,1.0,0.0,0.0,"[1229, 366, 1537, 1342, 85, 198, 272, 996, 541, 148, 1250, 887, 1022, 442, 201, 1431, 994]","[1229, 366, 1537, 1342, 85, 198, 272, 996, 541]","[148, 1250, 887, 1022, 442, 201, 1431, 994]",9,8
m3glvq_k0_9_k1_8_eta_0025,2,1620,405,0.5648794416243654,0.3125,0.6435643564356436,0.4207119741100323,0.5580246913580247,42,"{0: 9, 1: 8}",150,0.025,[0.33333333 0.33333333 0.33333333],True,True,True,1.0,0.0,0.0,"[1001, 548, 105, 1471, 400, 1047, 636, 545, 229, 1380, 1431, 531, 136, 978, 1374, 723, 1025]","[1001, 548, 105, 1471, 400, 1047, 636, 545, 229]","[1380, 1431, 531, 136, 978, 1374, 723, 1025]",9,8
m3glvq_k0_9_k1_8_eta_0025,3,1620,405,0.562362758014932,0.3671497584541063,0.6129032258064516,0.4592145015105741,0.5580246913580247,42,"{0: 9, 1: 8}",150,0.025,[0.33333333 0.33333333 0.33333333],True,True,True,1.0,0.0,0.0,"[1468, 1079, 139, 1033, 666, 581, 1381, 1422, 959, 194, 361, 1008, 771, 1564, 143, 867, 165]","[1468, 1079, 139, 1033, 666, 581, 1381, 1422, 959]","[194, 361, 1008, 771, 1564, 143, 867, 165]",9,8
m3glvq_k0_9_k1_8_eta_0025,4,1620,405,0.5674132630654369,0.3671497584541063,0.6229508196721312,0.4620060790273556,0.562962962962963,42,"{0: 9, 1: 8}",150,0.025,[0.33333333 0.33333333 0.33333333],True,True,True,1.0,0.0,0.0,"[617, 882, 66, 1225, 775, 384, 1013, 1048, 1073, 1175, 431, 758, 31, 1323, 574, 1025, 631]","[617, 882, 66, 1225, 775, 384, 1013, 1048, 1073]","[1175, 431, 758, 31, 1323, 574, 1025, 631]",9,8
m3glvq_k0_9_k1_9_eta_0025,0,1620,405,0.5329461147989066,0.3653846153846153,0.562962962962963,0.4431486880466472,0.528395061728395,42,"{0: 9, 1: 9}",150,0.025,[0.33333333 0.33333333 0.33333333],True,True,True,1.0,0.0,0.0,"[1426, 570, 1468, 1385, 97, 1035, 941, 42, 657, 976, 1047, 431, 852, 1447, 1559, 604, 1287, 218]","[1426, 570, 1468, 1385, 97, 1035, 941, 42, 657]","[976, 1047, 431, 852, 1447, 1559, 604, 1287, 218]",9,9
m3glvq_k0_9_k1_9_eta_0025,1,1620,405,0.532555642327216,0.2884615384615384,0.5769230769230769,0.3846153846153846,0.5259259259259259,42,"{0: 9, 1: 9}",150,0.025,[0.33333333 0.33333333 0.33333333],True,True,True,1.0,0.0,0.0,"[479, 476, 1324, 1200, 628, 870, 543, 541, 741, 1022, 145, 1523, 1499, 201, 209, 364, 1029, 1060]","[479, 476, 1324, 1200, 628, 870, 543, 541, 741]","[1022, 145, 1523, 1499, 201, 209, 364, 1029, 1060]",9,9
m3glvq_k0_9_k1_9_eta_0025,2,1620,405,0.5655505661850839,0.2884615384615384,0.6593406593406593,0.4013377926421404,0.5580246913580247,42,"{0: 9, 1: 9}",150,0.025,[0.33333333 0.33333333 0.33333333],True,True,True,1.0,0.0,0.0,"[400, 993, 1541, 830, 1476, 1229, 636, 548, 1001, 174, 417, 1139, 531, 1377, 268, 821, 1565, 136]","[400, 993, 1541, 830, 1476, 1229, 636, 548, 1001]","[174, 417, 1139, 531, 1377, 268, 821, 1565, 136]",9,9
m3glvq_k0_9_k1_9_eta_0025,3,1620,405,0.5300834431269213,0.3429951690821256,0.5590551181102362,0.4251497005988024,0.5259259259259259,42,"{0: 9, 1: 9}",150,0.025,[0.33333333 0.33333333 0.33333333],True,True,True,1.0,0.0,0.0,"[412, 1059, 561, 666, 1142, 997, 85, 1536, 1241, 1444, 1554, 701, 1008, 927, 1097, 194, 1099, 1041]","[412, 1059, 561, 666, 1142, 997, 85, 1536, 1241]","[1444, 1554, 701, 1008, 927, 1097, 194, 1099, 1041]",9,9
m3glvq_k0_9_k1_9_eta_0025,4,1620,405,0.5886034255599473,0.4347826086956521,0.6382978723404256,0.5172413793103449,0.5851851851851851,42,"{0: 9, 1: 9}",150,0.025,[0.33333333 0.33333333 0.33333333],True,True,True,1.0,0.0,0.0,"[921, 734, 1597, 497, 1073, 1406, 1474, 384, 1252, 848, 1404, 1175, 1025, 1439, 1557, 997, 1323, 31]","[921, 734, 1597, 497, 1073, 1406, 1474, 384, 1252]","[848, 1404, 1175, 1025, 1439, 1557, 997, 1323, 31]",9,9
m3glvq_k0_9_k1_10_eta_0025,0,1620,405,0.5063695821944553,0.3173076923076923,0.5238095238095238,0.3952095808383233,0.5012345679012346,42,"{0: 9, 1: 10}",150,0.025,[0.33333333 0.33333333 0.33333333],True,True,True,1.0,0.0,0.0,"[189, 739, 1499, 1055, 171, 1578, 615, 386, 1348, 366, 164, 5, 194, 1447, 668, 75, 381, 508, 463]","[189, 739, 1499, 1055, 171, 1578, 615, 386, 1348]","[366, 164, 5, 194, 1447, 668, 75, 381, 508, 463]",9,10
m3glvq_k0_9_k1_10_eta_0025,1,1620,405,0.5648794416243654,0.3125,0.6435643564356436,0.4207119741100323,0.5580246913580247,42,"{0: 9, 1: 10}",150,0.025,[0.33333333 0.33333333 0.33333333],True,True,True,1.0,0.0,0.0,"[164, 431, 1055, 388, 1145, 739, 1016, 133, 1204, 1532, 729, 372, 1137, 360, 1279, 148, 521, 167, 725]","[164, 431, 1055, 388, 1145, 739, 1016, 133, 1204]","[1532, 729, 372, 1137, 360, 1279, 148, 521, 167, 725]",9,10
m3glvq_k0_9_k1_10_eta_0025,2,1620,405,0.5570943967200312,0.5913461538461539,0.5668202764976958,0.5788235294117647,0.5580246913580247,42,"{0: 9, 1: 10}",150,0.025,[0.33333333 0.33333333 0.33333333],True,True,True,0.0,1.0,0.0,"[838, 1525, 150, 1503, 1138, 1314, 64, 694, 1533, 1071, 1130, 75, 205, 1341, 230, 1522, 868, 847, 1059]","[838, 1525, 150, 1503, 1138, 1314, 64, 694, 1533]","[1071, 1130, 75, 205, 1341, 230, 1522, 868, 847, 1059]",9,10
m3glvq_k0_9_k1_10_eta_0025,3,1620,405,0.5645586297760211,0.3816425120772946,0.6124031007751938,0.4702380952380952,0.5604938271604938,42,"{0: 9, 1: 10}",150,0.025,[0.33333333 0.33333333 0.33333333],True,True,True,1.0,0.0,0.0,"[666, 1022, 1059, 1422, 1241, 1348, 1585, 1351, 1492, 162, 817, 1003, 1158, 1355, 682, 29, 194, 507, 1138]","[666, 1022, 1059, 1422, 1241, 1348, 1585, 1351, 1492]","[162, 817, 1003, 1158, 1355, 682, 29, 194, 507, 1138]",9,10
m3glvq_k0_9_k1_10_eta_0025,4,1620,405,0.5679622310057093,0.4541062801932367,0.5987261146496815,0.5164835164835164,0.5654320987654321,42,"{0: 9, 1: 10}",150,0.025,[0.33333333 0.33333333 0.33333333],True,True,True,1.0,0.0,0.0,"[39, 1087, 500, 384, 1044, 406, 259, 2, 623, 55, 1123, 1097, 237, 1477, 1167, 1368, 1194, 1150, 71]","[39, 1087, 500, 384, 1044, 406, 259, 2, 623]","[55, 1123, 1097, 237, 1477, 1167, 1368, 1194, 1150, 71]",9,10
m3glvq_k0_10_k1_3_eta_0025,0,1620,405,0.5441721983600156,0.3269230769230769,0.591304347826087,0.4210526315789473,0.5382716049382716,42,"{0: 10, 1: 3}",150,0.025,[0.33333333 0.33333333 0.33333333],True,True,True,1.0,0.0,0.0,"[1468, 1035, 906, 923, 1385, 754, 97, 1257, 598, 849, 449, 348, 1076]","[1468, 1035, 906, 923, 1385, 754, 97, 1257, 598, 849]","[449, 348, 1076]",10,3
m3glvq_k0_10_k1_3_eta_0025,1,1620,405,0.523477157360406,0.25,0.5652173913043478,0.3466666666666667,0.5160493827160494,42,"{0: 10, 1: 3}",150,0.025,[0.33333333 0.33333333 0.33333333],True,True,True,0.0,1.0,0.0,"[543, 571, 46, 1038, 1357, 959, 162, 1494, 1073, 25, 1054, 77, 1078]","[543, 571, 46, 1038, 1357, 959, 162, 1494, 1073, 25]","[1054, 77, 1078]",10,3
m3glvq_k0_10_k1_3_eta_0025,2,1620,405,0.5372291097227645,0.3028846153846153,0.5833333333333334,0.3987341772151899,0.5308641975308642,42,"{0: 10, 1: 3}",150,0.025,[0.33333333 0.33333333 0.33333333],True,True,True,1.0,0.0,0.0,"[1462, 1243, 830, 1394, 1328, 356, 126, 1011, 545, 1001, 139, 603, 604]","[1462, 1243, 830, 1394, 1328, 356, 126, 1011, 545, 1001]","[139, 603, 604]",10,3
m3glvq_k0_10_k1_3_eta_0025,3,1620,405,0.5357927097057532,0.3140096618357488,0.5752212389380531,0.4062499999999999,0.5308641975308642,42,"{0: 10, 1: 3}",150,0.025,[0.33333333 0.33333333 0.33333333],True,True,True,0.009818085972052,0.9729347134397504,0.0172472005881975,"[1498, 20, 58, 155, 302, 24, 89, 482, 1252, 279, 1064, 1210, 453]","[1498, 20, 58, 155, 302, 24, 89, 482, 1252, 279]","[1064, 1210, 453]",10,3
m3glvq_k0_10_k1_3_eta_0025,4,1620,405,0.5576416337285902,0.2415458937198067,0.6666666666666666,0.3546099290780142,0.5506172839506173,42,"{0: 10, 1: 3}",150,0.025,[0.33333333 0.33333333 0.33333333],True,True,True,1.0,0.0,0.0,"[530, 775, 623, 578, 754, 1048, 740, 1013, 1225, 384, 207, 631, 818]","[530, 775, 623, 578, 754, 1048, 740, 1013, 1225, 384]","[207, 631, 818]",10,3
m3glvq_k0_10_k1_4_eta_0025,0,1620,405,0.4864676884029676,0.3028846153846153,0.4921875,0.3749999999999999,0.4814814814814814,42,"{0: 10, 1: 4}",150,0.025,[0.33333333 0.33333333 0.33333333],True,True,True,1.0,0.0,0.0,"[1135, 1385, 739, 1055, 494, 657, 410, 500, 1426, 1226, 668, 837, 626, 194]","[1135, 1385, 739, 1055, 494, 657, 410, 500, 1426, 1226]","[668, 837, 626, 194]",10,4
m3glvq_k0_10_k1_4_eta_0025,1,1620,405,0.564464564623194,0.4182692307692308,0.6041666666666666,0.4943181818181819,0.5604938271604938,42,"{0: 10, 1: 4}",150,0.025,[0.33333333 0.33333333 0.33333333],True,True,True,1.0,0.0,0.0,"[1006, 1016, 85, 651, 1440, 98, 37, 1058, 414, 366, 209, 1431, 1442, 1019]","[1006, 1016, 85, 651, 1440, 98, 37, 1058, 414, 366]","[209, 1431, 1442, 1019]",10,4
m3glvq_k0_10_k1_4_eta_0025,2,1620,405,0.5326898672393596,0.2836538461538461,0.5784313725490197,0.3806451612903225,0.5259259259259259,42,"{0: 10, 1: 4}",150,0.025,[0.33333333 0.33333333 0.33333333],True,True,True,1.0,0.0,0.0,"[1378, 1011, 126, 329, 105, 37, 1471, 50, 1194, 103, 1320, 1057, 139, 1455]","[1378, 1011, 126, 329, 105, 37, 1471, 50, 1194, 103]","[1320, 1057, 139, 1455]",10,4
m3glvq_k0_10_k1_4_eta_0025,3,1620,405,0.5254721124286341,0.323671497584541,0.5537190082644629,0.4085365853658537,0.5209876543209877,42,"{0: 10, 1: 4}",150,0.025,[0.33333333 0.33333333 0.33333333],True,True,True,0.0,1.0,0.0,"[302, 65, 58, 440, 482, 24, 412, 684, 155, 20, 1489, 194, 931, 350]","[302, 65, 58, 440, 482, 24, 412, 684, 155, 20]","[1489, 194, 931, 350]",10,4
m3glvq_k0_10_k1_4_eta_0025,4,1620,405,0.4944005270092226,0.1352657004830917,0.4912280701754385,0.2121212121212121,0.4864197530864197,42,"{0: 10, 1: 4}",150,0.025,[0.33333333 0.33333333 0.33333333],True,True,True,1.0,0.0,0.0,"[1157, 408, 499, 775, 1225, 167, 754, 901, 578, 1073, 1443, 1097, 207, 1025]","[1157, 408, 499, 775, 1225, 167, 754, 901, 578, 1073]","[1443, 1097, 207, 1025]",10,4
m3glvq_k0_10_k1_5_eta_0025,0,1620,405,0.5565819016009371,0.4278846153846153,0.5894039735099338,0.4958217270194986,0.5530864197530864,42,"{0: 10, 1: 5}",150,0.025,[0.33333333 0.33333333 0.33333333],True,True,True,1.0,0.0,0.0,"[1333, 97, 1487, 1035, 906, 502, 754, 941, 598, 1468, 462, 469, 1583, 12, 850]","[1333, 97, 1487, 1035, 906, 502, 754, 941, 598, 1468]","[462, 469, 1583, 12, 850]",10,5
m3glvq_k0_10_k1_5_eta_0025,1,1620,405,0.5321651698555252,0.2115384615384615,0.6027397260273972,0.3131672597864768,0.5234567901234568,42,"{0: 10, 1: 5}",150,0.025,[0.33333333 0.33333333 0.33333333],True,True,True,1.0,0.0,0.0,"[388, 85, 35, 628, 431, 1200, 198, 541, 474, 739, 201, 1250, 1431, 360, 644]","[388, 85, 35, 628, 431, 1200, 198, 541, 474, 739]","[201, 1250, 1431, 360, 644]",10,5
m3glvq_k0_10_k1_5_eta_0025,2,1620,405,0.5420368020304569,0.3125,0.5909090909090909,0.4088050314465408,0.5358024691358024,42,"{0: 10, 1: 5}",150,0.025,[0.33333333 0.33333333 0.33333333],True,True,True,0.0,1.0,0.0,"[341, 1533, 1331, 1247, 1587, 91, 694, 549, 18, 150, 978, 335, 1522, 868, 962]","[341, 1533, 1331, 1247, 1587, 91, 694, 549, 18, 150]","[978, 335, 1522, 868, 962]",10,5
m3glvq_k0_10_k1_5_eta_0025,3,1620,405,0.5077953447518665,0.1014492753623188,0.5526315789473685,0.1714285714285714,0.4987654320987654,42,"{0: 10, 1: 5}",150,0.025,[0.33333333 0.33333333 0.33333333],True,True,True,0.0,1.0,0.0,"[24, 964, 1020, 1422, 1526, 219, 1142, 1170, 959, 1241, 771, 165, 682, 1377, 194]","[24, 964, 1020, 1422, 1526, 219, 1142, 1170, 959, 1241]","[771, 165, 682, 1377, 194]",10,5
m3glvq_k0_10_k1_5_eta_0025,4,1620,405,0.5498462889767237,0.251207729468599,0.6341463414634146,0.3598615916955017,0.5432098765432098,42,"{0: 10, 1: 5}",150,0.025,[0.33333333 0.33333333 0.33333333],True,True,True,1.0,0.0,0.0,"[921, 1474, 104, 584, 613, 1095, 1157, 623, 1073, 384, 265, 71, 848, 1092, 758]","[921, 1474, 104, 584, 613, 1095, 1157, 623, 1073, 384]","[265, 71, 848, 1092, 758]",10,5
m3glvq_k0_10_k1_6_eta_0025,0,1620,405,0.508248730964467,0.25,0.5306122448979592,0.3398692810457516,0.5012345679012346,42,"{0: 10, 1: 6}",150,0.025,[0.33333333 0.33333333 0.33333333],True,True,True,1.0,0.0,0.0,"[739, 494, 1055, 97, 1348, 1071, 1537, 1426, 657, 1204, 164, 1091, 668, 462, 1583, 744]","[739, 494, 1055, 97, 1348, 1071, 1537, 1426, 657, 1204]","[164, 1091, 668, 462, 1583, 744]",10,6
m3glvq_k0_10_k1_6_eta_0025,1,1620,405,0.5195968371729793,0.2980769230769231,0.5486725663716814,0.3862928348909657,0.5135802469135803,42,"{0: 10, 1: 6}",150,0.025,[0.33333333 0.33333333 0.33333333],True,True,True,1.0,0.0,0.0,"[366, 272, 1200, 628, 470, 545, 651, 541, 1494, 1324, 148, 1140, 1442, 359, 201, 429]","[366, 272, 1200, 628, 470, 545, 651, 541, 1494, 1324]","[148, 1140, 1442, 359, 201, 429]",10,6
m3glvq_k0_10_k1_6_eta_0025,2,1620,405,0.569150234283483,0.3413461538461538,0.6396396396396397,0.445141065830721,0.562962962962963,42,"{0: 10, 1: 6}",150,0.025,[0.33333333 0.33333333 0.33333333],True,True,True,1.0,0.0,0.0,"[636, 1001, 30, 421, 1054, 912, 549, 1011, 591, 993, 962, 1565, 604, 1487, 336, 1392]","[636, 1001, 30, 421, 1054, 912, 549, 1011, 591, 993]","[962, 1565, 604, 1487, 336, 1392]",10,6
m3glvq_k0_10_k1_6_eta_0025,3,1620,405,0.5613746157224417,0.2995169082125604,0.6391752577319587,0.4078947368421052,0.5555555555555556,42,"{0: 10, 1: 6}",150,0.025,[0.33333333 0.33333333 0.33333333],True,True,True,1.0,0.0,0.0,"[396, 139, 1288, 1241, 1351, 1059, 997, 666, 1422, 1033, 632, 1008, 1560, 194, 1262, 771]","[396, 139, 1288, 1241, 1351, 1059, 997, 666, 1422, 1033]","[632, 1008, 1560, 194, 1262, 771]",10,6
m3glvq_k0_10_k1_6_eta_0025,4,1620,405,0.5534694773825208,0.3140096618357488,0.6132075471698113,0.4153354632587859,0.5481481481481482,42,"{0: 10, 1: 6}",150,0.025,[0.33333333 0.33333333 0.33333333],True,True,True,1.0,0.0,0.0,"[1112, 1225, 1406, 578, 958, 1474, 734, 1597, 384, 1073, 681, 1557, 83, 759, 1443, 207]","[1112, 1225, 1406, 578, 958, 1474, 734, 1597, 384, 1073]","[681, 1557, 83, 759, 1443, 207]",10,6
m3glvq_k0_10_k1_7_eta_0025,0,1620,405,0.5425737016790316,0.2932692307692308,0.5980392156862745,0.3935483870967742,0.5358024691358024,42,"{0: 10, 1: 7}",150,0.025,[0.33333333 0.33333333 0.33333333],True,True,True,1.0,0.0,0.0,"[1257, 657, 570, 771, 1200, 1055, 739, 1537, 1385, 1426, 1572, 1398, 668, 1078, 5, 194, 1562]","[1257, 657, 570, 771, 1200, 1055, 739, 1537, 1385, 1426]","[1572, 1398, 668, 1078, 5, 194, 1562]",10,7
m3glvq_k0_10_k1_7_eta_0025,1,1620,405,0.5401820577899258,0.1971153846153846,0.640625,0.3014705882352941,0.5308641975308642,42,"{0: 10, 1: 7}",150,0.025,[0.33333333 0.33333333 0.33333333],True,True,True,1.0,0.0,0.0,"[414, 1073, 1229, 1016, 628, 388, 803, 1267, 398, 651, 1461, 442, 1583, 1108, 779, 984, 429]","[414, 1073, 1229, 1016, 628, 388, 803, 1267, 398, 651]","[1461, 442, 1583, 1108, 779, 984, 429]",10,7
m3glvq_k0_10_k1_7_eta_0025,2,1620,405,0.5829143889105818,0.3028846153846153,0.7,0.4228187919463086,0.5753086419753086,42,"{0: 10, 1: 7}",150,0.025,[0.33333333 0.33333333 0.33333333],True,True,True,1.0,0.0,0.0,"[1047, 549, 23, 1328, 548, 993, 588, 830, 636, 1001, 136, 212, 1442, 978, 1431, 962, 448]","[1047, 549, 23, 1328, 548, 993, 588, 830, 636, 1001]","[136, 212, 1442, 978, 1431, 962, 448]",10,7
m3glvq_k0_10_k1_7_eta_0025,3,1620,405,0.5383179622310057,0.3140096618357488,0.5803571428571429,0.4075235109717868,0.5333333333333333,42,"{0: 10, 1: 7}",150,0.025,[0.33333333 0.33333333 0.33333333],True,True,True,1.0,0.0,0.0,"[1059, 1446, 666, 1142, 1422, 591, 417, 1394, 1468, 1241, 194, 1544, 351, 305, 1564, 105, 1560]","[1059, 1446, 666, 1142, 1422, 591, 417, 1394, 1468, 1241]","[194, 1544, 351, 305, 1564, 105, 1560]",10,7
m3glvq_k0_10_k1_7_eta_0025,4,1620,405,0.5490777338603425,0.2850241545893719,0.6145833333333334,0.3894389438943894,0.5432098765432098,42,"{0: 10, 1: 7}",150,0.025,[0.33333333 0.33333333 0.33333333],True,True,True,1.0,0.0,0.0,"[1073, 1112, 1053, 1406, 1474, 1157, 384, 623, 1095, 812, 1439, 681, 1557, 555, 1428, 1019, 171]","[1073, 1112, 1053, 1406, 1474, 1157, 384, 623, 1095, 812]","[1439, 681, 1557, 555, 1428, 1019, 171]",10,7
m3glvq_k0_10_k1_8_eta_0025,0,1620,405,0.5455144474814526,0.2788461538461538,0.6105263157894737,0.3828382838283828,0.5382716049382716,42,"{0: 10, 1: 8}",150,0.025,[0.33333333 0.33333333 0.33333333],True,True,True,1.0,0.0,0.0,"[1426, 1135, 1071, 739, 1537, 570, 297, 887, 1352, 1055, 553, 976, 1047, 1083, 745, 1042, 1583, 85]","[1426, 1135, 1071, 739, 1537, 570, 297, 887, 1352, 1055]","[553, 976, 1047, 1083, 745, 1042, 1583, 85]",10,8
m3glvq_k0_10_k1_8_eta_0025,1,1620,405,0.5316282702069505,0.2307692307692307,0.5925925925925926,0.3321799307958478,0.5234567901234568,42,"{0: 10, 1: 8}",150,0.025,[0.33333333 0.33333333 0.33333333],True,True,True,1.0,0.0,0.0,"[1494, 1204, 870, 628, 1200, 541, 470, 1394, 199, 543, 1583, 1022, 1490, 145, 644, 724, 442, 521]","[1494, 1204, 870, 628, 1200, 541, 470, 1394, 199, 543]","[1583, 1022, 1490, 145, 644, 724, 442, 521]",10,8
m3glvq_k0_10_k1_8_eta_0025,2,1620,405,0.5273574775478329,0.2019230769230769,0.5915492957746479,0.3010752688172043,0.5185185185185185,42,"{0: 10, 1: 8}",150,0.025,[0.33333333 0.33333333 0.33333333],True,True,True,1.0,0.0,0.0,"[1476, 548, 1005, 636, 474, 1243, 1229, 966, 1541, 549, 210, 174, 136, 156, 723, 139, 1472, 448]","[1476, 548, 1005, 636, 474, 1243, 1229, 966, 1541, 549]","[210, 174, 136, 156, 723, 139, 1472, 448]",10,8
m3glvq_k0_10_k1_8_eta_0025,3,1620,405,0.5431488801054019,0.323671497584541,0.5877192982456141,0.4174454828660436,0.5382716049382716,42,"{0: 10, 1: 8}",150,0.025,[0.33333333 0.33333333 0.33333333],True,True,True,1.0,0.0,0.0,"[666, 1216, 1536, 1079, 997, 1422, 110, 1381, 279, 1059, 1003, 763, 1041, 1097, 817, 1087, 466, 1544]","[666, 1216, 1536, 1079, 997, 1422, 110, 1381, 279, 1059]","[1003, 763, 1041, 1097, 817, 1087, 466, 1544]",10,8
m3glvq_k0_10_k1_8_eta_0025,4,1620,405,0.5091128678085199,0.2657004830917874,0.5288461538461539,0.3536977491961415,0.5037037037037037,42,"{0: 10, 1: 8}",150,0.025,[0.33333333 0.33333333 0.33333333],True,True,True,1.0,0.0,0.0,"[1044, 1157, 623, 1252, 1013, 1073, 1434, 408, 1278, 233, 207, 1108, 681, 31, 1364, 1393, 1547, 550]","[1044, 1157, 623, 1252, 1013, 1073, 1434, 408, 1278, 233]","[207, 1108, 681, 31, 1364, 1393, 1547, 550]",10,8
m3glvq_k0_10_k1_9_eta_0025,0,1620,405,0.5374975595470519,0.2932692307692308,0.5865384615384616,0.391025641025641,0.5308641975308642,42,"{0: 10, 1: 9}",150,0.025,[0.33333333 0.33333333 0.33333333],True,True,True,1.0,0.0,0.0,"[1350, 739, 857, 574, 1269, 123, 1099, 657, 1426, 887, 228, 194, 366, 178, 1583, 626, 463, 668, 65]","[1350, 739, 857, 574, 1269, 123, 1099, 657, 1426, 887]","[228, 194, 366, 178, 1583, 626, 463, 668, 65]",10,9
m3glvq_k0_10_k1_9_eta_0025,1,1620,405,0.5435132760640375,0.2596153846153846,0.6136363636363636,0.3648648648648648,0.5358024691358024,42,"{0: 10, 1: 9}",150,0.025,[0.33333333 0.33333333 0.33333333],True,True,True,1.0,0.0,0.0,"[541, 470, 1494, 628, 1200, 1533, 543, 187, 855, 479, 1431, 1029, 1022, 1344, 1250, 148, 145, 724, 623]","[541, 470, 1494, 628, 1200, 1533, 543, 187, 855, 479]","[1431, 1029, 1022, 1344, 1250, 148, 145, 724, 623]",10,9
m3glvq_k0_10_k1_9_eta_0025,2,1620,405,0.5285410972276454,0.3413461538461538,0.5590551181102362,0.4238805970149254,0.5234567901234568,42,"{0: 10, 1: 9}",150,0.025,[0.33333333 0.33333333 0.33333333],True,True,True,1.0,0.0,0.0,"[204, 1011, 545, 1424, 1471, 126, 548, 1597, 105, 1481, 604, 962, 87, 1067, 664, 1139, 1075, 139, 136]","[204, 1011, 545, 1424, 1471, 126, 548, 1597, 105, 1481]","[604, 962, 87, 1067, 664, 1139, 1075, 139, 136]",10,9
m3glvq_k0_10_k1_9_eta_0025,3,1620,405,0.5774044795783926,0.3719806763285024,0.6416666666666667,0.4709480122324159,0.5728395061728395,42,"{0: 10, 1: 9}",150,0.025,[0.33333333 0.33333333 0.33333333],True,True,True,1.0,0.0,0.0,"[1422, 1288, 1536, 581, 997, 1059, 1351, 985, 666, 1033, 682, 1138, 1003, 194, 165, 1355, 1215, 1431, 1544]","[1422, 1288, 1536, 581, 997, 1059, 1351, 985, 666, 1033]","[682, 1138, 1003, 194, 165, 1355, 1215, 1431, 1544]",10,9
m3glvq_k0_10_k1_9_eta_0025,4,1620,405,0.5306324110671936,0.3188405797101449,0.5641025641025641,0.4074074074074074,0.5259259259259259,42,"{0: 10, 1: 9}",150,0.025,[0.33333333 0.33333333 0.33333333],True,True,True,1.0,0.0,0.0,"[754, 104, 1157, 578, 1474, 740, 623, 1225, 384, 1073, 376, 1108, 759, 550, 1063, 207, 1025, 1368, 83]","[754, 104, 1157, 578, 1474, 740, 623, 1225, 384, 1073]","[376, 1108, 759, 550, 1063, 207, 1025, 1368, 83]",10,9
m3glvq_k0_10_k1_10_eta_0025,0,1620,405,0.5524453338539633,0.3942307692307692,0.5899280575539568,0.4726224783861671,0.5481481481481482,42,"{0: 10, 1: 10}",150,0.025,[0.33333333 0.33333333 0.33333333],True,True,True,1.0,0.0,0.0,"[502, 598, 1348, 97, 739, 883, 771, 1333, 906, 1218, 1038, 1039, 1156, 839, 1566, 187, 509, 26, 1472, 1511]","[502, 598, 1348, 97, 739, 883, 771, 1333, 906, 1218]","[1038, 1039, 1156, 839, 1566, 187, 509, 26, 1472, 1511]",10,10
m3glvq_k0_10_k1_10_eta_0025,1,1620,405,0.5914315696993362,0.5432692307692307,0.6141304347826086,0.576530612244898,0.5901234567901235,42,"{0: 10, 1: 10}",150,0.025,[0.33333333 0.33333333 0.33333333],True,True,True,1.0,0.0,0.0,"[1413, 543, 651, 35, 1580, 85, 628, 1008, 164, 961, 1108, 280, 929, 1019, 1137, 442, 1471, 372, 359, 157]","[1413, 543, 651, 35, 1580, 85, 628, 1008, 164, 961]","[1108, 280, 929, 1019, 1137, 442, 1471, 372, 359, 157]",10,10
m3glvq_k0_10_k1_10_eta_0025,2,1620,405,0.5742263764154627,0.3413461538461538,0.6513761467889908,0.4479495268138801,0.5679012345679012,42,"{0: 10, 1: 10}",150,0.025,[0.33333333 0.33333333 0.33333333],True,True,True,1.0,0.0,0.0,"[549, 1196, 1378, 474, 548, 1590, 1193, 1080, 966, 636, 1067, 962, 297, 1139, 664, 450, 136, 1442, 1133, 336]","[549, 1196, 1378, 474, 548, 1590, 1193, 1080, 966, 636]","[1067, 962, 297, 1139, 664, 450, 136, 1442, 1133, 336]",10,10
m3glvq_k0_10_k1_10_eta_0025,3,1620,405,0.5517127799736495,0.2801932367149758,0.6236559139784946,0.3866666666666667,0.5456790123456791,42,"{0: 10, 1: 10}",150,0.025,[0.33333333 0.33333333 0.33333333],True,True,True,1.0,0.0,0.0,"[776, 504, 666, 159, 1241, 412, 1067, 1033, 1468, 24, 1262, 1158, 1084, 861, 205, 633, 843, 968, 701, 1325]","[776, 504, 666, 159, 1241, 412, 1067, 1033, 1468, 24]","[1262, 1158, 1084, 861, 205, 633, 843, 968, 701, 1325]",10,10
m3glvq_k0_10_k1_10_eta_0025,4,1620,405,0.5378787878787878,0.2222222222222222,0.6133333333333333,0.326241134751773,0.5308641975308642,42,"{0: 10, 1: 10}",150,0.025,[0.33333333 0.33333333 0.33333333],True,True,True,1.0,0.0,0.0,"[202, 497, 188, 384, 209, 1225, 578, 1597, 1474, 975, 635, 864, 555, 1557, 674, 1439, 1411, 550, 31, 34]","[202, 497, 188, 384, 209, 1225, 578, 1597, 1474, 975]","[635, 864, 555, 1557, 674, 1439, 1411, 550, 31, 34]",10,10
m3glvq_k0_3_k1_3_eta_003,0,1620,405,0.5517620070285045,0.5096153846153846,0.5698924731182796,0.5380710659898478,0.5506172839506173,42,"{0: 3, 1: 3}",150,0.03,[0.33333333 0.33333333 0.33333333],True,True,True,1.0,0.0,0.0,"[97, 1027, 887, 1566, 509, 852]","[97, 1027, 887]","[1566, 509, 852]",3,3
m3glvq_k0_3_k1_3_eta_003,1,1620,405,0.56068186255369,0.7355769230769231,0.5583941605839416,0.6348547717842323,0.5654320987654321,42,"{0: 3, 1: 3}",150,0.03,[0.33333333 0.33333333 0.33333333],True,True,True,0.0130516836477858,0.9595117048119608,0.0274366115402533,"[714, 1494, 294, 1078, 77, 1054]","[714, 1494, 294]","[1078, 77, 1054]",3,3
m3glvq_k0_3_k1_3_eta_003,2,1620,405,0.5283702655212807,0.6201923076923077,0.5375,0.5758928571428572,0.5308641975308642,42,"{0: 3, 1: 3}",150,0.03,[0.33333333 0.33333333 0.33333333],True,True,True,0.0099999999998857,0.9800000000002286,0.0099999999998857,"[115, 18, 1541, 158, 335, 75]","[115, 18, 1541]","[158, 335, 75]",3,3
m3glvq_k0_3_k1_3_eta_003,3,1620,405,0.5366710584101888,0.6086956521739131,0.5431034482758621,0.5740318906605923,0.5382716049382716,42,"{0: 3, 1: 3}",150,0.03,[0.33333333 0.33333333 0.33333333],True,True,True,0.0,1.0,0.0,"[957, 302, 58, 312, 682, 78]","[957, 302, 58]","[312, 682, 78]",3,3
m3glvq_k0_3_k1_3_eta_003,4,1620,405,0.5502854633289416,0.5652173913043478,0.5598086124401914,0.5625,0.5506172839506173,42,"{0: 3, 1: 3}",150,0.03,[0.33333333 0.33333333 0.33333333],True,True,True,1.0,0.0,0.0,"[104, 1474, 1348, 1240, 71, 1092]","[104, 1474, 1348]","[1240, 71, 1092]",3,3
m3glvq_k0_3_k1_4_eta_003,0,1620,405,0.560572042171027,0.5576923076923077,0.5742574257425742,0.5658536585365854,0.5604938271604938,42,"{0: 3, 1: 4}",150,0.03,[0.33333333 0.33333333 0.33333333],True,True,True,1.0,0.0,0.0,"[386, 254, 1035, 1038, 837, 1398, 1447]","[386, 254, 1035]","[1038, 837, 1398, 1447]",3,4
m3glvq_k0_3_k1_4_eta_003,1,1620,405,0.5560083951581414,0.7211538461538461,0.5555555555555556,0.6276150627615064,0.5604938271604938,42,"{0: 3, 1: 4}",150,0.03,[0.33333333 0.33333333 0.33333333],True,True,True,0.9800000000000344,0.0099999999999827,0.0099999999999827,"[970, 498, 1324, 1060, 1349, 644, 429]","[970, 498, 1324]","[1060, 1349, 644, 429]",3,4
m3glvq_k0_3_k1_4_eta_003,2,1620,405,0.5728719250292854,0.4807692307692308,0.6024096385542169,0.5347593582887701,0.5703703703703704,42,"{0: 3, 1: 4}",150,0.03,[0.33333333 0.33333333 0.33333333],True,True,True,1.0,0.0,0.0,"[374, 1471, 105, 87, 360, 1063, 723]","[374, 1471, 105]","[87, 360, 1063, 723]",3,4
m3glvq_k0_3_k1_4_eta_003,3,1620,405,0.5664251207729469,0.5217391304347826,0.5837837837837838,0.5510204081632654,0.5654320987654321,42,"{0: 3, 1: 4}",150,0.03,[0.33333333 0.33333333 0.33333333],True,True,True,1.0,0.0,0.0,"[1104, 14, 1468, 1444, 872, 856, 468]","[1104, 14, 1468]","[1444, 872, 856, 468]",3,4
m3glvq_k0_3_k1_4_eta_003,4,1620,405,0.5693895476504172,0.6135265700483091,0.5746606334841629,0.5934579439252337,0.5703703703703704,42,"{0: 3, 1: 4}",150,0.03,[0.33333333 0.33333333 0.33333333],True,True,True,1.0,0.0,0.0,"[104, 1474, 1348, 868, 759, 631, 92]","[104, 1474, 1348]","[868, 759, 631, 92]",3,4
m3glvq_k0_3_k1_5_eta_003,0,1620,405,0.5527015814135103,0.4759615384615384,0.5755813953488372,0.5210526315789474,0.5506172839506173,42,"{0: 3, 1: 5}",150,0.03,[0.33333333 0.33333333 0.33333333],True,True,True,1.0,0.0,0.0,"[725, 1257, 254, 668, 12, 1132, 309, 1447]","[725, 1257, 254]","[668, 12, 1132, 309, 1447]",3,5
m3glvq_k0_3_k1_5_eta_003,1,1620,405,0.5680520304568528,0.5625,0.582089552238806,0.572127139364303,0.5679012345679012,42,"{0: 3, 1: 5}",150,0.03,[0.33333333 0.33333333 0.33333333],True,True,True,1.0,0.0,0.0,"[1413, 474, 870, 724, 821, 148, 1029, 1583]","[1413, 474, 870]","[724, 821, 148, 1029, 1583]",3,5
m3glvq_k0_3_k1_5_eta_003,2,1620,405,0.5544343030066381,0.5048076923076923,0.5737704918032787,0.5370843989769821,0.5530864197530864,42,"{0: 3, 1: 5}",150,0.03,[0.33333333 0.33333333 0.33333333],True,True,True,1.0,0.0,0.0,"[1471, 1328, 1304, 809, 1320, 723, 780, 139]","[1471, 1328, 1304]","[809, 1320, 723, 780, 139]",3,5
m3glvq_k0_3_k1_5_eta_003,3,1620,405,0.5517127799736495,0.5024154589371981,0.5683060109289617,0.5333333333333333,0.5506172839506173,42,"{0: 3, 1: 5}",150,0.03,[0.33333333 0.33333333 0.33333333],True,True,True,1.0,0.0,0.0,"[14, 997, 504, 165, 1564, 771, 194, 1008]","[14, 997, 504]","[165, 1564, 771, 194, 1008]",3,5
m3glvq_k0_3_k1_5_eta_003,4,1620,405,0.5684014053579272,0.5458937198067633,0.5824742268041238,0.5635910224438904,0.5679012345679012,42,"{0: 3, 1: 5}",150,0.03,[0.33333333 0.33333333 0.33333333],True,True,True,1.0,0.0,0.0,"[1044, 416, 259, 15, 92, 631, 155, 1270]","[1044, 416, 259]","[15, 92, 631, 155, 1270]",3,5
m3glvq_k0_3_k1_6_eta_003,0,1620,405,0.5531042561499415,0.4615384615384615,0.5783132530120482,0.5133689839572193,0.5506172839506173,42,"{0: 3, 1: 6}",150,0.03,[0.33333333 0.33333333 0.33333333],True,True,True,1.0,0.0,0.0,"[526, 500, 956, 462, 105, 1076, 347, 147, 378]","[526, 500, 956]","[462, 105, 1076, 347, 147, 378]",3,6
m3glvq_k0_3_k1_6_eta_003,1,1620,405,0.5911509176103085,0.6442307692307693,0.5955555555555555,0.6189376443418014,0.5925925925925926,42,"{0: 3, 1: 6}",150,0.03,[0.33333333 0.33333333 0.33333333],True,True,True,1.0,0.0,0.0,"[498, 855, 98, 725, 1078, 151, 1349, 439, 530]","[498, 855, 98]","[725, 1078, 151, 1349, 439, 530]",3,6
m3glvq_k0_3_k1_6_eta_003,2,1620,405,0.5594982428738774,0.5961538461538461,0.5688073394495413,0.5821596244131455,0.5604938271604938,42,"{0: 3, 1: 6}",150,0.03,[0.33333333 0.33333333 0.33333333],True,True,True,0.0,1.0,0.0,"[991, 1347, 18, 1458, 632, 353, 1130, 481, 723]","[991, 1347, 18]","[1458, 632, 353, 1130, 481, 723]",3,6
m3glvq_k0_3_k1_6_eta_003,3,1620,405,0.5637900746596398,0.5265700483091788,0.5797872340425532,0.5518987341772152,0.562962962962963,42,"{0: 3, 1: 6}",150,0.03,[0.33333333 0.33333333 0.33333333],True,True,True,1.0,0.0,0.0,"[1536, 745, 1268, 682, 763, 165, 771, 881, 1583]","[1536, 745, 1268]","[682, 763, 165, 771, 881, 1583]",3,6
m3glvq_k0_3_k1_6_eta_003,4,1620,405,0.5763065436978481,0.642512077294686,0.5782608695652174,0.6086956521739131,0.5777777777777777,42,"{0: 3, 1: 6}",150,0.03,[0.33333333 0.33333333 0.33333333],True,True,True,1.0,0.0,0.0,"[115, 526, 1474, 1272, 759, 1052, 1167, 631, 71]","[115, 526, 1474]","[1272, 759, 1052, 1167, 631, 71]",3,6
m3glvq_k0_3_k1_7_eta_003,0,1620,405,0.5575092737212026,0.4855769230769231,0.5804597701149425,0.5287958115183246,0.5555555555555556,42,"{0: 3, 1: 7}",150,0.03,[0.33333333 0.33333333 0.33333333],True,True,True,1.0,0.0,0.0,"[254, 500, 725, 15, 463, 1146, 668, 1447, 462, 852]","[254, 500, 725]","[15, 463, 1146, 668, 1447, 462, 852]",3,7
m3glvq_k0_3_k1_7_eta_003,1,1620,405,0.5959586099180008,0.6538461538461539,0.5991189427312775,0.6252873563218391,0.5975308641975309,42,"{0: 3, 1: 7}",150,0.03,[0.33333333 0.33333333 0.33333333],True,True,True,1.0,0.0,0.0,"[855, 98, 498, 52, 1140, 151, 270, 1442, 76, 439]","[855, 98, 498]","[52, 1140, 151, 270, 1442, 76, 439]",3,7
m3glvq_k0_3_k1_7_eta_003,2,1620,405,0.544001366653651,0.6057692307692307,0.5526315789473685,0.5779816513761468,0.5456790123456791,42,"{0: 3, 1: 7}",150,0.03,[0.33333333 0.33333333 0.33333333],True,True,True,1.0,0.0,0.0,"[374, 1471, 1226, 1063, 183, 136, 723, 677, 417, 1571]","[374, 1471, 1226]","[1063, 183, 136, 723, 677, 417, 1571]",3,7
m3glvq_k0_3_k1_7_eta_003,3,1620,405,0.5815766359244621,0.6328502415458938,0.5848214285714286,0.6078886310904873,0.582716049382716,42,"{0: 3, 1: 7}",150,0.03,[0.33333333 0.33333333 0.33333333],True,True,True,1.0,0.0,0.0,"[631, 997, 1216, 1564, 177, 856, 143, 1355, 763, 1525]","[631, 997, 1216]","[1564, 177, 856, 143, 1355, 763, 1525]",3,7
m3glvq_k0_3_k1_7_eta_003,4,1620,405,0.5556653491436101,0.6618357487922706,0.556910569105691,0.6048565121412804,0.5580246913580247,42,"{0: 3, 1: 7}",150,0.03,[0.33333333 0.33333333 0.33333333],True,True,True,1.0,0.0,0.0,"[1474, 384, 104, 976, 1368, 1270, 766, 997, 71, 508]","[1474, 384, 104]","[976, 1368, 1270, 766, 997, 71, 508]",3,7
m3glvq_k0_3_k1_8_eta_003,0,1620,405,0.5534947286216322,0.5384615384615384,0.5685279187817259,0.5530864197530865,0.5530864197530864,42,"{0: 3, 1: 8}",150,0.03,[0.33333333 0.33333333 0.33333333],True,True,True,1.0,0.0,0.0,"[1587, 1348, 725, 194, 366, 1472, 745, 5, 1155, 431, 668]","[1587, 1348, 725]","[194, 366, 1472, 745, 5, 1155, 431, 668]",3,8
m3glvq_k0_3_k1_8_eta_003,1,1620,405,0.5501513080827802,0.5673076923076923,0.5619047619047619,0.5645933014354066,0.5506172839506173,42,"{0: 3, 1: 8}",150,0.03,[0.33333333 0.33333333 0.33333333],True,True,True,1.0,0.0,0.0,"[880, 855, 741, 64, 1318, 823, 1349, 1078, 364, 725, 623]","[880, 855, 741]","[64, 1318, 823, 1349, 1078, 364, 725, 623]",3,8
m3glvq_k0_3_k1_8_eta_003,2,1620,405,0.5406701483795392,0.5432692307692307,0.553921568627451,0.5485436893203884,0.5407407407407407,42,"{0: 3, 1: 8}",150,0.03,[0.33333333 0.33333333 0.33333333],True,True,True,1.0,0.0,0.0,"[374, 1471, 1347, 723, 978, 1431, 664, 1063, 136, 962, 226]","[374, 1471, 1347]","[723, 978, 1431, 664, 1063, 136, 962, 226]",3,8
m3glvq_k0_3_k1_8_eta_003,3,1620,405,0.5600570926657884,0.5797101449275363,0.5687203791469194,0.5741626794258373,0.5604938271604938,42,"{0: 3, 1: 8}",150,0.03,[0.33333333 0.33333333 0.33333333],True,True,True,1.0,0.0,0.0,"[619, 997, 1268, 763, 1003, 1262, 143, 433, 682, 817, 1159]","[619, 997, 1268]","[763, 1003, 1262, 143, 433, 682, 817, 1159]",3,8
m3glvq_k0_3_k1_8_eta_003,4,1620,405,0.5651075977162934,0.5797101449275363,0.5741626794258373,0.576923076923077,0.5654320987654321,42,"{0: 3, 1: 8}",150,0.03,[0.33333333 0.33333333 0.33333333],True,True,True,1.0,0.0,0.0,"[233, 384, 1474, 729, 1102, 1025, 1368, 34, 817, 759, 478]","[233, 384, 1474]","[729, 1102, 1025, 1368, 34, 817, 759, 478]",3,8
m3glvq_k0_3_k1_9_eta_003,0,1620,405,0.546258785630613,0.7067307692307693,0.5485074626865671,0.6176470588235294,0.5506172839506173,42,"{0: 3, 1: 9}",150,0.03,[0.33333333 0.33333333 0.33333333],True,True,True,1.0,0.0,0.0,"[254, 386, 1333, 1357, 228, 1155, 347, 463, 1252, 1087, 668, 279]","[254, 386, 1333]","[1357, 228, 1155, 347, 463, 1252, 1087, 668, 279]",3,9
m3glvq_k0_3_k1_9_eta_003,1,1620,405,0.5466736626317844,0.6009615384615384,0.5555555555555556,0.5773672055427251,0.5481481481481482,42,"{0: 3, 1: 9}",150,0.03,[0.33333333 0.33333333 0.33333333],True,True,True,1.0,0.0,0.0,"[1267, 474, 300, 810, 1140, 530, 364, 893, 1596, 439, 1390, 1442]","[1267, 474, 300]","[810, 1140, 530, 364, 893, 1596, 439, 1390, 1442]",3,9
m3glvq_k0_3_k1_9_eta_003,2,1620,405,0.5467956852791878,0.6875,0.55,0.6111111111111112,0.5506172839506173,42,"{0: 3, 1: 9}",150,0.03,[0.33333333 0.33333333 0.33333333],True,True,True,1.0,0.0,0.0,"[1541, 374, 1471, 664, 1139, 1599, 600, 531, 1067, 495, 87, 780]","[1541, 374, 1471]","[664, 1139, 1599, 600, 531, 1067, 495, 87, 780]",3,9
m3glvq_k0_3_k1_9_eta_003,3,1620,405,0.5856389986824769,0.6763285024154589,0.5833333333333334,0.6263982102908278,0.5876543209876544,42,"{0: 3, 1: 9}",150,0.03,[0.33333333 0.33333333 0.33333333],True,True,True,1.0,0.0,0.0,"[1536, 1065, 745, 637, 682, 1003, 313, 771, 1525, 763, 927, 1554]","[1536, 1065, 745]","[637, 682, 1003, 313, 771, 1525, 763, 927, 1554]",3,9
m3glvq_k0_3_k1_9_eta_003,4,1620,405,0.559508124725516,0.4927536231884058,0.5795454545454546,0.5326370757180157,0.5580246913580247,42,"{0: 3, 1: 9}",150,0.03,[0.33333333 0.33333333 0.33333333],True,True,True,1.0,0.0,0.0,"[1568, 617, 1474, 929, 237, 759, 34, 207, 1258, 1025, 1055, 976]","[1568, 617, 1474]","[929, 237, 759, 34, 207, 1258, 1025, 1055, 976]",3,9
m3glvq_k0_3_k1_10_eta_003,0,1620,405,0.5434766692698165,0.5336538461538461,0.5577889447236181,0.5454545454545454,0.5432098765432098,42,"{0: 3, 1: 10}",150,0.03,[0.33333333 0.33333333 0.33333333],True,True,True,1.0,0.0,0.0,"[500, 725, 254, 1562, 381, 1351, 194, 462, 29, 1083, 553, 147, 1398]","[500, 725, 254]","[1562, 381, 1351, 194, 462, 29, 1083, 553, 147, 1398]",3,10
m3glvq_k0_3_k1_10_eta_003,1,1620,405,0.5424028699726668,0.5721153846153846,0.5534883720930233,0.5626477541371158,0.5432098765432098,42,"{0: 3, 1: 10}",150,0.03,[0.33333333 0.33333333 0.33333333],True,True,True,1.0,0.0,0.0,"[474, 366, 498, 1583, 725, 1074, 232, 151, 442, 1078, 441, 810, 148]","[474, 366, 498]","[1583, 725, 1074, 232, 151, 442, 1078, 441, 810, 148]",3,10
m3glvq_k0_3_k1_10_eta_003,2,1620,405,0.5549467981257321,0.6682692307692307,0.5582329317269076,0.6083150984682713,0.5580246913580247,42,"{0: 3, 1: 10}",150,0.03,[0.33333333 0.33333333 0.33333333],True,True,True,1.0,0.0,0.0,"[1471, 1304, 374, 1380, 1455, 380, 139, 1063, 1565, 1187, 809, 373, 304]","[1471, 1304, 374]","[1380, 1455, 380, 139, 1063, 1565, 1187, 809, 373, 304]",3,10
m3glvq_k0_3_k1_10_eta_003,3,1620,405,0.5643390425999122,0.6135265700483091,0.5695067264573991,0.5906976744186047,0.5654320987654321,42,"{0: 3, 1: 10}",150,0.03,[0.33333333 0.33333333 0.33333333],True,True,True,1.0,0.0,0.0,"[745, 1536, 1065, 433, 1036, 1444, 763, 50, 143, 916, 1003, 849, 682]","[745, 1536, 1065]","[433, 1036, 1444, 763, 50, 143, 916, 1003, 849, 682]",3,10
m3glvq_k0_3_k1_10_eta_003,4,1620,405,0.541501976284585,0.5072463768115942,0.5555555555555556,0.5303030303030303,0.5407407407407407,42,"{0: 3, 1: 10}",150,0.03,[0.33333333 0.33333333 0.33333333],True,True,True,1.0,0.0,0.0,"[14, 1474, 499, 1443, 1557, 34, 1058, 207, 382, 1393, 1341, 759, 1025]","[14, 1474, 499]","[1443, 1557, 34, 1058, 207, 382, 1393, 1341, 759, 1025]",3,10
m3glvq_k0_4_k1_3_eta_003,0,1620,405,0.5505661850839516,0.4615384615384615,0.5748502994011976,0.512,0.5481481481481482,42,"{0: 4, 1: 3}",150,0.03,[0.33333333 0.33333333 0.33333333],True,True,True,1.0,0.0,0.0,"[1468, 906, 1333, 1035, 449, 1078, 348]","[1468, 906, 1333, 1035]","[449, 1078, 348]",4,3
m3glvq_k0_4_k1_3_eta_003,1,1620,405,0.5696749316673174,0.4134615384615384,0.6142857142857143,0.4942528735632184,0.5654320987654321,42,"{0: 4, 1: 3}",150,0.03,[0.33333333 0.33333333 0.33333333],True,True,True,1.0,0.0,0.0,"[1016, 880, 651, 1324, 429, 1442, 148]","[1016, 880, 651, 1324]","[429, 1442, 148]",4,3
m3glvq_k0_4_k1_3_eta_003,2,1620,405,0.5402796759078485,0.4663461538461538,0.5606936416184971,0.5091863517060368,0.5382716049382716,42,"{0: 4, 1: 3}",150,0.03,[0.33333333 0.33333333 0.33333333],True,True,True,1.0,0.0,0.0,"[132, 1005, 374, 1471, 87, 183, 1442]","[132, 1005, 374, 1471]","[87, 183, 1442]",4,3
m3glvq_k0_4_k1_3_eta_003,3,1620,405,0.5225076855511638,0.5652173913043478,0.5318181818181819,0.5480093676814988,0.5234567901234568,42,"{0: 4, 1: 3}",150,0.03,[0.33333333 0.33333333 0.33333333],True,True,True,0.0,1.0,0.0,"[1492, 957, 219, 985, 1419, 312, 682]","[1492, 957, 219, 985]","[1419, 312, 682]",4,3
m3glvq_k0_4_k1_3_eta_003,4,1620,405,0.5433684672815108,0.4251207729468599,0.567741935483871,0.4861878453038674,0.5407407407407407,42,"{0: 4, 1: 3}",150,0.03,[0.33333333 0.33333333 0.33333333],True,True,True,1.0,0.0,0.0,"[1048, 384, 809, 1044, 207, 631, 1025]","[1048, 384, 809, 1044]","[207, 631, 1025]",4,3
m3glvq_k0_4_k1_4_eta_003,0,1620,405,0.5291878172588833,0.5,0.5445026178010471,0.5213032581453634,0.528395061728395,42,"{0: 4, 1: 4}",150,0.03,[0.33333333 0.33333333 0.33333333],True,True,True,1.0,0.0,0.0,"[386, 771, 887, 97, 194, 1076, 1398, 837]","[386, 771, 887, 97]","[194, 1076, 1398, 837]",4,4
m3glvq_k0_4_k1_4_eta_003,1,1620,405,0.5807667903162828,0.3798076923076923,0.6475409836065574,0.4787878787878787,0.5753086419753086,42,"{0: 4, 1: 4}",150,0.03,[0.33333333 0.33333333 0.33333333],True,True,True,1.0,0.0,0.0,"[880, 111, 855, 585, 1431, 925, 596, 1562]","[880, 111, 855, 585]","[1431, 925, 596, 1562]",4,4
m3glvq_k0_4_k1_4_eta_003,2,1620,405,0.5664657360406091,0.4375,0.6026490066225165,0.5069637883008357,0.562962962962963,42,"{0: 4, 1: 4}",150,0.03,[0.33333333 0.33333333 0.33333333],True,True,True,1.0,0.0,0.0,"[1303, 374, 1503, 855, 158, 644, 604, 139]","[1303, 374, 1503, 855]","[158, 644, 604, 139]",4,4
m3glvq_k0_4_k1_4_eta_003,3,1620,405,0.5944224857268335,0.6231884057971014,0.6,0.6113744075829384,0.5950617283950618,42,"{0: 4, 1: 4}",150,0.03,[0.33333333 0.33333333 0.33333333],True,True,True,1.0,0.0,0.0,"[1483, 437, 1104, 1468, 1564, 856, 1355, 1525]","[1483, 437, 1104, 1468]","[1564, 856, 1355, 1525]",4,4
m3glvq_k0_4_k1_4_eta_003,4,1620,405,0.5766359244620114,0.5169082125603864,0.5977653631284916,0.5544041450777202,0.5753086419753086,42,"{0: 4, 1: 4}",150,0.03,[0.33333333 0.33333333 0.33333333],True,True,True,1.0,0.0,0.0,"[784, 901, 384, 233, 1025, 631, 207, 1092]","[784, 901, 384, 233]","[1025, 631, 207, 1092]",4,4
m3glvq_k0_4_k1_5_eta_003,0,1620,405,0.5488212612260837,0.5240384615384616,0.5647668393782384,0.5436408977556111,0.5481481481481482,42,"{0: 4, 1: 5}",150,0.03,[0.33333333 0.33333333 0.33333333],True,True,True,1.0,0.0,0.0,"[386, 254, 500, 1027, 1398, 164, 1076, 147, 194]","[386, 254, 500, 1027]","[1398, 164, 1076, 147, 194]",4,5
m3glvq_k0_4_k1_5_eta_003,1,1620,405,0.550981062085123,0.3557692307692308,0.5967741935483871,0.4457831325301205,0.5456790123456791,42,"{0: 4, 1: 5}",150,0.03,[0.33333333 0.33333333 0.33333333],True,True,True,1.0,0.0,0.0,"[366, 855, 1119, 1494, 1583, 725, 984, 724, 1140]","[366, 855, 1119, 1494]","[1583, 725, 984, 724, 1140]",4,5
m3glvq_k0_4_k1_5_eta_003,2,1620,405,0.5859649550956658,0.4663461538461538,0.6258064516129033,0.534435261707989,0.582716049382716,42,"{0: 4, 1: 5}",150,0.03,[0.33333333 0.33333333 0.33333333],True,True,True,1.0,0.0,0.0,"[966, 374, 188, 1454, 962, 1236, 1015, 978, 1565]","[966, 374, 188, 1454]","[962, 1236, 1015, 978, 1565]",4,5
m3glvq_k0_4_k1_5_eta_003,3,1620,405,0.5299736495388669,0.6811594202898551,0.5340909090909091,0.5987261146496815,0.5333333333333333,42,"{0: 4, 1: 5}",150,0.03,[0.33333333 0.33333333 0.33333333],True,True,True,0.0,1.0,0.0,"[219, 302, 1492, 279, 1489, 1285, 150, 771, 1136]","[219, 302, 1492, 279]","[1489, 1285, 150, 771, 1136]",4,5
m3glvq_k0_4_k1_5_eta_003,4,1620,405,0.5308519982433026,0.5314009661835749,0.541871921182266,0.5365853658536585,0.5308641975308642,42,"{0: 4, 1: 5}",150,0.03,[0.33333333 0.33333333 0.33333333],True,True,True,1.0,0.0,0.0,"[384, 901, 958, 1426, 207, 766, 1270, 631, 1025]","[384, 901, 958, 1426]","[207, 766, 1270, 631, 1025]",4,5
m3glvq_k0_4_k1_6_eta_003,0,1620,405,0.551090882467786,0.5336538461538461,0.5663265306122449,0.5495049504950494,0.5506172839506173,42,"{0: 4, 1: 6}",150,0.03,[0.33333333 0.33333333 0.33333333],True,True,True,1.0,0.0,0.0,"[386, 887, 1499, 906, 31, 178, 1252, 1038, 1140, 463]","[386, 887, 1499, 906]","[31, 178, 1252, 1038, 1140, 463]",4,6
m3glvq_k0_4_k1_6_eta_003,1,1620,405,0.5679300078094494,0.4759615384615384,0.5963855421686747,0.5294117647058822,0.5654320987654321,42,"{0: 4, 1: 6}",150,0.03,[0.33333333 0.33333333 0.33333333],True,True,True,1.0,0.0,0.0,"[880, 585, 961, 970, 442, 148, 1442, 1019, 373, 1618]","[880, 585, 961, 970]","[442, 148, 1442, 1019, 373, 1618]",4,6
m3glvq_k0_4_k1_6_eta_003,2,1620,405,0.5783385396329559,0.5576923076923077,0.5948717948717949,0.575682382133995,0.5777777777777777,42,"{0: 4, 1: 6}",150,0.03,[0.33333333 0.33333333 0.33333333],True,True,True,1.0,0.0,0.0,"[1011, 374, 1471, 105, 136, 1063, 723, 139, 962, 809]","[1011, 374, 1471, 105]","[136, 1063, 723, 139, 962, 809]",4,6
m3glvq_k0_4_k1_6_eta_003,3,1620,405,0.5988142292490118,0.6521739130434783,0.6,0.6250000000000001,0.6,42,"{0: 4, 1: 6}",150,0.03,[0.33333333 0.33333333 0.33333333],True,True,True,1.0,0.0,0.0,"[997, 437, 988, 1394, 475, 313, 1071, 766, 1525, 1564]","[997, 437, 988, 1394]","[475, 313, 1071, 766, 1525, 1564]",4,6
m3glvq_k0_4_k1_6_eta_003,4,1620,405,0.5659859464207291,0.5410628019323671,0.5803108808290155,0.5599999999999998,0.5654320987654321,42,"{0: 4, 1: 6}",150,0.03,[0.33333333 0.33333333 0.33333333],True,True,True,1.0,0.0,0.0,"[657, 1044, 259, 384, 1270, 718, 1102, 758, 1368, 92]","[657, 1044, 259, 384]","[1270, 718, 1102, 758, 1368, 92]",4,6
m3glvq_k0_4_k1_7_eta_003,0,1620,405,0.529578289730574,0.5769230769230769,0.5405405405405406,0.5581395348837209,0.5308641975308642,42,"{0: 4, 1: 7}",150,0.03,[0.33333333 0.33333333 0.33333333],True,True,True,1.0,0.0,0.0,"[1499, 386, 771, 1468, 668, 1091, 745, 1132, 164, 418, 194]","[1499, 386, 771, 1468]","[668, 1091, 745, 1132, 164, 418, 194]",4,7
m3glvq_k0_4_k1_7_eta_003,1,1620,405,0.6130661850839516,0.5865384615384616,0.6321243523316062,0.6084788029925187,0.6123456790123457,42,"{0: 4, 1: 7}",150,0.03,[0.33333333 0.33333333 0.33333333],True,True,True,1.0,0.0,0.0,"[98, 870, 366, 1006, 729, 1029, 439, 1250, 1544, 1137, 1078]","[98, 870, 366, 1006]","[729, 1029, 439, 1250, 1544, 1137, 1078]",4,7
m3glvq_k0_4_k1_7_eta_003,2,1620,405,0.5673809058961343,0.5865384615384616,0.5781990521327014,0.5823389021479713,0.5679012345679012,42,"{0: 4, 1: 7}",150,0.03,[0.33333333 0.33333333 0.33333333],True,True,True,1.0,0.0,0.0,"[1005, 1471, 374, 955, 174, 139, 1025, 1007, 353, 962, 1565]","[1005, 1471, 374, 955]","[174, 139, 1025, 1007, 353, 962, 1565]",4,7
m3glvq_k0_4_k1_7_eta_003,3,1620,405,0.5700483091787439,0.4734299516908212,0.5975609756097561,0.5283018867924528,0.5679012345679012,42,"{0: 4, 1: 7}",150,0.03,[0.33333333 0.33333333 0.33333333],True,True,True,1.0,0.0,0.0,"[139, 1268, 1468, 619, 1544, 194, 1036, 1008, 1416, 1262, 468]","[139, 1268, 1468, 619]","[1544, 194, 1036, 1008, 1416, 1262, 468]",4,7
m3glvq_k0_4_k1_7_eta_003,4,1620,405,0.5943126921387791,0.5169082125603864,0.622093023255814,0.5646437994722956,0.5925925925925926,42,"{0: 4, 1: 7}",150,0.03,[0.33333333 0.33333333 0.33333333],True,True,True,1.0,0.0,0.0,"[501, 403, 1474, 104, 760, 1025, 1270, 1083, 631, 1007, 1477]","[501, 403, 1474, 104]","[760, 1025, 1270, 1083, 631, 1007, 1477]",4,7
m3glvq_k0_4_k1_8_eta_003,0,1620,405,0.5465394377196408,0.6057692307692307,0.5550660792951542,0.5793103448275861,0.5481481481481482,42,"{0: 4, 1: 8}",150,0.03,[0.33333333 0.33333333 0.33333333],True,True,True,1.0,0.0,0.0,"[771, 500, 254, 386, 1398, 1132, 976, 1095, 179, 668, 553, 1076]","[771, 500, 254, 386]","[1398, 1132, 976, 1095, 179, 668, 553, 1076]",4,8
m3glvq_k0_4_k1_8_eta_003,1,1620,405,0.5587050956657555,0.5336538461538461,0.5751295336787565,0.5536159600997508,0.5580246913580247,42,"{0: 4, 1: 8}",150,0.03,[0.33333333 0.33333333 0.33333333],True,True,True,1.0,0.0,0.0,"[366, 498, 447, 870, 724, 442, 342, 1019, 148, 521, 1108, 1442]","[366, 498, 447, 870]","[724, 442, 342, 1019, 148, 521, 1108, 1442]",4,8
m3glvq_k0_4_k1_8_eta_003,2,1620,405,0.5755198164779383,0.6586538461538461,0.5780590717299579,0.6157303370786518,0.5777777777777777,42,"{0: 4, 1: 8}",150,0.03,[0.33333333 0.33333333 0.33333333],True,True,True,1.0,0.0,0.0,"[1471, 374, 105, 922, 1139, 723, 604, 664, 26, 220, 1076, 962]","[1471, 374, 105, 922]","[1139, 723, 604, 664, 26, 220, 1076, 962]",4,8
m3glvq_k0_4_k1_8_eta_003,3,1620,405,0.5393061045234958,0.4927536231884058,0.5543478260869565,0.5217391304347826,0.5382716049382716,42,"{0: 4, 1: 8}",150,0.03,[0.33333333 0.33333333 0.33333333],True,True,True,1.0,0.0,0.0,"[631, 997, 14, 504, 143, 1003, 1544, 682, 194, 50, 843, 468]","[631, 997, 14, 504]","[143, 1003, 1544, 682, 194, 50, 843, 468]",4,8
m3glvq_k0_4_k1_8_eta_003,4,1620,405,0.5568730786122091,0.6086956521739131,0.5625,0.5846867749419954,0.5580246913580247,42,"{0: 4, 1: 8}",150,0.03,[0.33333333 0.33333333 0.33333333],True,True,True,1.0,0.0,0.0,"[403, 384, 784, 1013, 49, 465, 1025, 349, 207, 31, 1495, 1102]","[403, 384, 784, 1013]","[49, 465, 1025, 349, 207, 31, 1495, 1102]",4,8
m3glvq_k0_4_k1_9_eta_003,0,1620,405,0.539462124170246,0.5865384615384616,0.5495495495495496,0.5674418604651164,0.5407407407407407,42,"{0: 4, 1: 9}",150,0.03,[0.33333333 0.33333333 0.33333333],True,True,True,1.0,0.0,0.0,"[386, 419, 254, 1027, 194, 463, 381, 1566, 5, 309, 61, 1132, 75]","[386, 419, 254, 1027]","[194, 463, 381, 1566, 5, 309, 61, 1132, 75]",4,9
m3glvq_k0_4_k1_9_eta_003,1,1620,405,0.518242385786802,0.4375,0.5352941176470588,0.4814814814814815,0.5160493827160494,42,"{0: 4, 1: 9}",150,0.03,[0.33333333 0.33333333 0.33333333],True,True,True,1.0,0.0,0.0,"[498, 226, 288, 366, 786, 1318, 823, 364, 145, 201, 148, 1250, 167]","[498, 226, 288, 366]","[786, 1318, 823, 364, 145, 201, 148, 1250, 167]",4,9
m3glvq_k0_4_k1_9_eta_003,2,1620,405,0.539205876610699,0.5048076923076923,0.5555555555555556,0.5289672544080605,0.5382716049382716,42,"{0: 4, 1: 9}",150,0.03,[0.33333333 0.33333333 0.33333333],True,True,True,1.0,0.0,0.0,"[374, 588, 855, 794, 531, 978, 1117, 528, 664, 1442, 1015, 1231, 1427]","[374, 588, 855, 794]","[531, 978, 1117, 528, 664, 1442, 1015, 1231, 1427]",4,9
m3glvq_k0_4_k1_9_eta_003,3,1620,405,0.4957180500658761,0.5217391304347826,0.5070422535211268,0.5142857142857142,0.4962962962962963,42,"{0: 4, 1: 9}",150,0.03,[0.33333333 0.33333333 0.33333333],True,True,True,0.0,1.0,0.0,"[964, 482, 1020, 1241, 194, 1544, 1519, 453, 1003, 867, 1554, 1041, 931]","[964, 482, 1020, 1241]","[194, 1544, 1519, 453, 1003, 867, 1554, 1041, 931]",4,9
m3glvq_k0_4_k1_9_eta_003,4,1620,405,0.569828722002635,0.5942028985507246,0.5774647887323944,0.5857142857142856,0.5703703703703704,42,"{0: 4, 1: 9}",150,0.03,[0.33333333 0.33333333 0.33333333],True,True,True,1.0,0.0,0.0,"[1474, 384, 501, 104, 151, 152, 1167, 1220, 631, 1270, 1477, 1064, 997]","[1474, 384, 501, 104]","[151, 152, 1167, 1220, 631, 1270, 1477, 1064, 997]",4,9
m3glvq_k0_4_k1_10_eta_003,0,1620,405,0.5180837563451777,0.625,0.5284552845528455,0.5726872246696035,0.5209876543209877,42,"{0: 4, 1: 10}",150,0.03,[0.33333333 0.33333333 0.33333333],True,True,True,1.0,0.0,0.0,"[1537, 386, 1333, 254, 668, 234, 1398, 65, 1132, 976, 463, 1042, 5, 1447]","[1537, 386, 1333, 254]","[668, 234, 1398, 65, 1132, 976, 463, 1042, 5, 1447]",4,10
m3glvq_k0_4_k1_10_eta_003,1,1620,405,0.5819504099960953,0.5192307692307693,0.6067415730337079,0.5595854922279794,0.5802469135802469,42,"{0: 4, 1: 10}",150,0.03,[0.33333333 0.33333333 0.33333333],True,True,True,1.0,0.0,0.0,"[741, 970, 366, 1494, 148, 724, 167, 1349, 725, 52, 734, 607, 1029, 442]","[741, 970, 366, 1494]","[148, 724, 167, 1349, 725, 52, 734, 607, 1029, 442]",4,10
m3glvq_k0_4_k1_10_eta_003,2,1620,405,0.5514813549394768,0.6105769230769231,0.5594713656387665,0.5839080459770116,0.5530864197530864,42,"{0: 4, 1: 10}",150,0.03,[0.33333333 0.33333333 0.33333333],True,True,True,1.0,0.0,0.0,"[1005, 794, 374, 1471, 723, 1320, 962, 448, 780, 664, 87, 174, 236, 183]","[1005, 794, 374, 1471]","[723, 1320, 962, 448, 780, 664, 87, 174, 236, 183]",4,10
m3glvq_k0_4_k1_10_eta_003,3,1620,405,0.5273386034255599,0.5748792270531401,0.536036036036036,0.5547785547785548,0.528395061728395,42,"{0: 4, 1: 10}",150,0.03,[0.33333333 0.33333333 0.33333333],True,True,True,1.0,0.0,0.0,"[223, 1134, 1025, 14, 1108, 701, 1087, 1041, 1544, 50, 763, 1215, 1482, 682]","[223, 1134, 1025, 14]","[1108, 701, 1087, 1041, 1544, 50, 763, 1215, 1482, 682]",4,10
m3glvq_k0_4_k1_10_eta_003,4,1620,405,0.5591787439613527,0.7294685990338164,0.5551470588235294,0.6304801670146137,0.562962962962963,42,"{0: 4, 1: 10}",150,0.03,[0.33333333 0.33333333 0.33333333],True,True,True,0.0,1.0,0.0,"[229, 882, 605, 1250, 31, 486, 451, 1489, 946, 917, 1099, 1309, 1238, 309]","[229, 882, 605, 1250]","[31, 486, 451, 1489, 946, 917, 1099, 1309, 1238, 309]",4,10
m3glvq_k0_5_k1_3_eta_003,0,1620,405,0.4970348496680983,0.1971153846153846,0.5061728395061729,0.2837370242214533,0.4888888888888889,42,"{0: 5, 1: 3}",150,0.03,[0.33333333 0.33333333 0.33333333],True,True,True,1.0,0.0,0.0,"[1348, 771, 615, 419, 1537, 806, 194, 1076]","[1348, 771, 615, 419, 1537]","[806, 194, 1076]",5,3
m3glvq_k0_5_k1_3_eta_003,1,1620,405,0.5959830144474815,0.4711538461538461,0.6405228758169934,0.5429362880886426,0.5925925925925926,42,"{0: 5, 1: 3}",150,0.03,[0.33333333 0.33333333 0.33333333],True,True,True,1.0,0.0,0.0,"[498, 111, 651, 1580, 1324, 439, 1216, 1442]","[498, 111, 651, 1580, 1324]","[439, 1216, 1442]",5,3
m3glvq_k0_5_k1_3_eta_003,2,1620,405,0.5421466224131198,0.4903846153846153,0.5604395604395604,0.523076923076923,0.5407407407407407,42,"{0: 5, 1: 3}",150,0.03,[0.33333333 0.33333333 0.33333333],True,True,True,1.0,0.0,0.0,"[993, 1471, 1328, 835, 1163, 495, 821, 604]","[993, 1471, 1328, 835, 1163]","[495, 821, 604]",5,3
m3glvq_k0_5_k1_3_eta_003,3,1620,405,0.5255819060166886,0.2077294685990338,0.581081081081081,0.3060498220640569,0.5185185185185185,42,"{0: 5, 1: 3}",150,0.03,[0.33333333 0.33333333 0.33333333],True,True,True,0.0,1.0,0.0,"[155, 482, 1078, 1492, 964, 682, 165, 350]","[155, 482, 1078, 1492, 964]","[682, 165, 350]",5,3
m3glvq_k0_5_k1_3_eta_003,4,1620,405,0.5524813350900307,0.357487922705314,0.5967741935483871,0.4471299093655589,0.5481481481481482,42,"{0: 5, 1: 3}",150,0.03,[0.33333333 0.33333333 0.33333333],True,True,True,1.0,0.0,0.0,"[1013, 623, 384, 499, 223, 631, 1025, 1587]","[1013, 623, 384, 499, 223]","[631, 1025, 1587]",5,3
m3glvq_k0_5_k1_4_eta_003,0,1620,405,0.546551639984381,0.5144230769230769,0.5631578947368421,0.5376884422110553,0.5456790123456791,42,"{0: 5, 1: 4}",150,0.03,[0.33333333 0.33333333 0.33333333],True,True,True,1.0,0.0,0.0,"[386, 1035, 213, 97, 887, 1447, 194, 668, 837]","[386, 1035, 213, 97, 887]","[1447, 194, 668, 837]",5,4
m3glvq_k0_5_k1_4_eta_003,1,1620,405,0.5381564818430301,0.3605769230769231,0.5725190839694656,0.4424778761061946,0.5333333333333333,42,"{0: 5, 1: 4}",150,0.03,[0.33333333 0.33333333 0.33333333],True,True,True,1.0,0.0,0.0,"[741, 453, 474, 288, 855, 1442, 201, 1431, 644]","[741, 453, 474, 288, 855]","[1442, 201, 1431, 644]",5,4
m3glvq_k0_5_k1_4_eta_003,2,1620,405,0.5660508590394377,0.5432692307692307,0.5824742268041238,0.5621890547263682,0.5654320987654321,42,"{0: 5, 1: 4}",150,0.03,[0.33333333 0.33333333 0.33333333],True,True,True,1.0,0.0,0.0,"[1471, 105, 421, 374, 1542, 1565, 1431, 604, 821]","[1471, 105, 421, 374, 1542]","[1565, 1431, 604, 821]",5,4
m3glvq_k0_5_k1_4_eta_003,3,1620,405,0.5548967940272289,0.5845410628019324,0.5627906976744186,0.5734597156398104,0.5555555555555556,42,"{0: 5, 1: 4}",150,0.03,[0.33333333 0.33333333 0.33333333],True,True,True,1.0,0.0,0.0,"[482, 1468, 1381, 561, 504, 682, 1082, 194, 840]","[482, 1468, 1381, 561, 504]","[682, 1082, 194, 840]",5,4
m3glvq_k0_5_k1_4_eta_003,4,1620,405,0.5494071146245059,0.3816425120772946,0.5851851851851851,0.4619883040935672,0.5456790123456791,42,"{0: 5, 1: 4}",150,0.03,[0.33333333 0.33333333 0.33333333],True,True,True,1.0,0.0,0.0,"[617, 188, 1503, 403, 901, 681, 631, 207, 1443]","[617, 188, 1503, 403, 901]","[681, 631, 207, 1443]",5,4
m3glvq_k0_5_k1_5_eta_003,0,1620,405,0.5400112260835611,0.4759615384615384,0.559322033898305,0.5142857142857142,0.5382716049382716,42,"{0: 5, 1: 5}",150,0.03,[0.33333333 0.33333333 0.33333333],True,True,True,1.0,0.0,0.0,"[771, 1499, 1414, 386, 887, 1423, 1398, 1447, 178, 1562]","[771, 1499, 1414, 386, 887]","[1423, 1398, 1447, 178, 1562]",5,5
m3glvq_k0_5_k1_5_eta_003,1,1620,405,0.578448360015619,0.7355769230769231,0.5730337078651685,0.6442105263157895,0.582716049382716,42,"{0: 5, 1: 5}",150,0.03,[0.33333333 0.33333333 0.33333333],True,True,True,0.0,0.9940330044204362,0.0059669955795637,"[1345, 277, 1219, 1517, 1494, 1370, 1054, 1078, 77, 170]","[1345, 277, 1219, 1517, 1494]","[1370, 1054, 1078, 77, 170]",5,5
m3glvq_k0_5_k1_5_eta_003,2,1620,405,0.5402796759078485,0.4663461538461538,0.5606936416184971,0.5091863517060368,0.5382716049382716,42,"{0: 5, 1: 5}",150,0.03,[0.33333333 0.33333333 0.33333333],True,True,True,1.0,0.0,0.0,"[993, 549, 1471, 955, 1387, 1007, 139, 597, 604, 723]","[993, 549, 1471, 955, 1387]","[1007, 139, 597, 604, 723]",5,5
m3glvq_k0_5_k1_5_eta_003,3,1620,405,0.5207509881422925,0.3091787439613526,0.5470085470085471,0.3950617283950617,0.5160493827160494,42,"{0: 5, 1: 5}",150,0.03,[0.33333333 0.33333333 0.33333333],True,True,True,0.0,1.0,0.0,"[1241, 964, 1149, 1536, 482, 25, 165, 350, 771, 194]","[1241, 964, 1149, 1536, 482]","[25, 165, 350, 771, 194]",5,5
m3glvq_k0_5_k1_5_eta_003,4,1620,405,0.5646684233640755,0.4879227053140096,0.5872093023255814,0.5329815303430079,0.562962962962963,42,"{0: 5, 1: 5}",150,0.03,[0.33333333 0.33333333 0.33333333],True,True,True,1.0,0.0,0.0,"[1474, 623, 68, 1315, 104, 631, 759, 760, 1167, 71]","[1474, 623, 68, 1315, 104]","[631, 759, 760, 1167, 71]",5,5
m3glvq_k0_5_k1_6_eta_003,0,1620,405,0.5074311792268645,0.3701923076923077,0.5238095238095238,0.4338028169014084,0.5037037037037037,42,"{0: 5, 1: 6}",150,0.03,[0.33333333 0.33333333 0.33333333],True,True,True,1.0,0.0,0.0,"[1426, 1385, 1099, 1204, 254, 164, 194, 1155, 957, 668, 1039]","[1426, 1385, 1099, 1204, 254]","[164, 194, 1155, 957, 668, 1039]",5,6
m3glvq_k0_5_k1_6_eta_003,1,1620,405,0.5568381491604841,0.5096153846153846,0.5760869565217391,0.5408163265306122,0.5555555555555556,42,"{0: 5, 1: 6}",150,0.03,[0.33333333 0.33333333 0.33333333],True,True,True,0.758637112547749,0.241362887452251,0.0,"[1119, 1204, 226, 741, 543, 201, 644, 145, 725, 734, 1029]","[1119, 1204, 226, 741, 543]","[201, 644, 145, 725, 734, 1029]",5,6
m3glvq_k0_5_k1_6_eta_003,2,1620,405,0.5321529675907848,0.3028846153846153,0.5727272727272728,0.3962264150943395,0.5259259259259259,42,"{0: 5, 1: 6}",150,0.03,[0.33333333 0.33333333 0.33333333],True,True,True,0.0,1.0,0.0,"[694, 1196, 18, 374, 991, 894, 335, 1431, 1398, 962, 829]","[694, 1196, 18, 374, 991]","[894, 335, 1431, 1398, 962, 829]",5,6
m3glvq_k0_5_k1_6_eta_003,3,1620,405,0.4796881862099253,0.3381642512077294,0.4827586206896552,0.3977272727272727,0.4765432098765432,42,"{0: 5, 1: 6}",150,0.03,[0.33333333 0.33333333 0.33333333],True,True,True,0.0,1.0,0.0,"[219, 482, 964, 1415, 1492, 1377, 483, 771, 1560, 25, 194]","[219, 482, 964, 1415, 1492]","[1377, 483, 771, 1560, 25, 194]",5,6
m3glvq_k0_5_k1_6_eta_003,4,1620,405,0.5694993412384717,0.4975845410628019,0.5919540229885057,0.5406824146981628,0.5679012345679012,42,"{0: 5, 1: 6}",150,0.03,[0.33333333 0.33333333 0.33333333],True,True,True,1.0,0.0,0.0,"[623, 1474, 501, 921, 1278, 1167, 377, 368, 1025, 1270, 1368]","[623, 1474, 501, 921, 1278]","[1167, 377, 368, 1025, 1270, 1368]",5,6
m3glvq_k0_5_k1_7_eta_003,0,1620,405,0.5203899843811012,0.3605769230769231,0.5434782608695652,0.4335260115606936,0.5160493827160494,42,"{0: 5, 1: 7}",150,0.03,[0.33333333 0.33333333 0.33333333],True,True,True,1.0,0.0,0.0,"[386, 1333, 254, 1035, 1578, 668, 1076, 260, 164, 418, 194, 1039]","[386, 1333, 254, 1035, 1578]","[668, 1076, 260, 164, 418, 194, 1039]",5,7
m3glvq_k0_5_k1_7_eta_003,1,1620,405,0.521585806325654,0.4086538461538461,0.5414012738853503,0.4657534246575343,0.5185185185185185,42,"{0: 5, 1: 7}",150,0.03,[0.33333333 0.33333333 0.33333333],True,True,True,0.0,1.0,0.0,"[1386, 1062, 277, 1494, 1204, 207, 821, 1238, 26, 1490, 211, 427]","[1386, 1062, 277, 1494, 1204]","[207, 821, 1238, 26, 1490, 211, 427]",5,7
m3glvq_k0_5_k1_7_eta_003,2,1620,405,0.5469665169855524,0.4086538461538461,0.5782312925170068,0.4788732394366197,0.5432098765432098,42,"{0: 5, 1: 7}",150,0.03,[0.33333333 0.33333333 0.33333333],True,True,True,1.0,0.0,0.0,"[1471, 374, 1229, 1541, 873, 136, 1057, 174, 821, 910, 978, 1007]","[1471, 374, 1229, 1541, 873]","[136, 1057, 174, 821, 910, 978, 1007]",5,7
m3glvq_k0_5_k1_7_eta_003,3,1620,405,0.5722441809398331,0.5990338164251208,0.5794392523364486,0.5890736342042755,0.5728395061728395,42,"{0: 5, 1: 7}",150,0.03,[0.33333333 0.33333333 0.33333333],True,True,True,1.0,0.0,0.0,"[504, 482, 1468, 110, 24, 979, 1444, 1425, 840, 143, 165, 471]","[504, 482, 1468, 110, 24]","[979, 1444, 1425, 840, 143, 165, 471]",5,7
m3glvq_k0_5_k1_7_eta_003,4,1620,405,0.542709705753184,0.3429951690821256,0.5819672131147541,0.43161094224924,0.5382716049382716,42,"{0: 5, 1: 7}",150,0.03,[0.33333333 0.33333333 0.33333333],True,True,True,1.0,0.0,0.0,"[384, 1474, 1252, 418, 116, 758, 1167, 92, 349, 762, 1102, 759]","[384, 1474, 1252, 418, 116]","[758, 1167, 92, 349, 762, 1102, 759]",5,7
m3glvq_k0_5_k1_8_eta_003,0,1620,405,0.5338612846544318,0.5144230769230769,0.5487179487179488,0.5310173697270472,0.5333333333333333,42,"{0: 5, 1: 8}",150,0.03,[0.33333333 0.33333333 0.33333333],True,True,True,1.0,0.0,0.0,"[570, 422, 386, 1499, 254, 1447, 65, 862, 381, 194, 5, 1398, 668]","[570, 422, 386, 1499, 254]","[1447, 65, 862, 381, 194, 5, 1398, 668]",5,8
m3glvq_k0_5_k1_8_eta_003,1,1620,405,0.5617922686450605,0.4230769230769231,0.5986394557823129,0.4957746478873239,0.5580246913580247,42,"{0: 5, 1: 8}",150,0.03,[0.33333333 0.33333333 0.33333333],True,True,True,1.0,0.0,0.0,"[953, 1324, 1016, 880, 187, 449, 151, 1140, 76, 1390, 1060, 233, 80]","[953, 1324, 1016, 880, 187]","[449, 151, 1140, 76, 1390, 1060, 233, 80]",5,8
m3glvq_k0_5_k1_8_eta_003,2,1620,405,0.5609625146427177,0.6346153846153846,0.5665236051502146,0.598639455782313,0.562962962962963,42,"{0: 5, 1: 8}",150,0.03,[0.33333333 0.33333333 0.33333333],True,True,True,0.0,1.0,0.0,"[1357, 694, 215, 1503, 838, 205, 75, 158, 1059, 868, 730, 962, 1071]","[1357, 694, 215, 1503, 838]","[205, 75, 158, 1059, 868, 730, 962, 1071]",5,8
m3glvq_k0_5_k1_8_eta_003,3,1620,405,0.5075757575757576,0.6666666666666666,0.5168539325842697,0.5822784810126582,0.5111111111111111,42,"{0: 5, 1: 8}",150,0.03,[0.33333333 0.33333333 0.33333333],True,True,True,0.0,1.0,0.0,"[440, 964, 155, 340, 58, 150, 1343, 249, 766, 904, 968, 370, 1084]","[440, 964, 155, 340, 58]","[150, 1343, 249, 766, 904, 968, 370, 1084]",5,8
m3glvq_k0_5_k1_8_eta_003,4,1620,405,0.5496267018006149,0.5942028985507246,0.5565610859728507,0.5747663551401869,0.5506172839506173,42,"{0: 5, 1: 8}",150,0.03,[0.33333333 0.33333333 0.33333333],True,True,True,1.0,0.0,0.0,"[1044, 259, 499, 384, 657, 1364, 1108, 151, 1194, 349, 997, 1025, 1097]","[1044, 259, 499, 384, 657]","[1364, 1108, 151, 1194, 349, 997, 1025, 1097]",5,8
m3glvq_k0_5_k1_9_eta_003,0,1620,405,0.5303958414681765,0.4567307692307692,0.5491329479768786,0.4986876640419946,0.528395061728395,42,"{0: 5, 1: 9}",150,0.03,[0.33333333 0.33333333 0.33333333],True,True,True,1.0,0.0,0.0,"[386, 1348, 771, 1499, 574, 951, 976, 553, 745, 504, 1160, 431, 463, 604]","[386, 1348, 771, 1499, 574]","[951, 976, 553, 745, 504, 1160, 431, 463, 604]",5,9
m3glvq_k0_5_k1_9_eta_003,1,1620,405,0.5509566575556424,0.5384615384615384,0.5656565656565656,0.5517241379310345,0.5506172839506173,42,"{0: 5, 1: 9}",150,0.03,[0.33333333 0.33333333 0.33333333],True,True,True,1.0,0.0,0.0,"[1494, 741, 870, 366, 1395, 1318, 1443, 1433, 221, 145, 1442, 201, 984, 359]","[1494, 741, 870, 366, 1395]","[1318, 1443, 1433, 221, 145, 1442, 201, 984, 359]",5,9
m3glvq_k0_5_k1_9_eta_003,2,1620,405,0.5814257126122608,0.4471153846153846,0.6241610738255033,0.5210084033613445,0.5777777777777777,42,"{0: 5, 1: 9}",150,0.03,[0.33333333 0.33333333 0.33333333],True,True,True,1.0,0.0,0.0,"[1541, 1471, 1229, 105, 374, 1431, 1063, 962, 723, 1392, 486, 368, 1490, 978]","[1541, 1471, 1229, 105, 374]","[1431, 1063, 962, 723, 1392, 486, 368, 1490, 978]",5,9
m3glvq_k0_5_k1_9_eta_003,3,1620,405,0.5320597277119017,0.4782608695652174,0.5469613259668509,0.5103092783505155,0.5308641975308642,42,"{0: 5, 1: 9}",150,0.03,[0.33333333 0.33333333 0.33333333],True,True,True,0.0,1.0,0.0,"[964, 1149, 482, 1020, 1241, 1003, 162, 143, 771, 25, 194, 165, 1489, 632]","[964, 1149, 482, 1020, 1241]","[1003, 162, 143, 771, 25, 194, 165, 1489, 632]",5,9
m3glvq_k0_5_k1_9_eta_003,4,1620,405,0.5405138339920948,0.4396135265700483,0.5617283950617284,0.4932249322493225,0.5382716049382716,42,"{0: 5, 1: 9}",150,0.03,[0.33333333 0.33333333 0.33333333],True,True,True,1.0,0.0,0.0,"[1252, 1474, 403, 104, 384, 674, 1557, 758, 151, 681, 1175, 971, 550, 766]","[1252, 1474, 403, 104, 384]","[674, 1557, 758, 151, 681, 1175, 971, 550, 766]",5,9
m3glvq_k0_5_k1_10_eta_003,0,1620,405,0.5843542561499415,0.5240384615384616,0.6089385474860335,0.5633074935400517,0.582716049382716,42,"{0: 5, 1: 10}",150,0.03,[0.33333333 0.33333333 0.33333333],True,True,True,1.0,0.0,0.0,"[1035, 1385, 1468, 97, 1204, 85, 147, 1067, 1087, 581, 1039, 1076, 607, 394, 462]","[1035, 1385, 1468, 97, 1204]","[85, 147, 1067, 1087, 581, 1039, 1076, 607, 394, 462]",5,10
m3glvq_k0_5_k1_10_eta_003,1,1620,405,0.5420123975009762,0.4951923076923077,0.5597826086956522,0.5255102040816327,0.5407407407407407,42,"{0: 5, 1: 10}",150,0.03,[0.33333333 0.33333333 0.33333333],True,True,True,1.0,0.0,0.0,"[1494, 498, 970, 543, 620, 47, 984, 52, 664, 724, 1173, 1250, 233, 184, 1022]","[1494, 498, 970, 543, 620]","[47, 984, 52, 664, 724, 1173, 1250, 233, 184, 1022]",5,10
m3glvq_k0_5_k1_10_eta_003,2,1620,405,0.5655261616556033,0.4711538461538461,0.593939393939394,0.5254691689008043,0.562962962962963,42,"{0: 5, 1: 10}",150,0.03,[0.33333333 0.33333333 0.33333333],True,True,True,1.0,0.0,0.0,"[993, 374, 1471, 542, 588, 962, 381, 1209, 486, 723, 368, 891, 174, 1083, 446]","[993, 374, 1471, 542, 588]","[962, 381, 1209, 486, 723, 368, 891, 174, 1083, 446]",5,10
m3glvq_k0_5_k1_10_eta_003,3,1620,405,0.562143170838823,0.4879227053140096,0.5838150289017341,0.531578947368421,0.5604938271604938,42,"{0: 5, 1: 10}",150,0.03,[0.33333333 0.33333333 0.33333333],True,True,True,1.0,0.0,0.0,"[97, 1536, 407, 1468, 482, 856, 763, 701, 766, 1008, 1482, 1097, 1544, 817, 1036]","[97, 1536, 407, 1468, 482]","[856, 763, 701, 766, 1008, 1482, 1097, 1544, 817, 1036]",5,10
m3glvq_k0_5_k1_10_eta_003,4,1620,405,0.5587395696091348,0.5265700483091788,0.5736842105263158,0.54911838790932,0.5580246913580247,42,"{0: 5, 1: 10}",150,0.03,[0.33333333 0.33333333 0.33333333],True,True,True,1.0,0.0,0.0,"[403, 617, 499, 1048, 1013, 285, 636, 1025, 1395, 1364, 1108, 1258, 31, 550, 674]","[403, 617, 499, 1048, 1013]","[285, 636, 1025, 1395, 1364, 1108, 1258, 31, 550, 674]",5,10
m3glvq_k0_6_k1_3_eta_003,0,1620,405,0.5061133346349083,0.235576923076923,0.5268817204301075,0.3255813953488372,0.4987654320987654,42,"{0: 6, 1: 3}",150,0.03,[0.33333333 0.33333333 0.33333333],True,True,True,1.0,0.0,0.0,"[1204, 1426, 1468, 985, 97, 1385, 194, 806, 626]","[1204, 1426, 1468, 985, 97, 1385]","[194, 806, 626]",6,3
m3glvq_k0_6_k1_3_eta_003,1,1620,405,0.5276137251073799,0.2836538461538461,0.5673076923076923,0.3782051282051281,0.5209876543209877,42,"{0: 6, 1: 3}",150,0.03,[0.33333333 0.33333333 0.33333333],True,True,True,1.0,0.0,0.0,"[1229, 366, 1324, 1494, 870, 470, 692, 201, 1442]","[1229, 366, 1324, 1494, 870, 470]","[692, 201, 1442]",6,3
m3glvq_k0_6_k1_3_eta_003,2,1620,405,0.5487114408434206,0.3461538461538461,0.5950413223140496,0.4376899696048632,0.5432098765432098,42,"{0: 6, 1: 3}",150,0.03,[0.33333333 0.33333333 0.33333333],True,True,True,1.0,0.0,0.0,"[1471, 873, 374, 329, 105, 1011, 604, 139, 404]","[1471, 873, 374, 329, 105, 1011]","[604, 139, 404]",6,3
m3glvq_k0_6_k1_3_eta_003,3,1620,405,0.5069169960474309,0.5845410628019324,0.5170940170940171,0.5487528344671202,0.508641975308642,42,"{0: 6, 1: 3}",150,0.03,[0.33333333 0.33333333 0.33333333],True,True,True,0.0,1.0,0.0,"[1020, 219, 1149, 964, 340, 65, 276, 1489, 150]","[1020, 219, 1149, 964, 340, 65]","[276, 1489, 150]",6,3
m3glvq_k0_6_k1_3_eta_003,4,1620,405,0.5444664031620553,0.2657004830917874,0.6111111111111112,0.3703703703703704,0.5382716049382716,42,"{0: 6, 1: 3}",150,0.03,[0.33333333 0.33333333 0.33333333],True,True,True,1.0,0.0,0.0,"[605, 124, 384, 233, 784, 901, 207, 818, 759]","[605, 124, 384, 233, 784, 901]","[207, 818, 759]",6,3
m3glvq_k0_6_k1_4_eta_003,0,1620,405,0.5314696407653261,0.4182692307692308,0.554140127388535,0.4767123287671233,0.528395061728395,42,"{0: 6, 1: 4}",150,0.03,[0.33333333 0.33333333 0.33333333],True,True,True,1.0,0.0,0.0,"[1200, 549, 526, 386, 502, 739, 837, 309, 1076, 473]","[1200, 549, 526, 386, 502, 739]","[837, 309, 1076, 473]",6,4
m3glvq_k0_6_k1_4_eta_003,1,1620,405,0.5135811206559937,0.3317307692307692,0.5348837209302325,0.4094955489614242,0.508641975308642,42,"{0: 6, 1: 4}",150,0.03,[0.33333333 0.33333333 0.33333333],True,True,True,1.0,0.0,0.0,"[37, 117, 1229, 111, 498, 366, 984, 1442, 821, 201]","[37, 117, 1229, 111, 498, 366]","[984, 1442, 821, 201]",6,4
m3glvq_k0_6_k1_4_eta_003,2,1620,405,0.5122510737992971,0.2884615384615384,0.5357142857142857,0.3749999999999999,0.5061728395061729,42,"{0: 6, 1: 4}",150,0.03,[0.33333333 0.33333333 0.33333333],True,True,True,1.0,0.0,0.0,"[400, 1328, 126, 1005, 1471, 152, 1057, 1015, 447, 60]","[400, 1328, 126, 1005, 1471, 152]","[1057, 1015, 447, 60]",6,4
m3glvq_k0_6_k1_4_eta_003,3,1620,405,0.530961791831357,0.6376811594202898,0.5365853658536586,0.5827814569536424,0.5333333333333333,42,"{0: 6, 1: 4}",150,0.03,[0.33333333 0.33333333 0.33333333],True,True,True,0.0,1.0,0.0,"[155, 89, 964, 279, 58, 24, 1285, 150, 350, 1027]","[155, 89, 964, 279, 58, 24]","[1285, 150, 350, 1027]",6,4
m3glvq_k0_6_k1_4_eta_003,4,1620,405,0.5484189723320159,0.3140096618357488,0.6018518518518519,0.4126984126984127,0.5432098765432098,42,"{0: 6, 1: 4}",150,0.03,[0.33333333 0.33333333 0.33333333],True,True,True,1.0,0.0,0.0,"[1073, 775, 384, 471, 1474, 1252, 759, 681, 1443, 207]","[1073, 775, 384, 471, 1474, 1252]","[759, 681, 1443, 207]",6,4
m3glvq_k0_6_k1_5_eta_003,0,1620,405,0.547491214369387,0.4807692307692308,0.5681818181818182,0.5208333333333334,0.5456790123456791,42,"{0: 6, 1: 5}",150,0.03,[0.33333333 0.33333333 0.33333333],True,True,True,1.0,0.0,0.0,"[754, 386, 735, 254, 1499, 1385, 1038, 1076, 164, 1039, 418]","[754, 386, 735, 254, 1499, 1385]","[1038, 1076, 164, 1039, 418]",6,5
m3glvq_k0_6_k1_5_eta_003,1,1620,405,0.5796563842249122,0.6923076923076923,0.5783132530120482,0.6301969365426696,0.582716049382716,42,"{0: 6, 1: 5}",150,0.03,[0.33333333 0.33333333 0.33333333],True,True,True,0.0,1.0,0.0,"[277, 1038, 714, 1396, 222, 66, 790, 77, 1054, 1078, 875]","[277, 1038, 714, 1396, 222, 66]","[790, 77, 1054, 1078, 875]",6,5
m3glvq_k0_6_k1_5_eta_003,2,1620,405,0.5479182936352986,0.2836538461538461,0.6145833333333334,0.3881578947368421,0.5407407407407407,42,"{0: 6, 1: 5}",150,0.03,[0.33333333 0.33333333 0.33333333],True,True,True,1.0,0.0,0.0,"[588, 549, 1471, 511, 1066, 105, 962, 1431, 604, 158, 978]","[588, 549, 1471, 511, 1066, 105]","[962, 1431, 604, 158, 978]",6,5
m3glvq_k0_6_k1_5_eta_003,3,1620,405,0.5289855072463768,0.391304347826087,0.5510204081632653,0.4576271186440678,0.5259259259259259,42,"{0: 6, 1: 5}",150,0.03,[0.33333333 0.33333333 0.33333333],True,True,True,1.0,0.0,0.0,"[1492, 1483, 110, 482, 1468, 407, 194, 771, 1564, 165, 856]","[1492, 1483, 110, 482, 1468, 407]","[194, 771, 1564, 165, 856]",6,5
m3glvq_k0_6_k1_5_eta_003,4,1620,405,0.5736714975845411,0.4251207729468599,0.6153846153846154,0.5028571428571428,0.5703703703703704,42,"{0: 6, 1: 5}",150,0.03,[0.33333333 0.33333333 0.33333333],True,True,True,1.0,0.0,0.0,"[958, 623, 1474, 921, 501, 1278, 1167, 1025, 377, 1368, 759]","[958, 623, 1474, 921, 501, 1278]","[1167, 1025, 377, 1368, 759]",6,5
m3glvq_k0_6_k1_6_eta_003,0,1620,405,0.5334830144474815,0.3461538461538461,0.5669291338582677,0.4298507462686567,0.528395061728395,42,"{0: 6, 1: 6}",150,0.03,[0.33333333 0.33333333 0.33333333],True,True,True,1.0,0.0,0.0,"[1385, 1035, 386, 1197, 1468, 97, 164, 381, 194, 1078, 1039, 348]","[1385, 1035, 386, 1197, 1468, 97]","[164, 381, 194, 1078, 1039, 348]",6,6
m3glvq_k0_6_k1_6_eta_003,1,1620,405,0.5420245997657165,0.4038461538461538,0.5714285714285714,0.4732394366197183,0.5382716049382716,42,"{0: 6, 1: 6}",150,0.03,[0.33333333 0.33333333 0.33333333],True,True,True,1.0,0.0,0.0,"[1395, 398, 366, 1494, 1229, 35, 145, 644, 442, 734, 201, 1442]","[1395, 398, 366, 1494, 1229, 35]","[145, 644, 442, 734, 201, 1442]",6,6
m3glvq_k0_6_k1_6_eta_003,2,1620,405,0.5592419953143304,0.5144230769230769,0.5783783783783784,0.5445292620865139,0.5580246913580247,42,"{0: 6, 1: 6}",150,0.03,[0.33333333 0.33333333 0.33333333],True,True,True,1.0,0.0,0.0,"[1471, 1378, 1005, 1481, 1080, 421, 60, 1133, 139, 1057, 447, 1015]","[1471, 1378, 1005, 1481, 1080, 421]","[60, 1133, 139, 1057, 447, 1015]",6,6
m3glvq_k0_6_k1_6_eta_003,3,1620,405,0.5513833992094861,0.2946859903381642,0.6161616161616161,0.3986928104575163,0.5456790123456791,42,"{0: 6, 1: 6}",150,0.03,[0.33333333 0.33333333 0.33333333],True,True,True,1.0,0.0,0.0,"[1468, 407, 619, 412, 110, 1577, 1003, 1416, 763, 1121, 1087, 856]","[1468, 407, 619, 412, 110, 1577]","[1003, 1416, 763, 1121, 1087, 856]",6,6
m3glvq_k0_6_k1_6_eta_003,4,1620,405,0.5565436978480457,0.4009661835748792,0.5928571428571429,0.4783861671469741,0.5530864197530864,42,"{0: 6, 1: 6}",150,0.03,[0.33333333 0.33333333 0.33333333],True,True,True,1.0,0.0,0.0,"[384, 617, 499, 1013, 1148, 921, 1025, 848, 1176, 976, 759, 758]","[384, 617, 499, 1013, 1148, 921]","[1025, 848, 1176, 976, 759, 758]",6,6
m3glvq_k0_6_k1_7_eta_003,0,1620,405,0.5511152869972666,0.3509615384615384,0.5983606557377049,0.4424242424242424,0.5456790123456791,42,"{0: 6, 1: 7}",150,0.03,[0.33333333 0.33333333 0.33333333],True,True,True,1.0,0.0,0.0,"[1352, 419, 615, 1426, 1035, 1348, 1083, 1301, 309, 744, 61, 839, 1566]","[1352, 419, 615, 1426, 1035, 1348]","[1083, 1301, 309, 744, 61, 839, 1566]",6,7
m3glvq_k0_6_k1_7_eta_003,1,1620,405,0.5333487895353377,0.3509615384615384,0.5658914728682171,0.4332344213649851,0.528395061728395,42,"{0: 6, 1: 7}",150,0.03,[0.33333333 0.33333333 0.33333333],True,True,True,1.0,0.0,0.0,"[164, 1229, 366, 489, 970, 474, 644, 145, 394, 1029, 442, 724, 342]","[164, 1229, 366, 489, 970, 474]","[644, 145, 394, 1029, 442, 724, 342]",6,7
m3glvq_k0_6_k1_7_eta_003,2,1620,405,0.5724814525575947,0.4038461538461538,0.6222222222222222,0.489795918367347,0.5679012345679012,42,"{0: 6, 1: 7}",150,0.03,[0.33333333 0.33333333 0.33333333],True,True,True,1.0,0.0,0.0,"[474, 1541, 830, 511, 1229, 374, 1380, 1127, 87, 230, 528, 1442, 136]","[474, 1541, 830, 511, 1229, 374]","[1380, 1127, 87, 230, 528, 1442, 136]",6,7
m3glvq_k0_6_k1_7_eta_003,3,1620,405,0.5689503732981994,0.4106280193236715,0.6115107913669064,0.491329479768786,0.5654320987654321,42,"{0: 6, 1: 7}",150,0.03,[0.33333333 0.33333333 0.33333333],True,True,True,1.0,0.0,0.0,"[1468, 1381, 988, 482, 110, 1241, 1470, 771, 763, 843, 856, 1564, 633]","[1468, 1381, 988, 482, 110, 1241]","[1470, 771, 763, 843, 856, 1564, 633]",6,7
m3glvq_k0_6_k1_7_eta_003,4,1620,405,0.5555555555555556,0.4444444444444444,0.5822784810126582,0.5041095890410958,0.5530864197530864,42,"{0: 6, 1: 7}",150,0.03,[0.33333333 0.33333333 0.33333333],True,True,True,1.0,0.0,0.0,"[623, 403, 1048, 1252, 384, 1013, 1364, 1270, 242, 377, 33, 1564, 834]","[623, 403, 1048, 1252, 384, 1013]","[1364, 1270, 242, 377, 33, 1564, 834]",6,7
m3glvq_k0_6_k1_8_eta_003,0,1620,405,0.5503099375244045,0.3798076923076923,0.5895522388059702,0.4619883040935673,0.5456790123456791,42,"{0: 6, 1: 8}",150,0.03,[0.33333333 0.33333333 0.33333333],True,True,True,1.0,0.0,0.0,"[1468, 1426, 97, 1385, 1204, 1035, 469, 228, 12, 1280, 1091, 1566, 463, 1475]","[1468, 1426, 97, 1385, 1204, 1035]","[469, 228, 12, 1280, 1091, 1566, 463, 1475]",6,8
m3glvq_k0_6_k1_8_eta_003,1,1620,405,0.5298833463490824,0.2932692307692308,0.5700934579439252,0.3873015873015872,0.5234567901234568,42,"{0: 6, 1: 8}",150,0.03,[0.33333333 0.33333333 0.33333333],True,True,True,1.0,0.0,0.0,"[498, 1229, 1016, 85, 651, 366, 360, 725, 353, 521, 724, 442, 623, 148]","[498, 1229, 1016, 85, 651, 366]","[360, 725, 353, 521, 724, 442, 623, 148]",6,8
m3glvq_k0_6_k1_8_eta_003,2,1620,405,0.5779602694260054,0.3894230769230769,0.6377952755905512,0.4835820895522388,0.5728395061728395,42,"{0: 6, 1: 8}",150,0.03,[0.33333333 0.33333333 0.33333333],True,True,True,1.0,0.0,0.0,"[1541, 1471, 1196, 374, 1005, 1134, 87, 1015, 174, 1442, 531, 448, 268, 13]","[1541, 1471, 1196, 374, 1005, 1134]","[87, 1015, 174, 1442, 531, 448, 268, 13]",6,8
m3glvq_k0_6_k1_8_eta_003,3,1620,405,0.5752086078173034,0.4685990338164251,0.60625,0.5286103542234332,0.5728395061728395,42,"{0: 6, 1: 8}",150,0.03,[0.33333333 0.33333333 0.33333333],True,True,True,1.0,0.0,0.0,"[97, 482, 110, 1468, 1142, 139, 763, 1525, 205, 50, 499, 1041, 1355, 420]","[97, 482, 110, 1468, 1142, 139]","[763, 1525, 205, 50, 499, 1041, 1355, 420]",6,8
m3glvq_k0_6_k1_8_eta_003,4,1620,405,0.5770750988142292,0.3864734299516908,0.6349206349206349,0.4804804804804805,0.5728395061728395,42,"{0: 6, 1: 8}",150,0.03,[0.33333333 0.33333333 0.33333333],True,True,True,1.0,0.0,0.0,"[1474, 921, 403, 1054, 384, 1252, 451, 1477, 282, 1025, 631, 729, 1058, 758]","[1474, 921, 403, 1054, 384, 1252]","[451, 1477, 282, 1025, 631, 729, 1058, 758]",6,8
m3glvq_k0_6_k1_9_eta_003,0,1620,405,0.5454778406872316,0.5528846153846154,0.558252427184466,0.5555555555555556,0.5456790123456791,42,"{0: 6, 1: 9}",150,0.03,[0.33333333 0.33333333 0.33333333],True,True,True,1.0,0.0,0.0,"[254, 1385, 1200, 921, 386, 1027, 1160, 214, 852, 957, 5, 976, 394, 381, 462]","[254, 1385, 1200, 921, 386, 1027]","[1160, 214, 852, 957, 5, 976, 394, 381, 462]",6,9
m3glvq_k0_6_k1_9_eta_003,1,1620,405,0.5257345763373682,0.3509615384615384,0.553030303030303,0.4294117647058822,0.5209876543209877,42,"{0: 6, 1: 9}",150,0.03,[0.33333333 0.33333333 0.33333333],True,True,True,1.0,0.0,0.0,"[117, 474, 366, 1229, 470, 970, 724, 145, 442, 1022, 521, 258, 623, 644, 1029]","[117, 474, 366, 1229, 470, 970]","[724, 145, 442, 1022, 521, 258, 623, 644, 1029]",6,9
m3glvq_k0_6_k1_9_eta_003,2,1620,405,0.5420123975009762,0.4951923076923077,0.5597826086956522,0.5255102040816327,0.5407407407407407,42,"{0: 6, 1: 9}",150,0.03,[0.33333333 0.33333333 0.33333333],True,True,True,1.0,0.0,0.0,"[1196, 1590, 588, 374, 1471, 421, 978, 1231, 1431, 962, 664, 1139, 505, 1015, 780]","[1196, 1590, 588, 374, 1471, 421]","[978, 1231, 1431, 962, 664, 1139, 505, 1015, 780]",6,9
m3glvq_k0_6_k1_9_eta_003,3,1620,405,0.5596179183135704,0.4879227053140096,0.5804597701149425,0.5301837270341208,0.5580246913580247,42,"{0: 6, 1: 9}",150,0.03,[0.33333333 0.33333333 0.33333333],True,True,True,1.0,0.0,0.0,"[482, 1468, 179, 959, 85, 476, 1003, 1262, 194, 50, 62, 927, 766, 843, 1544]","[482, 1468, 179, 959, 85, 476]","[1003, 1262, 194, 50, 62, 927, 766, 843, 1544]",6,9
m3glvq_k0_6_k1_9_eta_003,4,1620,405,0.5802591128678085,0.5797101449275363,0.5911330049261084,0.5853658536585366,0.5802469135802469,42,"{0: 6, 1: 9}",150,0.03,[0.33333333 0.33333333 0.33333333],True,True,True,1.0,0.0,0.0,"[1474, 384, 501, 68, 623, 1048, 1194, 1231, 1052, 598, 1270, 1167, 368, 631, 1025]","[1474, 384, 501, 68, 623, 1048]","[1194, 1231, 1052, 598, 1270, 1167, 368, 631, 1025]",6,9
m3glvq_k0_6_k1_10_eta_003,0,1620,405,0.5221105037094885,0.4807692307692308,0.5376344086021505,0.5076142131979695,0.5209876543209877,42,"{0: 6, 1: 10}",150,0.03,[0.33333333 0.33333333 0.33333333],True,True,True,1.0,0.0,0.0,"[97, 213, 386, 1499, 422, 1348, 162, 105, 1078, 1562, 976, 1287, 852, 1511, 214, 187]","[97, 213, 386, 1499, 422, 1348]","[162, 105, 1078, 1562, 976, 1287, 852, 1511, 214, 187]",6,10
m3glvq_k0_6_k1_10_eta_003,1,1620,405,0.5386811792268645,0.4326923076923077,0.5625,0.4891304347826087,0.5358024691358024,42,"{0: 6, 1: 10}",150,0.03,[0.33333333 0.33333333 0.33333333],True,True,True,1.0,0.0,0.0,"[498, 1494, 585, 970, 398, 366, 1583, 521, 167, 1442, 442, 145, 644, 201, 1108, 887]","[498, 1494, 585, 970, 398, 366]","[1583, 521, 167, 1442, 442, 145, 644, 201, 1108, 887]",6,10
m3glvq_k0_6_k1_10_eta_003,2,1620,405,0.5576557008980867,0.3894230769230769,0.6,0.4723032069970845,0.5530864197530864,42,"{0: 6, 1: 10}",150,0.03,[0.33333333 0.33333333 0.33333333],True,True,True,1.0,0.0,0.0,"[511, 1471, 1541, 400, 1196, 105, 76, 978, 881, 1057, 809, 1392, 962, 1117, 368, 528]","[511, 1471, 1541, 400, 1196, 105]","[76, 978, 881, 1057, 809, 1392, 962, 1117, 368, 528]",6,10
m3glvq_k0_6_k1_10_eta_003,3,1620,405,0.5546772068511199,0.4830917874396135,0.5747126436781609,0.5249343832020997,0.5530864197530864,42,"{0: 6, 1: 10}",150,0.03,[0.33333333 0.33333333 0.33333333],True,True,True,1.0,0.0,0.0,"[1514, 1308, 482, 311, 1483, 980, 162, 1325, 1036, 1008, 194, 1076, 1146, 1003, 1425, 165]","[1514, 1308, 482, 311, 1483, 980]","[162, 1325, 1036, 1008, 194, 1076, 1146, 1003, 1425, 165]",6,10
m3glvq_k0_6_k1_10_eta_003,4,1620,405,0.5346947738252086,0.4734299516908212,0.550561797752809,0.509090909090909,0.5333333333333333,42,"{0: 6, 1: 10}",150,0.03,[0.33333333 0.33333333 0.33333333],True,True,True,1.0,0.0,0.0,"[809, 403, 1044, 1252, 384, 921, 550, 1064, 674, 759, 207, 285, 1547, 34, 1092, 635]","[809, 403, 1044, 1252, 384, 921]","[550, 1064, 674, 759, 207, 285, 1547, 34, 1092, 635]",6,10
m3glvq_k0_7_k1_3_eta_003,0,1620,405,0.5026478914486529,0.1778846153846154,0.5211267605633803,0.2652329749103942,0.4938271604938271,42,"{0: 7, 1: 3}",150,0.03,[0.33333333 0.33333333 0.33333333],True,True,True,1.0,0.0,0.0,"[1201, 1333, 1537, 615, 1468, 1426, 97, 1078, 194, 806]","[1201, 1333, 1537, 615, 1468, 1426, 97]","[1078, 194, 806]",7,3
m3glvq_k0_7_k1_3_eta_003,1,1620,405,0.5532628855915658,0.2740384615384615,0.6333333333333333,0.3825503355704698,0.5456790123456791,42,"{0: 7, 1: 3}",150,0.03,[0.33333333 0.33333333 0.33333333],True,True,True,1.0,0.0,0.0,"[111, 414, 498, 13, 651, 85, 366, 1060, 429, 692]","[111, 414, 498, 13, 651, 85, 366]","[1060, 429, 692]",7,3
m3glvq_k0_7_k1_3_eta_003,2,1620,405,0.5268205778992581,0.2211538461538461,0.5822784810126582,0.3205574912891986,0.5185185185185185,42,"{0: 7, 1: 3}",150,0.03,[0.33333333 0.33333333 0.33333333],True,True,True,1.0,0.0,0.0,"[717, 549, 993, 701, 498, 855, 204, 779, 604, 962]","[717, 549, 993, 701, 498, 855, 204]","[779, 604, 962]",7,3
m3glvq_k0_7_k1_3_eta_003,3,1620,405,0.4877031181379008,0.6521739130434783,0.5018587360594795,0.5672268907563025,0.491358024691358,42,"{0: 7, 1: 3}",150,0.03,[0.33333333 0.33333333 0.33333333],True,True,True,0.0040698766740023,0.9686877335416044,0.0272423897843933,"[155, 440, 1085, 302, 340, 591, 58, 233, 1489, 25]","[155, 440, 1085, 302, 340, 591, 58]","[233, 1489, 25]",7,3
m3glvq_k0_7_k1_3_eta_003,4,1620,405,0.5393061045234958,0.2705314009661835,0.5957446808510638,0.3720930232558139,0.5333333333333333,42,"{0: 7, 1: 3}",150,0.03,[0.33333333 0.33333333 0.33333333],True,True,True,1.0,0.0,0.0,"[124, 384, 775, 901, 613, 1574, 1157, 818, 631, 207]","[124, 384, 775, 901, 613, 1574, 1157]","[818, 631, 207]",7,3
m3glvq_k0_7_k1_4_eta_003,0,1620,405,0.5431106013276064,0.2740384615384615,0.6063829787234043,0.3774834437086093,0.5358024691358024,42,"{0: 7, 1: 4}",150,0.03,[0.33333333 0.33333333 0.33333333],True,True,True,1.0,0.0,0.0,"[1537, 1348, 386, 97, 739, 615, 494, 164, 194, 147, 1076]","[1537, 1348, 386, 97, 739, 615, 494]","[164, 194, 147, 1076]",7,4
m3glvq_k0_7_k1_4_eta_003,1,1620,405,0.5400234283483014,0.3846153846153846,0.5714285714285714,0.4597701149425288,0.5358024691358024,42,"{0: 7, 1: 4}",150,0.03,[0.33333333 0.33333333 0.33333333],True,True,True,1.0,0.0,0.0,"[366, 25, 739, 1591, 1200, 470, 489, 201, 1442, 644, 1431]","[366, 25, 739, 1591, 1200, 470, 489]","[201, 1442, 644, 1431]",7,4
m3glvq_k0_7_k1_4_eta_003,2,1620,405,0.5371070870753611,0.2163461538461538,0.6164383561643836,0.3202846975088968,0.528395061728395,42,"{0: 7, 1: 4}",150,0.03,[0.33333333 0.33333333 0.33333333],True,True,True,1.0,0.0,0.0,"[204, 239, 548, 188, 1229, 374, 855, 978, 962, 158, 723]","[204, 239, 548, 188, 1229, 374, 855]","[978, 962, 158, 723]",7,4
m3glvq_k0_7_k1_4_eta_003,3,1620,405,0.55566534914361,0.4396135265700483,0.5833333333333334,0.5013774104683195,0.5530864197530864,42,"{0: 7, 1: 4}",150,0.03,[0.33333333 0.33333333 0.33333333],True,True,True,1.0,0.0,0.0,"[537, 482, 179, 1585, 1468, 1492, 71, 1444, 856, 194, 840]","[537, 482, 179, 1585, 1468, 1492, 71]","[1444, 856, 194, 840]",7,4
m3glvq_k0_7_k1_4_eta_003,4,1620,405,0.5566534914361001,0.3961352657004831,0.5942028985507246,0.4753623188405796,0.5530864197530864,42,"{0: 7, 1: 4}",150,0.03,[0.33333333 0.33333333 0.33333333],True,True,True,1.0,0.0,0.0,"[501, 623, 384, 584, 524, 1013, 416, 1025, 631, 759, 868]","[501, 623, 384, 584, 524, 1013, 416]","[1025, 631, 759, 868]",7,4
m3glvq_k0_7_k1_5_eta_003,0,1620,405,0.5014398672393596,0.2211538461538461,0.5168539325842697,0.3097643097643097,0.4938271604938271,42,"{0: 7, 1: 5}",150,0.03,[0.33333333 0.33333333 0.33333333],True,True,True,1.0,0.0,0.0,"[1200, 763, 531, 386, 254, 1499, 1024, 668, 1447, 164, 194, 418]","[1200, 763, 531, 386, 254, 1499, 1024]","[668, 1447, 164, 194, 418]",7,5
m3glvq_k0_7_k1_5_eta_003,1,1620,405,0.5456486723935963,0.2740384615384615,0.6129032258064516,0.3787375415282392,0.5382716049382716,42,"{0: 7, 1: 5}",150,0.03,[0.33333333 0.33333333 0.33333333],True,True,True,1.0,0.0,0.0,"[366, 272, 117, 1229, 1537, 294, 970, 724, 725, 984, 478, 1583]","[366, 272, 117, 1229, 1537, 294, 970]","[724, 725, 984, 478, 1583]",7,5
m3glvq_k0_7_k1_5_eta_003,2,1620,405,0.5806447676688794,0.2932692307692308,0.7011494252873564,0.4135593220338983,0.5728395061728395,42,"{0: 7, 1: 5}",150,0.03,[0.33333333 0.33333333 0.33333333],True,True,True,1.0,0.0,0.0,"[1005, 1193, 1541, 511, 966, 1347, 374, 978, 158, 604, 962, 1431]","[1005, 1193, 1541, 511, 966, 1347, 374]","[978, 158, 604, 962, 1431]",7,5
m3glvq_k0_7_k1_5_eta_003,3,1620,405,0.5087834870443566,0.7246376811594203,0.5172413793103449,0.6036217303822938,0.5135802469135803,42,"{0: 7, 1: 5}",150,0.03,[0.33333333 0.33333333 0.33333333],True,True,True,0.0,0.9550486054338884,0.0449513945661117,"[20, 1492, 1415, 750, 1241, 302, 155, 350, 1489, 233, 931, 1343]","[20, 1492, 1415, 750, 1241, 302, 155]","[350, 1489, 233, 931, 1343]",7,5
m3glvq_k0_7_k1_5_eta_003,4,1620,405,0.5396354852876593,0.2560386473429952,0.6022727272727273,0.3593220338983051,0.5333333333333333,42,"{0: 7, 1: 5}",150,0.03,[0.33333333 0.33333333 0.33333333],True,True,True,1.0,0.0,0.0,"[1225, 786, 188, 1073, 48, 1434, 901, 1557, 766, 171, 681, 207]","[1225, 786, 188, 1073, 48, 1434, 901]","[1557, 766, 171, 681, 207]",7,5
m3glvq_k0_7_k1_6_eta_003,0,1620,405,0.516387641546271,0.3221153846153846,0.5403225806451613,0.4036144578313253,0.5111111111111111,42,"{0: 7, 1: 6}",150,0.03,[0.33333333 0.33333333 0.33333333],True,True,True,1.0,0.0,0.0,"[1426, 1468, 1204, 1269, 419, 739, 613, 1572, 806, 668, 1398, 194, 1447]","[1426, 1468, 1204, 1269, 419, 739, 613]","[1572, 806, 668, 1398, 194, 1447]",7,6
m3glvq_k0_7_k1_6_eta_003,1,1620,405,0.5687353572823116,0.4471153846153846,0.6038961038961039,0.5138121546961326,0.5654320987654321,42,"{0: 7, 1: 6}",150,0.03,[0.33333333 0.33333333 0.33333333],True,True,True,1.0,0.0,0.0,"[628, 366, 272, 414, 1006, 870, 1016, 394, 233, 1442, 449, 91, 1019]","[628, 366, 272, 414, 1006, 870, 1016]","[394, 233, 1442, 449, 91, 1019]",7,6
m3glvq_k0_7_k1_6_eta_003,2,1620,405,0.5516521866458415,0.3317307692307692,0.6052631578947368,0.4285714285714285,0.5456790123456791,42,"{0: 7, 1: 6}",150,0.03,[0.33333333 0.33333333 0.33333333],True,True,True,1.0,0.0,0.0,"[549, 835, 507, 855, 957, 498, 1001, 962, 1520, 978, 723, 1063, 136]","[549, 835, 507, 855, 957, 498, 1001]","[962, 1520, 978, 723, 1063, 136]",7,6
m3glvq_k0_7_k1_6_eta_003,3,1620,405,0.4877031181379007,0.3188405797101449,0.4925373134328358,0.3870967741935484,0.4839506172839506,42,"{0: 7, 1: 6}",150,0.03,[0.33333333 0.33333333 0.33333333],True,True,True,1.0,0.0,0.0,"[179, 482, 905, 997, 206, 959, 1492, 1332, 1431, 763, 1560, 856, 1076]","[179, 482, 905, 997, 206, 959, 1492]","[1332, 1431, 763, 1560, 856, 1076]",7,6
m3glvq_k0_7_k1_6_eta_003,4,1620,405,0.5432586736934563,0.3188405797101449,0.5892857142857143,0.4137931034482758,0.5382716049382716,42,"{0: 7, 1: 6}",150,0.03,[0.33333333 0.33333333 0.33333333],True,True,True,1.0,0.0,0.0,"[1087, 1597, 418, 973, 1426, 233, 384, 1428, 207, 681, 1439, 631, 171]","[1087, 1597, 418, 973, 1426, 233, 384]","[1428, 207, 681, 1439, 631, 171]",7,6
m3glvq_k0_7_k1_7_eta_003,0,1620,405,0.5189257126122608,0.3221153846153846,0.5447154471544715,0.404833836858006,0.5135802469135803,42,"{0: 7, 1: 7}",150,0.03,[0.33333333 0.33333333 0.33333333],True,True,True,1.0,0.0,0.0,"[494, 615, 1348, 419, 1200, 1537, 1426, 1078, 5, 668, 463, 1398, 381, 194]","[494, 615, 1348, 419, 1200, 1537, 1426]","[1078, 5, 668, 463, 1398, 381, 194]",7,7
m3glvq_k0_7_k1_7_eta_003,1,1620,405,0.5372291097227645,0.3028846153846153,0.5833333333333334,0.3987341772151899,0.5308641975308642,42,"{0: 7, 1: 7}",150,0.03,[0.33333333 0.33333333 0.33333333],True,True,True,1.0,0.0,0.0,"[651, 741, 366, 1394, 1494, 1200, 117, 1022, 201, 442, 145, 1029, 184, 984]","[651, 741, 366, 1394, 1494, 1200, 117]","[1022, 201, 442, 145, 1029, 184, 984]",7,7
m3glvq_k0_7_k1_7_eta_003,2,1620,405,0.5119704217102694,0.3894230769230769,0.5294117647058824,0.4487534626038781,0.508641975308642,42,"{0: 7, 1: 7}",150,0.03,[0.33333333 0.33333333 0.33333333],True,True,True,1.0,0.0,0.0,"[105, 590, 1328, 511, 400, 1471, 1034, 448, 304, 1455, 978, 417, 1057, 285]","[105, 590, 1328, 511, 400, 1471, 1034]","[448, 304, 1455, 978, 417, 1057, 285]",7,7
m3glvq_k0_7_k1_7_eta_003,3,1620,405,0.5889328063241106,0.4202898550724637,0.6444444444444445,0.5087719298245614,0.5851851851851851,42,"{0: 7, 1: 7}",150,0.03,[0.33333333 0.33333333 0.33333333],True,True,True,1.0,0.0,0.0,"[1059, 426, 1468, 179, 504, 666, 631, 682, 194, 676, 1082, 1554, 1431, 1099]","[1059, 426, 1468, 179, 504, 666, 631]","[682, 194, 676, 1082, 1554, 1431, 1099]",7,7
m3glvq_k0_7_k1_7_eta_003,4,1620,405,0.6016688625384278,0.5265700483091788,0.630057803468208,0.5736842105263158,0.6,42,"{0: 7, 1: 7}",150,0.03,[0.33333333 0.33333333 0.33333333],True,True,True,0.9800000000000112,0.0099999999999943,0.0099999999999943,"[450, 958, 623, 1344, 501, 617, 1474, 868, 463, 1025, 1167, 759, 1505, 631]","[450, 958, 623, 1344, 501, 617, 1474]","[868, 463, 1025, 1167, 759, 1505, 631]",7,7
m3glvq_k0_7_k1_8_eta_003,0,1620,405,0.5088954509957049,0.4086538461538461,0.5246913580246914,0.4594594594594595,0.5061728395061729,42,"{0: 7, 1: 8}",150,0.03,[0.33333333 0.33333333 0.33333333],True,True,True,1.0,0.0,0.0,"[494, 1426, 570, 422, 1333, 1499, 14, 862, 1447, 976, 65, 418, 604, 668, 1160]","[494, 1426, 570, 422, 1333, 1499, 14]","[862, 1447, 976, 65, 418, 604, 668, 1160]",7,8
m3glvq_k0_7_k1_8_eta_003,1,1620,405,0.556179226864506,0.4423076923076923,0.5859872611464968,0.5041095890410958,0.5530864197530864,42,"{0: 7, 1: 8}",150,0.03,[0.33333333 0.33333333 0.33333333],True,True,True,1.0,0.0,0.0,"[37, 431, 366, 453, 398, 1201, 1537, 221, 184, 887, 1060, 201, 145, 151, 148]","[37, 431, 366, 453, 398, 1201, 1537]","[221, 184, 887, 1060, 201, 145, 151, 148]",7,8
m3glvq_k0_7_k1_8_eta_003,2,1620,405,0.532811889886763,0.3701923076923077,0.5620437956204379,0.4463768115942029,0.528395061728395,42,"{0: 7, 1: 8}",150,0.03,[0.33333333 0.33333333 0.33333333],True,True,True,0.0,1.0,0.0,"[511, 400, 560, 636, 1229, 1247, 991, 226, 978, 962, 1522, 833, 664, 1071, 1431]","[511, 400, 560, 636, 1229, 1247, 991]","[226, 978, 962, 1522, 833, 664, 1071, 1431]",7,8
m3glvq_k0_7_k1_8_eta_003,3,1620,405,0.5314009661835749,0.2850241545893719,0.5728155339805825,0.3806451612903225,0.5259259259259259,42,"{0: 7, 1: 8}",150,0.03,[0.33333333 0.33333333 0.33333333],True,True,True,1.0,0.0,0.0,"[1241, 959, 504, 412, 666, 997, 24, 763, 682, 1003, 1036, 373, 50, 143, 1159]","[1241, 959, 504, 412, 666, 997, 24]","[763, 682, 1003, 1036, 373, 50, 143, 1159]",7,8
m3glvq_k0_7_k1_8_eta_003,4,1620,405,0.5632411067193677,0.5507246376811594,0.5757575757575758,0.562962962962963,0.562962962962963,42,"{0: 7, 1: 8}",150,0.03,[0.33333333 0.33333333 0.33333333],True,True,True,1.0,0.0,0.0,"[1044, 623, 259, 501, 921, 416, 749, 1368, 1167, 1404, 152, 71, 758, 1477, 1092]","[1044, 623, 259, 501, 921, 416, 749]","[1368, 1167, 1404, 152, 71, 758, 1477, 1092]",7,8
m3glvq_k0_7_k1_9_eta_003,0,1620,405,0.5634029675907848,0.3653846153846153,0.6178861788617886,0.4592145015105739,0.5580246913580247,42,"{0: 7, 1: 9}",150,0.03,[0.33333333 0.33333333 0.33333333],True,True,True,1.0,0.0,0.0,"[1333, 1468, 570, 1200, 502, 97, 477, 1042, 1175, 218, 414, 957, 1039, 147, 839, 810]","[1333, 1468, 570, 1200, 502, 97, 477]","[1042, 1175, 218, 414, 957, 1039, 147, 839, 810]",7,9
m3glvq_k0_7_k1_9_eta_003,1,1620,405,0.537753807106599,0.375,0.5693430656934306,0.4521739130434782,0.5333333333333333,42,"{0: 7, 1: 9}",150,0.03,[0.33333333 0.33333333 0.33333333],True,True,True,1.0,0.0,0.0,"[1604, 187, 117, 366, 453, 1016, 1374, 47, 724, 900, 968, 184, 725, 52, 148, 364]","[1604, 187, 117, 366, 453, 1016, 1374]","[47, 724, 900, 968, 184, 725, 52, 148, 364]",7,9
m3glvq_k0_7_k1_9_eta_003,2,1620,405,0.5508346349082389,0.4519230769230769,0.5766871165644172,0.5067385444743936,0.5481481481481482,42,"{0: 7, 1: 9}",150,0.03,[0.33333333 0.33333333 0.33333333],True,True,True,1.0,0.0,0.0,"[1416, 993, 1471, 204, 421, 511, 374, 171, 316, 183, 373, 1082, 723, 404, 230, 1320]","[1416, 993, 1471, 204, 421, 511, 374]","[171, 316, 183, 373, 1082, 723, 404, 230, 1320]",7,9
m3glvq_k0_7_k1_9_eta_003,3,1620,405,0.5327184892402284,0.4492753623188406,0.5502958579881657,0.4946808510638297,0.5308641975308642,42,"{0: 7, 1: 9}",150,0.03,[0.33333333 0.33333333 0.33333333],True,True,True,0.0,1.0,0.0,"[973, 482, 440, 1241, 14, 1492, 964, 927, 143, 194, 1099, 817, 701, 682, 319, 857]","[973, 482, 440, 1241, 14, 1492, 964]","[927, 143, 194, 1099, 817, 701, 682, 319, 857]",7,9
m3glvq_k0_7_k1_9_eta_003,4,1620,405,0.5590689503732982,0.4009661835748792,0.5971223021582733,0.4797687861271676,0.5555555555555556,42,"{0: 7, 1: 9}",150,0.03,[0.33333333 0.33333333 0.33333333],True,True,True,1.0,0.0,0.0,"[530, 384, 1112, 734, 14, 1013, 1048, 349, 631, 207, 1025, 31, 237, 929, 1108, 1468]","[530, 384, 1112, 734, 14, 1013, 1048]","[349, 631, 207, 1025, 31, 237, 929, 1108, 1468]",7,9
m3glvq_k0_7_k1_10_eta_003,0,1620,405,0.5437695236235845,0.3413461538461538,0.5867768595041323,0.4316109422492401,0.5382716049382716,42,"{0: 7, 1: 10}",150,0.03,[0.33333333 0.33333333 0.33333333],True,True,True,1.0,0.0,0.0,"[386, 574, 1005, 1499, 494, 678, 887, 684, 366, 178, 29, 228, 668, 463, 1083, 194, 1039]","[386, 574, 1005, 1499, 494, 678, 887]","[684, 366, 178, 29, 228, 668, 463, 1083, 194, 1039]",7,10
m3glvq_k0_7_k1_10_eta_003,1,1620,405,0.5645987895353377,0.4134615384615384,0.6056338028169014,0.4914285714285714,0.5604938271604938,42,"{0: 7, 1: 10}",150,0.03,[0.33333333 0.33333333 0.33333333],True,True,True,1.0,0.0,0.0,"[996, 398, 507, 1016, 366, 1342, 96, 823, 725, 1216, 184, 232, 724, 664, 1146, 148, 786]","[996, 398, 507, 1016, 366, 1342, 96]","[823, 725, 1216, 184, 232, 724, 664, 1146, 148, 786]",7,10
m3glvq_k0_7_k1_10_eta_003,2,1620,405,0.5665877586880126,0.5240384615384616,0.5860215053763441,0.5532994923857869,0.5654320987654321,42,"{0: 7, 1: 10}",150,0.03,[0.33333333 0.33333333 0.33333333],True,True,True,1.0,0.0,0.0,"[1294, 1492, 1481, 105, 400, 1011, 1471, 136, 784, 1133, 723, 183, 524, 450, 385, 139, 1187]","[1294, 1492, 1481, 105, 400, 1011, 1471]","[136, 784, 1133, 723, 183, 524, 450, 385, 139, 1187]",7,10
m3glvq_k0_7_k1_10_eta_003,3,1620,405,0.5282169521299955,0.4251207729468599,0.546583850931677,0.4782608695652174,0.5259259259259259,42,"{0: 7, 1: 10}",150,0.03,[0.33333333 0.33333333 0.33333333],True,True,True,0.0,1.0,0.0,"[964, 666, 656, 1492, 440, 412, 1241, 1431, 194, 1403, 682, 1159, 1544, 701, 350, 1560, 1444]","[964, 666, 656, 1492, 440, 412, 1241]","[1431, 194, 1403, 682, 1159, 1544, 701, 350, 1560, 1444]",7,10
m3glvq_k0_7_k1_10_eta_003,4,1620,405,0.5254721124286341,0.323671497584541,0.5537190082644629,0.4085365853658537,0.5209876543209877,42,"{0: 7, 1: 10}",150,0.03,[0.33333333 0.33333333 0.33333333],True,True,True,1.0,0.0,0.0,"[623, 1474, 384, 530, 499, 578, 1225, 757, 478, 362, 929, 550, 1092, 1188, 1102, 1025, 1364]","[623, 1474, 384, 530, 499, 578, 1225]","[757, 478, 362, 929, 550, 1092, 1188, 1102, 1025, 1364]",7,10
m3glvq_k0_8_k1_3_eta_003,0,1620,405,0.5517986138227255,0.235576923076923,0.6533333333333333,0.3462897526501766,0.5432098765432098,42,"{0: 8, 1: 3}",150,0.03,[0.33333333 0.33333333 0.33333333],True,True,True,1.0,0.0,0.0,"[1426, 906, 1468, 1537, 1134, 1385, 570, 657, 164, 627, 626]","[1426, 906, 1468, 1537, 1134, 1385, 570, 657]","[164, 627, 626]",8,3
m3glvq_k0_8_k1_3_eta_003,1,1620,405,0.5517864115579851,0.3269230769230769,0.6071428571428571,0.425,0.5456790123456791,42,"{0: 8, 1: 3}",150,0.03,[0.33333333 0.33333333 0.33333333],True,True,True,1.0,0.0,0.0,"[1591, 180, 1172, 870, 388, 759, 1286, 1006, 692, 1349, 1442]","[1591, 180, 1172, 870, 388, 759, 1286, 1006]","[692, 1349, 1442]",8,3
m3glvq_k0_8_k1_3_eta_003,2,1620,405,0.5068088637251074,0.0288461538461538,0.6666666666666666,0.0552995391705069,0.4938271604938271,42,"{0: 8, 1: 3}",150,0.03,[0.33333333 0.33333333 0.33333333],True,True,True,0.0,1.0,0.0,"[1229, 115, 1503, 400, 636, 1247, 1525, 548, 158, 683, 642]","[1229, 115, 1503, 400, 636, 1247, 1525, 548]","[158, 683, 642]",8,3
m3glvq_k0_8_k1_3_eta_003,3,1620,405,0.5397452788757137,0.251207729468599,0.6046511627906976,0.3549488054607508,0.5333333333333333,42,"{0: 8, 1: 3}",150,0.03,[0.33333333 0.33333333 0.33333333],True,True,True,1.0,0.0,0.0,"[1182, 24, 1241, 482, 1059, 542, 1104, 997, 194, 1444, 817]","[1182, 24, 1241, 482, 1059, 542, 1104, 997]","[194, 1444, 817]",8,3
m3glvq_k0_8_k1_3_eta_003,4,1620,405,0.5447957839262187,0.251207729468599,0.6190476190476191,0.3573883161512027,0.5382716049382716,42,"{0: 8, 1: 3}",150,0.03,[0.33333333 0.33333333 0.33333333],True,True,True,1.0,0.0,0.0,"[530, 1048, 501, 973, 1474, 384, 14, 623, 207, 1092, 818]","[530, 1048, 501, 973, 1474, 384, 14, 623]","[207, 1092, 818]",8,3
m3glvq_k0_8_k1_4_eta_003,0,1620,405,0.4852596641936743,0.3461538461538461,0.4931506849315068,0.4067796610169492,0.4814814814814814,42,"{0: 8, 1: 4}",150,0.03,[0.33333333 0.33333333 0.33333333],True,True,True,1.0,0.0,0.0,"[1426, 1200, 422, 494, 1499, 1333, 739, 657, 194, 837, 668, 745]","[1426, 1200, 422, 494, 1499, 1333, 739, 657]","[194, 837, 668, 745]",8,4
m3glvq_k0_8_k1_4_eta_003,1,1620,405,0.5575336782506833,0.3028846153846153,0.63,0.409090909090909,0.5506172839506173,42,"{0: 8, 1: 4}",150,0.03,[0.33333333 0.33333333 0.33333333],True,True,True,1.0,0.0,0.0,"[585, 366, 541, 1342, 498, 474, 414, 507, 148, 1431, 729, 1442]","[585, 366, 541, 1342, 498, 474, 414, 507]","[148, 1431, 729, 1442]",8,4
m3glvq_k0_8_k1_4_eta_003,2,1620,405,0.5463319992190551,0.1586538461538461,0.717391304347826,0.2598425196850393,0.5358024691358024,42,"{0: 8, 1: 4}",150,0.03,[0.33333333 0.33333333 0.33333333],True,True,True,1.0,0.0,0.0,"[548, 1229, 62, 400, 1541, 636, 229, 1471, 304, 1431, 1057, 139]","[548, 1229, 62, 400, 1541, 636, 229, 1471]","[304, 1431, 1057, 139]",8,4
m3glvq_k0_8_k1_4_eta_003,3,1620,405,0.5198726394378568,0.2367149758454106,0.5568181818181818,0.3322033898305084,0.5135802469135803,42,"{0: 8, 1: 4}",150,0.03,[0.33333333 0.33333333 0.33333333],True,True,True,1.0,0.0,0.0,"[253, 959, 666, 1037, 412, 1381, 1241, 591, 194, 1082, 682, 840]","[253, 959, 666, 1037, 412, 1381, 1241, 591]","[194, 1082, 682, 840]",8,4
m3glvq_k0_8_k1_4_eta_003,4,1620,405,0.5444664031620553,0.2657004830917874,0.6111111111111112,0.3703703703703704,0.5382716049382716,42,"{0: 8, 1: 4}",150,0.03,[0.33333333 0.33333333 0.33333333],True,True,True,1.0,0.0,0.0,"[1048, 775, 418, 1225, 578, 1474, 1112, 384, 1443, 681, 631, 207]","[1048, 775, 418, 1225, 578, 1474, 1112, 384]","[1443, 681, 631, 207]",8,4
m3glvq_k0_8_k1_5_eta_003,0,1620,405,0.5404261030847326,0.3701923076923077,0.5746268656716418,0.4502923976608187,0.5358024691358024,42,"{0: 8, 1: 5}",150,0.03,[0.33333333 0.33333333 0.33333333],True,True,True,1.0,0.0,0.0,"[422, 887, 1537, 1426, 570, 494, 739, 657, 418, 194, 164, 1447, 668]","[422, 887, 1537, 1426, 570, 494, 739, 657]","[418, 194, 164, 1447, 668]",8,5
m3glvq_k0_8_k1_5_eta_003,1,1620,405,0.5304202459976572,0.2740384615384615,0.5757575757575758,0.3713355048859935,0.5234567901234568,42,"{0: 8, 1: 5}",150,0.03,[0.33333333 0.33333333 0.33333333],True,True,True,1.0,0.0,0.0,"[1494, 1200, 628, 117, 543, 46, 855, 741, 1583, 1019, 734, 201, 148]","[1494, 1200, 628, 117, 543, 46, 855, 741]","[1583, 1019, 734, 201, 148]",8,5
m3glvq_k0_8_k1_5_eta_003,2,1620,405,0.5632931472081218,0.1875,0.7647058823529411,0.3011583011583011,0.5530864197530864,42,"{0: 8, 1: 5}",150,0.03,[0.33333333 0.33333333 0.33333333],True,True,True,1.0,0.0,0.0,"[507, 1541, 830, 1229, 548, 400, 636, 188, 978, 962, 1392, 1431, 1057]","[507, 1541, 830, 1229, 548, 400, 636, 188]","[978, 962, 1392, 1431, 1057]",8,5
m3glvq_k0_8_k1_5_eta_003,3,1620,405,0.5295344751866491,0.2560386473429952,0.5760869565217391,0.354515050167224,0.5234567901234568,42,"{0: 8, 1: 5}",150,0.03,[0.33333333 0.33333333 0.33333333],True,True,True,1.0,0.0,0.0,"[561, 1468, 1059, 1381, 985, 619, 412, 1484, 840, 1003, 856, 763, 1159]","[561, 1468, 1059, 1381, 985, 619, 412, 1484]","[840, 1003, 856, 763, 1159]",8,5
m3glvq_k0_8_k1_5_eta_003,4,1620,405,0.5344751866490997,0.2608695652173913,0.5869565217391305,0.3612040133779264,0.528395061728395,42,"{0: 8, 1: 5}",150,0.03,[0.33333333 0.33333333 0.33333333],True,True,True,1.0,0.0,0.0,"[384, 1013, 501, 14, 530, 623, 584, 1319, 631, 1439, 15, 1025, 1270]","[384, 1013, 501, 14, 530, 623, 584, 1319]","[631, 1439, 15, 1025, 1270]",8,5
m3glvq_k0_8_k1_6_eta_003,0,1620,405,0.5406945529090199,0.3605769230769231,0.5769230769230769,0.4437869822485207,0.5358024691358024,42,"{0: 8, 1: 6}",150,0.03,[0.33333333 0.33333333 0.33333333],True,True,True,1.0,0.0,0.0,"[171, 1035, 615, 386, 1352, 739, 1468, 1385, 194, 1039, 463, 5, 1447, 668]","[171, 1035, 615, 386, 1352, 739, 1468, 1385]","[194, 1039, 463, 5, 1447, 668]",8,6
m3glvq_k0_8_k1_6_eta_003,1,1620,405,0.5155944943381492,0.2596153846153846,0.5454545454545454,0.3517915309446254,0.508641975308642,42,"{0: 8, 1: 6}",150,0.03,[0.33333333 0.33333333 0.33333333],True,True,True,1.0,0.0,0.0,"[498, 35, 543, 529, 395, 1016, 585, 541, 91, 1254, 148, 201, 725, 734]","[498, 35, 543, 529, 395, 1016, 585, 541]","[91, 1254, 148, 201, 725, 734]",8,6
m3glvq_k0_8_k1_6_eta_003,2,1620,405,0.5533605037094884,0.5432692307692307,0.5678391959798995,0.5552825552825553,0.5530864197530864,42,"{0: 8, 1: 6}",150,0.03,[0.33333333 0.33333333 0.33333333],True,True,True,0.0,1.0,0.0,"[694, 838, 451, 1357, 215, 64, 1503, 325, 335, 205, 448, 75, 1374, 1016]","[694, 838, 451, 1357, 215, 64, 1503, 325]","[335, 205, 448, 75, 1374, 1016]",8,6
m3glvq_k0_8_k1_6_eta_003,3,1620,405,0.5755379885814669,0.3429951690821256,0.6513761467889908,0.4493670886075949,0.5703703703703704,42,"{0: 8, 1: 6}",150,0.03,[0.33333333 0.33333333 0.33333333],True,True,True,1.0,0.0,0.0,"[1422, 1351, 985, 1059, 1492, 619, 1033, 1468, 194, 1416, 165, 682, 1564, 176]","[1422, 1351, 985, 1059, 1492, 619, 1033, 1468]","[194, 1416, 165, 682, 1564, 176]",8,6
m3glvq_k0_8_k1_6_eta_003,4,1620,405,0.5687307861220905,0.4202898550724637,0.6083916083916084,0.4971428571428571,0.5654320987654321,42,"{0: 8, 1: 6}",150,0.03,[0.33333333 0.33333333 0.33333333],True,True,True,0.9939967069886876,0.0060032930113123,0.0,"[584, 1474, 1087, 501, 623, 384, 921, 104, 759, 62, 1025, 631, 15, 1477]","[584, 1474, 1087, 501, 623, 384, 921, 104]","[759, 62, 1025, 631, 15, 1477]",8,6
m3glvq_k0_8_k1_7_eta_003,0,1620,405,0.5039657360406091,0.3125,0.52,0.3903903903903904,0.4987654320987654,42,"{0: 8, 1: 7}",150,0.03,[0.33333333 0.33333333 0.33333333],True,True,True,1.0,0.0,0.0,"[1333, 1468, 1201, 1311, 1426, 739, 1055, 615, 1420, 29, 1083, 381, 164, 309, 194]","[1333, 1468, 1201, 1311, 1426, 739, 1055, 615]","[1420, 29, 1083, 381, 164, 309, 194]",8,7
m3glvq_k0_8_k1_7_eta_003,1,1620,405,0.5433668488871535,0.3557692307692308,0.5826771653543307,0.4417910447761194,0.5382716049382716,42,"{0: 8, 1: 7}",150,0.03,[0.33333333 0.33333333 0.33333333],True,True,True,1.0,0.0,0.0,"[187, 585, 739, 741, 489, 880, 1200, 474, 1442, 1173, 201, 394, 1019, 984, 359]","[187, 585, 739, 741, 489, 880, 1200, 474]","[1442, 1173, 201, 394, 1019, 984, 359]",8,7
m3glvq_k0_8_k1_7_eta_003,2,1620,405,0.5682228621632175,0.2836538461538461,0.6704545454545454,0.3986486486486486,0.5604938271604938,42,"{0: 8, 1: 7}",150,0.03,[0.33333333 0.33333333 0.33333333],True,True,True,1.0,0.0,0.0,"[1229, 400, 1328, 548, 1011, 459, 105, 1471, 1057, 136, 174, 962, 196, 385, 978]","[1229, 400, 1328, 548, 1011, 459, 105, 1471]","[1057, 136, 174, 962, 196, 385, 978]",8,7
m3glvq_k0_8_k1_7_eta_003,3,1620,405,0.4840799297321037,0.4782608695652174,0.495,0.4864864864864865,0.4839506172839506,42,"{0: 8, 1: 7}",150,0.03,[0.33333333 0.33333333 0.33333333],True,True,True,0.0,1.0,0.0,"[340, 1582, 619, 20, 155, 58, 396, 35, 763, 355, 1215, 1343, 25, 1480, 998]","[340, 1582, 619, 20, 155, 58, 396, 35]","[763, 355, 1215, 1343, 25, 1480, 998]",8,7
m3glvq_k0_8_k1_7_eta_003,4,1620,405,0.5512736056214317,0.2995169082125604,0.6138613861386139,0.4025974025974025,0.5456790123456791,42,"{0: 8, 1: 7}",150,0.03,[0.33333333 0.33333333 0.33333333],True,True,True,1.0,0.0,0.0,"[384, 1073, 623, 1474, 578, 1087, 584, 499, 758, 1368, 1443, 1102, 1270, 1477, 1025]","[384, 1073, 623, 1474, 578, 1087, 584, 499]","[758, 1368, 1443, 1102, 1270, 1477, 1025]",8,7
m3glvq_k0_8_k1_8_eta_003,0,1620,405,0.5119826239750097,0.2980769230769231,0.5344827586206896,0.382716049382716,0.5061728395061729,42,"{0: 8, 1: 8}",150,0.03,[0.33333333 0.33333333 0.33333333],True,True,True,1.0,0.0,0.0,"[1333, 1426, 1200, 181, 1499, 1468, 657, 1055, 1078, 381, 178, 490, 194, 1154, 85, 164]","[1333, 1426, 1200, 181, 1499, 1468, 657, 1055]","[1078, 381, 178, 490, 194, 1154, 85, 164]",8,8
m3glvq_k0_8_k1_8_eta_003,1,1620,405,0.5628782702069505,0.2932692307692308,0.648936170212766,0.4039735099337749,0.5555555555555556,42,"{0: 8, 1: 8}",150,0.03,[0.33333333 0.33333333 0.33333333],True,True,True,1.0,0.0,0.0,"[628, 1537, 1055, 470, 970, 541, 543, 1073, 442, 184, 724, 1490, 1022, 984, 145, 595]","[628, 1537, 1055, 470, 970, 541, 543, 1073]","[442, 184, 724, 1490, 1022, 984, 145, 595]",8,8
m3glvq_k0_8_k1_8_eta_003,2,1620,405,0.5199873096446701,0.375,0.5416666666666666,0.4431818181818182,0.5160493827160494,42,"{0: 8, 1: 8}",150,0.03,[0.33333333 0.33333333 0.33333333],True,True,True,0.0,1.0,0.0,"[1357, 838, 1314, 694, 1533, 215, 400, 991, 1236, 1046, 1374, 818, 962, 894, 205, 730]","[1357, 838, 1314, 694, 1533, 215, 400, 991]","[1236, 1046, 1374, 818, 962, 894, 205, 730]",8,8
m3glvq_k0_8_k1_8_eta_003,3,1620,405,0.5577514273166446,0.3478260869565217,0.6101694915254238,0.4430769230769231,0.5530864197530864,42,"{0: 8, 1: 8}",150,0.03,[0.33333333 0.33333333 0.33333333],True,True,True,1.0,0.0,0.0,"[1079, 997, 579, 179, 537, 619, 1536, 1090, 682, 1554, 1082, 165, 843, 1486, 927, 763]","[1079, 997, 579, 179, 537, 619, 1536, 1090]","[682, 1554, 1082, 165, 843, 1486, 927, 763]",8,8
m3glvq_k0_8_k1_8_eta_003,4,1620,405,0.5608256477821696,0.323671497584541,0.6261682242990654,0.4267515923566878,0.5555555555555556,42,"{0: 8, 1: 8}",150,0.03,[0.33333333 0.33333333 0.33333333],True,True,True,1.0,0.0,0.0,"[384, 1073, 499, 623, 188, 1013, 617, 1225, 766, 1097, 171, 1404, 758, 33, 1368, 1194]","[384, 1073, 499, 623, 188, 1013, 617, 1225]","[766, 1097, 171, 1404, 758, 33, 1368, 1194]",8,8
m3glvq_k0_8_k1_9_eta_003,0,1620,405,0.5286753221397892,0.3365384615384615,0.56,0.4204204204204204,0.5234567901234568,42,"{0: 8, 1: 9}",150,0.03,[0.33333333 0.33333333 0.33333333],True,True,True,1.0,0.0,0.0,"[1348, 1352, 1071, 1055, 1499, 1488, 1135, 1426, 277, 194, 745, 164, 862, 1091, 178, 668, 228]","[1348, 1352, 1071, 1055, 1499, 1488, 1135, 1426]","[277, 194, 745, 164, 862, 1091, 178, 668, 228]",8,9
m3glvq_k0_8_k1_9_eta_003,1,1620,405,0.5481745411948458,0.3653846153846153,0.5891472868217055,0.4510385756676558,0.5432098765432098,42,"{0: 8, 1: 9}",150,0.03,[0.33333333 0.33333333 0.33333333],True,True,True,1.0,0.0,0.0,"[85, 1374, 476, 1200, 366, 133, 1604, 187, 1349, 1250, 280, 52, 724, 1480, 148, 232, 58]","[85, 1374, 476, 1200, 366, 133, 1604, 187]","[1349, 1250, 280, 52, 724, 1480, 148, 232, 58]",8,9
m3glvq_k0_8_k1_9_eta_003,2,1620,405,0.529358648965248,0.2211538461538461,0.5897435897435898,0.3216783216783216,0.5209876543209877,42,"{0: 8, 1: 9}",150,0.03,[0.33333333 0.33333333 0.33333333],True,True,True,1.0,0.0,0.0,"[588, 873, 636, 1590, 1471, 400, 204, 1121, 1039, 1057, 417, 139, 136, 891, 368, 1431, 87]","[588, 873, 636, 1590, 1471, 400, 204, 1121]","[1039, 1057, 417, 139, 136, 891, 368, 1431, 87]",8,9
m3glvq_k0_8_k1_9_eta_003,3,1620,405,0.5282169521299956,0.6473429951690821,0.5338645418326693,0.5851528384279475,0.5308641975308642,42,"{0: 8, 1: 9}",150,0.03,[0.33333333 0.33333333 0.33333333],True,True,True,0.0,1.0,0.0,"[964, 1231, 24, 1149, 155, 340, 992, 58, 1084, 1583, 763, 675, 1343, 165, 150, 904, 350]","[964, 1231, 24, 1149, 155, 340, 992, 58]","[1084, 1583, 763, 675, 1343, 165, 150, 904, 350]",8,9
m3glvq_k0_8_k1_9_eta_003,4,1620,405,0.5454545454545454,0.3333333333333333,0.5897435897435898,0.4259259259259259,0.5407407407407407,42,"{0: 8, 1: 9}",150,0.03,[0.33333333 0.33333333 0.33333333],True,True,True,1.0,0.0,0.0,"[499, 617, 1048, 530, 1095, 623, 1474, 384, 83, 1443, 490, 376, 207, 929, 1025, 1092, 864]","[499, 617, 1048, 530, 1095, 623, 1474, 384]","[83, 1443, 490, 376, 207, 929, 1025, 1092, 864]",8,9
m3glvq_k0_8_k1_10_eta_003,0,1620,405,0.5449653455681375,0.3894230769230769,0.5785714285714286,0.4655172413793103,0.5407407407407407,42,"{0: 8, 1: 10}",150,0.03,[0.33333333 0.33333333 0.33333333],True,True,True,1.0,0.0,0.0,"[436, 1402, 466, 726, 1468, 1204, 1426, 986, 1019, 147, 509, 1469, 49, 745, 463, 1511, 462, 604]","[436, 1402, 466, 726, 1468, 1204, 1426, 986]","[1019, 147, 509, 1469, 49, 745, 463, 1511, 462, 604]",8,10
m3glvq_k0_8_k1_10_eta_003,1,1620,405,0.5455144474814526,0.2788461538461538,0.6105263157894737,0.3828382838283828,0.5382716049382716,42,"{0: 8, 1: 10}",150,0.03,[0.33333333 0.33333333 0.33333333],True,True,True,1.0,0.0,0.0,"[1494, 1324, 543, 187, 453, 1200, 206, 870, 1108, 167, 145, 724, 1029, 623, 521, 86, 1048, 1060]","[1494, 1324, 543, 187, 453, 1200, 206, 870]","[1108, 167, 145, 724, 1029, 623, 521, 86, 1048, 1060]",8,10
m3glvq_k0_8_k1_10_eta_003,2,1620,405,0.5290779968762203,0.3221153846153846,0.5630252100840336,0.4097859327217126,0.5234567901234568,42,"{0: 8, 1: 10}",150,0.03,[0.33333333 0.33333333 0.33333333],True,True,True,0.0,1.0,0.0,"[400, 1357, 511, 694, 150, 64, 991, 636, 1076, 528, 156, 962, 664, 1535, 1449, 1023, 1313, 1158]","[400, 1357, 511, 694, 150, 64, 991, 636]","[1076, 528, 156, 962, 664, 1535, 1449, 1023, 1313, 1158]",8,10
m3glvq_k0_8_k1_10_eta_003,3,1620,405,0.558300395256917,0.4347826086956521,0.5882352941176471,0.5,0.5555555555555556,42,"{0: 8, 1: 10}",150,0.03,[0.33333333 0.33333333 0.33333333],True,True,True,1.0,0.0,0.0,"[1422, 1059, 666, 997, 179, 1142, 985, 1536, 194, 291, 916, 143, 857, 162, 1125, 50, 1008, 1003]","[1422, 1059, 666, 997, 179, 1142, 985, 1536]","[194, 291, 916, 143, 857, 162, 1125, 50, 1008, 1003]",8,10
m3glvq_k0_8_k1_10_eta_003,4,1620,405,0.5676328502415459,0.4685990338164251,0.5950920245398773,0.5243243243243244,0.5654320987654321,42,"{0: 8, 1: 10}",150,0.03,[0.33333333 0.33333333 0.33333333],True,True,True,1.0,0.0,0.0,"[1095, 384, 91, 1073, 617, 497, 1048, 1474, 55, 1557, 630, 1547, 143, 1582, 207, 550, 1037, 549]","[1095, 384, 91, 1073, 617, 497, 1048, 1474]","[55, 1557, 630, 1547, 143, 1582, 207, 550, 1037, 549]",8,10
m3glvq_k0_9_k1_3_eta_003,0,1620,405,0.5051859625146428,0.1778846153846154,0.5285714285714286,0.2661870503597122,0.4962962962962963,42,"{0: 9, 1: 3}",150,0.03,[0.33333333 0.33333333 0.33333333],True,True,True,1.0,0.0,0.0,"[1537, 739, 570, 1200, 97, 1385, 1468, 386, 657, 806, 626, 194]","[1537, 739, 570, 1200, 97, 1385, 1468, 386, 657]","[806, 626, 194]",9,3
m3glvq_k0_9_k1_3_eta_003,1,1620,405,0.5228060327996876,0.2740384615384615,0.5588235294117647,0.3677419354838709,0.5160493827160494,42,"{0: 9, 1: 3}",150,0.03,[0.33333333 0.33333333 0.33333333],True,True,True,1.0,0.0,0.0,"[414, 970, 164, 85, 1164, 511, 543, 111, 1257, 1583, 429, 692]","[414, 970, 164, 85, 1164, 511, 543, 111, 1257]","[1583, 429, 692]",9,3
m3glvq_k0_9_k1_3_eta_003,2,1620,405,0.5292366263178446,0.1346153846153846,0.6511627906976745,0.2231075697211155,0.5185185185185185,42,"{0: 9, 1: 3}",150,0.03,[0.33333333 0.33333333 0.33333333],True,True,True,1.0,0.0,0.0,"[835, 636, 548, 966, 474, 400, 1541, 1247, 1229, 604, 158, 87]","[835, 636, 548, 966, 474, 400, 1541, 1247, 1229]","[604, 158, 87]",9,3
m3glvq_k0_9_k1_3_eta_003,3,1620,405,0.541282389108476,0.6280193236714976,0.5462184873949579,0.5842696629213483,0.5432098765432098,42,"{0: 9, 1: 3}",150,0.03,[0.33333333 0.33333333 0.33333333],True,True,True,0.0399511129291068,0.9600488870708932,0.0,"[964, 1441, 1078, 155, 58, 340, 1231, 80, 591, 25, 1489, 350]","[964, 1441, 1078, 155, 58, 340, 1231, 80, 591]","[25, 1489, 350]",9,3
m3glvq_k0_9_k1_3_eta_003,4,1620,405,0.5601668862538428,0.2415458937198067,0.6756756756756757,0.3558718861209964,0.5530864197530864,42,"{0: 9, 1: 3}",150,0.03,[0.33333333 0.33333333 0.33333333],True,True,True,1.0,0.0,0.0,"[1087, 754, 14, 623, 1041, 1048, 1474, 384, 1545, 207, 818, 631]","[1087, 754, 14, 623, 1041, 1048, 1474, 384, 1545]","[207, 818, 631]",9,3
m3glvq_k0_9_k1_4_eta_003,0,1620,405,0.5079802811401797,0.2596153846153846,0.5294117647058824,0.3483870967741935,0.5012345679012346,42,"{0: 9, 1: 4}",150,0.03,[0.33333333 0.33333333 0.33333333],True,True,True,1.0,0.0,0.0,"[836, 1468, 1035, 570, 1375, 657, 1426, 598, 739, 164, 309, 194, 1076]","[836, 1468, 1035, 570, 1375, 657, 1426, 598, 739]","[164, 309, 194, 1076]",9,4
m3glvq_k0_9_k1_4_eta_003,1,1620,405,0.5399136079656384,0.2067307692307692,0.6323529411764706,0.3115942028985507,0.5308641975308642,42,"{0: 9, 1: 4}",150,0.03,[0.33333333 0.33333333 0.33333333],True,True,True,1.0,0.0,0.0,"[1055, 870, 272, 628, 1494, 35, 541, 388, 96, 644, 1431, 1442, 201]","[1055, 870, 272, 628, 1494, 35, 541, 388, 96]","[644, 1431, 1442, 201]",9,4
m3glvq_k0_9_k1_4_eta_003,2,1620,405,0.5225375829754002,0.2836538461538461,0.5566037735849056,0.375796178343949,0.5160493827160494,42,"{0: 9, 1: 4}",150,0.03,[0.33333333 0.33333333 0.33333333],True,True,True,1.0,0.0,0.0,"[830, 588, 584, 636, 1328, 548, 549, 1001, 1005, 1431, 1015, 962, 1065]","[830, 588, 584, 636, 1328, 548, 549, 1001, 1005]","[1431, 1015, 962, 1065]",9,4
m3glvq_k0_9_k1_4_eta_003,3,1620,405,0.5229468599033816,0.2125603864734299,0.5714285714285714,0.3098591549295774,0.5160493827160494,42,"{0: 9, 1: 4}",150,0.03,[0.33333333 0.33333333 0.33333333],True,True,True,1.0,0.0,0.0,"[302, 1468, 666, 412, 1059, 1492, 1381, 1022, 1241, 682, 194, 1444, 840]","[302, 1468, 666, 412, 1059, 1492, 1381, 1022, 1241]","[682, 194, 1444, 840]",9,4
m3glvq_k0_9_k1_4_eta_003,4,1620,405,0.5423803249890207,0.2463768115942029,0.6144578313253012,0.3517241379310344,0.5358024691358024,42,"{0: 9, 1: 4}",150,0.03,[0.33333333 0.33333333 0.33333333],True,True,True,1.0,0.0,0.0,"[786, 578, 1597, 1048, 734, 1225, 1474, 530, 384, 759, 207, 681, 1443]","[786, 578, 1597, 1048, 734, 1225, 1474, 530, 384]","[759, 207, 681, 1443]",9,4
m3glvq_k0_9_k1_5_eta_003,0,1620,405,0.5512495119094104,0.3461538461538461,0.6,0.4390243902439024,0.5456790123456791,42,"{0: 9, 1: 5}",150,0.03,[0.33333333 0.33333333 0.33333333],True,True,True,1.0,0.0,0.0,"[1035, 1333, 754, 657, 570, 97, 1426, 941, 1468, 1076, 164, 668, 309, 462]","[1035, 1333, 754, 657, 570, 97, 1426, 941, 1468]","[1076, 164, 668, 309, 462]",9,5
m3glvq_k0_9_k1_5_eta_003,1,1620,405,0.5489798906677079,0.3365384615384615,0.5982905982905983,0.4307692307692308,0.5432098765432098,42,"{0: 9, 1: 5}",150,0.03,[0.33333333 0.33333333 0.33333333],True,True,True,1.0,0.0,0.0,"[1591, 651, 628, 1324, 543, 880, 1016, 541, 25, 464, 201, 644, 1060, 429]","[1591, 651, 628, 1324, 543, 880, 1016, 541, 25]","[464, 201, 644, 1060, 429]",9,5
m3glvq_k0_9_k1_5_eta_003,2,1620,405,0.5257589808668489,0.1682692307692307,0.603448275862069,0.2631578947368421,0.5160493827160494,42,"{0: 9, 1: 5}",150,0.03,[0.33333333 0.33333333 0.33333333],True,True,True,1.0,0.0,0.0,"[1080, 400, 1229, 548, 1001, 993, 830, 1328, 636, 1361, 297, 806, 87, 1144]","[1080, 400, 1229, 548, 1001, 993, 830, 1328, 636]","[1361, 297, 806, 87, 1144]",9,5
m3glvq_k0_9_k1_5_eta_003,3,1620,405,0.5276679841897234,0.2270531400966183,0.5802469135802469,0.3263888888888889,0.5209876543209877,42,"{0: 9, 1: 5}",150,0.03,[0.33333333 0.33333333 0.33333333],True,True,True,1.0,0.0,0.0,"[1615, 1241, 412, 85, 1468, 1268, 1059, 1492, 666, 771, 313, 1564, 820, 194]","[1615, 1241, 412, 85, 1468, 1268, 1059, 1492, 666]","[771, 313, 1564, 820, 194]",9,5
m3glvq_k0_9_k1_5_eta_003,4,1620,405,0.5503952569169961,0.2270531400966183,0.6527777777777778,0.3369175627240143,0.5432098765432098,42,"{0: 9, 1: 5}",150,0.03,[0.33333333 0.33333333 0.33333333],True,True,True,1.0,0.0,0.0,"[623, 384, 1073, 281, 1013, 1597, 775, 1252, 233, 1097, 1432, 766, 1025, 171]","[623, 384, 1073, 281, 1013, 1597, 775, 1252, 233]","[1097, 1432, 766, 1025, 171]",9,5
m3glvq_k0_9_k1_6_eta_003,0,1620,405,0.5348252635689184,0.2980769230769231,0.5794392523364486,0.3936507936507937,0.528395061728395,42,"{0: 9, 1: 6}",150,0.03,[0.33333333 0.33333333 0.33333333],True,True,True,1.0,0.0,0.0,"[1269, 739, 567, 1426, 1071, 1499, 570, 1385, 657, 1447, 744, 164, 1398, 194, 668]","[1269, 739, 567, 1426, 1071, 1499, 570, 1385, 657]","[1447, 744, 164, 1398, 194, 668]",9,6
m3glvq_k0_9_k1_6_eta_003,1,1620,405,0.5627318430300664,0.3894230769230769,0.6090225563909775,0.4750733137829912,0.5580246913580247,42,"{0: 9, 1: 6}",150,0.03,[0.33333333 0.33333333 0.33333333],True,True,True,1.0,0.0,0.0,"[164, 85, 414, 651, 1494, 90, 1324, 1010, 1267, 1442, 439, 900, 1349, 1390, 364]","[164, 85, 414, 651, 1494, 90, 1324, 1010, 1267]","[1442, 439, 900, 1349, 1390, 364]",9,6
m3glvq_k0_9_k1_6_eta_003,2,1620,405,0.5325434400624756,0.3798076923076923,0.5602836879432624,0.4527220630372492,0.528395061728395,42,"{0: 9, 1: 6}",150,0.03,[0.33333333 0.33333333 0.33333333],True,True,True,1.0,0.0,0.0,"[292, 1471, 153, 993, 1011, 1072, 126, 587, 1328, 821, 1058, 139, 1442, 1455, 1283]","[292, 1471, 153, 993, 1011, 1072, 126, 587, 1328]","[821, 1058, 139, 1442, 1455, 1283]",9,6
m3glvq_k0_9_k1_6_eta_003,3,1620,405,0.5287659200702679,0.2898550724637681,0.5660377358490566,0.3833865814696485,0.5234567901234568,42,"{0: 9, 1: 6}",150,0.03,[0.33333333 0.33333333 0.33333333],True,True,True,1.0,0.0,0.0,"[1483, 302, 110, 1059, 666, 1422, 905, 957, 1492, 1262, 351, 1099, 194, 391, 1159]","[1483, 302, 110, 1059, 666, 1422, 905, 957, 1492]","[1262, 351, 1099, 194, 391, 1159]",9,6
m3glvq_k0_9_k1_6_eta_003,4,1620,405,0.5424901185770751,0.2415458937198067,0.6172839506172839,0.3472222222222222,0.5358024691358024,42,"{0: 9, 1: 6}",150,0.03,[0.33333333 0.33333333 0.33333333],True,True,True,1.0,0.0,0.0,"[384, 231, 775, 14, 1225, 1474, 578, 1073, 499, 766, 171, 1025, 631, 207, 31]","[384, 231, 775, 14, 1225, 1474, 578, 1073, 499]","[766, 171, 1025, 631, 207, 31]",9,6
m3glvq_k0_9_k1_7_eta_003,0,1620,405,0.5372291097227645,0.3028846153846153,0.5833333333333334,0.3987341772151899,0.5308641975308642,42,"{0: 9, 1: 7}",150,0.03,[0.33333333 0.33333333 0.33333333],True,True,True,1.0,0.0,0.0,"[1200, 1269, 657, 1426, 570, 1468, 1055, 502, 1333, 976, 463, 745, 668, 5, 382, 358]","[1200, 1269, 657, 1426, 570, 1468, 1055, 502, 1333]","[976, 463, 745, 668, 5, 382, 358]",9,7
m3glvq_k0_9_k1_7_eta_003,1,1620,405,0.5593884224912143,0.4182692307692308,0.5958904109589042,0.4915254237288136,0.5555555555555556,42,"{0: 9, 1: 7}",150,0.03,[0.33333333 0.33333333 0.33333333],True,True,True,1.0,0.0,0.0,"[543, 327, 1016, 507, 1616, 739, 25, 1006, 398, 570, 145, 984, 1349, 724, 1060, 394]","[543, 327, 1016, 507, 1616, 739, 25, 1006, 398]","[570, 145, 984, 1349, 724, 1060, 394]",9,7
m3glvq_k0_9_k1_7_eta_003,2,1620,405,0.5195724326434986,0.4807692307692308,0.5347593582887701,0.5063291139240508,0.5185185185185185,42,"{0: 9, 1: 7}",150,0.03,[0.33333333 0.33333333 0.33333333],True,True,True,0.0059650710212423,0.9940349289787576,0.0,"[1357, 57, 451, 150, 694, 838, 1216, 120, 1196, 1458, 1059, 1374, 230, 1392, 1522, 205]","[1357, 57, 451, 150, 694, 838, 1216, 120, 1196]","[1458, 1059, 1374, 230, 1392, 1522, 205]",9,7
m3glvq_k0_9_k1_7_eta_003,3,1620,405,0.535243741765481,0.3381642512077294,0.5691056910569106,0.4242424242424242,0.5308641975308642,42,"{0: 9, 1: 7}",150,0.03,[0.33333333 0.33333333 0.33333333],True,True,True,1.0,0.0,0.0,"[957, 476, 619, 1422, 1059, 1615, 302, 1252, 71, 176, 194, 856, 1099, 1564, 50, 1087]","[957, 476, 619, 1422, 1059, 1615, 302, 1252, 71]","[176, 194, 856, 1099, 1564, 50, 1087]",9,7
m3glvq_k0_9_k1_7_eta_003,4,1620,405,0.5233860342555995,0.3043478260869565,0.5526315789473685,0.3925233644859813,0.5185185185185185,42,"{0: 9, 1: 7}",150,0.03,[0.33333333 0.33333333 0.33333333],True,True,True,1.0,0.0,0.0,"[1073, 623, 740, 1474, 384, 1252, 1199, 1597, 1005, 1364, 376, 1025, 1557, 1063, 207, 1564]","[1073, 623, 740, 1474, 384, 1252, 1199, 1597, 1005]","[1364, 376, 1025, 1557, 1063, 207, 1564]",9,7
m3glvq_k0_9_k1_8_eta_003,0,1620,405,0.5414877001171418,0.4230769230769231,0.567741935483871,0.4848484848484848,0.5382716049382716,42,"{0: 9, 1: 8}",150,0.03,[0.33333333 0.33333333 0.33333333],True,True,True,1.0,0.0,0.0,"[254, 1426, 1200, 1027, 502, 869, 97, 754, 1333, 374, 1067, 418, 324, 1039, 473, 1076, 462]","[254, 1426, 1200, 1027, 502, 869, 97, 754, 1333]","[374, 1067, 418, 324, 1039, 473, 1076, 462]",9,8
m3glvq_k0_9_k1_8_eta_003,1,1620,405,0.5404261030847326,0.3701923076923077,0.5746268656716418,0.4502923976608187,0.5358024691358024,42,"{0: 9, 1: 8}",150,0.03,[0.33333333 0.33333333 0.33333333],True,True,True,1.0,0.0,0.0,"[388, 961, 545, 1200, 1324, 1164, 541, 741, 210, 359, 1583, 442, 201, 1431, 1202, 1490, 984]","[388, 961, 545, 1200, 1324, 1164, 541, 741, 210]","[359, 1583, 442, 201, 1431, 1202, 1490, 984]",9,8
m3glvq_k0_9_k1_8_eta_003,2,1620,405,0.544037973447872,0.3317307692307692,0.5897435897435898,0.4246153846153845,0.5382716049382716,42,"{0: 9, 1: 8}",150,0.03,[0.33333333 0.33333333 0.33333333],True,True,True,1.0,0.0,0.0,"[1247, 1303, 993, 966, 1541, 636, 548, 549, 1243, 1442, 87, 664, 1472, 1380, 136, 1127, 528]","[1247, 1303, 993, 966, 1541, 636, 548, 549, 1243]","[1442, 87, 664, 1472, 1380, 136, 1127, 528]",9,8
m3glvq_k0_9_k1_8_eta_003,3,1620,405,0.5211901624945103,0.6231884057971014,0.5286885245901639,0.5720620842572062,0.5234567901234568,42,"{0: 9, 1: 8}",150,0.03,[0.33333333 0.33333333 0.33333333],True,True,True,0.0,1.0,0.0,"[58, 155, 1606, 279, 964, 1363, 684, 24, 65, 1084, 246, 1343, 350, 1489, 968, 150, 998]","[58, 155, 1606, 279, 964, 1363, 684, 24, 65]","[1084, 246, 1343, 350, 1489, 968, 150, 998]",9,8
m3glvq_k0_9_k1_8_eta_003,4,1620,405,0.5574220465524813,0.3623188405797101,0.6048387096774194,0.4531722054380664,0.5530864197530864,42,"{0: 9, 1: 8}",150,0.03,[0.33333333 0.33333333 0.33333333],True,True,True,1.0,0.0,0.0,"[1597, 775, 1225, 882, 578, 384, 786, 1013, 530, 1564, 92, 242, 1175, 766, 151, 207, 759]","[1597, 775, 1225, 882, 578, 384, 786, 1013, 530]","[1564, 92, 242, 1175, 766, 151, 207, 759]",9,8
m3glvq_k0_9_k1_9_eta_003,0,1620,405,0.5368142327215931,0.4086538461538461,0.5629139072847682,0.4735376044568245,0.5333333333333333,42,"{0: 9, 1: 9}",150,0.03,[0.33333333 0.33333333 0.33333333],True,True,True,1.0,0.0,0.0,"[1426, 1385, 1311, 657, 1226, 570, 771, 739, 419, 668, 194, 366, 212, 5, 462, 509, 29, 381]","[1426, 1385, 1311, 657, 1226, 570, 771, 739, 419]","[668, 194, 366, 212, 5, 462, 509, 29, 381]",9,9
m3glvq_k0_9_k1_9_eta_003,1,1620,405,0.5583268254588052,0.3653846153846153,0.608,0.4564564564564565,0.5530864197530864,42,"{0: 9, 1: 9}",150,0.03,[0.33333333 0.33333333 0.33333333],True,True,True,1.0,0.0,0.0,"[85, 272, 1200, 476, 855, 543, 628, 880, 541, 209, 1568, 31, 1048, 893, 823, 1349, 521, 1060]","[85, 272, 1200, 476, 855, 543, 628, 880, 541]","[209, 1568, 31, 1048, 893, 823, 1349, 521, 1060]",9,9
m3glvq_k0_9_k1_9_eta_003,2,1620,405,0.526271475985943,0.3317307692307692,0.5564516129032258,0.4156626506024096,0.5209876543209877,42,"{0: 9, 1: 9}",150,0.03,[0.33333333 0.33333333 0.33333333],True,True,True,1.0,0.0,0.0,"[1054, 966, 1066, 588, 548, 1005, 788, 701, 400, 664, 136, 723, 962, 87, 528, 1556, 76, 1025]","[1054, 966, 1066, 588, 548, 1005, 788, 701, 400]","[664, 136, 723, 962, 87, 528, 1556, 76, 1025]",9,9
m3glvq_k0_9_k1_9_eta_003,3,1620,405,0.5809178743961353,0.4396135265700483,0.6232876712328768,0.5155807365439093,0.5777777777777777,42,"{0: 9, 1: 9}",150,0.03,[0.33333333 0.33333333 0.33333333],True,True,True,1.0,0.0,0.0,"[1492, 1022, 426, 666, 1468, 1422, 1059, 1241, 1381, 143, 1554, 1003, 177, 1444, 763, 867, 637, 682]","[1492, 1022, 426, 666, 1468, 1422, 1059, 1241, 1381]","[143, 1554, 1003, 177, 1444, 763, 867, 637, 682]",9,9
m3glvq_k0_9_k1_9_eta_003,4,1620,405,0.5741106719367589,0.4057971014492754,0.6222222222222222,0.4912280701754385,0.5703703703703704,42,"{0: 9, 1: 9}",150,0.03,[0.33333333 0.33333333 0.33333333],True,True,True,1.0,0.0,0.0,"[1053, 1597, 1252, 1013, 1087, 384, 1073, 115, 1503, 1270, 1393, 1443, 766, 151, 758, 1323, 1025, 929]","[1053, 1597, 1252, 1013, 1087, 384, 1073, 115, 1503]","[1270, 1393, 1443, 766, 151, 758, 1323, 1025, 929]",9,9
m3glvq_k0_9_k1_10_eta_003,0,1620,405,0.5122510737992971,0.2884615384615384,0.5357142857142857,0.3749999999999999,0.5061728395061729,42,"{0: 9, 1: 10}",150,0.03,[0.33333333 0.33333333 0.33333333],True,True,True,1.0,0.0,0.0,"[771, 657, 1200, 985, 1385, 956, 1426, 678, 1055, 951, 553, 218, 309, 504, 1351, 1447, 684, 194, 228]","[771, 657, 1200, 985, 1385, 956, 1426, 678, 1055]","[951, 553, 218, 309, 504, 1351, 1447, 684, 194, 228]",9,10
m3glvq_k0_9_k1_10_eta_003,1,1620,405,0.5421466224131198,0.4903846153846153,0.5604395604395604,0.523076923076923,0.5407407407407407,42,"{0: 9, 1: 10}",150,0.03,[0.33333333 0.33333333 0.33333333],True,True,True,1.0,0.0,0.0,"[1200, 808, 628, 498, 85, 543, 970, 529, 1587, 1431, 359, 984, 274, 148, 1490, 442, 1019, 280, 951]","[1200, 808, 628, 498, 85, 543, 970, 529, 1587]","[1431, 359, 984, 274, 148, 1490, 442, 1019, 280, 951]",9,10
m3glvq_k0_9_k1_10_eta_003,2,1620,405,0.5290779968762203,0.3221153846153846,0.5630252100840336,0.4097859327217126,0.5234567901234568,42,"{0: 9, 1: 10}",150,0.03,[0.33333333 0.33333333 0.33333333],True,True,True,1.0,0.0,0.0,"[204, 479, 1001, 105, 548, 636, 400, 855, 1416, 962, 285, 664, 1520, 604, 156, 1610, 26, 723, 158]","[204, 479, 1001, 105, 548, 636, 400, 855, 1416]","[962, 285, 664, 1520, 604, 156, 1610, 26, 723, 158]",9,10
m3glvq_k0_9_k1_10_eta_003,3,1620,405,0.5881642512077295,0.3429951690821256,0.6826923076923077,0.4565916398713827,0.582716049382716,42,"{0: 9, 1: 10}",150,0.03,[0.33333333 0.33333333 0.33333333],True,True,True,1.0,0.0,0.0,"[1059, 302, 1241, 619, 1422, 1536, 1252, 1033, 997, 927, 701, 1049, 1194, 1583, 1262, 763, 637, 682, 177]","[1059, 302, 1241, 619, 1422, 1536, 1252, 1033, 997]","[927, 701, 1049, 1194, 1583, 1262, 763, 637, 682, 177]",9,10
m3glvq_k0_9_k1_10_eta_003,4,1620,405,0.5620333772507685,0.3816425120772946,0.6076923076923076,0.4688427299703263,0.5580246913580247,42,"{0: 9, 1: 10}",150,0.03,[0.33333333 0.33333333 0.33333333],True,True,True,1.0,0.0,0.0,"[1087, 1597, 1252, 775, 734, 1073, 384, 1474, 497, 758, 1336, 1557, 1175, 1323, 237, 681, 31, 1106, 550]","[1087, 1597, 1252, 775, 734, 1073, 384, 1474, 497]","[758, 1336, 1557, 1175, 1323, 237, 681, 31, 1106, 550]",9,10
m3glvq_k0_10_k1_3_eta_003,0,1620,405,0.498511323701679,0.1442307692307692,0.5084745762711864,0.2247191011235955,0.4888888888888889,42,"{0: 10, 1: 3}",150,0.03,[0.33333333 0.33333333 0.33333333],True,True,True,1.0,0.0,0.0,"[97, 739, 1426, 1499, 494, 1348, 1055, 1204, 1385, 1071, 1447, 194, 806]","[97, 739, 1426, 1499, 494, 1348, 1055, 1204, 1385, 1071]","[1447, 194, 806]",10,3
m3glvq_k0_10_k1_3_eta_003,1,1620,405,0.5380222569308863,0.3653846153846153,0.5714285714285714,0.4457478005865102,0.5333333333333333,42,"{0: 10, 1: 3}",150,0.03,[0.33333333 0.33333333 0.33333333],True,True,True,1.0,0.0,0.0,"[628, 870, 85, 1440, 416, 37, 1006, 1580, 529, 1257, 692, 596, 1442]","[628, 870, 85, 1440, 416, 37, 1006, 1580, 529, 1257]","[692, 596, 1442]",10,3
m3glvq_k0_10_k1_3_eta_003,2,1620,405,0.5452581999219055,0.1971153846153846,0.6612903225806451,0.3037037037037037,0.5358024691358024,42,"{0: 10, 1: 3}",150,0.03,[0.33333333 0.33333333 0.33333333],True,True,True,1.0,0.0,0.0,"[1196, 1481, 1541, 573, 1229, 1005, 1471, 1424, 548, 1378, 779, 604, 962]","[1196, 1481, 1541, 573, 1229, 1005, 1471, 1424, 548, 1378]","[779, 604, 962]",10,3
m3glvq_k0_10_k1_3_eta_003,3,1620,405,0.4965963987703118,0.1497584541062802,0.5,0.2304832713754646,0.4888888888888889,42,"{0: 10, 1: 3}",150,0.03,[0.33333333 0.33333333 0.33333333],True,True,True,0.0,1.0,0.0,"[1394, 65, 412, 20, 340, 964, 666, 1492, 155, 591, 676, 25, 165]","[1394, 65, 412, 20, 340, 964, 666, 1492, 155, 591]","[676, 25, 165]",10,3
m3glvq_k0_10_k1_3_eta_003,4,1620,405,0.5250329380764164,0.1207729468599033,0.6410256410256411,0.2032520325203252,0.5160493827160494,42,"{0: 10, 1: 3}",150,0.03,[0.33333333 0.33333333 0.33333333],True,True,True,1.0,0.0,0.0,"[14, 1361, 1225, 623, 1073, 202, 384, 1048, 1112, 578, 759, 207, 818]","[14, 1361, 1225, 623, 1073, 202, 384, 1048, 1112, 578]","[759, 207, 818]",10,3
m3glvq_k0_10_k1_4_eta_003,0,1620,405,0.5122632760640375,0.1971153846153846,0.5466666666666666,0.2897526501766784,0.5037037037037037,42,"{0: 10, 1: 4}",150,0.03,[0.33333333 0.33333333 0.33333333],True,True,True,1.0,0.0,0.0,"[1385, 657, 1499, 97, 570, 1468, 1426, 906, 1055, 1201, 164, 1447, 710, 194]","[1385, 657, 1499, 97, 570, 1468, 1426, 906, 1055, 1201]","[164, 1447, 710, 194]",10,4
m3glvq_k0_10_k1_4_eta_003,1,1620,405,0.5289559742288169,0.235576923076923,0.5833333333333334,0.3356164383561644,0.5209876543209877,42,"{0: 10, 1: 4}",150,0.03,[0.33333333 0.33333333 0.33333333],True,True,True,1.0,0.0,0.0,"[489, 870, 501, 110, 628, 35, 388, 1006, 98, 507, 984, 201, 1019, 1442]","[489, 870, 501, 110, 628, 35, 388, 1006, 98, 507]","[984, 201, 1019, 1442]",10,4
m3glvq_k0_10_k1_4_eta_003,2,1620,405,0.5451117727450214,0.2932692307692308,0.6039603960396039,0.3948220064724919,0.5382716049382716,42,"{0: 10, 1: 4}",150,0.03,[0.33333333 0.33333333 0.33333333],True,True,True,1.0,0.0,0.0,"[1081, 94, 993, 1331, 1328, 1471, 126, 548, 153, 459, 917, 962, 158, 1455]","[1081, 94, 993, 1331, 1328, 1471, 126, 548, 153, 459]","[917, 962, 158, 1455]",10,4
m3glvq_k0_10_k1_4_eta_003,3,1620,405,0.5679622310057093,0.3429951690821256,0.6339285714285714,0.445141065830721,0.562962962962963,42,"{0: 10, 1: 4}",150,0.03,[0.33333333 0.33333333 0.33333333],True,True,True,1.0,0.0,0.0,"[1381, 985, 1422, 1033, 159, 1468, 1018, 1059, 1288, 666, 194, 856, 840, 1444]","[1381, 985, 1422, 1033, 159, 1468, 1018, 1059, 1288, 666]","[194, 856, 840, 1444]",10,4
m3glvq_k0_10_k1_4_eta_003,4,1620,405,0.5736714975845411,0.3140096618357488,0.6632653061224489,0.4262295081967213,0.5679012345679012,42,"{0: 10, 1: 4}",150,0.03,[0.33333333 0.33333333 0.33333333],True,True,True,1.0,0.0,0.0,"[1157, 44, 104, 384, 584, 623, 1278, 223, 1013, 501, 1025, 1240, 1092, 207]","[1157, 44, 104, 384, 584, 623, 1278, 223, 1013, 501]","[1025, 1240, 1092, 207]",10,4
m3glvq_k0_10_k1_5_eta_003,0,1620,405,0.5162656188988676,0.235576923076923,0.550561797752809,0.3299663299663299,0.508641975308642,42,"{0: 10, 1: 5}",150,0.03,[0.33333333 0.33333333 0.33333333],True,True,True,1.0,0.0,0.0,"[1311, 1204, 579, 941, 1385, 1515, 1468, 1426, 1071, 739, 194, 1078, 164, 418, 668]","[1311, 1204, 579, 941, 1385, 1515, 1468, 1426, 1071, 739]","[194, 1078, 164, 418, 668]",10,5
m3glvq_k0_10_k1_5_eta_003,1,1620,405,0.5172051932838735,0.2019230769230769,0.56,0.2968197879858658,0.508641975308642,42,"{0: 10, 1: 5}",150,0.03,[0.33333333 0.33333333 0.33333333],True,True,True,1.0,0.0,0.0,"[995, 1229, 85, 98, 498, 970, 1200, 388, 1073, 1164, 201, 644, 464, 1250, 1029]","[995, 1229, 85, 98, 498, 970, 1200, 388, 1073, 1164]","[201, 644, 464, 1250, 1029]",10,5
m3glvq_k0_10_k1_5_eta_003,2,1620,405,0.5392546856696603,0.1394230769230769,0.7073170731707317,0.2329317269076305,0.528395061728395,42,"{0: 10, 1: 5}",150,0.03,[0.33333333 0.33333333 0.33333333],True,True,True,1.0,0.0,0.0,"[548, 636, 400, 1193, 830, 1080, 1182, 188, 204, 545, 136, 978, 1565, 962, 604]","[548, 636, 400, 1193, 830, 1080, 1182, 188, 204, 545]","[136, 978, 1565, 962, 604]",10,5
m3glvq_k0_10_k1_5_eta_003,3,1620,405,0.5139437856829161,0.6086956521739131,0.5228215767634855,0.5625,0.5160493827160494,42,"{0: 10, 1: 5}",150,0.03,[0.33333333 0.33333333 0.33333333],True,True,True,0.0,1.0,0.0,"[58, 1515, 65, 99, 1367, 155, 340, 963, 440, 1441, 25, 968, 1489, 350, 246]","[58, 1515, 65, 99, 1367, 155, 340, 963, 440, 1441]","[25, 968, 1489, 350, 246]",10,5
m3glvq_k0_10_k1_5_eta_003,4,1620,405,0.5464426877470355,0.2898550724637681,0.6060606060606061,0.392156862745098,0.5407407407407407,42,"{0: 10, 1: 5}",150,0.03,[0.33333333 0.33333333 0.33333333],True,True,True,1.0,0.0,0.0,"[453, 559, 921, 584, 501, 1090, 1348, 1252, 1474, 623, 1167, 760, 1270, 631, 1025]","[453, 559, 921, 584, 501, 1090, 1348, 1252, 1474, 623]","[1167, 760, 1270, 631, 1025]",10,5
m3glvq_k0_10_k1_6_eta_003,0,1620,405,0.5309571456462319,0.2548076923076923,0.5824175824175825,0.354515050167224,0.5234567901234568,42,"{0: 10, 1: 6}",150,0.03,[0.33333333 0.33333333 0.33333333],True,True,True,1.0,0.0,0.0,"[1257, 739, 570, 1055, 726, 494, 657, 1385, 1200, 1426, 852, 1447, 164, 194, 805, 1095]","[1257, 739, 570, 1055, 726, 494, 657, 1385, 1200, 1426]","[852, 1447, 164, 194, 805, 1095]",10,6
m3glvq_k0_10_k1_6_eta_003,1,1620,405,0.5535191331511129,0.3557692307692308,0.6016260162601627,0.4471299093655589,0.5481481481481482,42,"{0: 10, 1: 6}",150,0.03,[0.33333333 0.33333333 0.33333333],True,True,True,1.0,0.0,0.0,"[164, 85, 543, 880, 855, 199, 541, 1016, 1605, 1057, 64, 1060, 201, 734, 1349, 1019]","[164, 85, 543, 880, 855, 199, 541, 1016, 1605, 1057]","[64, 1060, 201, 734, 1349, 1019]",10,6
m3glvq_k0_10_k1_6_eta_003,2,1620,405,0.5352401405700898,0.1923076923076923,0.625,0.2941176470588235,0.5259259259259259,42,"{0: 10, 1: 6}",150,0.03,[0.33333333 0.33333333 0.33333333],True,True,True,1.0,0.0,0.0,"[1247, 548, 1541, 1590, 341, 636, 400, 1182, 1193, 1471, 136, 1520, 962, 1025, 978, 604]","[1247, 548, 1541, 1590, 341, 636, 400, 1182, 1193, 1471]","[136, 1520, 962, 1025, 978, 604]",10,6
m3glvq_k0_10_k1_6_eta_003,3,1620,405,0.5395256916996047,0.2608695652173913,0.6,0.3636363636363636,0.5333333333333333,42,"{0: 10, 1: 6}",150,0.03,[0.33333333 0.33333333 0.33333333],True,True,True,1.0,0.0,0.0,"[412, 1468, 482, 1308, 302, 1241, 1381, 1033, 1059, 905, 682, 840, 194, 1159, 1262, 176]","[412, 1468, 482, 1308, 302, 1241, 1381, 1033, 1059, 905]","[682, 840, 194, 1159, 1262, 176]",10,6
m3glvq_k0_10_k1_6_eta_003,4,1620,405,0.5590689503732982,0.4009661835748792,0.5971223021582733,0.4797687861271676,0.5555555555555556,42,"{0: 10, 1: 6}",150,0.03,[0.33333333 0.33333333 0.33333333],True,True,True,1.0,0.0,0.0,"[104, 1225, 623, 1579, 384, 740, 809, 1073, 1597, 1044, 1092, 207, 171, 1570, 1025, 1404]","[104, 1225, 623, 1579, 384, 740, 809, 1073, 1597, 1044]","[1092, 207, 171, 1570, 1025, 1404]",10,6
m3glvq_k0_10_k1_7_eta_003,0,1620,405,0.5898452752830925,0.4182692307692308,0.6492537313432836,0.5087719298245614,0.5851851851851851,42,"{0: 10, 1: 7}",150,0.03,[0.33333333 0.33333333 0.33333333],True,True,True,1.0,0.0,0.0,"[906, 941, 598, 1385, 97, 1468, 754, 985, 570, 1378, 152, 1146, 1566, 850, 61, 626, 855]","[906, 941, 598, 1385, 97, 1468, 754, 985, 570, 1378]","[152, 1146, 1566, 850, 61, 626, 855]",10,7
m3glvq_k0_10_k1_7_eta_003,1,1620,405,0.5336294416243654,0.25,0.5909090909090909,0.3513513513513513,0.5259259259259259,42,"{0: 10, 1: 7}",150,0.03,[0.33333333 0.33333333 0.33333333],True,True,True,1.0,0.0,0.0,"[1494, 628, 1229, 470, 1008, 543, 958, 541, 1200, 970, 724, 145, 644, 342, 1466, 442, 1583]","[1494, 628, 1229, 470, 1008, 543, 958, 541, 1200, 970]","[724, 145, 644, 342, 1466, 442, 1583]",10,7
m3glvq_k0_10_k1_7_eta_003,2,1620,405,0.5726278797344787,0.3076923076923077,0.6666666666666666,0.4210526315789473,0.5654320987654321,42,"{0: 10, 1: 7}",150,0.03,[0.33333333 0.33333333 0.33333333],True,True,True,1.0,0.0,0.0,"[562, 1080, 511, 474, 1193, 636, 855, 180, 545, 549, 881, 268, 723, 136, 978, 1063, 1470]","[562, 1080, 511, 474, 1193, 636, 855, 180, 545, 549]","[881, 268, 723, 136, 978, 1063, 1470]",10,7
m3glvq_k0_10_k1_7_eta_003,3,1620,405,0.5289855072463768,0.2801932367149758,0.5686274509803921,0.3754045307443366,0.5234567901234568,42,"{0: 10, 1: 7}",150,0.03,[0.33333333 0.33333333 0.33333333],True,True,True,1.0,0.0,0.0,"[412, 656, 1241, 1536, 1079, 1033, 1059, 666, 1483, 997, 840, 1008, 1544, 1159, 1262, 194, 843]","[412, 656, 1241, 1536, 1079, 1033, 1059, 666, 1483, 997]","[840, 1008, 1544, 1159, 1262, 194, 843]",10,7
m3glvq_k0_10_k1_7_eta_003,4,1620,405,0.5637900746596398,0.3043478260869565,0.6428571428571429,0.4131147540983607,0.5580246913580247,42,"{0: 10, 1: 7}",150,0.03,[0.33333333 0.33333333 0.33333333],True,True,True,1.0,0.0,0.0,"[921, 1157, 623, 1474, 1482, 188, 501, 1348, 154, 584, 1092, 1404, 1167, 152, 758, 1512, 1368]","[921, 1157, 623, 1474, 1482, 188, 501, 1348, 154, 584]","[1092, 1404, 1167, 152, 758, 1512, 1368]",10,7
m3glvq_k0_10_k1_8_eta_003,0,1620,405,0.5318845177664975,0.3125,0.5701754385964912,0.4037267080745342,0.5259259259259259,42,"{0: 10, 1: 8}",150,0.03,[0.33333333 0.33333333 0.33333333],True,True,True,1.0,0.0,0.0,"[1468, 739, 1426, 574, 570, 1402, 477, 1035, 1333, 1135, 29, 228, 462, 309, 473, 5, 194, 509]","[1468, 739, 1426, 574, 570, 1402, 477, 1035, 1333, 1135]","[29, 228, 462, 309, 473, 5, 194, 509]",10,8
m3glvq_k0_10_k1_8_eta_003,1,1620,405,0.5082609332292074,0.1586538461538461,0.5409836065573771,0.2453531598513011,0.4987654320987654,42,"{0: 10, 1: 8}",150,0.03,[0.33333333 0.33333333 0.33333333],True,True,True,1.0,0.0,0.0,"[541, 35, 470, 507, 474, 1055, 525, 453, 970, 543, 1029, 442, 394, 148, 570, 724, 1060, 145]","[541, 35, 470, 507, 474, 1055, 525, 453, 970, 543]","[1029, 442, 394, 148, 570, 724, 1060, 145]",10,8
m3glvq_k0_10_k1_8_eta_003,2,1620,405,0.529358648965248,0.2211538461538461,0.5897435897435898,0.3216783216783216,0.5209876543209877,42,"{0: 10, 1: 8}",150,0.03,[0.33333333 0.33333333 0.33333333],True,True,True,1.0,0.0,0.0,"[1328, 1541, 1001, 1005, 636, 1229, 400, 548, 855, 798, 664, 136, 984, 978, 604, 962, 1431, 1139]","[1328, 1541, 1001, 1005, 636, 1229, 400, 548, 855, 798]","[664, 136, 984, 978, 604, 962, 1431, 1139]",10,8
m3glvq_k0_10_k1_8_eta_003,3,1620,405,0.5881642512077295,0.3429951690821256,0.6826923076923077,0.4565916398713827,0.582716049382716,42,"{0: 10, 1: 8}",150,0.03,[0.33333333 0.33333333 0.33333333],True,True,True,1.0,0.0,0.0,"[1400, 504, 666, 1422, 1381, 959, 581, 957, 737, 1033, 1262, 50, 820, 1008, 1097, 1003, 1544, 763]","[1400, 504, 666, 1422, 1381, 959, 581, 957, 737, 1033]","[1262, 50, 820, 1008, 1097, 1003, 1544, 763]",10,8
m3glvq_k0_10_k1_8_eta_003,4,1620,405,0.5320597277119017,0.2560386473429952,0.5824175824175825,0.3557046979865772,0.5259259259259259,42,"{0: 10, 1: 8}",150,0.03,[0.33333333 0.33333333 0.33333333],True,True,True,1.0,0.0,0.0,"[384, 1597, 1406, 584, 1013, 1225, 958, 578, 501, 453, 1025, 1175, 758, 1092, 1338, 1557, 478, 1194]","[384, 1597, 1406, 584, 1013, 1225, 958, 578, 501, 453]","[1025, 1175, 758, 1092, 1338, 1557, 478, 1194]",10,8
m3glvq_k0_10_k1_9_eta_003,0,1620,405,0.5071749316673174,0.2884615384615384,0.5263157894736842,0.3726708074534161,0.5012345679012346,42,"{0: 10, 1: 9}",150,0.03,[0.33333333 0.33333333 0.33333333],True,True,True,1.0,0.0,0.0,"[1400, 189, 887, 1426, 657, 570, 1055, 1537, 739, 1135, 668, 366, 1154, 626, 164, 194, 1583, 381, 418]","[1400, 189, 887, 1426, 657, 570, 1055, 1537, 739, 1135]","[668, 366, 1154, 626, 164, 194, 1583, 381, 418]",10,9
m3glvq_k0_10_k1_9_eta_003,1,1620,405,0.5199995119094104,0.2836538461538461,0.5514018691588785,0.3746031746031746,0.5135802469135803,42,"{0: 10, 1: 9}",150,0.03,[0.33333333 0.33333333 0.33333333],True,True,True,1.0,0.0,0.0,"[525, 511, 25, 1204, 59, 1057, 388, 1494, 739, 1225, 28, 1060, 1390, 724, 1126, 86, 48, 442, 184]","[525, 511, 25, 1204, 59, 1057, 388, 1494, 739, 1225]","[28, 1060, 1390, 724, 1126, 86, 48, 442, 184]",10,9
m3glvq_k0_10_k1_9_eta_003,2,1620,405,0.5674175126903553,0.3125,0.65,0.422077922077922,0.5604938271604938,42,"{0: 10, 1: 9}",150,0.03,[0.33333333 0.33333333 0.33333333],True,True,True,1.0,0.0,0.0,"[1001, 1243, 636, 545, 1229, 548, 507, 549, 1541, 1471, 87, 1565, 174, 962, 156, 136, 139, 1039, 1025]","[1001, 1243, 636, 545, 1229, 548, 507, 549, 1541, 1471]","[87, 1565, 174, 962, 156, 136, 139, 1039, 1025]",10,9
m3glvq_k0_10_k1_9_eta_003,3,1620,405,0.5769653052261748,0.391304347826087,0.6328125,0.4835820895522388,0.5728395061728395,42,"{0: 10, 1: 9}",150,0.03,[0.33333333 0.33333333 0.33333333],True,True,True,1.0,0.0,0.0,"[396, 1241, 1492, 1288, 1468, 1381, 666, 1059, 1422, 1022, 1444, 856, 1097, 194, 1482, 1431, 1008, 916, 1544]","[396, 1241, 1492, 1288, 1468, 1381, 666, 1059, 1422, 1022]","[1444, 856, 1097, 194, 1482, 1431, 1008, 916, 1544]",10,9
m3glvq_k0_10_k1_9_eta_003,4,1620,405,0.5624725516029864,0.3623188405797101,0.6147540983606558,0.4559270516717326,0.5580246913580247,42,"{0: 10, 1: 9}",150,0.03,[0.33333333 0.33333333 0.33333333],True,True,True,1.0,0.0,0.0,"[829, 1073, 657, 578, 384, 623, 499, 1225, 1597, 1013, 1167, 758, 1063, 1194, 1058, 1270, 550, 71, 631]","[829, 1073, 657, 578, 384, 623, 499, 1225, 1597, 1013]","[1167, 758, 1063, 1194, 1058, 1270, 550, 71, 631]",10,9
m3glvq_k0_10_k1_10_eta_003,0,1620,405,0.5225375829754002,0.2836538461538461,0.5566037735849056,0.375796178343949,0.5160493827160494,42,"{0: 10, 1: 10}",150,0.03,[0.33333333 0.33333333 0.33333333],True,True,True,1.0,0.0,0.0,"[1055, 1200, 299, 189, 657, 254, 1537, 570, 1426, 739, 1447, 862, 162, 366, 668, 1095, 105, 214, 65, 194]","[1055, 1200, 299, 189, 657, 254, 1537, 570, 1426, 739]","[1447, 862, 162, 366, 668, 1095, 105, 214, 65, 194]",10,10
m3glvq_k0_10_k1_10_eta_003,1,1620,405,0.533214564623194,0.3557692307692308,0.5648854961832062,0.4365781710914454,0.528395061728395,42,"{0: 10, 1: 10}",150,0.03,[0.33333333 0.33333333 0.33333333],True,True,True,1.0,0.0,0.0,"[541, 1201, 37, 1564, 179, 739, 880, 1016, 525, 366, 233, 1490, 725, 1173, 280, 52, 1074, 734, 526, 984]","[541, 1201, 37, 1564, 179, 739, 880, 1016, 525, 366]","[233, 1490, 725, 1173, 280, 52, 1074, 734, 526, 984]",10,10
m3glvq_k0_10_k1_10_eta_003,2,1620,405,0.563805642327216,0.3509615384615384,0.6239316239316239,0.4492307692307692,0.5580246913580247,42,"{0: 10, 1: 10}",150,0.03,[0.33333333 0.33333333 0.33333333],True,True,True,1.0,0.0,0.0,"[636, 152, 1355, 108, 855, 329, 549, 548, 1005, 588, 723, 156, 385, 917, 528, 1076, 1472, 881, 1320, 722]","[636, 152, 1355, 108, 855, 329, 549, 548, 1005, 588]","[723, 156, 385, 917, 528, 1076, 1472, 881, 1320, 722]",10,10
m3glvq_k0_10_k1_10_eta_003,3,1620,405,0.5781730346947739,0.3381642512077294,0.660377358490566,0.4472843450479233,0.5728395061728395,42,"{0: 10, 1: 10}",150,0.03,[0.33333333 0.33333333 0.33333333],True,True,True,1.0,0.0,0.0,"[139, 1059, 591, 253, 1381, 1022, 1333, 782, 1422, 1142, 194, 143, 916, 1008, 1607, 1444, 849, 1544, 1036, 50]","[139, 1059, 591, 253, 1381, 1022, 1333, 782, 1422, 1142]","[194, 143, 916, 1008, 1607, 1444, 849, 1544, 1036, 50]",10,10
m3glvq_k0_10_k1_10_eta_003,4,1620,405,0.563350900307422,0.323671497584541,0.6320754716981132,0.4281150159744408,0.5580246913580247,42,"{0: 10, 1: 10}",150,0.03,[0.33333333 0.33333333 0.33333333],True,True,True,1.0,0.0,0.0,"[1225, 879, 104, 1044, 1348, 958, 25, 408, 973, 501, 200, 1364, 555, 1052, 1025, 627, 1507, 1612, 222, 1092]","[1225, 879, 104, 1044, 1348, 958, 25, 408, 973, 501]","[200, 1364, 555, 1052, 1025, 627, 1507, 1612, 222, 1092]",10,10
m3glvq_k0_3_k1_3_eta_004,0,1620,405,0.5311889886762984,0.5192307692307693,0.5454545454545454,0.5320197044334977,0.5308641975308642,42,"{0: 3, 1: 3}",150,0.04,[0.33333333 0.33333333 0.33333333],True,True,True,1.0,0.0,0.0,"[1468, 97, 1333, 745, 61, 1229]","[1468, 97, 1333]","[745, 61, 1229]",3,3
m3glvq_k0_3_k1_3_eta_004,1,1620,405,0.5727377001171418,0.4855769230769231,0.6011904761904762,0.5372340425531915,0.5703703703703704,42,"{0: 3, 1: 3}",150,0.04,[0.33333333 0.33333333 0.33333333],True,True,True,1.0,0.0,0.0,"[498, 970, 366, 439, 429, 1060]","[498, 970, 366]","[439, 429, 1060]",3,3
m3glvq_k0_3_k1_3_eta_004,2,1620,405,0.5517742092932448,0.4182692307692308,0.5838926174496645,0.4873949579831933,0.5481481481481482,42,"{0: 3, 1: 3}",150,0.04,[0.33333333 0.33333333 0.33333333],True,True,True,1.0,0.0,0.0,"[507, 966, 701, 1442, 1392, 87]","[507, 966, 701]","[1442, 1392, 87]",3,3
m3glvq_k0_3_k1_3_eta_004,3,1620,405,0.5805884936319718,0.6763285024154589,0.5785123966942148,0.6236080178173719,0.582716049382716,42,"{0: 3, 1: 3}",150,0.04,[0.33333333 0.33333333 0.33333333],True,True,True,0.6354148837997383,0.3373048356673086,0.0272802805329529,"[179, 223, 1039, 682, 1041, 1444]","[179, 223, 1039]","[682, 1041, 1444]",3,3
m3glvq_k0_3_k1_3_eta_004,4,1620,405,0.5445761967501098,0.4830917874396135,0.5617977528089888,0.5194805194805195,0.5432098765432098,42,"{0: 3, 1: 3}",150,0.04,[0.33333333 0.33333333 0.33333333],True,True,True,1.0,0.0,0.0,"[623, 901, 1044, 631, 92, 759]","[623, 901, 1044]","[631, 92, 759]",3,3
m3glvq_k0_3_k1_4_eta_004,0,1620,405,0.539754978524014,0.3942307692307692,0.5694444444444444,0.4659090909090909,0.5358024691358024,42,"{0: 3, 1: 4}",150,0.04,[0.33333333 0.33333333 0.33333333],True,True,True,1.0,0.0,0.0,"[386, 254, 1035, 462, 449, 1078, 1038]","[386, 254, 1035]","[462, 449, 1078, 1038]",3,4
m3glvq_k0_3_k1_4_eta_004,1,1620,405,0.5874170245997656,0.5961538461538461,0.5990338164251208,0.597590361445783,0.5876543209876544,42,"{0: 3, 1: 4}",150,0.04,[0.33333333 0.33333333 0.33333333],True,True,True,1.0,0.0,0.0,"[970, 498, 366, 439, 1431, 1060, 1019]","[970, 498, 366]","[439, 1431, 1060, 1019]",3,4
m3glvq_k0_3_k1_4_eta_004,2,1620,405,0.5594982428738774,0.5961538461538461,0.5688073394495413,0.5821596244131455,0.5604938271604938,42,"{0: 3, 1: 4}",150,0.04,[0.33333333 0.33333333 0.33333333],True,True,True,1.0,0.0,0.0,"[105, 1471, 591, 842, 604, 1133, 723]","[105, 1471, 591]","[842, 604, 1133, 723]",3,4
m3glvq_k0_3_k1_4_eta_004,3,1620,405,0.5727931488801055,0.5748792270531401,0.5833333333333334,0.5790754257907543,0.5728395061728395,42,"{0: 3, 1: 4}",150,0.04,[0.33333333 0.33333333 0.33333333],True,True,True,1.0,0.0,0.0,"[1104, 745, 1468, 840, 1444, 682, 194]","[1104, 745, 1468]","[840, 1444, 682, 194]",3,4
m3glvq_k0_3_k1_4_eta_004,4,1620,405,0.5348045674132631,0.4685990338164251,0.5511363636363636,0.5065274151436032,0.5333333333333333,42,"{0: 3, 1: 4}",150,0.04,[0.33333333 0.33333333 0.33333333],True,True,True,1.0,0.0,0.0,"[384, 1325, 901, 1443, 1172, 759, 1025]","[384, 1325, 901]","[1443, 1172, 759, 1025]",3,4
m3glvq_k0_3_k1_5_eta_004,0,1620,405,0.5669782311597032,0.6009615384615384,0.576036866359447,0.5882352941176471,0.5679012345679012,42,"{0: 3, 1: 5}",150,0.04,[0.33333333 0.33333333 0.33333333],True,True,True,1.0,0.0,0.0,"[254, 386, 1027, 147, 1039, 1076, 5, 1493]","[254, 386, 1027]","[147, 1039, 1076, 5, 1493]",3,5
m3glvq_k0_3_k1_5_eta_004,1,1620,405,0.5321163607965638,0.5769230769230769,0.5429864253393665,0.5594405594405593,0.5333333333333333,42,"{0: 3, 1: 5}",150,0.04,[0.33333333 0.33333333 0.33333333],True,True,True,1.0,0.0,0.0,"[498, 453, 855, 734, 439, 201, 1060, 1019]","[498, 453, 855]","[734, 439, 201, 1060, 1019]",3,5
m3glvq_k0_3_k1_5_eta_004,2,1620,405,0.5451117727450214,0.2932692307692308,0.6039603960396039,0.3948220064724919,0.5382716049382716,42,"{0: 3, 1: 5}",150,0.04,[0.33333333 0.33333333 0.33333333],True,True,True,0.0,1.0,0.0,"[9, 1566, 694, 1442, 962, 1449, 1431, 818]","[9, 1566, 694]","[1442, 962, 1449, 1431, 818]",3,5
m3glvq_k0_3_k1_5_eta_004,3,1620,405,0.5533596837944663,0.5410628019323671,0.5656565656565656,0.5530864197530864,0.5530864197530864,42,"{0: 3, 1: 5}",150,0.04,[0.33333333 0.33333333 0.33333333],True,True,True,1.0,0.0,0.0,"[504, 14, 997, 1082, 411, 763, 1146, 682]","[504, 14, 997]","[1082, 411, 763, 1146, 682]",3,5
m3glvq_k0_3_k1_5_eta_004,4,1620,405,0.551822573561704,0.6086956521739131,0.5575221238938053,0.581986143187067,0.5530864197530864,42,"{0: 3, 1: 5}",150,0.04,[0.33333333 0.33333333 0.33333333],True,True,True,1.0,0.0,0.0,"[384, 1048, 901, 759, 758, 1258, 681, 265]","[384, 1048, 901]","[759, 758, 1258, 681, 265]",3,5
m3glvq_k0_3_k1_6_eta_004,0,1620,405,0.5847325263568919,0.6923076923076923,0.582995951417004,0.6329670329670329,0.5876543209876544,42,"{0: 3, 1: 6}",150,0.04,[0.33333333 0.33333333 0.33333333],True,True,True,0.9189889990764406,0.0,0.0810110009235594,"[1468, 181, 419, 855, 462, 85, 394, 1447, 1398]","[1468, 181, 419]","[855, 462, 85, 394, 1447, 1398]",3,6
m3glvq_k0_3_k1_6_eta_004,1,1620,405,0.5239652479500195,0.5961538461538461,0.5344827586206896,0.5636363636363636,0.5259259259259259,42,"{0: 3, 1: 6}",150,0.04,[0.33333333 0.33333333 0.33333333],True,True,True,1.0,0.0,0.0,"[366, 498, 855, 148, 201, 1019, 442, 734, 1442]","[366, 498, 855]","[148, 201, 1019, 442, 734, 1442]",3,6
m3glvq_k0_3_k1_6_eta_004,2,1620,405,0.5355940062475595,0.5432692307692307,0.5485436893203883,0.5458937198067633,0.5358024691358024,42,"{0: 3, 1: 6}",150,0.04,[0.33333333 0.33333333 0.33333333],True,True,True,1.0,0.0,0.0,"[1471, 374, 1590, 778, 978, 1015, 1057, 1133, 285]","[1471, 374, 1590]","[778, 978, 1015, 1057, 1133, 285]",3,6
m3glvq_k0_3_k1_6_eta_004,3,1620,405,0.523056653491436,0.7632850241545893,0.5266666666666666,0.6232741617357,0.528395061728395,42,"{0: 3, 1: 6}",150,0.04,[0.33333333 0.33333333 0.33333333],True,True,True,0.010289252306766,0.989710747693234,0.0,"[1230, 476, 964, 1027, 968, 350, 150, 1378, 1084]","[1230, 476, 964]","[1027, 968, 350, 150, 1378, 1084]",3,6
m3glvq_k0_3_k1_6_eta_004,4,1620,405,0.5343653930610452,0.5990338164251208,0.5414847161572053,0.5688073394495413,0.5358024691358024,42,"{0: 3, 1: 6}",150,0.04,[0.33333333 0.33333333 0.33333333],True,True,True,1.0,0.0,0.0,"[384, 623, 1474, 631, 92, 207, 1270, 1477, 766]","[384, 623, 1474]","[631, 92, 207, 1270, 1477, 766]",3,6
m3glvq_k0_3_k1_7_eta_004,0,1620,405,0.5239896524795002,0.4134615384615384,0.5443037974683544,0.4699453551912568,0.5209876543209877,42,"{0: 3, 1: 7}",150,0.04,[0.33333333 0.33333333 0.33333333],True,True,True,1.0,0.0,0.0,"[725, 254, 500, 668, 1047, 1132, 218, 178, 1076, 1170]","[725, 254, 500]","[668, 1047, 1132, 218, 178, 1076, 1170]",3,7
m3glvq_k0_3_k1_7_eta_004,1,1620,405,0.5660386567746973,0.6346153846153846,0.5714285714285714,0.6013667425968109,0.5679012345679012,42,"{0: 3, 1: 7}",150,0.04,[0.33333333 0.33333333 0.33333333],True,True,True,1.0,0.0,0.0,"[366, 1006, 855, 724, 984, 623, 1060, 364, 441, 429]","[366, 1006, 855]","[724, 984, 623, 1060, 364, 441, 429]",3,7
m3glvq_k0_3_k1_7_eta_004,2,1620,405,0.5504075556423272,0.6490384615384616,0.5555555555555556,0.598669623059867,0.5530864197530864,42,"{0: 3, 1: 7}",150,0.04,[0.33333333 0.33333333 0.33333333],True,True,True,1.0,0.0,0.0,"[1304, 591, 1471, 1039, 1455, 1057, 809, 139, 404, 309]","[1304, 591, 1471]","[1039, 1455, 1057, 809, 139, 404, 309]",3,7
m3glvq_k0_3_k1_7_eta_004,3,1620,405,0.5169082125603864,0.7004830917874396,0.5234657039711191,0.5991735537190084,0.5209876543209877,42,"{0: 3, 1: 7}",150,0.04,[0.33333333 0.33333333 0.33333333],True,True,True,0.0,1.0,0.0,"[1536, 279, 964, 1173, 150, 453, 771, 1398, 1084, 1027]","[1536, 279, 964]","[1173, 150, 453, 771, 1398, 1084, 1027]",3,7
m3glvq_k0_3_k1_7_eta_004,4,1620,405,0.5554457619675011,0.4492753623188406,0.58125,0.5068119891008175,0.5530864197530864,42,"{0: 3, 1: 7}",150,0.04,[0.33333333 0.33333333 0.33333333],True,True,True,1.0,0.0,0.0,"[1474, 14, 403, 92, 758, 1393, 1404, 200, 759, 766]","[1474, 14, 403]","[92, 758, 1393, 1404, 200, 759, 766]",3,7
m3glvq_k0_3_k1_8_eta_004,0,1620,405,0.5150331901600937,0.4615384615384615,0.5303867403314917,0.493573264781491,0.5135802469135803,42,"{0: 3, 1: 8}",150,0.04,[0.33333333 0.33333333 0.33333333],True,True,True,1.0,0.0,0.0,"[725, 500, 254, 85, 366, 810, 381, 5, 194, 745, 418]","[725, 500, 254]","[85, 366, 810, 381, 5, 194, 745, 418]",3,8
m3glvq_k0_3_k1_8_eta_004,1,1620,405,0.5164852596641937,0.5913461538461539,0.5278969957081545,0.5578231292517006,0.5185185185185185,42,"{0: 3, 1: 8}",150,0.04,[0.33333333 0.33333333 0.33333333],True,True,True,1.0,0.0,0.0,"[366, 198, 970, 167, 148, 1029, 725, 184, 1596, 338, 429]","[366, 198, 970]","[167, 148, 1029, 725, 184, 1596, 338, 429]",3,8
m3glvq_k0_3_k1_8_eta_004,2,1620,405,0.5598887153455682,0.6730769230769231,0.5622489959839357,0.612691466083151,0.562962962962963,42,"{0: 3, 1: 8}",150,0.04,[0.33333333 0.33333333 0.33333333],True,True,True,1.0,0.0,0.0,"[374, 1541, 1471, 962, 730, 335, 978, 784, 1007, 723, 528]","[374, 1541, 1471]","[962, 730, 335, 978, 784, 1007, 723, 528]",3,8
m3glvq_k0_3_k1_8_eta_004,3,1620,405,0.5879446640316206,0.5748792270531401,0.601010101010101,0.5876543209876544,0.5876543209876544,42,"{0: 3, 1: 8}",150,0.04,[0.33333333 0.33333333 0.33333333],True,True,True,1.0,0.0,0.0,"[1468, 504, 14, 194, 771, 843, 633, 1041, 165, 205, 1564]","[1468, 504, 14]","[194, 771, 843, 633, 1041, 165, 205, 1564]",3,8
m3glvq_k0_3_k1_8_eta_004,4,1620,405,0.5592885375494071,0.6135265700483091,0.5644444444444444,0.5879629629629629,0.5604938271604938,42,"{0: 3, 1: 8}",150,0.04,[0.33333333 0.33333333 0.33333333],True,True,True,1.0,0.0,0.0,"[403, 1474, 384, 864, 729, 1025, 1058, 758, 1582, 1368, 1477]","[403, 1474, 384]","[864, 729, 1025, 1058, 758, 1582, 1368, 1477]",3,8
m3glvq_k0_3_k1_9_eta_004,0,1620,405,0.5572286216321749,0.5865384615384616,0.5674418604651162,0.5768321513002365,0.5580246913580247,42,"{0: 3, 1: 9}",150,0.04,[0.33333333 0.33333333 0.33333333],True,True,True,1.0,0.0,0.0,"[1035, 254, 386, 1252, 218, 1177, 1287, 626, 49, 469, 855, 1617]","[1035, 254, 386]","[1252, 218, 1177, 1287, 626, 49, 469, 855, 1617]",3,9
m3glvq_k0_3_k1_9_eta_004,1,1620,405,0.5656359820382664,0.6490384615384616,0.569620253164557,0.6067415730337079,0.5679012345679012,42,"{0: 3, 1: 9}",150,0.04,[0.33333333 0.33333333 0.33333333],True,True,True,1.0,0.0,0.0,"[855, 453, 498, 1390, 342, 724, 442, 47, 725, 151, 441, 30]","[855, 453, 498]","[1390, 342, 724, 442, 47, 725, 151, 441, 30]",3,9
m3glvq_k0_3_k1_9_eta_004,2,1620,405,0.5728597227645451,0.5721153846153846,0.5862068965517241,0.5790754257907541,0.5728395061728395,42,"{0: 3, 1: 9}",150,0.04,[0.33333333 0.33333333 0.33333333],True,True,True,1.0,0.0,0.0,"[1005, 1566, 1471, 228, 139, 1320, 809, 1039, 1478, 495, 24, 780]","[1005, 1566, 1471]","[228, 139, 1320, 809, 1039, 1478, 495, 24, 780]",3,9
m3glvq_k0_3_k1_9_eta_004,3,1620,405,0.5354633289415898,0.5507246376811594,0.5454545454545454,0.548076923076923,0.5358024691358024,42,"{0: 3, 1: 9}",150,0.04,[0.33333333 0.33333333 0.33333333],True,True,True,1.0,0.0,0.0,"[997, 1104, 14, 1138, 1041, 763, 817, 856, 701, 1082, 1544, 15]","[997, 1104, 14]","[1138, 1041, 763, 817, 856, 701, 1082, 1544, 15]",3,9
m3glvq_k0_3_k1_9_eta_004,4,1620,405,0.5665349143610013,0.6280193236714976,0.5701754385964912,0.5977011494252874,0.5679012345679012,42,"{0: 3, 1: 9}",150,0.04,[0.33333333 0.33333333 0.33333333],True,True,True,1.0,0.0,0.0,"[384, 1474, 403, 698, 766, 470, 31, 759, 1025, 1368, 377, 758]","[384, 1474, 403]","[698, 766, 470, 31, 759, 1025, 1368, 377, 758]",3,9
m3glvq_k0_3_k1_10_eta_004,0,1620,405,0.5850131784459196,0.5913461538461539,0.5970873786407767,0.5942028985507247,0.5851851851851851,42,"{0: 3, 1: 10}",150,0.04,[0.33333333 0.33333333 0.33333333],True,True,True,1.0,0.0,0.0,"[307, 386, 500, 1339, 1087, 147, 228, 1039, 548, 1566, 581, 626, 1351]","[307, 386, 500]","[1339, 1087, 147, 228, 1039, 548, 1566, 581, 626, 1351]",3,10
m3glvq_k0_3_k1_10_eta_004,1,1620,405,0.5110186450605232,0.5144230769230769,0.5245098039215687,0.5194174757281552,0.5111111111111111,42,"{0: 3, 1: 10}",150,0.04,[0.33333333 0.33333333 0.33333333],True,True,True,1.0,0.0,0.0,"[474, 498, 388, 167, 441, 1390, 1084, 521, 151, 148, 1596, 1442, 601]","[474, 498, 388]","[167, 441, 1390, 1084, 521, 151, 148, 1596, 1442, 601]",3,10
m3glvq_k0_3_k1_10_eta_004,2,1620,405,0.5614994142912925,0.6153846153846154,0.5688888888888889,0.5912240184757505,0.562962962962963,42,"{0: 3, 1: 10}",150,0.04,[0.33333333 0.33333333 0.33333333],True,True,True,1.0,0.0,0.0,"[1566, 1471, 1005, 1320, 978, 360, 183, 581, 385, 142, 1030, 723, 780]","[1566, 1471, 1005]","[1320, 978, 360, 183, 581, 385, 142, 1030, 723, 780]",3,10
m3glvq_k0_3_k1_10_eta_004,3,1620,405,0.5921168203776899,0.6135265700483091,0.5990566037735849,0.6062052505966586,0.5925925925925926,42,"{0: 3, 1: 10}",150,0.04,[0.33333333 0.33333333 0.33333333],True,True,True,1.0,0.0,0.0,"[1468, 14, 504, 147, 763, 766, 313, 1003, 771, 817, 820, 291, 1008]","[1468, 14, 504]","[147, 763, 766, 313, 1003, 771, 817, 820, 291, 1008]",3,10
m3glvq_k0_3_k1_10_eta_004,4,1620,405,0.5332674571805007,0.7584541062801933,0.5340136054421769,0.626746506986028,0.5382716049382716,42,"{0: 3, 1: 10}",150,0.04,[0.33333333 0.33333333 0.33333333],True,True,True,1.0,0.0,0.0,"[1408, 1013, 384, 376, 574, 1557, 350, 1025, 976, 1564, 758, 759, 49]","[1408, 1013, 384]","[376, 574, 1557, 350, 1025, 976, 1564, 758, 759, 49]",3,10
m3glvq_k0_4_k1_3_eta_004,0,1620,405,0.5448189183912534,0.4855769230769231,0.5642458100558659,0.5219638242894057,0.5432098765432098,42,"{0: 4, 1: 3}",150,0.04,[0.33333333 0.33333333 0.33333333],True,True,True,1.0,0.0,0.0,"[1348, 97, 1333, 526, 852, 1076, 855]","[1348, 97, 1333, 526]","[852, 1076, 855]",4,3
m3glvq_k0_4_k1_3_eta_004,1,1620,405,0.4927030456852792,0.625,0.5078125,0.5603448275862069,0.4962962962962963,42,"{0: 4, 1: 3}",150,0.04,[0.33333333 0.33333333 0.33333333],True,True,True,0.9761894344741248,0.0117224120360117,0.0120881534898634,"[1494, 870, 1267, 855, 1442, 692, 201]","[1494, 870, 1267, 855]","[1442, 692, 201]",4,3
m3glvq_k0_4_k1_3_eta_004,2,1620,405,0.5337270597422882,0.5192307692307693,0.5482233502538071,0.5333333333333333,0.5333333333333333,42,"{0: 4, 1: 3}",150,0.04,[0.33333333 0.33333333 0.33333333],True,True,True,1.0,0.0,0.0,"[374, 474, 1483, 855, 87, 1442, 183]","[374, 474, 1483, 855]","[87, 1442, 183]",4,3
m3glvq_k0_4_k1_3_eta_004,3,1620,405,0.5098814229249011,0.5652173913043478,0.52,0.5416666666666667,0.5111111111111111,42,"{0: 4, 1: 3}",150,0.04,[0.33333333 0.33333333 0.33333333],True,True,True,0.0,1.0,0.0,"[1536, 340, 964, 219, 150, 350, 1276]","[1536, 340, 964, 219]","[150, 350, 1276]",4,3
m3glvq_k0_4_k1_3_eta_004,4,1620,405,0.5250329380764164,0.2318840579710145,0.5714285714285714,0.3298969072164948,0.5185185185185185,42,"{0: 4, 1: 3}",150,0.04,[0.33333333 0.33333333 0.33333333],True,True,True,0.0,1.0,0.0,"[126, 657, 66, 384, 674, 1345, 1086]","[126, 657, 66, 384]","[674, 1345, 1086]",4,3
m3glvq_k0_4_k1_4_eta_004,0,1620,405,0.5365457828973057,0.4182692307692308,0.5612903225806452,0.4793388429752066,0.5333333333333333,42,"{0: 4, 1: 4}",150,0.04,[0.33333333 0.33333333 0.33333333],True,True,True,1.0,0.0,0.0,"[1035, 1348, 386, 771, 807, 348, 745, 1511]","[1035, 1348, 386, 771]","[807, 348, 745, 1511]",4,4
m3glvq_k0_4_k1_4_eta_004,1,1620,405,0.5558985747754783,0.5432692307692307,0.5707070707070707,0.5566502463054188,0.5555555555555556,42,"{0: 4, 1: 4}",150,0.04,[0.33333333 0.33333333 0.33333333],True,True,True,1.0,0.0,0.0,"[366, 855, 198, 1494, 201, 1442, 1431, 644]","[366, 855, 198, 1494]","[201, 1442, 1431, 644]",4,4
m3glvq_k0_4_k1_4_eta_004,2,1620,405,0.5624511909410387,0.4903846153846153,0.5862068965517241,0.5340314136125655,0.5604938271604938,42,"{0: 4, 1: 4}",150,0.04,[0.33333333 0.33333333 0.33333333],True,True,True,1.0,0.0,0.0,"[993, 1471, 591, 479, 604, 723, 139, 404]","[993, 1471, 591, 479]","[604, 723, 139, 404]",4,4
m3glvq_k0_4_k1_4_eta_004,3,1620,405,0.5433684672815108,0.5362318840579711,0.555,0.5454545454545455,0.5432098765432098,42,"{0: 4, 1: 4}",150,0.04,[0.33333333 0.33333333 0.33333333],True,True,True,1.0,0.0,0.0,"[1468, 988, 1422, 273, 1564, 194, 840, 856]","[1468, 988, 1422, 273]","[1564, 194, 840, 856]",4,4
m3glvq_k0_4_k1_4_eta_004,4,1620,405,0.5483091787439613,0.5410628019323671,0.56,0.5503685503685504,0.5481481481481482,42,"{0: 4, 1: 4}",150,0.04,[0.33333333 0.33333333 0.33333333],True,True,True,1.0,0.0,0.0,"[384, 901, 860, 104, 71, 1097, 1443, 207]","[384, 901, 860, 104]","[71, 1097, 1443, 207]",4,4
m3glvq_k0_4_k1_5_eta_004,0,1620,405,0.5800712612260837,0.5865384615384616,0.5922330097087378,0.5893719806763286,0.5802469135802469,42,"{0: 4, 1: 5}",150,0.04,[0.33333333 0.33333333 0.33333333],True,True,True,1.0,0.0,0.0,"[1348, 97, 386, 1027, 1078, 421, 418, 61, 449]","[1348, 97, 386, 1027]","[1078, 421, 418, 61, 449]",4,5
m3glvq_k0_4_k1_5_eta_004,1,1620,405,0.5505661850839516,0.4615384615384615,0.5748502994011976,0.512,0.5481481481481482,42,"{0: 4, 1: 5}",150,0.04,[0.33333333 0.33333333 0.33333333],True,True,True,0.0100359688387563,0.9829012520235624,0.0070627791376812,"[840, 366, 1396, 714, 1078, 875, 1054, 77, 1183]","[840, 366, 1396, 714]","[1078, 875, 1054, 77, 1183]",4,5
m3glvq_k0_4_k1_5_eta_004,2,1620,405,0.5668562085122999,0.5144230769230769,0.5879120879120879,0.5487179487179488,0.5654320987654321,42,"{0: 4, 1: 5}",150,0.04,[0.33333333 0.33333333 0.33333333],True,True,True,1.0,0.0,0.0,"[374, 1471, 1503, 1005, 1015, 1431, 1063, 962, 1565]","[374, 1471, 1503, 1005]","[1015, 1431, 1063, 962, 1565]",4,5
m3glvq_k0_4_k1_5_eta_004,3,1620,405,0.5707070707070707,0.4444444444444444,0.6052631578947368,0.5125348189415041,0.5679012345679012,42,"{0: 4, 1: 5}",150,0.04,[0.33333333 0.33333333 0.33333333],True,True,True,1.0,0.0,0.0,"[504, 1468, 1134, 631, 194, 682, 1146, 771, 1076]","[504, 1468, 1134, 631]","[194, 682, 1146, 771, 1076]",4,5
m3glvq_k0_4_k1_5_eta_004,4,1620,405,0.5714756258234519,0.5217391304347826,0.5901639344262295,0.5538461538461539,0.5703703703703704,42,"{0: 4, 1: 5}",150,0.04,[0.33333333 0.33333333 0.33333333],True,True,True,1.0,0.0,0.0,"[1474, 1278, 921, 501, 1097, 1167, 1240, 1489, 1025]","[1474, 1278, 921, 501]","[1097, 1167, 1240, 1489, 1025]",4,5
m3glvq_k0_4_k1_6_eta_004,0,1620,405,0.5619264935572043,0.4182692307692308,0.6,0.4929178470254958,0.5580246913580247,42,"{0: 4, 1: 6}",150,0.04,[0.33333333 0.33333333 0.33333333],True,True,True,1.0,0.0,0.0,"[906, 1468, 570, 386, 1076, 229, 1047, 178, 1562, 852]","[906, 1468, 570, 386]","[1076, 229, 1047, 178, 1562, 852]",4,6
m3glvq_k0_4_k1_6_eta_004,1,1620,405,0.4948750488090589,0.3653846153846153,0.5066666666666667,0.4245810055865922,0.491358024691358,42,"{0: 4, 1: 6}",150,0.04,[0.33333333 0.33333333 0.33333333],True,True,True,1.0,0.0,0.0,"[498, 585, 388, 474, 442, 201, 1250, 1431, 1029, 209]","[498, 585, 388, 474]","[442, 201, 1250, 1431, 1029, 209]",4,6
m3glvq_k0_4_k1_6_eta_004,2,1620,405,0.5466980671612651,0.4182692307692308,0.5761589403973509,0.4846796657381616,0.5432098765432098,42,"{0: 4, 1: 6}",150,0.04,[0.33333333 0.33333333 0.33333333],True,True,True,1.0,0.0,0.0,"[588, 374, 1471, 105, 136, 1520, 486, 723, 1283, 139]","[588, 374, 1471, 105]","[136, 1520, 486, 723, 1283, 139]",4,6
m3glvq_k0_4_k1_6_eta_004,3,1620,405,0.557092665788318,0.4879227053140096,0.5771428571428572,0.5287958115183247,0.5555555555555556,42,"{0: 4, 1: 6}",150,0.04,[0.33333333 0.33333333 0.33333333],True,True,True,1.0,0.0,0.0,"[1134, 14, 997, 504, 92, 25, 1008, 1138, 1041, 1525]","[1134, 14, 997, 504]","[92, 25, 1008, 1138, 1041, 1525]",4,6
m3glvq_k0_4_k1_6_eta_004,4,1620,405,0.5511638120333773,0.5265700483091788,0.5647668393782384,0.545,0.5506172839506173,42,"{0: 4, 1: 6}",150,0.04,[0.33333333 0.33333333 0.33333333],True,True,True,1.0,0.0,0.0,"[623, 901, 1054, 115, 760, 240, 1270, 631, 1167, 1025]","[623, 901, 1054, 115]","[760, 240, 1270, 631, 1167, 1025]",4,6
m3glvq_k0_4_k1_7_eta_004,0,1620,405,0.5468200898086685,0.5048076923076923,0.5645161290322581,0.5329949238578681,0.5456790123456791,42,"{0: 4, 1: 7}",150,0.04,[0.33333333 0.33333333 0.33333333],True,True,True,1.0,0.0,0.0,"[1035, 1468, 97, 1333, 49, 469, 228, 607, 1117, 1229, 1252]","[1035, 1468, 97, 1333]","[49, 469, 228, 607, 1117, 1229, 1252]",4,7
m3glvq_k0_4_k1_7_eta_004,1,1620,405,0.5843420538852011,0.6153846153846154,0.5925925925925926,0.6037735849056604,0.5851851851851851,42,"{0: 4, 1: 7}",150,0.04,[0.33333333 0.33333333 0.33333333],True,True,True,1.0,0.0,0.0,"[470, 474, 366, 970, 441, 1559, 1544, 1390, 1060, 201, 209]","[470, 474, 366, 970]","[441, 1559, 1544, 1390, 1060, 201, 209]",4,7
m3glvq_k0_4_k1_7_eta_004,2,1620,405,0.5697847520499805,0.5913461538461539,0.5801886792452831,0.5857142857142856,0.5703703703703704,42,"{0: 4, 1: 7}",150,0.04,[0.33333333 0.33333333 0.33333333],True,True,True,1.0,0.0,0.0,"[1005, 374, 1471, 1011, 1470, 404, 978, 417, 1442, 600, 531]","[1005, 374, 1471, 1011]","[1470, 404, 978, 417, 1442, 600, 531]",4,7
m3glvq_k0_4_k1_7_eta_004,3,1620,405,0.5709266578831795,0.5458937198067633,0.5854922279792746,0.565,0.5703703703703704,42,"{0: 4, 1: 7}",150,0.04,[0.33333333 0.33333333 0.33333333],True,True,True,1.0,0.0,0.0,"[1134, 997, 631, 504, 867, 1097, 771, 1008, 194, 1159, 1262]","[1134, 997, 631, 504]","[867, 1097, 771, 1008, 194, 1159, 1262]",4,7
m3glvq_k0_4_k1_7_eta_004,4,1620,405,0.553030303030303,0.5555555555555556,0.5637254901960784,0.559610705596107,0.5530864197530864,42,"{0: 4, 1: 7}",150,0.04,[0.33333333 0.33333333 0.33333333],True,True,True,1.0,0.0,0.0,"[1044, 259, 623, 416, 662, 631, 33, 864, 1167, 1477, 1019]","[1044, 259, 623, 416]","[662, 631, 33, 864, 1167, 1477, 1019]",4,7
m3glvq_k0_4_k1_8_eta_004,0,1620,405,0.5402674736431081,0.5576923076923077,0.5523809523809524,0.5550239234449761,0.5407407407407407,42,"{0: 4, 1: 8}",150,0.04,[0.33333333 0.33333333 0.33333333],True,True,True,1.0,0.0,0.0,"[1468, 500, 386, 97, 61, 382, 164, 178, 1252, 548, 381, 462]","[1468, 500, 386, 97]","[61, 382, 164, 178, 1252, 548, 381, 462]",4,8
m3glvq_k0_4_k1_8_eta_004,1,1620,405,0.5847447286216322,0.6009615384615384,0.5952380952380952,0.5980861244019139,0.5851851851851851,42,"{0: 4, 1: 8}",150,0.04,[0.33333333 0.33333333 0.33333333],True,True,True,1.0,0.0,0.0,"[1016, 498, 651, 366, 148, 439, 1596, 1349, 1019, 364, 1442, 1544]","[1016, 498, 651, 366]","[148, 439, 1596, 1349, 1019, 364, 1442, 1544]",4,8
m3glvq_k0_4_k1_8_eta_004,2,1620,405,0.5750073213588442,0.4951923076923077,0.6023391812865497,0.5435356200527705,0.5728395061728395,42,"{0: 4, 1: 8}",150,0.04,[0.33333333 0.33333333 0.33333333],True,True,True,1.0,0.0,0.0,"[588, 105, 374, 1471, 1431, 531, 1139, 1057, 268, 730, 304, 139]","[588, 105, 374, 1471]","[1431, 531, 1139, 1057, 268, 730, 304, 139]",4,8
m3glvq_k0_4_k1_8_eta_004,3,1620,405,0.5812472551602987,0.5362318840579711,0.6,0.5663265306122449,0.5802469135802469,42,"{0: 4, 1: 8}",150,0.04,[0.33333333 0.33333333 0.33333333],True,True,True,1.0,0.0,0.0,"[504, 14, 1468, 1134, 1082, 291, 1544, 1008, 194, 856, 1355, 632]","[504, 14, 1468, 1134]","[1082, 291, 1544, 1008, 194, 856, 1355, 632]",4,8
m3glvq_k0_4_k1_8_eta_004,4,1620,405,0.5579710144927537,0.5603864734299517,0.5686274509803921,0.5644768856447688,0.5580246913580247,42,"{0: 4, 1: 8}",150,0.04,[0.33333333 0.33333333 0.33333333],True,True,True,1.0,0.0,0.0,"[623, 1112, 1474, 921, 1368, 1025, 718, 1167, 15, 1097, 1477, 1404]","[623, 1112, 1474, 921]","[1368, 1025, 718, 1167, 15, 1097, 1477, 1404]",4,8
m3glvq_k0_4_k1_9_eta_004,0,1620,405,0.5445382663022257,0.5865384615384616,0.5545454545454546,0.5700934579439253,0.5456790123456791,42,"{0: 4, 1: 9}",150,0.04,[0.33333333 0.33333333 0.33333333],True,True,True,1.0,0.0,0.0,"[254, 1499, 1468, 386, 194, 1583, 553, 463, 745, 668, 504, 228, 1160]","[254, 1499, 1468, 386]","[194, 1583, 553, 463, 745, 668, 504, 228, 1160]",4,9
m3glvq_k0_4_k1_9_eta_004,1,1620,405,0.542805544709098,0.5576923076923077,0.5550239234449761,0.5563549160671464,0.5432098765432098,42,"{0: 4, 1: 9}",150,0.04,[0.33333333 0.33333333 0.33333333],True,True,True,1.0,0.0,0.0,"[1016, 366, 855, 272, 394, 724, 359, 148, 441, 52, 725, 1550, 1060]","[1016, 366, 855, 272]","[394, 724, 359, 148, 441, 52, 725, 1550, 1060]",4,9
m3glvq_k0_4_k1_9_eta_004,2,1620,405,0.5014032604451386,0.4951923076923077,0.515,0.5049019607843138,0.5012345679012346,42,"{0: 4, 1: 9}",150,0.04,[0.33333333 0.33333333 0.33333333],True,True,True,1.0,0.0,0.0,"[1471, 588, 1243, 374, 1565, 1487, 604, 664, 1139, 1015, 60, 978, 962]","[1471, 588, 1243, 374]","[1565, 1487, 604, 664, 1139, 1015, 60, 978, 962]",4,9
m3glvq_k0_4_k1_9_eta_004,3,1620,405,0.5797101449275363,0.6038647342995169,0.5868544600938967,0.5952380952380952,0.5802469135802469,42,"{0: 4, 1: 9}",150,0.04,[0.33333333 0.33333333 0.33333333],True,True,True,1.0,0.0,0.0,"[1268, 1492, 14, 997, 1146, 1099, 1003, 1008, 1087, 817, 916, 433, 763]","[1268, 1492, 14, 997]","[1146, 1099, 1003, 1008, 1087, 817, 916, 433, 763]",4,9
m3glvq_k0_4_k1_9_eta_004,4,1620,405,0.5722441809398331,0.5990338164251208,0.5794392523364486,0.5890736342042755,0.5728395061728395,42,"{0: 4, 1: 9}",150,0.04,[0.33333333 0.33333333 0.33333333],True,True,True,1.0,0.0,0.0,"[403, 1054, 384, 1474, 1025, 550, 1220, 311, 997, 1102, 1587, 1052, 1167]","[403, 1054, 384, 1474]","[1025, 550, 1220, 311, 997, 1102, 1587, 1052, 1167]",4,9
m3glvq_k0_4_k1_10_eta_004,0,1620,405,0.5581803982819211,0.4615384615384615,0.5853658536585366,0.5161290322580645,0.5555555555555556,42,"{0: 4, 1: 10}",150,0.04,[0.33333333 0.33333333 0.33333333],True,True,True,1.0,0.0,0.0,"[1352, 1468, 386, 1499, 178, 260, 1160, 1469, 1217, 164, 745, 228, 194, 668]","[1352, 1468, 386, 1499]","[178, 260, 1160, 1469, 1217, 164, 745, 228, 194, 668]",4,10
m3glvq_k0_4_k1_10_eta_004,1,1620,405,0.5807179812573213,0.7451923076923077,0.5740740740740741,0.6485355648535565,0.5851851851851851,42,"{0: 4, 1: 10}",150,0.04,[0.33333333 0.33333333 0.33333333],True,True,True,1.0,0.0,0.0,"[366, 498, 111, 855, 984, 304, 1284, 951, 725, 786, 1313, 52, 521, 185]","[366, 498, 111, 855]","[984, 304, 1284, 951, 725, 786, 1313, 52, 521, 185]",4,10
m3glvq_k0_4_k1_10_eta_004,2,1620,405,0.5594982428738774,0.5961538461538461,0.5688073394495413,0.5821596244131455,0.5604938271604938,42,"{0: 4, 1: 10}",150,0.04,[0.33333333 0.33333333 0.33333333],True,True,True,1.0,0.0,0.0,"[1471, 1011, 1005, 374, 1139, 268, 1030, 723, 978, 1455, 780, 1320, 1007, 1133]","[1471, 1011, 1005, 374]","[1139, 268, 1030, 723, 978, 1455, 780, 1320, 1007, 1133]",4,10
m3glvq_k0_4_k1_10_eta_004,3,1620,405,0.5444664031620553,0.4879227053140096,0.5611111111111111,0.5219638242894058,0.5432098765432098,42,"{0: 4, 1: 10}",150,0.04,[0.33333333 0.33333333 0.33333333],True,True,True,1.0,0.0,0.0,"[412, 223, 619, 1374, 188, 1097, 611, 297, 1544, 1482, 50, 927, 1052, 194]","[412, 223, 619, 1374]","[188, 1097, 611, 297, 1544, 1482, 50, 927, 1052, 194]",4,10
m3glvq_k0_4_k1_10_eta_004,4,1620,405,0.5792709705753184,0.6231884057971014,0.583710407239819,0.602803738317757,0.5802469135802469,42,"{0: 4, 1: 10}",150,0.04,[0.33333333 0.33333333 0.33333333],True,True,True,1.0,0.0,0.0,"[384, 104, 1474, 499, 311, 31, 1176, 152, 388, 1439, 396, 207, 172, 1368]","[384, 104, 1474, 499]","[311, 31, 1176, 152, 388, 1439, 396, 207, 172, 1368]",4,10
m3glvq_k0_5_k1_3_eta_004,0,1620,405,0.5038315111284655,0.3173076923076923,0.5196850393700787,0.3940298507462686,0.4987654320987654,42,"{0: 5, 1: 3}",150,0.04,[0.33333333 0.33333333 0.33333333],True,True,True,1.0,0.0,0.0,"[1499, 1468, 97, 1200, 386, 806, 626, 194]","[1499, 1468, 97, 1200, 386]","[806, 626, 194]",5,3
m3glvq_k0_5_k1_3_eta_004,1,1620,405,0.5516521866458415,0.3317307692307692,0.6052631578947368,0.4285714285714285,0.5456790123456791,42,"{0: 5, 1: 3}",150,0.04,[0.33333333 0.33333333 0.33333333],True,True,True,1.0,0.0,0.0,"[164, 366, 651, 474, 880, 148, 1060, 1390]","[164, 366, 651, 474, 880]","[148, 1060, 1390]",5,3
m3glvq_k0_5_k1_3_eta_004,2,1620,405,0.5537631784459196,0.5288461538461539,0.5699481865284974,0.5486284289276807,0.5530864197530864,42,"{0: 5, 1: 3}",150,0.04,[0.33333333 0.33333333 0.33333333],True,True,True,0.0,1.0,0.0,"[18, 150, 991, 115, 40, 158, 75, 335]","[18, 150, 991, 115, 40]","[158, 75, 335]",5,3
m3glvq_k0_5_k1_3_eta_004,3,1620,405,0.5270092226613965,0.5893719806763285,0.5350877192982456,0.560919540229885,0.528395061728395,42,"{0: 5, 1: 3}",150,0.04,[0.33333333 0.33333333 0.33333333],True,True,True,0.0,1.0,0.0,"[65, 964, 279, 155, 1020, 165, 350, 25]","[65, 964, 279, 155, 1020]","[165, 350, 25]",5,3
m3glvq_k0_5_k1_3_eta_004,4,1620,405,0.542709705753184,0.4541062801932367,0.562874251497006,0.5026737967914439,0.5407407407407407,42,"{0: 5, 1: 3}",150,0.04,[0.33333333 0.33333333 0.33333333],True,True,True,1.0,0.0,0.0,"[623, 1278, 406, 259, 1044, 1019, 631, 71]","[623, 1278, 406, 259, 1044]","[1019, 631, 71]",5,3
m3glvq_k0_5_k1_4_eta_004,0,1620,405,0.524526552128075,0.3942307692307692,0.5466666666666666,0.4581005586592179,0.5209876543209877,42,"{0: 5, 1: 4}",150,0.04,[0.33333333 0.33333333 0.33333333],True,True,True,1.0,0.0,0.0,"[1035, 254, 97, 1257, 1385, 462, 348, 449, 1076]","[1035, 254, 97, 1257, 1385]","[462, 348, 449, 1076]",5,4
m3glvq_k0_5_k1_4_eta_004,1,1620,405,0.550981062085123,0.3557692307692308,0.5967741935483871,0.4457831325301205,0.5456790123456791,42,"{0: 5, 1: 4}",150,0.04,[0.33333333 0.33333333 0.33333333],True,True,True,1.0,0.0,0.0,"[366, 1229, 35, 799, 741, 725, 201, 1431, 644]","[366, 1229, 35, 799, 741]","[725, 201, 1431, 644]",5,4
m3glvq_k0_5_k1_4_eta_004,2,1620,405,0.5443064232721593,0.3221153846153846,0.5929203539823009,0.4174454828660436,0.5382716049382716,42,"{0: 5, 1: 4}",150,0.04,[0.33333333 0.33333333 0.33333333],True,True,True,1.0,0.0,0.0,"[588, 1243, 1471, 1005, 374, 962, 604, 978, 1431]","[588, 1243, 1471, 1005, 374]","[962, 604, 978, 1431]",5,4
m3glvq_k0_5_k1_4_eta_004,3,1620,405,0.6239569609134826,0.5458937198067633,0.6569767441860465,0.5963060686015831,0.6222222222222222,42,"{0: 5, 1: 4}",150,0.04,[0.33333333 0.33333333 0.33333333],True,True,True,1.0,0.0,0.0,"[1381, 1468, 988, 564, 437, 843, 1076, 351, 453]","[1381, 1468, 988, 564, 437]","[843, 1076, 351, 453]",5,4
m3glvq_k0_5_k1_4_eta_004,4,1620,405,0.5535792709705754,0.4202898550724637,0.5838926174496645,0.4887640449438202,0.5506172839506173,42,"{0: 5, 1: 4}",150,0.04,[0.33333333 0.33333333 0.33333333],True,True,True,1.0,0.0,0.0,"[1474, 416, 623, 501, 921, 1240, 1167, 1025, 1092]","[1474, 416, 623, 501, 921]","[1240, 1167, 1025, 1092]",5,4
m3glvq_k0_5_k1_5_eta_004,0,1620,405,0.5525673565013667,0.4807692307692308,0.5747126436781609,0.5235602094240838,0.5506172839506173,42,"{0: 5, 1: 5}",150,0.04,[0.33333333 0.33333333 0.33333333],True,True,True,1.0,0.0,0.0,"[213, 863, 1333, 436, 1035, 12, 462, 469, 309, 1076]","[213, 863, 1333, 436, 1035]","[12, 462, 469, 309, 1076]",5,5
m3glvq_k0_5_k1_5_eta_004,1,1620,405,0.5370948848106208,0.3076923076923077,0.5818181818181818,0.4025157232704403,0.5308641975308642,42,"{0: 5, 1: 5}",150,0.04,[0.33333333 0.33333333 0.33333333],True,True,True,1.0,0.0,0.0,"[366, 198, 970, 1229, 799, 188, 201, 236, 464, 644]","[366, 198, 970, 1229, 799]","[188, 201, 236, 464, 644]",5,5
m3glvq_k0_5_k1_5_eta_004,2,1620,405,0.4749731550175712,0.3509615384615384,0.4802631578947368,0.4055555555555555,0.4716049382716049,42,"{0: 5, 1: 5}",150,0.04,[0.33333333 0.33333333 0.33333333],True,True,True,0.0075227128322232,0.9850654780847784,0.0074118090829982,"[374, 1229, 115, 1237, 991, 527, 942, 335, 1449, 1571]","[374, 1229, 115, 1237, 991]","[527, 942, 335, 1449, 1571]",5,5
m3glvq_k0_5_k1_5_eta_004,3,1620,405,0.5421607378129117,0.3671497584541063,0.5757575757575758,0.448377581120944,0.5382716049382716,42,"{0: 5, 1: 5}",150,0.04,[0.33333333 0.33333333 0.33333333],True,True,True,0.0,1.0,0.0,"[1239, 482, 964, 155, 71, 931, 1285, 1343, 350, 1489]","[1239, 482, 964, 155, 71]","[931, 1285, 1343, 350, 1489]",5,5
m3glvq_k0_5_k1_5_eta_004,4,1620,405,0.5610452349582784,0.4251207729468599,0.5945945945945946,0.4957746478873239,0.5580246913580247,42,"{0: 5, 1: 5}",150,0.04,[0.33333333 0.33333333 0.33333333],True,True,True,1.0,0.0,0.0,"[384, 403, 973, 1474, 1048, 1564, 681, 207, 1097, 349]","[384, 403, 973, 1474, 1048]","[1564, 681, 207, 1097, 349]",5,5
m3glvq_k0_5_k1_6_eta_004,0,1620,405,0.5580583756345178,0.375,0.6046511627906976,0.4629080118694362,0.5530864197530864,42,"{0: 5, 1: 6}",150,0.04,[0.33333333 0.33333333 0.33333333],True,True,True,1.0,0.0,0.0,"[1468, 906, 386, 1197, 1035, 1076, 463, 309, 194, 178, 855]","[1468, 906, 386, 1197, 1035]","[1076, 463, 309, 194, 178, 855]",5,6
m3glvq_k0_5_k1_6_eta_004,1,1620,405,0.550431960171808,0.4663461538461538,0.5739644970414202,0.5145888594164457,0.5481481481481482,42,"{0: 5, 1: 6}",150,0.04,[0.33333333 0.33333333 0.33333333],True,True,True,1.0,0.0,0.0,"[870, 498, 1016, 1286, 1057, 1137, 1078, 148, 1349, 1097, 1250]","[870, 498, 1016, 1286, 1057]","[1137, 1078, 148, 1349, 1097, 1250]",5,6
m3glvq_k0_5_k1_6_eta_004,2,1620,405,0.5491141155798516,0.3317307692307692,0.6,0.4272445820433436,0.5432098765432098,42,"{0: 5, 1: 6}",150,0.04,[0.33333333 0.33333333 0.33333333],True,True,True,0.0,1.0,0.0,"[838, 400, 991, 694, 150, 1046, 1114, 75, 962, 368, 868]","[838, 400, 991, 694, 150]","[1046, 1114, 75, 962, 368, 868]",5,6
m3glvq_k0_5_k1_6_eta_004,3,1620,405,0.528546332894159,0.7439613526570048,0.5310344827586206,0.6197183098591549,0.5333333333333333,42,"{0: 5, 1: 6}",150,0.04,[0.33333333 0.33333333 0.33333333],True,True,True,0.0,0.8465061247675698,0.1534938752324302,"[155, 1231, 1492, 279, 964, 1343, 350, 233, 1084, 25, 1489]","[155, 1231, 1492, 279, 964]","[1343, 350, 233, 1084, 25, 1489]",5,6
m3glvq_k0_5_k1_6_eta_004,4,1620,405,0.547979797979798,0.4444444444444444,0.5714285714285714,0.5,0.5456790123456791,42,"{0: 5, 1: 6}",150,0.04,[0.33333333 0.33333333 0.33333333],True,True,True,1.0,0.0,0.0,"[384, 1474, 623, 571, 418, 1557, 508, 759, 1547, 1479, 1025]","[384, 1474, 623, 571, 418]","[1557, 508, 759, 1547, 1479, 1025]",5,6
m3glvq_k0_5_k1_7_eta_004,0,1620,405,0.5539096056228037,0.4326923076923077,0.5844155844155844,0.4972375690607734,0.5506172839506173,42,"{0: 5, 1: 7}",150,0.04,[0.33333333 0.33333333 0.33333333],True,True,True,1.0,0.0,0.0,"[500, 386, 1468, 1201, 97, 462, 1583, 745, 1019, 382, 668, 976]","[500, 386, 1468, 1201, 97]","[462, 1583, 745, 1019, 382, 668, 976]",5,7
m3glvq_k0_5_k1_7_eta_004,1,1620,405,0.5445626708317064,0.4038461538461538,0.5753424657534246,0.4745762711864407,0.5407407407407407,42,"{0: 5, 1: 7}",150,0.04,[0.33333333 0.33333333 0.33333333],True,True,True,1.0,0.0,0.0,"[498, 1342, 1229, 366, 1494, 984, 900, 724, 145, 1349, 1048, 1060]","[498, 1342, 1229, 366, 1494]","[984, 900, 724, 145, 1349, 1048, 1060]",5,7
m3glvq_k0_5_k1_7_eta_004,2,1620,405,0.5601815696993362,0.4807692307692308,0.5847953216374269,0.5277044854881267,0.5580246913580247,42,"{0: 5, 1: 7}",150,0.04,[0.33333333 0.33333333 0.33333333],True,True,True,1.0,0.0,0.0,"[105, 1229, 374, 1471, 1378, 404, 297, 136, 809, 842, 1057, 1380]","[105, 1229, 374, 1471, 1378]","[404, 297, 136, 809, 842, 1057, 1380]",5,7
m3glvq_k0_5_k1_7_eta_004,3,1620,405,0.5172375933245499,0.3526570048309179,0.5367647058823529,0.4256559766763848,0.5135802469135803,42,"{0: 5, 1: 7}",150,0.04,[0.33333333 0.33333333 0.33333333],True,True,True,0.0,1.0,0.0,"[482, 219, 440, 1239, 964, 699, 682, 194, 941, 1544, 1210, 1138]","[482, 219, 440, 1239, 964]","[699, 682, 194, 941, 1544, 1210, 1138]",5,7
m3glvq_k0_5_k1_7_eta_004,4,1620,405,0.5708168642951252,0.5507246376811594,0.5846153846153846,0.5671641791044777,0.5703703703703704,42,"{0: 5, 1: 7}",150,0.04,[0.33333333 0.33333333 0.33333333],True,True,True,1.0,0.0,0.0,"[958, 384, 501, 784, 1013, 1025, 62, 1364, 1477, 15, 631, 1270]","[958, 384, 501, 784, 1013]","[1025, 62, 1364, 1477, 15, 631, 1270]",5,7
m3glvq_k0_5_k1_8_eta_004,0,1620,405,0.5902113432253027,0.6778846153846154,0.5899581589958159,0.6308724832214766,0.5925925925925926,42,"{0: 5, 1: 8}",150,0.04,[0.33333333 0.33333333 0.33333333],True,True,True,0.9356341937345805,0.0126444007995675,0.0517214054658519,"[97, 1333, 1035, 1226, 526, 1146, 1617, 1472, 473, 855, 462, 1076, 1039]","[97, 1333, 1035, 1226, 526]","[1146, 1617, 1472, 473, 855, 462, 1076, 1039]",5,8
m3glvq_k0_5_k1_8_eta_004,1,1620,405,0.5480403162827021,0.3701923076923077,0.5877862595419847,0.4542772861356932,0.5432098765432098,42,"{0: 5, 1: 8}",150,0.04,[0.33333333 0.33333333 0.33333333],True,True,True,1.0,0.0,0.0,"[474, 470, 366, 385, 300, 342, 984, 614, 1060, 1431, 52, 724, 1349]","[474, 470, 366, 385, 300]","[342, 984, 614, 1060, 1431, 52, 724, 1349]",5,8
m3glvq_k0_5_k1_8_eta_004,2,1620,405,0.5632443381491605,0.5528846153846154,0.5778894472361809,0.5651105651105651,0.562962962962963,42,"{0: 5, 1: 8}",150,0.04,[0.33333333 0.33333333 0.33333333],True,True,True,1.0,0.0,0.0,"[1011, 59, 1471, 1328, 1005, 1083, 417, 1421, 600, 978, 1442, 1007, 1133]","[1011, 59, 1471, 1328, 1005]","[1083, 417, 1421, 600, 978, 1442, 1007, 1133]",5,8
m3glvq_k0_5_k1_8_eta_004,3,1620,405,0.5215195432586737,0.3864734299516908,0.5405405405405406,0.4507042253521127,0.5185185185185185,42,"{0: 5, 1: 8}",150,0.04,[0.33333333 0.33333333 0.33333333],True,True,True,0.0,1.0,0.0,"[1415, 58, 14, 964, 581, 637, 1117, 763, 1456, 1616, 1343, 1003, 143]","[1415, 58, 14, 964, 581]","[637, 1117, 763, 1456, 1616, 1343, 1003, 143]",5,8
m3glvq_k0_5_k1_8_eta_004,4,1620,405,0.5712560386473431,0.5314009661835749,0.5882352941176471,0.5583756345177665,0.5703703703703704,42,"{0: 5, 1: 8}",150,0.04,[0.33333333 0.33333333 0.33333333],True,True,True,1.0,0.0,0.0,"[873, 623, 921, 1278, 775, 71, 1097, 1167, 1194, 1404, 718, 1368, 15]","[873, 623, 921, 1278, 775]","[71, 1097, 1167, 1194, 1404, 718, 1368, 15]",5,8
m3glvq_k0_5_k1_9_eta_004,0,1620,405,0.5518962319406482,0.5048076923076923,0.5706521739130435,0.5357142857142857,0.5506172839506173,42,"{0: 5, 1: 9}",150,0.04,[0.33333333 0.33333333 0.33333333],True,True,True,1.0,0.0,0.0,"[254, 97, 1200, 386, 1027, 1357, 61, 178, 1083, 29, 381, 1287, 309, 374]","[254, 97, 1200, 386, 1027]","[1357, 61, 178, 1083, 29, 381, 1287, 309, 374]",5,9
m3glvq_k0_5_k1_9_eta_004,1,1620,405,0.5366800078094494,0.4134615384615384,0.5620915032679739,0.4764542936288088,0.5333333333333333,42,"{0: 5, 1: 9}",150,0.04,[0.33333333 0.33333333 0.33333333],True,True,True,1.0,0.0,0.0,"[1223, 366, 288, 474, 1055, 148, 1431, 145, 1060, 258, 623, 724, 1022, 823]","[1223, 366, 288, 474, 1055]","[148, 1431, 145, 1060, 258, 623, 724, 1022, 823]",5,9
m3glvq_k0_5_k1_9_eta_004,2,1620,405,0.5437573213588442,0.4326923076923077,0.569620253164557,0.4918032786885245,0.5407407407407407,42,"{0: 5, 1: 9}",150,0.04,[0.33333333 0.33333333 0.33333333],True,True,True,1.0,0.0,0.0,"[993, 374, 855, 1229, 511, 664, 962, 1076, 603, 87, 136, 1431, 448, 1445]","[993, 374, 855, 1229, 511]","[664, 962, 1076, 603, 87, 136, 1431, 448, 1445]",5,9
m3glvq_k0_5_k1_9_eta_004,3,1620,405,0.5792709705753184,0.6231884057971014,0.583710407239819,0.602803738317757,0.5802469135802469,42,"{0: 5, 1: 9}",150,0.04,[0.33333333 0.33333333 0.33333333],True,True,True,1.0,0.0,0.0,"[1022, 1468, 295, 1025, 482, 165, 1554, 194, 861, 682, 1076, 1560, 1003, 1544]","[1022, 1468, 295, 1025, 482]","[165, 1554, 194, 861, 682, 1076, 1560, 1003, 1544]",5,9
m3glvq_k0_5_k1_9_eta_004,4,1620,405,0.5827843653930611,0.4685990338164251,0.6178343949044586,0.532967032967033,0.5802469135802469,42,"{0: 5, 1: 9}",150,0.04,[0.33333333 0.33333333 0.33333333],True,True,True,1.0,0.0,0.0,"[1013, 775, 617, 220, 501, 478, 1443, 33, 218, 1052, 311, 1099, 1479, 1097]","[1013, 775, 617, 220, 501]","[478, 1443, 33, 218, 1052, 311, 1099, 1479, 1097]",5,9
m3glvq_k0_5_k1_10_eta_004,0,1620,405,0.5179739359625146,0.4471153846153846,0.5344827586206896,0.4869109947643978,0.5160493827160494,42,"{0: 5, 1: 10}",150,0.04,[0.33333333 0.33333333 0.33333333],True,True,True,1.0,0.0,0.0,"[1537, 386, 406, 1578, 254, 604, 75, 291, 1431, 668, 463, 837, 1447, 366, 1469]","[1537, 386, 406, 1578, 254]","[604, 75, 291, 1431, 668, 463, 837, 1447, 366, 1469]",5,10
m3glvq_k0_5_k1_10_eta_004,1,1620,405,0.5028797344787193,0.4423076923076923,0.5168539325842697,0.4766839378238342,0.5012345679012346,42,"{0: 5, 1: 10}",150,0.04,[0.33333333 0.33333333 0.33333333],True,True,True,0.0,1.0,0.0,"[1494, 277, 1386, 1204, 278, 564, 26, 1390, 1066, 1238, 211, 1054, 810, 638, 383]","[1494, 277, 1386, 1204, 278]","[564, 26, 1390, 1066, 1238, 211, 1054, 810, 638, 383]",5,10
m3glvq_k0_5_k1_10_eta_004,2,1620,405,0.5592419953143304,0.5144230769230769,0.5783783783783784,0.5445292620865139,0.5580246913580247,42,"{0: 5, 1: 10}",150,0.04,[0.33333333 0.33333333 0.33333333],True,True,True,1.0,0.0,0.0,"[1471, 993, 588, 835, 374, 605, 48, 404, 1108, 962, 142, 1520, 895, 1442, 336]","[1471, 993, 588, 835, 374]","[605, 48, 404, 1108, 962, 142, 1520, 895, 1442, 336]",5,10
m3glvq_k0_5_k1_10_eta_004,3,1620,405,0.4832015810276679,0.5169082125603864,0.4953703703703703,0.5059101654846335,0.4839506172839506,42,"{0: 5, 1: 10}",150,0.04,[0.33333333 0.33333333 0.33333333],True,True,True,0.0,1.0,0.0,"[155, 1241, 482, 1536, 964, 50, 771, 637, 25, 1049, 763, 1489, 1003, 67, 162]","[155, 1241, 482, 1536, 964]","[50, 771, 637, 25, 1049, 763, 1489, 1003, 67, 162]",5,10
m3glvq_k0_5_k1_10_eta_004,4,1620,405,0.5568730786122091,0.6086956521739131,0.5625,0.5846867749419954,0.5580246913580247,42,"{0: 5, 1: 10}",150,0.04,[0.33333333 0.33333333 0.33333333],True,True,True,1.0,0.0,0.0,"[1474, 623, 384, 501, 1545, 207, 1489, 1477, 1393, 55, 1058, 1025, 1167, 759, 200]","[1474, 623, 384, 501, 1545]","[207, 1489, 1477, 1393, 55, 1058, 1025, 1167, 759, 200]",5,10
m3glvq_k0_6_k1_3_eta_004,0,1620,405,0.4931423272159312,0.3365384615384615,0.5035971223021583,0.4034582132564842,0.4888888888888889,42,"{0: 6, 1: 3}",150,0.04,[0.33333333 0.33333333 0.33333333],True,True,True,1.0,0.0,0.0,"[1499, 386, 419, 1348, 771, 205, 194, 806, 1078]","[1499, 386, 419, 1348, 771, 205]","[194, 806, 1078]",6,3
m3glvq_k0_6_k1_3_eta_004,1,1620,405,0.580486138227255,0.4807692307692308,0.6134969325153374,0.5390835579514824,0.5777777777777777,42,"{0: 6, 1: 3}",150,0.04,[0.33333333 0.33333333 0.33333333],True,True,True,1.0,0.0,0.0,"[1324, 1006, 555, 651, 85, 880, 1216, 439, 1442]","[1324, 1006, 555, 651, 85, 880]","[1216, 439, 1442]",6,3
m3glvq_k0_6_k1_3_eta_004,2,1620,405,0.5471129441624365,0.3125,0.6018518518518519,0.4113924050632911,0.5407407407407407,42,"{0: 6, 1: 3}",150,0.04,[0.33333333 0.33333333 0.33333333],True,True,True,1.0,0.0,0.0,"[1001, 374, 830, 588, 511, 1005, 779, 962, 369]","[1001, 374, 830, 588, 511, 1005]","[779, 962, 369]",6,3
m3glvq_k0_6_k1_3_eta_004,3,1620,405,0.5151515151515151,0.5555555555555556,0.5251141552511416,0.539906103286385,0.5160493827160494,42,"{0: 6, 1: 3}",150,0.04,[0.33333333 0.33333333 0.33333333],True,True,True,0.0,1.0,0.0,"[302, 58, 155, 340, 1078, 20, 150, 350, 720]","[302, 58, 155, 340, 1078, 20]","[150, 350, 720]",6,3
m3glvq_k0_6_k1_3_eta_004,4,1620,405,0.5402942468159859,0.3381642512077294,0.5785123966942148,0.4268292682926828,0.5358024691358024,42,"{0: 6, 1: 3}",150,0.04,[0.33333333 0.33333333 0.33333333],True,True,True,1.0,0.0,0.0,"[623, 809, 501, 1315, 104, 1044, 631, 1270, 1025]","[623, 809, 501, 1315, 104, 1044]","[631, 1270, 1025]",6,3
m3glvq_k0_6_k1_4_eta_004,0,1620,405,0.5175956657555643,0.2788461538461538,0.5471698113207547,0.3694267515923567,0.5111111111111111,42,"{0: 6, 1: 4}",150,0.04,[0.33333333 0.33333333 0.33333333],True,True,True,1.0,0.0,0.0,"[1468, 1035, 906, 1333, 615, 1426, 194, 837, 1076, 852]","[1468, 1035, 906, 1333, 615, 1426]","[194, 837, 1076, 852]",6,4
m3glvq_k0_6_k1_4_eta_004,1,1620,405,0.5639398672393596,0.3461538461538461,0.6260869565217392,0.4458204334365325,0.5580246913580247,42,"{0: 6, 1: 4}",150,0.04,[0.33333333 0.33333333 0.33333333],True,True,True,1.0,0.0,0.0,"[111, 880, 474, 1006, 35, 585, 1060, 1216, 151, 209]","[111, 880, 474, 1006, 35, 585]","[1060, 1216, 151, 209]",6,4
m3glvq_k0_6_k1_4_eta_004,2,1620,405,0.5265399258102303,0.3221153846153846,0.5583333333333333,0.4085365853658537,0.5209876543209877,42,"{0: 6, 1: 4}",150,0.04,[0.33333333 0.33333333 0.33333333],True,True,True,0.0095630592538378,0.9904369407461622,0.0,"[438, 1247, 1357, 1503, 215, 459, 1449, 1374, 335, 1522]","[438, 1247, 1357, 1503, 215, 459]","[1449, 1374, 335, 1522]",6,4
m3glvq_k0_6_k1_4_eta_004,3,1620,405,0.5613746157224418,0.4106280193236715,0.5985915492957746,0.4871060171919771,0.5580246913580247,42,"{0: 6, 1: 4}",150,0.04,[0.33333333 0.33333333 0.33333333],True,True,True,1.0,0.0,0.0,"[959, 1468, 482, 980, 110, 97, 682, 1082, 194, 840]","[959, 1468, 482, 980, 110, 97]","[682, 1082, 194, 840]",6,4
m3glvq_k0_6_k1_4_eta_004,4,1620,405,0.5185551163812033,0.2946859903381642,0.5446428571428571,0.3824451410658307,0.5135802469135803,42,"{0: 6, 1: 4}",150,0.04,[0.33333333 0.33333333 0.33333333],True,True,True,1.0,0.0,0.0,"[1087, 1112, 384, 775, 1474, 418, 207, 759, 1443, 681]","[1087, 1112, 384, 775, 1474, 418]","[207, 759, 1443, 681]",6,4
m3glvq_k0_6_k1_5_eta_004,0,1620,405,0.5514935572042171,0.5192307692307693,0.5684210526315789,0.5427135678391961,0.5506172839506173,42,"{0: 6, 1: 5}",150,0.04,[0.33333333 0.33333333 0.33333333],True,True,True,1.0,0.0,0.0,"[739, 97, 1499, 386, 1348, 494, 164, 668, 1447, 194, 418]","[739, 97, 1499, 386, 1348, 494]","[164, 668, 1447, 194, 418]",6,5
m3glvq_k0_6_k1_5_eta_004,1,1620,405,0.5381564818430301,0.3605769230769231,0.5725190839694656,0.4424778761061946,0.5333333333333333,42,"{0: 6, 1: 5}",150,0.04,[0.33333333 0.33333333 0.33333333],True,True,True,1.0,0.0,0.0,"[366, 808, 35, 585, 111, 498, 644, 1442, 201, 734, 1019]","[366, 808, 35, 585, 111, 498]","[644, 1442, 201, 734, 1019]",6,5
m3glvq_k0_6_k1_5_eta_004,2,1620,405,0.5525551542366263,0.5721153846153846,0.5639810426540285,0.568019093078759,0.5530864197530864,42,"{0: 6, 1: 5}",150,0.04,[0.33333333 0.33333333 0.33333333],True,True,True,0.0,1.0,0.0,"[694, 91, 215, 1503, 40, 18, 787, 868, 75, 353, 19]","[694, 91, 215, 1503, 40, 18]","[787, 868, 75, 353, 19]",6,5
m3glvq_k0_6_k1_5_eta_004,3,1620,405,0.5704874835309618,0.5652173913043478,0.582089552238806,0.5735294117647058,0.5703703703703704,42,"{0: 6, 1: 5}",150,0.04,[0.33333333 0.33333333 0.33333333],True,True,True,1.0,0.0,0.0,"[482, 1468, 110, 1268, 1483, 314, 856, 766, 1470, 1564, 1431]","[482, 1468, 110, 1268, 1483, 314]","[856, 766, 1470, 1564, 1431]",6,5
m3glvq_k0_6_k1_5_eta_004,4,1620,405,0.5732323232323232,0.3333333333333333,0.6509433962264151,0.4408945686900958,0.5679012345679012,42,"{0: 6, 1: 5}",150,0.04,[0.33333333 0.33333333 0.33333333],True,True,True,1.0,0.0,0.0,"[1474, 1048, 501, 530, 1252, 384, 171, 207, 766, 1025, 1092]","[1474, 1048, 501, 530, 1252, 384]","[171, 207, 766, 1025, 1092]",6,5
m3glvq_k0_6_k1_6_eta_004,0,1620,405,0.5567039242483405,0.5144230769230769,0.5752688172043011,0.5431472081218274,0.5555555555555556,42,"{0: 6, 1: 6}",150,0.04,[0.33333333 0.33333333 0.33333333],True,True,True,1.0,0.0,0.0,"[386, 526, 1348, 97, 1035, 1062, 1039, 463, 1562, 178, 706, 1078]","[386, 526, 1348, 97, 1035, 1062]","[1039, 463, 1562, 178, 706, 1078]",6,6
m3glvq_k0_6_k1_6_eta_004,1,1620,405,0.543098399062866,0.3653846153846153,0.5801526717557252,0.4483775811209439,0.5382716049382716,42,"{0: 6, 1: 6}",150,0.04,[0.33333333 0.33333333 0.33333333],True,True,True,1.0,0.0,0.0,"[489, 1342, 111, 1229, 164, 366, 441, 1308, 925, 201, 725, 394]","[489, 1342, 111, 1229, 164, 366]","[441, 1308, 925, 201, 725, 394]",6,6
m3glvq_k0_6_k1_6_eta_004,2,1620,405,0.5581926005466615,0.3701923076923077,0.6062992125984252,0.4597014925373134,0.5530864197530864,42,"{0: 6, 1: 6}",150,0.04,[0.33333333 0.33333333 0.33333333],True,True,True,1.0,0.0,0.0,"[1178, 701, 1005, 855, 549, 1541, 448, 1063, 139, 174, 962, 723]","[1178, 701, 1005, 855, 549, 1541]","[448, 1063, 139, 174, 962, 723]",6,6
m3glvq_k0_6_k1_6_eta_004,3,1620,405,0.615173473869126,0.4879227053140096,0.6644736842105263,0.5626740947075209,0.6123456790123457,42,"{0: 6, 1: 6}",150,0.04,[0.33333333 0.33333333 0.33333333],True,True,True,1.0,0.0,0.0,"[504, 407, 482, 1033, 1468, 1241, 1560, 1082, 1554, 177, 1008, 194]","[504, 407, 482, 1033, 1468, 1241]","[1560, 1082, 1554, 177, 1008, 194]",6,6
m3glvq_k0_6_k1_6_eta_004,4,1620,405,0.5435880544576197,0.3043478260869565,0.5943396226415094,0.402555910543131,0.5382716049382716,42,"{0: 6, 1: 6}",150,0.04,[0.33333333 0.33333333 0.33333333],True,True,True,1.0,0.0,0.0,"[501, 1474, 921, 384, 835, 1252, 1428, 1194, 1097, 1368, 1025, 758]","[501, 1474, 921, 384, 835, 1252]","[1428, 1194, 1097, 1368, 1025, 758]",6,6
m3glvq_k0_6_k1_7_eta_004,0,1620,405,0.5483087661069894,0.3605769230769231,0.5905511811023622,0.4477611940298507,0.5432098765432098,42,"{0: 6, 1: 7}",150,0.04,[0.33333333 0.33333333 0.33333333],True,True,True,1.0,0.0,0.0,"[1426, 956, 1204, 1200, 1385, 1499, 668, 178, 1083, 1420, 29, 194, 852]","[1426, 956, 1204, 1200, 1385, 1499]","[668, 178, 1083, 1420, 29, 194, 852]",6,7
m3glvq_k0_6_k1_7_eta_004,1,1620,405,0.534813061304178,0.3894230769230769,0.5625,0.4602272727272727,0.5308641975308642,42,"{0: 6, 1: 7}",150,0.04,[0.33333333 0.33333333 0.33333333],True,True,True,1.0,0.0,0.0,"[529, 164, 970, 85, 585, 961, 442, 1250, 1349, 360, 148, 900, 724]","[529, 164, 970, 85, 585, 961]","[442, 1250, 1349, 360, 148, 900, 724]",6,7
m3glvq_k0_6_k1_7_eta_004,2,1620,405,0.5452337953924249,0.3798076923076923,0.5808823529411765,0.4593023255813954,0.5407407407407407,42,"{0: 6, 1: 7}",150,0.04,[0.33333333 0.33333333 0.33333333],True,True,True,1.0,0.0,0.0,"[511, 1196, 1471, 105, 549, 1011, 136, 139, 610, 1057, 158, 448, 1380]","[511, 1196, 1471, 105, 549, 1011]","[136, 139, 610, 1057, 158, 448, 1380]",6,7
m3glvq_k0_6_k1_7_eta_004,3,1620,405,0.5763065436978481,0.4202898550724637,0.6214285714285714,0.5014409221902016,0.5728395061728395,42,"{0: 6, 1: 7}",150,0.04,[0.33333333 0.33333333 0.33333333],True,True,True,1.0,0.0,0.0,"[139, 463, 407, 898, 482, 997, 682, 1554, 1082, 194, 1099, 1544, 50]","[139, 463, 407, 898, 482, 997]","[682, 1554, 1082, 194, 1099, 1544, 50]",6,7
m3glvq_k0_6_k1_7_eta_004,4,1620,405,0.5397452788757137,0.4734299516908212,0.5568181818181818,0.5117493472584856,0.5382716049382716,42,"{0: 6, 1: 7}",150,0.04,[0.33333333 0.33333333 0.33333333],True,True,True,0.9983697728061268,0.0,0.0016302271938731,"[1474, 501, 921, 1104, 1252, 623, 1283, 1489, 631, 1025, 759, 1123, 1167]","[1474, 501, 921, 1104, 1252, 623]","[1283, 1489, 631, 1025, 759, 1123, 1167]",6,7
m3glvq_k0_6_k1_8_eta_004,0,1620,405,0.5353255564232722,0.5528846153846154,0.5476190476190477,0.5502392344497608,0.5358024691358024,42,"{0: 6, 1: 8}",150,0.04,[0.33333333 0.33333333 0.33333333],True,True,True,1.0,0.0,0.0,"[386, 494, 739, 887, 1499, 1414, 1042, 65, 5, 668, 745, 366, 194, 1155]","[386, 494, 739, 887, 1499, 1414]","[1042, 65, 5, 668, 745, 366, 194, 1155]",6,8
m3glvq_k0_6_k1_8_eta_004,1,1620,405,0.5731403748535728,0.4711538461538461,0.6049382716049383,0.5297297297297296,0.5703703703703704,42,"{0: 6, 1: 8}",150,0.04,[0.33333333 0.33333333 0.33333333],True,True,True,1.0,0.0,0.0,"[37, 585, 1119, 366, 741, 111, 64, 1583, 442, 1544, 201, 47, 1431, 1019]","[37, 585, 1119, 366, 741, 111]","[64, 1583, 442, 1544, 201, 47, 1431, 1019]",6,8
m3glvq_k0_6_k1_8_eta_004,2,1620,405,0.5155822920734088,0.3509615384615384,0.5367647058823529,0.4244186046511627,0.5111111111111111,42,"{0: 6, 1: 8}",150,0.04,[0.33333333 0.33333333 0.33333333],True,True,True,0.0,1.0,0.0,"[374, 588, 338, 838, 1196, 694, 212, 1139, 130, 335, 730, 158, 1380, 894]","[374, 588, 338, 838, 1196, 694]","[212, 1139, 130, 335, 730, 158, 1380, 894]",6,8
m3glvq_k0_6_k1_8_eta_004,3,1620,405,0.5191040843214756,0.3816425120772946,0.5374149659863946,0.4463276836158191,0.5160493827160494,42,"{0: 6, 1: 8}",150,0.04,[0.33333333 0.33333333 0.33333333],True,True,True,0.0,1.0,0.0,"[1241, 537, 482, 396, 1415, 1492, 682, 177, 194, 1036, 143, 881, 305, 1496]","[1241, 537, 482, 396, 1415, 1492]","[682, 177, 194, 1036, 143, 881, 305, 1496]",6,8
m3glvq_k0_6_k1_8_eta_004,4,1620,405,0.5234958278436539,0.4106280193236715,0.5414012738853503,0.467032967032967,0.5209876543209877,42,"{0: 6, 1: 8}",150,0.04,[0.33333333 0.33333333 0.33333333],True,True,True,1.0,0.0,0.0,"[124, 384, 1087, 1252, 233, 259, 285, 1564, 1025, 1547, 1102, 207, 1443, 759]","[124, 384, 1087, 1252, 233, 259]","[285, 1564, 1025, 1547, 1102, 207, 1443, 759]",6,8
m3glvq_k0_6_k1_9_eta_004,0,1620,405,0.5206584342053885,0.3509615384615384,0.5447761194029851,0.4269005847953216,0.5160493827160494,42,"{0: 6, 1: 9}",150,0.04,[0.33333333 0.33333333 0.33333333],True,True,True,1.0,0.0,0.0,"[1200, 1468, 500, 477, 1402, 574, 421, 381, 178, 29, 309, 1511, 194, 958, 509]","[1200, 1468, 500, 477, 1402, 574]","[421, 381, 178, 29, 309, 1511, 194, 958, 509]",6,9
m3glvq_k0_6_k1_9_eta_004,1,1620,405,0.5711392034361578,0.4519230769230769,0.6064516129032258,0.5179063360881544,0.5679012345679012,42,"{0: 6, 1: 9}",150,0.04,[0.33333333 0.33333333 0.33333333],True,True,True,1.0,0.0,0.0,"[1006, 117, 35, 366, 187, 1494, 1583, 148, 1022, 724, 145, 725, 184, 1490, 1532]","[1006, 117, 35, 366, 187, 1494]","[1583, 148, 1022, 724, 145, 725, 184, 1490, 1532]",6,9
m3glvq_k0_6_k1_9_eta_004,2,1620,405,0.5003416634127293,0.4423076923076923,0.5139664804469274,0.4754521963824289,0.4987654320987654,42,"{0: 6, 1: 9}",150,0.04,[0.33333333 0.33333333 0.33333333],True,True,True,1.0,0.0,0.0,"[591, 1188, 400, 1471, 132, 511, 136, 404, 139, 1025, 1487, 528, 821, 962, 664]","[591, 1188, 400, 1471, 132, 511]","[136, 404, 139, 1025, 1487, 528, 821, 962, 664]",6,9
m3glvq_k0_6_k1_9_eta_004,3,1620,405,0.5521519543258674,0.4830917874396135,0.5714285714285714,0.5235602094240838,0.5506172839506173,42,"{0: 6, 1: 9}",150,0.04,[0.33333333 0.33333333 0.33333333],True,True,True,1.0,0.0,0.0,"[959, 1492, 980, 179, 482, 1468, 632, 1431, 682, 143, 1008, 194, 1544, 1159, 1003]","[959, 1492, 980, 179, 482, 1468]","[632, 1431, 682, 143, 1008, 194, 1544, 1159, 1003]",6,9
m3glvq_k0_6_k1_9_eta_004,4,1620,405,0.5580808080808081,0.4444444444444444,0.5859872611464968,0.5054945054945055,0.5555555555555556,42,"{0: 6, 1: 9}",150,0.04,[0.33333333 0.33333333 0.33333333],True,True,True,1.0,0.0,0.0,"[102, 629, 384, 418, 1225, 1013, 1175, 550, 758, 1336, 55, 1582, 1557, 681, 1547]","[102, 629, 384, 418, 1225, 1013]","[1175, 550, 758, 1336, 55, 1582, 1557, 681, 1547]",6,9
m3glvq_k0_6_k1_10_eta_004,0,1620,405,0.5437451190941038,0.5240384615384616,0.558974358974359,0.5409429280397022,0.5432098765432098,42,"{0: 6, 1: 10}",150,0.04,[0.33333333 0.33333333 0.33333333],True,True,True,1.0,0.0,0.0,"[386, 570, 1499, 1348, 771, 422, 504, 668, 604, 553, 1447, 1162, 630, 463, 976, 366]","[386, 570, 1499, 1348, 771, 422]","[504, 668, 604, 553, 1447, 1162, 630, 463, 976, 366]",6,10
m3glvq_k0_6_k1_10_eta_004,1,1620,405,0.4832584927762593,0.3269230769230769,0.4892086330935252,0.3919308357348703,0.4790123456790123,42,"{0: 6, 1: 10}",150,0.04,[0.33333333 0.33333333 0.33333333],True,True,True,1.0,0.0,0.0,"[855, 1229, 597, 1494, 498, 453, 1074, 951, 1140, 1084, 1284, 810, 570, 1250, 148, 360]","[855, 1229, 597, 1494, 498, 453]","[1074, 951, 1140, 1084, 1284, 810, 570, 1250, 148, 360]",6,10
m3glvq_k0_6_k1_10_eta_004,2,1620,405,0.5669904334244436,0.5096153846153846,0.5888888888888889,0.5463917525773195,0.5654320987654321,42,"{0: 6, 1: 10}",150,0.04,[0.33333333 0.33333333 0.33333333],True,True,True,1.0,0.0,0.0,"[1005, 1471, 320, 374, 421, 477, 1025, 136, 1565, 809, 962, 1039, 1455, 1571, 978, 664]","[1005, 1471, 320, 374, 421, 477]","[1025, 136, 1565, 809, 962, 1039, 1455, 1571, 978, 664]",6,10
m3glvq_k0_6_k1_10_eta_004,3,1620,405,0.5747694334650857,0.4879227053140096,0.6011904761904762,0.5386666666666666,0.5728395061728395,42,"{0: 6, 1: 10}",150,0.04,[0.33333333 0.33333333 0.33333333],True,True,True,1.0,0.0,0.0,"[476, 997, 482, 778, 110, 959, 1097, 194, 843, 954, 1564, 162, 676, 453, 1003, 916]","[476, 997, 482, 778, 110, 959]","[1097, 194, 843, 954, 1564, 162, 676, 453, 1003, 916]",6,10
m3glvq_k0_6_k1_10_eta_004,4,1620,405,0.579161176987264,0.5169082125603864,0.601123595505618,0.5558441558441558,0.5777777777777777,42,"{0: 6, 1: 10}",150,0.04,[0.33333333 0.33333333 0.33333333],True,True,True,1.0,0.0,0.0,"[1474, 104, 384, 1087, 501, 958, 431, 451, 1477, 1393, 382, 1479, 1443, 1025, 1193, 1587]","[1474, 104, 384, 1087, 501, 958]","[431, 451, 1477, 1393, 382, 1479, 1443, 1025, 1193, 1587]",6,10
m3glvq_k0_7_k1_3_eta_004,0,1620,405,0.5185352401405701,0.2451923076923076,0.5543478260869565,0.3399999999999999,0.5111111111111111,42,"{0: 7, 1: 3}",150,0.04,[0.33333333 0.33333333 0.33333333],True,True,True,1.0,0.0,0.0,"[1426, 1385, 97, 1035, 1204, 1468, 754, 806, 187, 1076]","[1426, 1385, 97, 1035, 1204, 1468, 754]","[806, 187, 1076]",7,3
m3glvq_k0_7_k1_3_eta_004,1,1620,405,0.5236113822725498,0.2451923076923076,0.5666666666666667,0.3422818791946308,0.5160493827160494,42,"{0: 7, 1: 3}",150,0.04,[0.33333333 0.33333333 0.33333333],True,True,True,1.0,0.0,0.0,"[1008, 498, 35, 366, 585, 124, 398, 692, 1583, 201]","[1008, 498, 35, 366, 585, 124, 398]","[692, 1583, 201]",7,3
m3glvq_k0_7_k1_3_eta_004,2,1620,405,0.5599009176103085,0.5817307692307693,0.5707547169811321,0.5761904761904763,0.5604938271604938,42,"{0: 7, 1: 3}",150,0.04,[0.33333333 0.33333333 0.33333333],True,True,True,0.0133333333274439,0.973333333345112,0.0133333333274439,"[91, 1340, 1503, 150, 838, 1357, 173, 75, 158, 335]","[91, 1340, 1503, 150, 838, 1357, 173]","[75, 158, 335]",7,3
m3glvq_k0_7_k1_3_eta_004,3,1620,405,0.5619235836627141,0.3864734299516908,0.6060606060606061,0.471976401179941,0.5580246913580247,42,"{0: 7, 1: 3}",150,0.04,[0.33333333 0.33333333 0.33333333],True,True,True,1.0,0.0,0.0,"[482, 1492, 1025, 1241, 1468, 1022, 564, 1444, 1355, 856]","[482, 1492, 1025, 1241, 1468, 1022, 564]","[1444, 1355, 856]",7,3
m3glvq_k0_7_k1_3_eta_004,4,1620,405,0.5447957839262187,0.8067632850241546,0.540453074433657,0.6472868217054264,0.5506172839506173,42,"{0: 7, 1: 3}",150,0.04,[0.33333333 0.33333333 0.33333333],True,True,True,0.0,0.0,1.0,"[16, 1115, 113, 1585, 951, 1071, 358, 31, 976, 1212]","[16, 1115, 113, 1585, 951, 1071, 358]","[31, 976, 1212]",7,3
m3glvq_k0_7_k1_4_eta_004,0,1620,405,0.5501635103475204,0.4759615384615384,0.5722543352601156,0.5196850393700787,0.5481481481481482,42,"{0: 7, 1: 4}",150,0.04,[0.33333333 0.33333333 0.33333333],True,True,True,1.0,0.0,0.0,"[1035, 1468, 97, 906, 160, 1257, 1385, 1076, 462, 852, 12]","[1035, 1468, 97, 906, 160, 1257, 1385]","[1076, 462, 852, 12]",7,4
m3glvq_k0_7_k1_4_eta_004,1,1620,405,0.5266863529871144,0.2259615384615384,0.5802469135802469,0.3252595155709343,0.5185185185185185,42,"{0: 7, 1: 4}",150,0.04,[0.33333333 0.33333333 0.33333333],True,True,True,1.0,0.0,0.0,"[906, 970, 398, 366, 198, 210, 1494, 1442, 644, 201, 1431]","[906, 970, 398, 366, 198, 210, 1494]","[1442, 644, 201, 1431]",7,4
m3glvq_k0_7_k1_4_eta_004,2,1620,405,0.5525673565013667,0.4807692307692308,0.5747126436781609,0.5235602094240838,0.5506172839506173,42,"{0: 7, 1: 4}",150,0.04,[0.33333333 0.33333333 0.33333333],True,True,True,0.0019703062325733,0.0,0.9980296937674268,"[717, 27, 6, 57, 78, 23, 246, 1127, 1046, 1318, 978]","[717, 27, 6, 57, 78, 23, 246]","[1127, 1046, 1318, 978]",7,4
m3glvq_k0_7_k1_4_eta_004,3,1620,405,0.562143170838823,0.3768115942028985,0.609375,0.4656716417910447,0.5580246913580247,42,"{0: 7, 1: 4}",150,0.04,[0.33333333 0.33333333 0.33333333],True,True,True,1.0,0.0,0.0,"[997, 437, 482, 619, 407, 110, 1025, 682, 840, 194, 1444]","[997, 437, 482, 619, 407, 110, 1025]","[682, 840, 194, 1444]",7,4
m3glvq_k0_7_k1_4_eta_004,4,1620,405,0.5351339481774264,0.2318840579710145,0.6,0.3344947735191638,0.528395061728395,42,"{0: 7, 1: 4}",150,0.04,[0.33333333 0.33333333 0.33333333],True,True,True,1.0,0.0,0.0,"[384, 14, 1474, 1048, 501, 1252, 124, 1025, 171, 207, 631]","[384, 14, 1474, 1048, 501, 1252, 124]","[1025, 171, 207, 631]",7,4
m3glvq_k0_7_k1_5_eta_004,0,1620,405,0.5125195236235845,0.2788461538461538,0.5370370370370371,0.3670886075949367,0.5061728395061729,42,"{0: 7, 1: 5}",150,0.04,[0.33333333 0.33333333 0.33333333],True,True,True,1.0,0.0,0.0,"[657, 254, 570, 422, 1426, 1385, 1200, 194, 1420, 164, 1078, 668]","[657, 254, 570, 422, 1426, 1385, 1200]","[194, 1420, 164, 1078, 668]",7,5
m3glvq_k0_7_k1_5_eta_004,1,1620,405,0.5483087661069894,0.3605769230769231,0.5905511811023622,0.4477611940298507,0.5432098765432098,42,"{0: 7, 1: 5}",150,0.04,[0.33333333 0.33333333 0.33333333],True,True,True,1.0,0.0,0.0,"[1077, 1008, 117, 585, 1006, 35, 1073, 1431, 201, 644, 1250, 784]","[1077, 1008, 117, 585, 1006, 35, 1073]","[1431, 201, 644, 1250, 784]",7,5
m3glvq_k0_7_k1_5_eta_004,2,1620,405,0.563805642327216,0.3509615384615384,0.6239316239316239,0.4492307692307692,0.5580246913580247,42,"{0: 7, 1: 5}",150,0.04,[0.33333333 0.33333333 0.33333333],True,True,True,1.0,0.0,0.0,"[374, 1541, 1005, 1198, 204, 1471, 1193, 978, 1361, 806, 723, 780]","[374, 1541, 1005, 1198, 204, 1471, 1193]","[978, 1361, 806, 723, 780]",7,5
m3glvq_k0_7_k1_5_eta_004,3,1620,405,0.5445761967501097,0.3719806763285024,0.5789473684210527,0.4529411764705882,0.5407407407407407,42,"{0: 7, 1: 5}",150,0.04,[0.33333333 0.33333333 0.33333333],True,True,True,1.0,0.0,0.0,"[985, 482, 1022, 1059, 1214, 1536, 997, 165, 771, 1444, 682, 194]","[985, 482, 1022, 1059, 1214, 1536, 997]","[165, 771, 1444, 682, 194]",7,5
m3glvq_k0_7_k1_5_eta_004,4,1620,405,0.5664251207729468,0.4106280193236715,0.6071428571428571,0.4899135446685879,0.562962962962963,42,"{0: 7, 1: 5}",150,0.04,[0.33333333 0.33333333 0.33333333],True,True,True,1.0,0.0,0.0,"[79, 384, 623, 501, 104, 1474, 68, 631, 1270, 1477, 1025, 481]","[79, 384, 623, 501, 104, 1474, 68]","[631, 1270, 1477, 1025, 481]",7,5
m3glvq_k0_7_k1_6_eta_004,0,1620,405,0.5138617727450214,0.2307692307692307,0.5454545454545454,0.3243243243243243,0.5061728395061729,42,"{0: 7, 1: 6}",150,0.04,[0.33333333 0.33333333 0.33333333],True,True,True,1.0,0.0,0.0,"[422, 97, 1426, 986, 1333, 1499, 494, 668, 194, 744, 1420, 1078, 164]","[422, 97, 1426, 986, 1333, 1499, 494]","[668, 194, 744, 1420, 1078, 164]",7,6
m3glvq_k0_7_k1_6_eta_004,1,1620,405,0.5557887543928153,0.3653846153846153,0.6031746031746031,0.4550898203592814,0.5506172839506173,42,"{0: 7, 1: 6}",150,0.04,[0.33333333 0.33333333 0.33333333],True,True,True,1.0,0.0,0.0,"[628, 1342, 1267, 541, 117, 1494, 366, 520, 734, 1349, 201, 927, 360]","[628, 1342, 1267, 541, 117, 1494, 366]","[520, 734, 1349, 201, 927, 360]",7,6
m3glvq_k0_7_k1_6_eta_004,2,1620,405,0.5877220812182742,0.3125,0.7065217391304348,0.4333333333333333,0.5802469135802469,42,"{0: 7, 1: 6}",150,0.04,[0.33333333 0.33333333 0.33333333],True,True,True,1.0,0.0,0.0,"[204, 1198, 549, 855, 993, 957, 459, 136, 174, 821, 604, 962, 1565]","[204, 1198, 549, 855, 993, 957, 459]","[136, 174, 821, 604, 962, 1565]",7,6
m3glvq_k0_7_k1_6_eta_004,3,1620,405,0.514163372859025,0.3768115942028985,0.5306122448979592,0.4406779661016949,0.5111111111111111,42,"{0: 7, 1: 6}",150,0.04,[0.33333333 0.33333333 0.33333333],True,True,True,0.0,1.0,0.0,"[1492, 1241, 412, 666, 964, 1415, 656, 165, 1489, 763, 150, 350, 1003]","[1492, 1241, 412, 666, 964, 1415, 656]","[165, 1489, 763, 150, 350, 1003]",7,6
m3glvq_k0_7_k1_6_eta_004,4,1620,405,0.5619235836627141,0.3864734299516908,0.6060606060606061,0.471976401179941,0.5580246913580247,42,"{0: 7, 1: 6}",150,0.04,[0.33333333 0.33333333 0.33333333],True,True,True,1.0,0.0,0.0,"[384, 1087, 623, 501, 1048, 1474, 1319, 207, 1025, 382, 238, 1240, 1092]","[384, 1087, 623, 501, 1048, 1474, 1319]","[207, 1025, 382, 238, 1240, 1092]",7,6
m3glvq_k0_7_k1_7_eta_004,0,1620,405,0.5221227059742288,0.3894230769230769,0.5436241610738255,0.453781512605042,0.5185185185185185,42,"{0: 7, 1: 7}",150,0.04,[0.33333333 0.33333333 0.33333333],True,True,True,1.0,0.0,0.0,"[1426, 531, 1300, 739, 97, 1468, 1204, 553, 463, 381, 382, 194, 61, 1252]","[1426, 531, 1300, 739, 97, 1468, 1204]","[553, 463, 381, 382, 194, 61, 1252]",7,7
m3glvq_k0_7_k1_7_eta_004,1,1620,405,0.5341541390082,0.3221153846153846,0.5726495726495726,0.4123076923076923,0.528395061728395,42,"{0: 7, 1: 7}",150,0.04,[0.33333333 0.33333333 0.33333333],True,True,True,1.0,0.0,0.0,"[585, 543, 117, 970, 1073, 1494, 741, 145, 644, 464, 442, 725, 724, 342]","[585, 543, 117, 970, 1073, 1494, 741]","[145, 644, 464, 442, 725, 724, 342]",7,7
m3glvq_k0_7_k1_7_eta_004,2,1620,405,0.5553982819211245,0.2884615384615384,0.631578947368421,0.396039603960396,0.5481481481481482,42,"{0: 7, 1: 7}",150,0.04,[0.33333333 0.33333333 0.33333333],True,True,True,1.0,0.0,0.0,"[588, 1196, 474, 400, 966, 105, 421, 962, 1427, 417, 1015, 978, 1007, 1442]","[588, 1196, 474, 400, 966, 105, 421]","[962, 1427, 417, 1015, 978, 1007, 1442]",7,7
m3glvq_k0_7_k1_7_eta_004,3,1620,405,0.5419411506368028,0.3768115942028985,0.5735294117647058,0.4548104956268222,0.5382716049382716,42,"{0: 7, 1: 7}",150,0.04,[0.33333333 0.33333333 0.33333333],True,True,True,0.0,1.0,0.0,"[20, 440, 619, 58, 412, 302, 65, 1378, 931, 1489, 1343, 1084, 350, 968]","[20, 440, 619, 58, 412, 302, 65]","[1378, 931, 1489, 1343, 1084, 350, 968]",7,7
m3glvq_k0_7_k1_7_eta_004,4,1620,405,0.4968159859464207,0.251207729468599,0.5048543689320388,0.3354838709677419,0.491358024691358,42,"{0: 7, 1: 7}",150,0.04,[0.33333333 0.33333333 0.33333333],True,True,True,1.0,0.0,0.0,"[1225, 384, 623, 1474, 188, 578, 530, 171, 681, 758, 1404, 1557, 1547, 31]","[1225, 384, 623, 1474, 188, 578, 530]","[171, 681, 758, 1404, 1557, 1547, 31]",7,7
m3glvq_k0_7_k1_8_eta_004,0,1620,405,0.567661557985162,0.4855769230769231,0.5941176470588235,0.5343915343915344,0.5654320987654321,42,"{0: 7, 1: 8}",150,0.04,[0.33333333 0.33333333 0.33333333],True,True,True,1.0,0.0,0.0,"[1426, 97, 619, 1035, 436, 1468, 1375, 49, 1566, 147, 852, 1472, 839, 626, 102]","[1426, 97, 619, 1035, 436, 1468, 1375]","[49, 1566, 147, 852, 1472, 839, 626, 102]",7,8
m3glvq_k0_7_k1_8_eta_004,1,1620,405,0.5252098789535338,0.2788461538461538,0.5631067961165048,0.3729903536977492,0.5185185185185185,42,"{0: 7, 1: 8}",150,0.04,[0.33333333 0.33333333 0.33333333],True,True,True,1.0,0.0,0.0,"[1229, 1395, 628, 35, 366, 117, 1494, 570, 148, 145, 442, 984, 724, 394, 1060]","[1229, 1395, 628, 35, 366, 117, 1494]","[570, 148, 145, 442, 984, 724, 394, 1060]",7,8
m3glvq_k0_7_k1_8_eta_004,2,1620,405,0.5211953338539633,0.3317307692307692,0.5476190476190477,0.4131736526946108,0.5160493827160494,42,"{0: 7, 1: 8}",150,0.04,[0.33333333 0.33333333 0.33333333],True,True,True,1.0,0.0,0.0,"[1196, 855, 748, 549, 993, 548, 706, 1442, 268, 139, 605, 136, 448, 1431, 568]","[1196, 855, 748, 549, 993, 548, 706]","[1442, 268, 139, 605, 136, 448, 1431, 568]",7,8
m3glvq_k0_7_k1_8_eta_004,3,1620,405,0.5458937198067633,0.4251207729468599,0.5714285714285714,0.4875346260387811,0.5432098765432098,42,"{0: 7, 1: 8}",150,0.04,[0.33333333 0.33333333 0.33333333],True,True,True,1.0,0.0,0.0,"[1422, 24, 504, 407, 179, 1468, 482, 682, 1554, 194, 165, 1097, 867, 771, 176]","[1422, 24, 504, 407, 179, 1468, 482]","[682, 1554, 194, 165, 1097, 867, 771, 176]",7,8
m3glvq_k0_7_k1_8_eta_004,4,1620,405,0.5398550724637681,0.357487922705314,0.5736434108527132,0.4404761904761905,0.5358024691358024,42,"{0: 7, 1: 8}",150,0.04,[0.33333333 0.33333333 0.33333333],True,True,True,1.0,0.0,0.0,"[384, 499, 1048, 623, 1252, 1474, 1073, 1547, 1557, 31, 207, 1167, 1443, 1025, 631]","[384, 499, 1048, 623, 1252, 1474, 1073]","[1547, 1557, 31, 207, 1167, 1443, 1025, 631]",7,8
m3glvq_k0_7_k1_9_eta_004,0,1620,405,0.5814135103475204,0.5384615384615384,0.6021505376344086,0.5685279187817259,0.5802469135802469,42,"{0: 7, 1: 9}",150,0.04,[0.33333333 0.33333333 0.33333333],True,True,True,1.0,0.0,0.0,"[502, 1348, 598, 526, 754, 114, 419, 147, 394, 1511, 309, 958, 462, 12, 1351, 1076]","[502, 1348, 598, 526, 754, 114, 419]","[147, 394, 1511, 309, 958, 462, 12, 1351, 1076]",7,9
m3glvq_k0_7_k1_9_eta_004,1,1620,405,0.5023672393596251,0.2788461538461538,0.5178571428571429,0.3625,0.4962962962962963,42,"{0: 7, 1: 9}",150,0.04,[0.33333333 0.33333333 0.33333333],True,True,True,1.0,0.0,0.0,"[963, 366, 470, 585, 1342, 117, 474, 1108, 148, 145, 724, 442, 184, 1029, 258, 623]","[963, 366, 470, 585, 1342, 117, 474]","[1108, 148, 145, 724, 442, 184, 1029, 258, 623]",7,9
m3glvq_k0_7_k1_9_eta_004,2,1620,405,0.526271475985943,0.3317307692307692,0.5564516129032258,0.4156626506024096,0.5209876543209877,42,"{0: 7, 1: 9}",150,0.04,[0.33333333 0.33333333 0.33333333],True,True,True,0.0,1.0,0.0,"[511, 400, 1247, 694, 991, 636, 18, 730, 335, 978, 868, 75, 205, 1522, 1380, 1113]","[511, 400, 1247, 694, 991, 636, 18]","[730, 335, 978, 868, 75, 205, 1522, 1380, 1113]",7,9
m3glvq_k0_7_k1_9_eta_004,3,1620,405,0.5708168642951251,0.4396135265700483,0.6066666666666667,0.5098039215686275,0.5679012345679012,42,"{0: 7, 1: 9}",150,0.04,[0.33333333 0.33333333 0.33333333],True,True,True,1.0,0.0,0.0,"[666, 1422, 1241, 1468, 959, 1022, 1492, 1159, 701, 817, 632, 1255, 1008, 1044, 1097, 194]","[666, 1422, 1241, 1468, 959, 1022, 1492]","[1159, 701, 817, 632, 1255, 1008, 1044, 1097, 194]",7,9
m3glvq_k0_7_k1_9_eta_004,4,1620,405,0.5732323232323232,0.4444444444444444,0.609271523178808,0.5139664804469274,0.5703703703703704,42,"{0: 7, 1: 9}",150,0.04,[0.33333333 0.33333333 0.33333333],True,True,True,1.0,0.0,0.0,"[1348, 1044, 921, 501, 617, 860, 1367, 200, 1167, 81, 376, 1097, 311, 92, 1477, 152]","[1348, 1044, 921, 501, 617, 860, 1367]","[200, 1167, 81, 376, 1097, 311, 92, 1477, 152]",7,9
m3glvq_k0_7_k1_10_eta_004,0,1620,405,0.5394865286997267,0.4038461538461538,0.5675675675675675,0.4719101123595505,0.5358024691358024,42,"{0: 7, 1: 10}",150,0.04,[0.33333333 0.33333333 0.33333333],True,True,True,1.0,0.0,0.0,"[726, 657, 1468, 1426, 570, 272, 422, 147, 463, 745, 1330, 668, 1047, 260, 381, 194, 218]","[726, 657, 1468, 1426, 570, 272, 422]","[147, 463, 745, 1330, 668, 1047, 260, 381, 194, 218]",7,10
m3glvq_k0_7_k1_10_eta_004,1,1620,405,0.5365457828973057,0.4182692307692308,0.5612903225806452,0.4793388429752066,0.5333333333333333,42,"{0: 7, 1: 10}",150,0.04,[0.33333333 0.33333333 0.33333333],True,True,True,1.0,0.0,0.0,"[470, 1342, 366, 288, 995, 1055, 585, 887, 1074, 145, 951, 1082, 442, 1029, 1583, 232, 984]","[470, 1342, 366, 288, 995, 1055, 585]","[887, 1074, 145, 951, 1082, 442, 1029, 1583, 232, 984]",7,10
m3glvq_k0_7_k1_10_eta_004,2,1620,405,0.5486992385786802,0.4375,0.5759493670886076,0.4972677595628414,0.5456790123456791,42,"{0: 7, 1: 10}",150,0.04,[0.33333333 0.33333333 0.33333333],True,True,True,1.0,0.0,0.0,"[1471, 1503, 1196, 23, 1005, 400, 1328, 156, 730, 664, 353, 881, 1075, 1442, 962, 978, 448]","[1471, 1503, 1196, 23, 1005, 400, 1328]","[156, 730, 664, 353, 881, 1075, 1442, 962, 978, 448]",7,10
m3glvq_k0_7_k1_10_eta_004,3,1620,405,0.5183355292050944,0.6376811594202898,0.5258964143426295,0.5764192139737991,0.5209876543209877,42,"{0: 7, 1: 10}",150,0.04,[0.33333333 0.33333333 0.33333333],True,True,True,0.0,1.0,0.0,"[964, 340, 155, 992, 736, 1020, 1211, 1044, 194, 998, 50, 350, 939, 832, 25, 1084, 1366]","[964, 340, 155, 992, 736, 1020, 1211]","[1044, 194, 998, 50, 350, 939, 832, 25, 1084, 1366]",7,10
m3glvq_k0_7_k1_10_eta_004,4,1620,405,0.5749890206411945,0.4782608695652174,0.6036585365853658,0.5336927223719676,0.5728395061728395,42,"{0: 7, 1: 10}",150,0.04,[0.33333333 0.33333333 0.33333333],True,True,True,1.0,0.0,0.0,"[1073, 1252, 384, 259, 1325, 1278, 754, 758, 1194, 1368, 151, 152, 1175, 349, 1121, 681, 692]","[1073, 1252, 384, 259, 1325, 1278, 754]","[758, 1194, 1368, 151, 152, 1175, 349, 1121, 681, 692]",7,10
m3glvq_k0_8_k1_3_eta_004,0,1620,405,0.5266863529871144,0.2259615384615384,0.5802469135802469,0.3252595155709343,0.5185185185185185,42,"{0: 8, 1: 3}",150,0.04,[0.33333333 0.33333333 0.33333333],True,True,True,1.0,0.0,0.0,"[386, 511, 906, 502, 570, 422, 598, 1385, 1076, 627, 164]","[386, 511, 906, 502, 570, 422, 598, 1385]","[1076, 627, 164]",8,3
m3glvq_k0_8_k1_3_eta_004,1,1620,405,0.5887836782506833,0.3653846153846153,0.672566371681416,0.4735202492211838,0.582716049382716,42,"{0: 8, 1: 3}",150,0.04,[0.33333333 0.33333333 0.33333333],True,True,True,1.0,0.0,0.0,"[1008, 1374, 880, 1257, 1006, 85, 1016, 651, 148, 1216, 1442]","[1008, 1374, 880, 1257, 1006, 85, 1016, 651]","[148, 1216, 1442]",8,3
m3glvq_k0_8_k1_3_eta_004,2,1620,405,0.556032799687622,0.5384615384615384,0.5714285714285714,0.5544554455445544,0.5555555555555556,42,"{0: 8, 1: 3}",150,0.04,[0.33333333 0.33333333 0.33333333],True,True,True,0.0,0.9920235011871896,0.0079764988128102,"[273, 115, 1507, 64, 1503, 451, 215, 18, 353, 75, 1398]","[273, 115, 1507, 64, 1503, 451, 215, 18]","[353, 75, 1398]",8,3
m3glvq_k0_8_k1_3_eta_004,3,1620,405,0.5932147562582346,0.4541062801932367,0.6394557823129252,0.5310734463276836,0.5901234567901235,42,"{0: 8, 1: 3}",150,0.04,[0.33333333 0.33333333 0.33333333],True,True,True,1.0,0.0,0.0,"[85, 504, 1381, 437, 564, 1468, 179, 737, 856, 1082, 468]","[85, 504, 1381, 437, 564, 1468, 179, 737]","[856, 1082, 468]",8,3
m3glvq_k0_8_k1_3_eta_004,4,1620,405,0.5186649099692577,0.178743961352657,0.5692307692307692,0.2720588235294117,0.5111111111111111,42,"{0: 8, 1: 3}",150,0.04,[0.33333333 0.33333333 0.33333333],True,True,True,1.0,0.0,0.0,"[14, 921, 418, 623, 1474, 499, 408, 559, 207, 818, 1121]","[14, 921, 418, 623, 1474, 499, 408, 559]","[207, 818, 1121]",8,3
m3glvq_k0_8_k1_4_eta_004,0,1620,405,0.5384371339320578,0.2596153846153846,0.6,0.3624161073825503,0.5308641975308642,42,"{0: 8, 1: 4}",150,0.04,[0.33333333 0.33333333 0.33333333],True,True,True,1.0,0.0,0.0,"[502, 436, 1135, 1385, 1084, 494, 560, 419, 1076, 473, 309, 855]","[502, 436, 1135, 1385, 1084, 494, 560, 419]","[1076, 473, 309, 855]",8,4
m3glvq_k0_8_k1_4_eta_004,1,1620,405,0.5688817844591956,0.3509615384615384,0.6347826086956522,0.4520123839009288,0.562962962962963,42,"{0: 8, 1: 4}",150,0.04,[0.33333333 0.33333333 0.33333333],True,True,True,1.0,0.0,0.0,"[498, 133, 651, 1200, 98, 85, 476, 366, 1431, 429, 449, 1442]","[498, 133, 651, 1200, 98, 85, 476, 366]","[1431, 429, 449, 1442]",8,4
m3glvq_k0_8_k1_4_eta_004,2,1620,405,0.5607062670831706,0.5528846153846154,0.575,0.5637254901960784,0.5604938271604938,42,"{0: 8, 1: 4}",150,0.04,[0.33333333 0.33333333 0.33333333],True,True,True,0.0085231119875721,0.9914768880124278,0.0,"[1521, 64, 215, 23, 1357, 325, 1503, 1247, 335, 1514, 282, 1374]","[1521, 64, 215, 23, 1357, 325, 1503, 1247]","[335, 1514, 282, 1374]",8,4
m3glvq_k0_8_k1_4_eta_004,3,1620,405,0.5546772068511199,0.3719806763285024,0.5968992248062015,0.4583333333333333,0.5506172839506173,42,"{0: 8, 1: 4}",150,0.04,[0.33333333 0.33333333 0.33333333],True,True,True,1.0,0.0,0.0,"[959, 1022, 302, 206, 997, 1492, 1241, 482, 1444, 682, 840, 194]","[959, 1022, 302, 206, 997, 1492, 1241, 482]","[1444, 682, 840, 194]",8,4
m3glvq_k0_8_k1_4_eta_004,4,1620,405,0.5486385595081247,0.3043478260869565,0.6057692307692307,0.405144694533762,0.5432098765432098,42,"{0: 8, 1: 4}",150,0.04,[0.33333333 0.33333333 0.33333333],True,True,True,1.0,0.0,0.0,"[104, 1474, 1278, 1225, 1090, 501, 921, 623, 200, 1025, 1272, 1092]","[104, 1474, 1278, 1225, 1090, 501, 921, 623]","[200, 1025, 1272, 1092]",8,4
m3glvq_k0_8_k1_5_eta_004,0,1620,405,0.5250756540413901,0.2836538461538461,0.5619047619047619,0.376996805111821,0.5185185185185185,42,"{0: 8, 1: 5}",150,0.04,[0.33333333 0.33333333 0.33333333],True,True,True,1.0,0.0,0.0,"[1499, 657, 1352, 887, 986, 818, 1426, 574, 418, 668, 164, 1076, 194]","[1499, 657, 1352, 887, 986, 818, 1426, 574]","[418, 668, 164, 1076, 194]",8,5
m3glvq_k0_8_k1_5_eta_004,1,1620,405,0.5731525771183131,0.3798076923076923,0.632,0.4744744744744745,0.5679012345679012,42,"{0: 8, 1: 5}",150,0.04,[0.33333333 0.33333333 0.33333333],True,True,True,1.0,0.0,0.0,"[110, 1580, 1006, 651, 474, 85, 1008, 1077, 148, 1562, 1048, 1078, 1349]","[110, 1580, 1006, 651, 474, 85, 1008, 1077]","[148, 1562, 1048, 1078, 1349]",8,5
m3glvq_k0_8_k1_5_eta_004,2,1620,405,0.5684303006638032,0.7307692307692307,0.5650557620817844,0.6373165618448636,0.5728395061728395,42,"{0: 8, 1: 5}",150,0.04,[0.33333333 0.33333333 0.33333333],True,True,True,0.0133333333333269,0.0133333333333269,0.9733333333333462,"[187, 202, 1503, 520, 1476, 1221, 6, 1242, 15, 527, 1431, 19, 258]","[187, 202, 1503, 520, 1476, 1221, 6, 1242]","[15, 527, 1431, 19, 258]",8,5
m3glvq_k0_8_k1_5_eta_004,3,1620,405,0.5110891523935002,0.178743961352657,0.5441176470588235,0.269090909090909,0.5037037037037037,42,"{0: 8, 1: 5}",150,0.04,[0.33333333 0.33333333 0.33333333],True,True,True,1.0,0.0,0.0,"[666, 1142, 1033, 504, 1241, 412, 1059, 997, 194, 165, 1444, 771, 313]","[666, 1142, 1033, 504, 1241, 412, 1059, 997]","[194, 165, 1444, 771, 313]",8,5
m3glvq_k0_8_k1_5_eta_004,4,1620,405,0.5584101888449715,0.3188405797101449,0.6226415094339622,0.4217252396166134,0.5530864197530864,42,"{0: 8, 1: 5}",150,0.04,[0.33333333 0.33333333 0.33333333],True,True,True,1.0,0.0,0.0,"[384, 1073, 617, 1474, 416, 216, 921, 102, 207, 71, 171, 1092, 766]","[384, 1073, 617, 1474, 416, 216, 921, 102]","[207, 71, 171, 1092, 766]",8,5
m3glvq_k0_8_k1_6_eta_004,0,1620,405,0.5459049199531433,0.3557692307692308,0.5873015873015873,0.4431137724550898,0.5407407407407407,42,"{0: 8, 1: 6}",150,0.04,[0.33333333 0.33333333 0.33333333],True,True,True,1.0,0.0,0.0,"[502, 1134, 181, 1385, 754, 1468, 1426, 1414, 1076, 463, 462, 1039, 61, 178]","[502, 1134, 181, 1385, 754, 1468, 1426, 1414]","[1076, 463, 462, 1039, 61, 178]",8,6
m3glvq_k0_8_k1_6_eta_004,1,1620,405,0.5664779383053495,0.3461538461538461,0.631578947368421,0.4472049689440993,0.5604938271604938,42,"{0: 8, 1: 6}",150,0.04,[0.33333333 0.33333333 0.33333333],True,True,True,1.0,0.0,0.0,"[651, 1016, 1374, 1334, 880, 366, 98, 511, 148, 441, 442, 184, 1019, 1442]","[651, 1016, 1374, 1334, 880, 366, 98, 511]","[148, 441, 442, 184, 1019, 1442]",8,6
m3glvq_k0_8_k1_6_eta_004,2,1620,405,0.5442698164779383,0.5961538461538461,0.5535714285714286,0.5740740740740741,0.5456790123456791,42,"{0: 8, 1: 6}",150,0.04,[0.33333333 0.33333333 0.33333333],True,True,True,0.0,0.0,1.0,"[23, 322, 6, 491, 202, 187, 980, 899, 128, 826, 1600, 21, 1487, 1082]","[23, 322, 6, 491, 202, 187, 980, 899]","[128, 826, 1600, 21, 1487, 1082]",8,6
m3glvq_k0_8_k1_6_eta_004,3,1620,405,0.4926438296003513,0.2125603864734299,0.4943820224719101,0.2972972972972973,0.4864197530864197,42,"{0: 8, 1: 6}",150,0.04,[0.33333333 0.33333333 0.33333333],True,True,True,0.0,1.0,0.0,"[666, 20, 1536, 1241, 396, 412, 537, 179, 194, 1560, 165, 771, 350, 150]","[666, 20, 1536, 1241, 396, 412, 537, 179]","[194, 1560, 165, 771, 350, 150]",8,6
m3glvq_k0_8_k1_6_eta_004,4,1620,405,0.562362758014932,0.4782608695652174,0.5857988165680473,0.5265957446808511,0.5604938271604938,42,"{0: 8, 1: 6}",150,0.04,[0.33333333 0.33333333 0.33333333],True,True,True,1.0,0.0,0.0,"[584, 104, 921, 384, 623, 1112, 1474, 749, 1240, 1167, 1025, 171, 1097, 207]","[584, 104, 921, 384, 623, 1112, 1474, 749]","[1240, 1167, 1025, 171, 1097, 207]",8,6
m3glvq_k0_8_k1_7_eta_004,0,1620,405,0.5443064232721593,0.3221153846153846,0.5929203539823009,0.4174454828660436,0.5382716049382716,42,"{0: 8, 1: 7}",150,0.04,[0.33333333 0.33333333 0.33333333],True,True,True,1.0,0.0,0.0,"[1035, 97, 754, 1468, 619, 1333, 906, 522, 700, 462, 1398, 473, 1146, 12, 1076]","[1035, 97, 754, 1468, 619, 1333, 906, 522]","[700, 462, 1398, 473, 1146, 12, 1076]",8,7
m3glvq_k0_8_k1_7_eta_004,1,1620,405,0.4897989066770792,0.3653846153846153,0.5,0.4222222222222221,0.4864197530864197,42,"{0: 8, 1: 7}",150,0.04,[0.33333333 0.33333333 0.33333333],True,True,True,1.0,0.0,0.0,"[474, 651, 628, 272, 110, 489, 543, 1200, 442, 984, 1029, 184, 201, 148, 429]","[474, 651, 628, 272, 110, 489, 543, 1200]","[442, 984, 1029, 184, 201, 148, 429]",8,7
m3glvq_k0_8_k1_7_eta_004,2,1620,405,0.5612553689964858,0.4423076923076923,0.5935483870967742,0.5068870523415977,0.5580246913580247,42,"{0: 8, 1: 7}",150,0.04,[0.33333333 0.33333333 0.33333333],True,True,True,1.0,0.0,0.0,"[1462, 1493, 1378, 1005, 1001, 400, 855, 636, 448, 26, 962, 604, 1431, 609, 723]","[1462, 1493, 1378, 1005, 1001, 400, 855, 636]","[448, 26, 962, 604, 1431, 609, 723]",8,7
m3glvq_k0_8_k1_7_eta_004,3,1620,405,0.5611550285463329,0.3091787439613526,0.6336633663366337,0.4155844155844156,0.5555555555555556,42,"{0: 8, 1: 7}",150,0.04,[0.33333333 0.33333333 0.33333333],True,True,True,1.0,0.0,0.0,"[1468, 504, 110, 439, 581, 206, 959, 1422, 143, 1003, 1262, 763, 177, 1138, 1008]","[1468, 504, 110, 439, 581, 206, 959, 1422]","[143, 1003, 1262, 763, 177, 1138, 1008]",8,7
m3glvq_k0_8_k1_7_eta_004,4,1620,405,0.5703776899429074,0.3478260869565217,0.6371681415929203,0.45,0.5654320987654321,42,"{0: 8, 1: 7}",150,0.04,[0.33333333 0.33333333 0.33333333],True,True,True,1.0,0.0,0.0,"[1474, 104, 501, 584, 921, 623, 617, 1278, 1479, 1167, 1025, 1040, 1092, 1404, 758]","[1474, 104, 501, 584, 921, 623, 617, 1278]","[1479, 1167, 1025, 1040, 1092, 1404, 758]",8,7
m3glvq_k0_8_k1_8_eta_004,0,1620,405,0.5647208121827412,0.5,0.5875706214689266,0.5402597402597403,0.562962962962963,42,"{0: 8, 1: 8}",150,0.04,[0.33333333 0.33333333 0.33333333],True,True,True,0.9922912526886616,0.0077087473113384,0.0,"[97, 1035, 1426, 754, 1515, 887, 570, 657, 421, 504, 839, 1078, 1039, 1511, 473, 976]","[97, 1035, 1426, 754, 1515, 887, 570, 657]","[421, 504, 839, 1078, 1039, 1511, 473, 976]",8,8
m3glvq_k0_8_k1_8_eta_004,1,1620,405,0.5391082584927762,0.235576923076923,0.6125,0.3402777777777777,0.5308641975308642,42,"{0: 8, 1: 8}",150,0.04,[0.33333333 0.33333333 0.33333333],True,True,True,1.0,0.0,0.0,"[870, 1494, 628, 543, 541, 1257, 470, 739, 725, 148, 1022, 724, 1583, 1029, 238, 52]","[870, 1494, 628, 543, 541, 1257, 470, 739]","[725, 148, 1022, 724, 1583, 1029, 238, 52]",8,8
m3glvq_k0_8_k1_8_eta_004,2,1620,405,0.5376195821944553,0.3798076923076923,0.5683453237410072,0.4553314121037464,0.5333333333333333,42,"{0: 8, 1: 8}",150,0.04,[0.33333333 0.33333333 0.33333333],True,True,True,1.0,0.0,0.0,"[1471, 636, 204, 694, 1005, 511, 400, 132, 448, 531, 139, 380, 1063, 723, 1067, 268]","[1471, 636, 204, 694, 1005, 511, 400, 132]","[448, 531, 139, 380, 1063, 723, 1067, 268]",8,8
m3glvq_k0_8_k1_8_eta_004,3,1620,405,0.5303030303030303,0.6666666666666666,0.5348837209302325,0.5935483870967742,0.5333333333333333,42,"{0: 8, 1: 8}",150,0.04,[0.33333333 0.33333333 0.33333333],True,True,True,0.0,0.3955617398541157,0.6044382601458842,"[1415, 515, 24, 689, 794, 502, 335, 352, 536, 1023, 1403, 593, 1093, 847, 1246, 699]","[1415, 515, 24, 689, 794, 502, 335, 352]","[536, 1023, 1403, 593, 1093, 847, 1246, 699]",8,8
m3glvq_k0_8_k1_8_eta_004,4,1620,405,0.5649978041282389,0.3623188405797101,0.6198347107438017,0.4573170731707318,0.5604938271604938,42,"{0: 8, 1: 8}",150,0.04,[0.33333333 0.33333333 0.33333333],True,True,True,1.0,0.0,0.0,"[809, 617, 384, 623, 1073, 584, 571, 202, 1364, 33, 997, 1342, 151, 698, 1270, 631]","[809, 617, 384, 623, 1073, 584, 571, 202]","[1364, 33, 997, 1342, 151, 698, 1270, 631]",8,8
m3glvq_k0_8_k1_9_eta_004,0,1620,405,0.5256003514252245,0.3557692307692308,0.5522388059701493,0.4327485380116959,0.5209876543209877,42,"{0: 8, 1: 9}",150,0.04,[0.33333333 0.33333333 0.33333333],True,True,True,1.0,0.0,0.0,"[386, 1055, 1537, 570, 1200, 771, 1348, 42, 29, 668, 976, 1112, 1087, 1139, 604, 1083, 463]","[386, 1055, 1537, 570, 1200, 771, 1348, 42]","[29, 668, 976, 1112, 1087, 1139, 604, 1083, 463]",8,9
m3glvq_k0_8_k1_9_eta_004,1,1620,405,0.5270890277235455,0.2115384615384615,0.5866666666666667,0.3109540636042402,0.5185185185185185,42,"{0: 8, 1: 9}",150,0.04,[0.33333333 0.33333333 0.33333333],True,True,True,1.0,0.0,0.0,"[111, 628, 1494, 1200, 741, 388, 651, 620, 148, 521, 623, 821, 359, 1029, 47, 468, 1084]","[111, 628, 1494, 1200, 741, 388, 651, 620]","[148, 521, 623, 821, 359, 1029, 47, 468, 1084]",8,9
m3glvq_k0_8_k1_9_eta_004,2,1620,405,0.5713832487309645,0.625,0.5777777777777777,0.6004618937644342,0.5728395061728395,42,"{0: 8, 1: 9}",150,0.04,[0.33333333 0.33333333 0.33333333],True,True,True,0.0,1.0,0.0,"[1503, 694, 91, 451, 1357, 325, 838, 150, 282, 205, 787, 1023, 367, 683, 1374, 1059, 1113]","[1503, 694, 91, 451, 1357, 325, 838, 150]","[282, 205, 787, 1023, 367, 683, 1374, 1059, 1113]",8,9
m3glvq_k0_8_k1_9_eta_004,3,1620,405,0.5713658322353975,0.4154589371980676,0.6142857142857143,0.4956772334293948,0.5679012345679012,42,"{0: 8, 1: 9}",150,0.04,[0.33333333 0.33333333 0.33333333],True,True,True,1.0,0.0,0.0,"[1492, 63, 1468, 1241, 1059, 1422, 179, 666, 400, 927, 682, 701, 499, 633, 50, 763, 1099]","[1492, 63, 1468, 1241, 1059, 1422, 179, 666]","[400, 927, 682, 701, 499, 633, 50, 763, 1099]",8,9
m3glvq_k0_8_k1_9_eta_004,4,1620,405,0.5214097496706193,0.391304347826087,0.54,0.453781512605042,0.5185185185185185,42,"{0: 8, 1: 9}",150,0.04,[0.33333333 0.33333333 0.33333333],True,True,True,1.0,0.0,0.0,"[623, 1044, 124, 384, 14, 749, 1539, 809, 388, 1368, 1092, 848, 1323, 1364, 151, 1547, 758]","[623, 1044, 124, 384, 14, 749, 1539, 809]","[388, 1368, 1092, 848, 1323, 1364, 151, 1547, 758]",8,9
m3glvq_k0_8_k1_10_eta_004,0,1620,405,0.5664657360406091,0.4375,0.6026490066225165,0.5069637883008357,0.562962962962963,42,"{0: 8, 1: 10}",150,0.04,[0.33333333 0.33333333 0.33333333],True,True,True,1.0,0.0,0.0,"[123, 97, 739, 1468, 386, 615, 1385, 1035, 1309, 228, 218, 194, 105, 1047, 745, 469, 1357, 1565]","[123, 97, 739, 1468, 386, 615, 1385, 1035]","[1309, 228, 218, 194, 105, 1047, 745, 469, 1357, 1565]",8,10
m3glvq_k0_8_k1_10_eta_004,1,1620,405,0.5273452752830925,0.2932692307692308,0.5648148148148148,0.3860759493670886,0.5209876543209877,42,"{0: 8, 1: 10}",150,0.04,[0.33333333 0.33333333 0.33333333],True,True,True,1.0,0.0,0.0,"[741, 1200, 543, 1494, 628, 117, 1395, 970, 1433, 28, 145, 848, 1313, 148, 1029, 664, 724, 1466]","[741, 1200, 543, 1494, 628, 117, 1395, 970]","[1433, 28, 145, 848, 1313, 148, 1029, 664, 724, 1466]",8,10
m3glvq_k0_8_k1_10_eta_004,2,1620,405,0.5584610503709488,0.3605769230769231,0.6097560975609756,0.4531722054380664,0.5530864197530864,42,"{0: 8, 1: 10}",150,0.04,[0.33333333 0.33333333 0.33333333],True,True,True,1.0,0.0,0.0,"[479, 105, 1229, 1328, 548, 1471, 549, 636, 723, 962, 316, 664, 730, 780, 1455, 353, 978, 417]","[479, 105, 1229, 1328, 548, 1471, 549, 636]","[723, 962, 316, 664, 730, 780, 1455, 353, 978, 417]",8,10
m3glvq_k0_8_k1_10_eta_004,3,1620,405,0.5122968818620992,0.4589371980676328,0.5248618784530387,0.4896907216494845,0.5111111111111111,42,"{0: 8, 1: 10}",150,0.04,[0.33333333 0.33333333 0.33333333],True,True,True,1.0,0.0,0.0,"[1422, 110, 1059, 666, 139, 1483, 1025, 957, 682, 701, 50, 1097, 632, 194, 998, 771, 927, 1560]","[1422, 110, 1059, 666, 139, 1483, 1025, 957]","[682, 701, 50, 1097, 632, 194, 998, 771, 927, 1560]",8,10
m3glvq_k0_8_k1_10_eta_004,4,1620,405,0.5711462450592886,0.4251207729468599,0.6111111111111112,0.5014245014245015,0.5679012345679012,42,"{0: 8, 1: 10}",150,0.04,[0.33333333 0.33333333 0.33333333],True,True,True,1.0,0.0,0.0,"[1252, 1474, 501, 1597, 384, 921, 623, 418, 550, 1102, 929, 864, 151, 1188, 1587, 681, 478, 757]","[1252, 1474, 501, 1597, 384, 921, 623, 418]","[550, 1102, 929, 864, 151, 1188, 1587, 681, 478, 757]",8,10
m3glvq_k0_9_k1_3_eta_004,0,1620,405,0.5141302225693088,0.2211538461538461,0.5476190476190477,0.3150684931506849,0.5061728395061729,42,"{0: 9, 1: 3}",150,0.04,[0.33333333 0.33333333 0.33333333],True,True,True,1.0,0.0,0.0,"[739, 570, 1333, 1055, 1426, 97, 657, 1348, 205, 194, 1078, 806]","[739, 570, 1333, 1055, 1426, 97, 657, 1348, 205]","[194, 1078, 806]",9,3
m3glvq_k0_9_k1_3_eta_004,1,1620,405,0.5895646231940648,0.5192307692307693,0.6171428571428571,0.5639686684073107,0.5876543209876544,42,"{0: 9, 1: 3}",150,0.04,[0.33333333 0.33333333 0.33333333],True,True,True,0.9174113198869708,0.071324326937533,0.0112643531754963,"[1057, 698, 880, 85, 1604, 870, 1006, 98, 1324, 1216, 439, 1583]","[1057, 698, 880, 85, 1604, 870, 1006, 98, 1324]","[1216, 439, 1583]",9,3
m3glvq_k0_9_k1_3_eta_004,2,1620,405,0.5524331315892229,0.4855769230769231,0.5738636363636364,0.5260416666666666,0.5506172839506173,42,"{0: 9, 1: 3}",150,0.04,[0.33333333 0.33333333 0.33333333],True,True,True,0.0,1.0,0.0,"[338, 1280, 694, 838, 150, 1533, 208, 1503, 91, 868, 1522, 894]","[338, 1280, 694, 838, 150, 1533, 208, 1503, 91]","[868, 1522, 894]",9,3
m3glvq_k0_9_k1_3_eta_004,3,1620,405,0.5365612648221344,0.6135265700483091,0.5427350427350427,0.5759637188208616,0.5382716049382716,42,"{0: 9, 1: 3}",150,0.04,[0.33333333 0.33333333 0.33333333],True,True,True,0.024796470179031,0.3141201842949703,0.6610833455259987,"[964, 504, 957, 251, 158, 352, 1368, 220, 474, 1254, 1246, 211]","[964, 504, 957, 251, 158, 352, 1368, 220, 474]","[1254, 1246, 211]",9,3
m3glvq_k0_9_k1_3_eta_004,4,1620,405,0.521848924022837,0.1497584541062802,0.5961538461538461,0.2393822393822393,0.5135802469135803,42,"{0: 9, 1: 3}",150,0.04,[0.33333333 0.33333333 0.33333333],True,True,True,1.0,0.0,0.0,"[1225, 728, 384, 775, 901, 578, 734, 530, 105, 759, 818, 207]","[1225, 728, 384, 775, 901, 578, 734, 530, 105]","[759, 818, 207]",9,3
m3glvq_k0_9_k1_4_eta_004,0,1620,405,0.5027821163607966,0.173076923076923,0.5217391304347826,0.259927797833935,0.4938271604938271,42,"{0: 9, 1: 4}",150,0.04,[0.33333333 0.33333333 0.33333333],True,True,True,1.0,0.0,0.0,"[1200, 739, 189, 657, 422, 1348, 570, 1537, 1426, 194, 837, 668, 1447]","[1200, 739, 189, 657, 422, 1348, 570, 1537, 1426]","[194, 837, 668, 1447]",9,4
m3glvq_k0_9_k1_4_eta_004,1,1620,405,0.5246851815696993,0.2067307692307692,0.581081081081081,0.3049645390070921,0.5160493827160494,42,"{0: 9, 1: 4}",150,0.04,[0.33333333 0.33333333 0.33333333],True,True,True,1.0,0.0,0.0,"[98, 1200, 628, 398, 210, 545, 543, 961, 970, 1431, 1442, 429, 201]","[98, 1200, 628, 398, 210, 545, 543, 961, 970]","[1431, 1442, 429, 201]",9,4
m3glvq_k0_9_k1_4_eta_004,2,1620,405,0.5531408629441624,0.1875,0.7090909090909091,0.2965779467680609,0.5432098765432098,42,"{0: 9, 1: 4}",150,0.04,[0.33333333 0.33333333 0.33333333],True,True,True,1.0,0.0,0.0,"[1355, 794, 1541, 855, 1229, 1005, 400, 459, 1122, 962, 1431, 304, 1057]","[1355, 794, 1541, 855, 1229, 1005, 400, 459, 1122]","[962, 1431, 304, 1057]",9,4
m3glvq_k0_9_k1_4_eta_004,3,1620,405,0.5232762406675451,0.1980676328502415,0.5774647887323944,0.2949640287769784,0.5160493827160494,42,"{0: 9, 1: 4}",150,0.04,[0.33333333 0.33333333 0.33333333],True,True,True,1.0,0.0,0.0,"[561, 1059, 619, 1536, 1490, 980, 412, 997, 717, 1444, 856, 194, 840]","[561, 1059, 619, 1536, 1490, 980, 412, 997, 717]","[1444, 856, 194, 840]",9,4
m3glvq_k0_9_k1_4_eta_004,4,1620,405,0.556873078612209,0.2753623188405797,0.6404494382022472,0.3851351351351351,0.5506172839506173,42,"{0: 9, 1: 4}",150,0.04,[0.33333333 0.33333333 0.33333333],True,True,True,1.0,0.0,0.0,"[775, 578, 1434, 1225, 1474, 1073, 1112, 116, 1597, 1443, 207, 631, 681]","[775, 578, 1434, 1225, 1474, 1073, 1112, 116, 1597]","[1443, 207, 631, 681]",9,4
m3glvq_k0_9_k1_5_eta_004,0,1620,405,0.51344689574385,0.3365384615384615,0.5343511450381679,0.4129793510324484,0.508641975308642,42,"{0: 9, 1: 5}",150,0.04,[0.33333333 0.33333333 0.33333333],True,True,True,1.0,0.0,0.0,"[1311, 1055, 494, 657, 254, 1200, 739, 1426, 1257, 164, 194, 1076, 668, 418]","[1311, 1055, 494, 657, 254, 1200, 739, 1426, 1257]","[164, 194, 1076, 668, 418]",9,5
m3glvq_k0_9_k1_5_eta_004,1,1620,405,0.5240140570089808,0.2307692307692307,0.5714285714285714,0.3287671232876712,0.5160493827160494,42,"{0: 9, 1: 5}",150,0.04,[0.33333333 0.33333333 0.33333333],True,True,True,1.0,0.0,0.0,"[543, 1374, 476, 1200, 164, 855, 111, 511, 13, 201, 734, 1019, 148, 1442]","[543, 1374, 476, 1200, 164, 855, 111, 511, 13]","[201, 734, 1019, 148, 1442]",9,5
m3glvq_k0_9_k1_5_eta_004,2,1620,405,0.5585952752830925,0.3557692307692308,0.6115702479338843,0.4498480243161094,0.5530864197530864,42,"{0: 9, 1: 5}",150,0.04,[0.33333333 0.33333333 0.33333333],True,True,True,1.0,0.0,0.0,"[1471, 549, 835, 153, 110, 993, 591, 573, 588, 821, 158, 1565, 13, 604]","[1471, 549, 835, 153, 110, 993, 591, 573, 588]","[821, 158, 1565, 13, 604]",9,5
m3glvq_k0_9_k1_5_eta_004,3,1620,405,0.5152613087395697,0.217391304347826,0.5487804878048781,0.3114186851211072,0.508641975308642,42,"{0: 9, 1: 5}",150,0.04,[0.33333333 0.33333333 0.33333333],True,True,True,1.0,0.0,0.0,"[412, 959, 561, 1381, 1288, 666, 1468, 581, 1037, 1082, 194, 856, 771, 394]","[412, 959, 561, 1381, 1288, 666, 1468, 581, 1037]","[1082, 194, 856, 771, 394]",9,5
m3glvq_k0_9_k1_5_eta_004,4,1620,405,0.5641194554238033,0.2898550724637681,0.6521739130434783,0.4013377926421405,0.5580246913580247,42,"{0: 9, 1: 5}",150,0.04,[0.33333333 0.33333333 0.33333333],True,True,True,1.0,0.0,0.0,"[1252, 775, 734, 384, 1157, 1073, 901, 786, 1406, 171, 766, 207, 1097, 681]","[1252, 775, 734, 384, 1157, 1073, 901, 786, 1406]","[171, 766, 207, 1097, 681]",9,5
m3glvq_k0_9_k1_6_eta_004,0,1620,405,0.5175834634908238,0.3701923076923077,0.5384615384615384,0.4387464387464387,0.5135802469135803,42,"{0: 9, 1: 6}",150,0.04,[0.33333333 0.33333333 0.33333333],True,True,True,1.0,0.0,0.0,"[1426, 254, 1385, 1300, 97, 1035, 598, 754, 501, 1423, 381, 1078, 469, 1287, 309]","[1426, 254, 1385, 1300, 97, 1035, 598, 754, 501]","[1423, 381, 1078, 469, 1287, 309]",9,6
m3glvq_k0_9_k1_6_eta_004,1,1620,405,0.5298955486138227,0.2019230769230769,0.6,0.302158273381295,0.5209876543209877,42,"{0: 9, 1: 6}",150,0.04,[0.33333333 0.33333333 0.33333333],True,True,True,1.0,0.0,0.0,"[870, 366, 541, 453, 1494, 1200, 198, 25, 272, 1433, 1442, 984, 201, 724, 1202]","[870, 366, 541, 453, 1494, 1200, 198, 25, 272]","[1433, 1442, 984, 201, 724, 1202]",9,6
m3glvq_k0_9_k1_6_eta_004,2,1620,405,0.5632809449433815,0.2788461538461538,0.6590909090909091,0.3918918918918919,0.5555555555555556,42,"{0: 9, 1: 6}",150,0.04,[0.33333333 0.33333333 0.33333333],True,True,True,1.0,0.0,0.0,"[105, 23, 636, 476, 549, 548, 966, 1328, 1011, 604, 978, 448, 368, 1392, 962]","[105, 23, 636, 476, 549, 548, 966, 1328, 1011]","[604, 978, 448, 368, 1392, 962]",9,6
m3glvq_k0_9_k1_6_eta_004,3,1620,405,0.5375494071146245,0.2367149758454106,0.6049382716049383,0.3402777777777778,0.5308641975308642,42,"{0: 9, 1: 6}",150,0.04,[0.33333333 0.33333333 0.33333333],True,True,True,1.0,0.0,0.0,"[561, 1241, 1536, 1079, 1468, 666, 1059, 985, 412, 682, 1003, 763, 1087, 771, 633]","[561, 1241, 1536, 1079, 1468, 666, 1059, 985, 412]","[682, 1003, 763, 1087, 771, 633]",9,6
m3glvq_k0_9_k1_6_eta_004,4,1620,405,0.5377689942907334,0.3381642512077294,0.5737704918032787,0.425531914893617,0.5333333333333333,42,"{0: 9, 1: 6}",150,0.04,[0.33333333 0.33333333 0.33333333],True,True,True,1.0,0.0,0.0,"[1095, 233, 617, 809, 882, 605, 775, 384, 418, 207, 171, 1564, 1169, 681, 766]","[1095, 233, 617, 809, 882, 605, 775, 384, 418]","[207, 171, 1564, 1169, 681, 766]",9,6
m3glvq_k0_9_k1_7_eta_004,0,1620,405,0.565660386567747,0.4663461538461538,0.5950920245398773,0.522911051212938,0.562962962962963,42,"{0: 9, 1: 7}",150,0.04,[0.33333333 0.33333333 0.33333333],True,True,True,1.0,0.0,0.0,"[254, 1035, 754, 1426, 1027, 598, 941, 1333, 97, 626, 553, 1566, 951, 324, 348, 449]","[254, 1035, 754, 1426, 1027, 598, 941, 1333, 97]","[626, 553, 1566, 951, 324, 348, 449]",9,7
m3glvq_k0_9_k1_7_eta_004,1,1620,405,0.5276137251073799,0.2836538461538461,0.5673076923076923,0.3782051282051281,0.5209876543209877,42,"{0: 9, 1: 7}",150,0.04,[0.33333333 0.33333333 0.33333333],True,True,True,1.0,0.0,0.0,"[366, 1345, 1494, 1200, 855, 198, 628, 541, 85, 1431, 1029, 148, 52, 1544, 725, 201]","[366, 1345, 1494, 1200, 855, 198, 628, 541, 85]","[1431, 1029, 148, 52, 1544, 725, 201]",9,7
m3glvq_k0_9_k1_7_eta_004,2,1620,405,0.5716883053494728,0.3413461538461538,0.6454545454545455,0.4465408805031446,0.5654320987654321,42,"{0: 9, 1: 7}",150,0.04,[0.33333333 0.33333333 0.33333333],True,True,True,1.0,0.0,0.0,"[657, 1080, 204, 548, 1471, 1424, 1597, 1121, 993, 978, 780, 1571, 962, 1045, 136, 723]","[657, 1080, 204, 548, 1471, 1424, 1597, 1121, 993]","[978, 780, 1571, 962, 1045, 136, 723]",9,7
m3glvq_k0_9_k1_7_eta_004,3,1620,405,0.5217391304347826,0.2657004830917874,0.5555555555555556,0.3594771241830065,0.5160493827160494,42,"{0: 9, 1: 7}",150,0.04,[0.33333333 0.33333333 0.33333333],True,True,True,1.0,0.0,0.0,"[1079, 1536, 14, 1577, 1468, 412, 1059, 1065, 1033, 1544, 867, 840, 165, 194, 62, 1076]","[1079, 1536, 14, 1577, 1468, 412, 1059, 1065, 1033]","[1544, 867, 840, 165, 194, 62, 1076]",9,7
m3glvq_k0_9_k1_7_eta_004,4,1620,405,0.5343653930610452,0.2657004830917874,0.5851063829787234,0.3654485049833887,0.528395061728395,42,"{0: 9, 1: 7}",150,0.04,[0.33333333 0.33333333 0.33333333],True,True,True,1.0,0.0,0.0,"[1087, 1474, 623, 1252, 1073, 1325, 384, 115, 1597, 1557, 758, 171, 736, 1121, 349, 1564]","[1087, 1474, 623, 1252, 1073, 1325, 384, 115, 1597]","[1557, 758, 171, 736, 1121, 349, 1564]",9,7
m3glvq_k0_9_k1_8_eta_004,0,1620,405,0.5079680788754393,0.3509615384615384,0.5251798561151079,0.4207492795389049,0.5037037037037037,42,"{0: 9, 1: 8}",150,0.04,[0.33333333 0.33333333 0.33333333],True,True,True,1.0,0.0,0.0,"[1426, 254, 1071, 657, 818, 1333, 570, 1537, 1055, 668, 381, 194, 1160, 178, 164, 862, 1447]","[1426, 254, 1071, 657, 818, 1333, 570, 1537, 1055]","[668, 381, 194, 1160, 178, 164, 862, 1447]",9,8
m3glvq_k0_9_k1_8_eta_004,1,1620,405,0.5485894181960171,0.2596153846153846,0.627906976744186,0.3673469387755103,0.5407407407407407,42,"{0: 9, 1: 8}",150,0.04,[0.33333333 0.33333333 0.33333333],True,True,True,1.0,0.0,0.0,"[294, 1276, 1537, 1267, 855, 628, 741, 541, 543, 145, 1022, 148, 184, 1490, 1442, 724, 442]","[294, 1276, 1537, 1267, 855, 628, 741, 541, 543]","[145, 1022, 148, 184, 1490, 1442, 724, 442]",9,8
m3glvq_k0_9_k1_8_eta_004,2,1620,405,0.5481501366653652,0.5480769230769231,0.5615763546798029,0.5547445255474452,0.5481481481481482,42,"{0: 9, 1: 8}",150,0.04,[0.33333333 0.33333333 0.33333333],True,True,True,0.0,1.0,0.0,"[694, 451, 838, 91, 150, 208, 1357, 325, 991, 335, 205, 1059, 1016, 435, 448, 75, 311]","[694, 451, 838, 91, 150, 208, 1357, 325, 991]","[335, 205, 1059, 1016, 435, 448, 75, 311]",9,8
m3glvq_k0_9_k1_8_eta_004,3,1620,405,0.5260210803689065,0.1884057971014492,0.5909090909090909,0.2857142857142857,0.5185185185185185,42,"{0: 9, 1: 8}",150,0.04,[0.33333333 0.33333333 0.33333333],True,True,True,1.0,0.0,0.0,"[1483, 412, 1288, 504, 1033, 959, 1241, 666, 997, 632, 1544, 1262, 1148, 1097, 763, 817, 1008]","[1483, 412, 1288, 504, 1033, 959, 1241, 666, 997]","[632, 1544, 1262, 1148, 1097, 763, 817, 1008]",9,8
m3glvq_k0_9_k1_8_eta_004,4,1620,405,0.5364514712340799,0.2850241545893719,0.5841584158415841,0.383116883116883,0.5308641975308642,42,"{0: 9, 1: 8}",150,0.04,[0.33333333 0.33333333 0.33333333],True,True,True,1.0,0.0,0.0,"[14, 1073, 1013, 1156, 958, 384, 1048, 1112, 578, 76, 550, 1582, 376, 1557, 1025, 151, 207]","[14, 1073, 1013, 1156, 958, 384, 1048, 1112, 578]","[76, 550, 1582, 376, 1557, 1025, 151, 207]",9,8
m3glvq_k0_9_k1_9_eta_004,0,1620,405,0.5265399258102303,0.3221153846153846,0.5583333333333333,0.4085365853658537,0.5209876543209877,42,"{0: 9, 1: 9}",150,0.04,[0.33333333 0.33333333 0.33333333],True,True,True,1.0,0.0,0.0,"[97, 27, 1348, 1135, 386, 1488, 570, 1537, 1055, 1047, 976, 5, 463, 630, 745, 604, 212, 218]","[97, 27, 1348, 1135, 386, 1488, 570, 1537, 1055]","[1047, 976, 5, 463, 630, 745, 604, 212, 218]",9,9
m3glvq_k0_9_k1_9_eta_004,1,1620,405,0.573689476766888,0.3605769230769231,0.6410256410256411,0.4615384615384616,0.5679012345679012,42,"{0: 9, 1: 9}",150,0.04,[0.33333333 0.33333333 0.33333333],True,True,True,1.0,0.0,0.0,"[995, 498, 628, 970, 398, 98, 388, 1200, 915, 145, 184, 623, 724, 925, 1022, 725, 148, 1349]","[995, 498, 628, 970, 398, 98, 388, 1200, 915]","[145, 184, 623, 724, 925, 1022, 725, 148, 1349]",9,9
m3glvq_k0_9_k1_9_eta_004,2,1620,405,0.5352157360406091,0.375,0.5652173913043478,0.4508670520231214,0.5308641975308642,42,"{0: 9, 1: 9}",150,0.04,[0.33333333 0.33333333 0.33333333],True,True,True,1.0,0.0,0.0,"[1243, 545, 1471, 1196, 516, 1011, 548, 459, 1005, 730, 1133, 304, 605, 139, 962, 785, 664, 1565]","[1243, 545, 1471, 1196, 516, 1011, 548, 459, 1005]","[730, 1133, 304, 605, 139, 962, 785, 664, 1565]",9,9
m3glvq_k0_9_k1_9_eta_004,3,1620,405,0.562143170838823,0.2657004830917874,0.6626506024096386,0.3793103448275862,0.5555555555555556,42,"{0: 9, 1: 9}",150,0.04,[0.33333333 0.33333333 0.33333333],True,True,True,1.0,0.0,0.0,"[1468, 60, 522, 871, 980, 412, 1022, 1241, 666, 165, 1003, 1076, 771, 62, 143, 194, 1544, 843]","[1468, 60, 522, 871, 980, 412, 1022, 1241, 666]","[165, 1003, 1076, 771, 62, 143, 194, 1544, 843]",9,9
m3glvq_k0_9_k1_9_eta_004,4,1620,405,0.5527009222661396,0.2367149758454106,0.6533333333333333,0.3475177304964539,0.5456790123456791,42,"{0: 9, 1: 9}",150,0.04,[0.33333333 0.33333333 0.33333333],True,True,True,1.0,0.0,0.0,"[1225, 1013, 786, 578, 1157, 1073, 384, 629, 775, 681, 1364, 362, 1323, 478, 1368, 796, 758, 848]","[1225, 1013, 786, 578, 1157, 1073, 384, 629, 775]","[681, 1364, 362, 1323, 478, 1368, 796, 758, 848]",9,9
m3glvq_k0_9_k1_10_eta_004,0,1620,405,0.5193283873486919,0.3076923076923077,0.5470085470085471,0.3938461538461539,0.5135802469135803,42,"{0: 9, 1: 10}",150,0.04,[0.33333333 0.33333333 0.33333333],True,True,True,1.0,0.0,0.0,"[1055, 1385, 570, 657, 1071, 678, 1537, 771, 1426, 5, 976, 366, 65, 684, 810, 29, 1298, 668, 1301]","[1055, 1385, 570, 657, 1071, 678, 1537, 771, 1426]","[5, 976, 366, 65, 684, 810, 29, 1298, 668, 1301]",9,10
m3glvq_k0_9_k1_10_eta_004,1,1620,405,0.5360210855134713,0.3461538461538461,0.5714285714285714,0.4311377245508982,0.5308641975308642,42,"{0: 9, 1: 10}",150,0.04,[0.33333333 0.33333333 0.33333333],True,True,True,1.0,0.0,0.0,"[870, 474, 961, 1395, 85, 628, 388, 541, 1073, 442, 145, 644, 1377, 968, 521, 526, 28, 1029, 623]","[870, 474, 961, 1395, 85, 628, 388, 541, 1073]","[442, 145, 644, 1377, 968, 521, 526, 28, 1029, 623]",9,10
m3glvq_k0_9_k1_10_eta_004,2,1620,405,0.5357648379539243,0.2644230769230769,0.5913978494623656,0.3654485049833886,0.528395061728395,42,"{0: 9, 1: 10}",150,0.04,[0.33333333 0.33333333 0.33333333],True,True,True,1.0,0.0,0.0,"[1303, 548, 636, 400, 62, 1005, 1541, 1229, 1471, 139, 1337, 1063, 136, 174, 1309, 158, 962, 87, 664]","[1303, 548, 636, 400, 62, 1005, 1541, 1229, 1471]","[139, 1337, 1063, 136, 174, 1309, 158, 962, 87, 664]",9,10
m3glvq_k0_9_k1_10_eta_004,3,1620,405,0.527119016249451,0.251207729468599,0.5714285714285714,0.348993288590604,0.5209876543209877,42,"{0: 9, 1: 10}",150,0.04,[0.33333333 0.33333333 0.33333333],True,True,True,1.0,0.0,0.0,"[1468, 1241, 561, 412, 1484, 1142, 1059, 85, 666, 67, 1554, 420, 771, 817, 1619, 954, 313, 162, 194]","[1468, 1241, 561, 412, 1484, 1142, 1059, 85, 666]","[67, 1554, 420, 771, 817, 1619, 954, 313, 162, 194]",9,10
m3glvq_k0_9_k1_10_eta_004,4,1620,405,0.5076855511638121,0.3285024154589372,0.5230769230769231,0.4035608308605342,0.5037037037037037,42,"{0: 9, 1: 10}",150,0.04,[0.33333333 0.33333333 0.33333333],True,True,True,1.0,0.0,0.0,"[530, 497, 193, 775, 1095, 734, 384, 950, 1474, 1108, 1557, 1063, 1564, 759, 1547, 207, 1395, 550, 681]","[530, 497, 193, 775, 1095, 734, 384, 950, 1474]","[1108, 1557, 1063, 1564, 759, 1547, 207, 1395, 550, 681]",9,10
m3glvq_k0_10_k1_3_eta_004,0,1620,405,0.5089198555251855,0.2259615384615384,0.5340909090909091,0.3175675675675676,0.5012345679012346,42,"{0: 10, 1: 3}",150,0.04,[0.33333333 0.33333333 0.33333333],True,True,True,1.0,0.0,0.0,"[1055, 739, 1537, 494, 1348, 1201, 570, 657, 299, 1426, 1078, 806, 194]","[1055, 739, 1537, 494, 1348, 1201, 570, 657, 299, 1426]","[1078, 806, 194]",10,3
m3glvq_k0_10_k1_3_eta_004,1,1620,405,0.5738237016790316,0.3557692307692308,0.6434782608695652,0.4582043343653251,0.5679012345679012,42,"{0: 10, 1: 3}",150,0.04,[0.33333333 0.33333333 0.33333333],True,True,True,1.0,0.0,0.0,"[1006, 1580, 85, 1057, 42, 476, 1324, 651, 272, 555, 1442, 1216, 148]","[1006, 1580, 85, 1057, 42, 476, 1324, 651, 272, 555]","[1442, 1216, 148]",10,3
m3glvq_k0_10_k1_3_eta_004,2,1620,405,0.5409874072627879,0.1682692307692307,0.6730769230769231,0.2692307692307692,0.5308641975308642,42,"{0: 10, 1: 3}",150,0.04,[0.33333333 0.33333333 0.33333333],True,True,True,1.0,0.0,0.0,"[966, 126, 1229, 636, 436, 1303, 1462, 1328, 400, 702, 380, 1472, 604]","[966, 126, 1229, 636, 436, 1303, 1462, 1328, 400, 702]","[380, 1472, 604]",10,3
m3glvq_k0_10_k1_3_eta_004,3,1620,405,0.5653271848924023,0.2367149758454106,0.7,0.3537906137184115,0.5580246913580247,42,"{0: 10, 1: 3}",150,0.04,[0.33333333 0.33333333 0.33333333],True,True,True,1.0,0.0,0.0,"[646, 1468, 1381, 1422, 1269, 1059, 1288, 1241, 1268, 1033, 466, 1525, 1262]","[646, 1468, 1381, 1422, 1269, 1059, 1288, 1241, 1268, 1033]","[466, 1525, 1262]",10,3
m3glvq_k0_10_k1_3_eta_004,4,1620,405,0.532608695652174,0.2318840579710145,0.5925925925925926,0.3333333333333333,0.5259259259259259,42,"{0: 10, 1: 3}",150,0.04,[0.33333333 0.33333333 0.33333333],True,True,True,0.0,1.0,0.0,"[882, 734, 1451, 220, 408, 164, 66, 334, 1223, 446, 942, 674, 345]","[882, 734, 1451, 220, 408, 164, 66, 334, 1223, 446]","[942, 674, 345]",10,3
m3glvq_k0_10_k1_4_eta_004,0,1620,405,0.5192063647012886,0.2211538461538461,0.5609756097560976,0.3172413793103448,0.5111111111111111,42,"{0: 10, 1: 4}",150,0.04,[0.33333333 0.33333333 0.33333333],True,True,True,1.0,0.0,0.0,"[657, 213, 1505, 386, 570, 1537, 1055, 1071, 1385, 739, 837, 668, 194, 1447]","[657, 213, 1505, 386, 570, 1537, 1055, 1071, 1385, 739]","[837, 668, 194, 1447]",10,4
m3glvq_k0_10_k1_4_eta_004,1,1620,405,0.5456486723935963,0.2740384615384615,0.6129032258064516,0.3787375415282392,0.5382716049382716,42,"{0: 10, 1: 4}",150,0.04,[0.33333333 0.33333333 0.33333333],True,True,True,1.0,0.0,0.0,"[198, 25, 880, 292, 1494, 1204, 870, 996, 541, 479, 644, 1431, 1583, 201]","[198, 25, 880, 292, 1494, 1204, 870, 996, 541, 479]","[644, 1431, 1583, 201]",10,4
m3glvq_k0_10_k1_4_eta_004,2,1620,405,0.5612553689964858,0.4423076923076923,0.5935483870967742,0.5068870523415977,0.5580246913580247,42,"{0: 10, 1: 4}",150,0.04,[0.33333333 0.33333333 0.33333333],True,True,True,1.0,0.0,0.0,"[421, 1328, 479, 1243, 105, 1471, 59, 573, 356, 1216, 404, 1057, 1455, 139]","[421, 1328, 479, 1243, 105, 1471, 59, 573, 356, 1216]","[404, 1057, 1455, 139]",10,4
m3glvq_k0_10_k1_4_eta_004,3,1620,405,0.5030742204655247,0.1980676328502415,0.5189873417721519,0.2867132867132867,0.4962962962962963,42,"{0: 10, 1: 4}",150,0.04,[0.33333333 0.33333333 0.33333333],True,True,True,1.0,0.0,0.0,"[1468, 666, 1269, 1381, 110, 980, 1422, 1241, 1288, 1059, 856, 1564, 194, 840]","[1468, 666, 1269, 1381, 110, 980, 1422, 1241, 1288, 1059]","[856, 1564, 194, 840]",10,4
m3glvq_k0_10_k1_4_eta_004,4,1620,405,0.5383179622310057,0.2028985507246377,0.6268656716417911,0.3065693430656934,0.5308641975308642,42,"{0: 10, 1: 4}",150,0.04,[0.33333333 0.33333333 0.33333333],True,True,True,1.0,0.0,0.0,"[1597, 1073, 1539, 1406, 623, 1013, 384, 609, 1252, 202, 1121, 759, 207, 1443]","[1597, 1073, 1539, 1406, 623, 1013, 384, 609, 1252, 202]","[1121, 759, 207, 1443]",10,4
m3glvq_k0_10_k1_5_eta_004,0,1620,405,0.5154602694260054,0.2644230769230769,0.5445544554455446,0.3559870550161813,0.508641975308642,42,"{0: 10, 1: 5}",150,0.04,[0.33333333 0.33333333 0.33333333],True,True,True,1.0,0.0,0.0,"[739, 95, 1348, 1055, 1311, 1135, 213, 14, 1333, 1426, 418, 164, 668, 194, 1078]","[739, 95, 1348, 1055, 1311, 1135, 213, 14, 1333, 1426]","[418, 164, 668, 194, 1078]",10,5
m3glvq_k0_10_k1_5_eta_004,1,1620,405,0.4974375244045295,0.1826923076923076,0.5066666666666667,0.2685512367491166,0.4888888888888889,42,"{0: 10, 1: 5}",150,0.04,[0.33333333 0.33333333 0.33333333],True,True,True,0.0,1.0,0.0,"[1204, 46, 96, 25, 398, 388, 997, 628, 1200, 1483, 77, 236, 201, 1078, 734]","[1204, 46, 96, 25, 398, 388, 997, 628, 1200, 1483]","[77, 236, 201, 1078, 734]",10,5
m3glvq_k0_10_k1_5_eta_004,2,1620,405,0.5549956071846934,0.3028846153846153,0.6237623762376238,0.4077669902912622,0.5481481481481482,42,"{0: 10, 1: 5}",150,0.04,[0.33333333 0.33333333 0.33333333],True,True,True,1.0,0.0,0.0,"[1122, 474, 545, 549, 1005, 1471, 1503, 548, 459, 1247, 527, 1431, 962, 1442, 353]","[1122, 474, 545, 549, 1005, 1471, 1503, 548, 459, 1247]","[527, 1431, 962, 1442, 353]",10,5
m3glvq_k0_10_k1_5_eta_004,3,1620,405,0.5785024154589372,0.2125603864734299,0.8,0.3358778625954198,0.5703703703703704,42,"{0: 10, 1: 5}",150,0.04,[0.33333333 0.33333333 0.33333333],True,True,True,1.0,0.0,0.0,"[24, 1468, 1288, 1374, 1059, 666, 1241, 412, 1033, 1492, 1087, 1008, 633, 1003, 763]","[24, 1468, 1288, 1374, 1059, 666, 1241, 412, 1033, 1492]","[1087, 1008, 633, 1003, 763]",10,5
m3glvq_k0_10_k1_5_eta_004,4,1620,405,0.5204216073781291,0.2125603864734299,0.5641025641025641,0.3087719298245613,0.5135802469135803,42,"{0: 10, 1: 5}",150,0.04,[0.33333333 0.33333333 0.33333333],True,True,True,1.0,0.0,0.0,"[501, 1474, 921, 1156, 418, 1252, 384, 339, 600, 623, 1092, 71, 758, 1167, 200]","[501, 1474, 921, 1156, 418, 1252, 384, 339, 600, 623]","[1092, 71, 758, 1167, 200]",10,5
m3glvq_k0_10_k1_6_eta_004,0,1620,405,0.5049175126903553,0.1875,0.527027027027027,0.2765957446808511,0.4962962962962963,42,"{0: 10, 1: 6}",150,0.04,[0.33333333 0.33333333 0.33333333],True,True,True,1.0,0.0,0.0,"[1426, 1499, 189, 1403, 459, 739, 1578, 657, 1055, 1468, 1076, 1095, 449, 164, 194, 805]","[1426, 1499, 189, 1403, 459, 739, 1578, 657, 1055, 1468]","[1076, 1095, 449, 164, 194, 805]",10,6
m3glvq_k0_10_k1_6_eta_004,1,1620,405,0.5424516790316283,0.2067307692307692,0.6417910447761194,0.3127272727272727,0.5333333333333333,42,"{0: 10, 1: 6}",150,0.04,[0.33333333 0.33333333 0.33333333],True,True,True,1.0,0.0,0.0,"[1200, 470, 1494, 541, 543, 545, 628, 1257, 1324, 1267, 1202, 984, 342, 1442, 724, 1433]","[1200, 470, 1494, 541, 543, 545, 628, 1257, 1324, 1267]","[1202, 984, 342, 1442, 724, 1433]",10,6
m3glvq_k0_10_k1_6_eta_004,2,1620,405,0.567551737602499,0.3076923076923077,0.6530612244897959,0.4183006535947712,0.5604938271604938,42,"{0: 10, 1: 6}",150,0.04,[0.33333333 0.33333333 0.33333333],True,True,True,1.0,0.0,0.0,"[1054, 105, 588, 548, 1328, 1001, 153, 549, 830, 636, 723, 139, 962, 1520, 136, 41]","[1054, 105, 588, 548, 1328, 1001, 153, 549, 830, 636]","[723, 139, 962, 1520, 136, 41]",10,6
m3glvq_k0_10_k1_6_eta_004,3,1620,405,0.5137241985068072,0.1739130434782608,0.5538461538461539,0.2647058823529412,0.5061728395061729,42,"{0: 10, 1: 6}",150,0.04,[0.33333333 0.33333333 0.33333333],True,True,True,1.0,0.0,0.0,"[1536, 1059, 666, 1468, 412, 1065, 1514, 646, 1241, 1022, 165, 1560, 194, 1444, 856, 1431]","[1536, 1059, 666, 1468, 412, 1065, 1514, 646, 1241, 1022]","[165, 1560, 194, 1444, 856, 1431]",10,6
m3glvq_k0_10_k1_6_eta_004,4,1620,405,0.5589591567852437,0.2946859903381642,0.6354166666666666,0.4026402640264026,0.5530864197530864,42,"{0: 10, 1: 6}",150,0.04,[0.33333333 0.33333333 0.33333333],True,True,True,1.0,0.0,0.0,"[725, 1073, 1597, 1252, 740, 754, 784, 1013, 384, 623, 1194, 759, 171, 758, 1102, 71]","[725, 1073, 1597, 1252, 740, 754, 784, 1013, 384, 623]","[1194, 759, 171, 758, 1102, 71]",10,6
m3glvq_k0_10_k1_7_eta_004,0,1620,405,0.5314940452948067,0.235576923076923,0.5903614457831325,0.3367697594501718,0.5234567901234568,42,"{0: 10, 1: 7}",150,0.04,[0.33333333 0.33333333 0.33333333],True,True,True,1.0,0.0,0.0,"[1468, 97, 906, 754, 1426, 657, 1333, 1055, 570, 1200, 1572, 1078, 164, 309, 855, 462, 1102]","[1468, 97, 906, 754, 1426, 657, 1333, 1055, 570, 1200]","[1572, 1078, 164, 309, 855, 462, 1102]",10,7
m3glvq_k0_10_k1_7_eta_004,1,1620,405,0.572347227645451,0.4086538461538461,0.6204379562043796,0.4927536231884057,0.5679012345679012,42,"{0: 10, 1: 7}",150,0.04,[0.33333333 0.33333333 0.33333333],True,True,True,1.0,0.0,0.0,"[42, 85, 1580, 1616, 543, 1324, 870, 1016, 1057, 1006, 442, 1442, 596, 1252, 900, 148, 1349]","[42, 85, 1580, 1616, 543, 1324, 870, 1016, 1057, 1006]","[442, 1442, 596, 1252, 900, 148, 1349]",10,7
m3glvq_k0_10_k1_7_eta_004,2,1620,405,0.5564720812182742,0.25,0.6582278481012658,0.3623693379790941,0.5481481481481482,42,"{0: 10, 1: 7}",150,0.04,[0.33333333 0.33333333 0.33333333],True,True,True,1.0,0.0,0.0,"[507, 548, 1005, 636, 400, 1279, 855, 1001, 1229, 988, 136, 698, 978, 962, 1025, 1571, 723]","[507, 548, 1005, 636, 400, 1279, 855, 1001, 1229, 988]","[136, 698, 978, 962, 1025, 1571, 723]",10,7
m3glvq_k0_10_k1_7_eta_004,3,1620,405,0.6001317523056653,0.3719806763285024,0.6936936936936937,0.4842767295597484,0.5950617283950618,42,"{0: 10, 1: 7}",150,0.04,[0.33333333 0.33333333 0.33333333],True,True,True,1.0,0.0,0.0,"[1468, 666, 581, 1059, 1422, 158, 1374, 1033, 1288, 1381, 468, 165, 979, 1544, 1008, 843, 1076]","[1468, 666, 581, 1059, 1422, 158, 1374, 1033, 1288, 1381]","[468, 165, 979, 1544, 1008, 843, 1076]",10,7
m3glvq_k0_10_k1_7_eta_004,4,1620,405,0.5651075977162934,0.357487922705314,0.6218487394957983,0.4539877300613496,0.5604938271604938,42,"{0: 10, 1: 7}",150,0.04,[0.33333333 0.33333333 0.33333333],True,True,True,1.0,0.0,0.0,"[501, 1073, 665, 1005, 1406, 1597, 1225, 1474, 384, 615, 631, 1025, 282, 766, 171, 758, 757]","[501, 1073, 665, 1005, 1406, 1597, 1225, 1474, 384, 615]","[631, 1025, 282, 766, 171, 758, 757]",10,7
m3glvq_k0_10_k1_8_eta_004,0,1620,405,0.5138495704802811,0.3221153846153846,0.536,0.4024024024024025,0.508641975308642,42,"{0: 10, 1: 8}",150,0.04,[0.33333333 0.33333333 0.33333333],True,True,True,1.0,0.0,0.0,"[1055, 1348, 1537, 570, 1426, 1200, 1333, 771, 657, 739, 1160, 381, 178, 1083, 194, 164, 1252, 668]","[1055, 1348, 1537, 570, 1426, 1200, 1333, 771, 657, 739]","[1160, 381, 178, 1083, 194, 164, 1252, 668]",10,8
m3glvq_k0_10_k1_8_eta_004,1,1620,405,0.5352279383053495,0.2836538461538461,0.5841584158415841,0.3818770226537217,0.528395061728395,42,"{0: 10, 1: 8}",150,0.04,[0.33333333 0.33333333 0.33333333],True,True,True,1.0,0.0,0.0,"[541, 474, 855, 37, 1006, 507, 366, 1200, 110, 628, 984, 1019, 1082, 1029, 232, 521, 201, 28]","[541, 474, 855, 37, 1006, 507, 366, 1200, 110, 628]","[984, 1019, 1082, 1029, 232, 521, 201, 28]",10,8
m3glvq_k0_10_k1_8_eta_004,2,1620,405,0.5555325068332683,0.2836538461538461,0.6344086021505376,0.3920265780730897,0.5481481481481482,42,"{0: 10, 1: 8}",150,0.04,[0.33333333 0.33333333 0.33333333],True,True,True,1.0,0.0,0.0,"[1005, 966, 1196, 548, 40, 132, 459, 1054, 474, 1243, 632, 353, 604, 962, 730, 1431, 1139, 978]","[1005, 966, 1196, 548, 40, 132, 459, 1054, 474, 1243]","[632, 353, 604, 962, 730, 1431, 1139, 978]",10,8
m3glvq_k0_10_k1_8_eta_004,3,1620,405,0.5757575757575758,0.3333333333333333,0.6571428571428571,0.4423076923076923,0.5703703703703704,42,"{0: 10, 1: 8}",150,0.04,[0.33333333 0.33333333 0.33333333],True,True,True,1.0,0.0,0.0,"[24, 1288, 1241, 1422, 1268, 1059, 666, 1233, 1536, 1468, 1554, 682, 1416, 1003, 763, 867, 165, 1544]","[24, 1288, 1241, 1422, 1268, 1059, 666, 1233, 1536, 1468]","[1554, 682, 1416, 1003, 763, 867, 165, 1544]",10,8
m3glvq_k0_10_k1_8_eta_004,4,1620,405,0.5420509442248572,0.2608695652173913,0.6067415730337079,0.3648648648648648,0.5358024691358024,42,"{0: 10, 1: 8}",150,0.04,[0.33333333 0.33333333 0.33333333],True,True,True,1.0,0.0,0.0,"[1225, 48, 193, 1597, 384, 578, 975, 740, 1048, 1013, 1557, 1108, 31, 1025, 171, 1570, 766, 207]","[1225, 48, 193, 1597, 384, 578, 975, 740, 1048, 1013]","[1557, 1108, 31, 1025, 171, 1570, 766, 207]",10,8
m3glvq_k0_10_k1_9_eta_004,0,1620,405,0.5489798906677079,0.3365384615384615,0.5982905982905983,0.4307692307692308,0.5432098765432098,42,"{0: 10, 1: 9}",150,0.04,[0.33333333 0.33333333 0.33333333],True,True,True,1.0,0.0,0.0,"[1385, 1468, 97, 1378, 1534, 153, 906, 1035, 941, 598, 462, 1177, 1511, 1063, 492, 1091, 839, 1087, 147]","[1385, 1468, 97, 1378, 1534, 153, 906, 1035, 941, 598]","[462, 1177, 1511, 1063, 492, 1091, 839, 1087, 147]",10,9
m3glvq_k0_10_k1_9_eta_004,1,1620,405,0.5429763764154627,0.2788461538461538,0.6041666666666666,0.381578947368421,0.5358024691358024,42,"{0: 10, 1: 9}",150,0.04,[0.33333333 0.33333333 0.33333333],True,True,True,1.0,0.0,0.0,"[164, 1164, 1200, 739, 476, 366, 37, 111, 541, 880, 316, 52, 1022, 724, 1250, 1349, 1168, 148, 1029]","[164, 1164, 1200, 739, 476, 366, 37, 111, 541, 880]","[316, 52, 1022, 724, 1250, 1349, 1168, 148, 1029]",10,9
m3glvq_k0_10_k1_9_eta_004,2,1620,405,0.5591443771964076,0.2451923076923076,0.6710526315789473,0.3591549295774647,0.5506172839506173,42,"{0: 10, 1: 9}",150,0.04,[0.33333333 0.33333333 0.33333333],True,True,True,1.0,0.0,0.0,"[548, 1471, 1378, 551, 1122, 329, 374, 1080, 602, 105, 156, 1442, 962, 528, 212, 139, 183, 1139, 1076]","[548, 1471, 1378, 551, 1122, 329, 374, 1080, 602, 105]","[156, 1442, 962, 528, 212, 139, 183, 1139, 1076]",10,9
m3glvq_k0_10_k1_9_eta_004,3,1620,405,0.5423803249890207,0.2463768115942029,0.6144578313253012,0.3517241379310344,0.5358024691358024,42,"{0: 10, 1: 9}",150,0.04,[0.33333333 0.33333333 0.33333333],True,True,True,1.0,0.0,0.0,"[666, 1214, 1059, 357, 581, 504, 1468, 1381, 412, 1033, 817, 856, 1003, 143, 468, 979, 1544, 1087, 465]","[666, 1214, 1059, 357, 581, 504, 1468, 1381, 412, 1033]","[817, 856, 1003, 143, 468, 979, 1544, 1087, 465]",10,9
m3glvq_k0_10_k1_9_eta_004,4,1620,405,0.5398550724637681,0.357487922705314,0.5736434108527132,0.4404761904761905,0.5358024691358024,42,"{0: 10, 1: 9}",150,0.04,[0.33333333 0.33333333 0.33333333],True,True,True,1.0,0.0,0.0,"[829, 384, 1073, 578, 1474, 1053, 497, 623, 1225, 1157, 1106, 568, 207, 1443, 1547, 1582, 1063, 1025, 1557]","[829, 384, 1073, 578, 1474, 1053, 497, 623, 1225, 1157]","[1106, 568, 207, 1443, 1547, 1582, 1063, 1025, 1557]",10,9
m3glvq_k0_10_k1_10_eta_004,0,1620,405,0.5505783873486919,0.3701923076923077,0.5923076923076923,0.4556213017751479,0.5456790123456791,42,"{0: 10, 1: 10}",150,0.04,[0.33333333 0.33333333 0.33333333],True,True,True,1.0,0.0,0.0,"[1135, 1385, 1403, 570, 739, 1055, 1468, 657, 1537, 1426, 228, 1156, 744, 1351, 810, 1326, 1357, 553, 839, 745]","[1135, 1385, 1403, 570, 739, 1055, 1468, 657, 1537, 1426]","[228, 1156, 744, 1351, 810, 1326, 1357, 553, 839, 745]",10,10
m3glvq_k0_10_k1_10_eta_004,1,1620,405,0.5305544709098009,0.2692307692307692,0.5773195876288659,0.3672131147540983,0.5234567901234568,42,"{0: 10, 1: 10}",150,0.04,[0.33333333 0.33333333 0.33333333],True,True,True,1.0,0.0,0.0,"[541, 1342, 543, 470, 995, 525, 111, 1200, 1204, 880, 521, 209, 1084, 1583, 526, 52, 1361, 167, 780, 725]","[541, 1342, 543, 470, 995, 525, 111, 1200, 1204, 880]","[521, 209, 1084, 1583, 526, 52, 1361, 167, 780, 725]",10,10
m3glvq_k0_10_k1_10_eta_004,2,1620,405,0.5579363529871144,0.2884615384615384,0.6382978723404256,0.3973509933774835,0.5506172839506173,42,"{0: 10, 1: 10}",150,0.04,[0.33333333 0.33333333 0.33333333],True,True,True,1.0,0.0,0.0,"[548, 966, 132, 1247, 562, 701, 1047, 400, 636, 436, 1139, 139, 1612, 664, 962, 1063, 136, 87, 730, 158]","[548, 966, 132, 1247, 562, 701, 1047, 400, 636, 436]","[1139, 139, 1612, 664, 962, 1063, 136, 87, 730, 158]",10,10
m3glvq_k0_10_k1_10_eta_004,3,1620,405,0.5801493192797541,0.3623188405797101,0.6521739130434783,0.4658385093167702,0.5753086419753086,42,"{0: 10, 1: 10}",150,0.04,[0.33333333 0.33333333 0.33333333],True,True,True,1.0,0.0,0.0,"[1059, 302, 1422, 1381, 1308, 1033, 1468, 666, 1288, 581, 465, 843, 1008, 50, 763, 1270, 1076, 194, 1066, 1158]","[1059, 302, 1422, 1381, 1308, 1033, 1468, 666, 1288, 581]","[465, 843, 1008, 50, 763, 1270, 1076, 194, 1066, 1158]",10,10
m3glvq_k0_10_k1_10_eta_004,4,1620,405,0.5536890645586298,0.4154589371980676,0.5850340136054422,0.4858757062146892,0.5506172839506173,42,"{0: 10, 1: 10}",150,0.04,[0.33333333 0.33333333 0.33333333],True,True,True,1.0,0.0,0.0,"[233, 1073, 775, 623, 1474, 578, 734, 1225, 1597, 384, 151, 1489, 681, 1364, 1443, 207, 1582, 285, 1258, 376]","[233, 1073, 775, 623, 1474, 578, 734, 1225, 1597, 384]","[151, 1489, 681, 1364, 1443, 207, 1582, 285, 1258, 376]",10,10
m3glvq_k0_3_k1_3_eta_005,0,1620,405,0.5125195236235845,0.2788461538461538,0.5370370370370371,0.3670886075949367,0.5061728395061729,42,"{0: 3, 1: 3}",150,0.05,[0.33333333 0.33333333 0.33333333],True,True,True,1.0,0.0,0.0,"[1099, 725, 254, 1151, 366, 1078]","[1099, 725, 254]","[1151, 366, 1078]",3,3
m3glvq_k0_3_k1_3_eta_005,1,1620,405,0.5253441038656774,0.2740384615384615,0.5643564356435643,0.3689320388349514,0.5185185185185185,42,"{0: 3, 1: 3}",150,0.05,[0.33333333 0.33333333 0.33333333],True,True,True,1.0,0.0,0.0,"[366, 970, 741, 1433, 927, 636]","[366, 970, 741]","[1433, 927, 636]",3,3
m3glvq_k0_3_k1_3_eta_005,2,1620,405,0.5283702655212807,0.6201923076923077,0.5375,0.5758928571428572,0.5308641975308642,42,"{0: 3, 1: 3}",150,0.05,[0.33333333 0.33333333 0.33333333],True,True,True,0.0166666666665539,0.9666666666668922,0.0166666666665539,"[18, 115, 1503, 335, 158, 75]","[18, 115, 1503]","[335, 158, 75]",3,3
m3glvq_k0_3_k1_3_eta_005,3,1620,405,0.5202020202020201,0.4444444444444444,0.5348837209302325,0.4854881266490765,0.5185185185185185,42,"{0: 3, 1: 3}",150,0.05,[0.33333333 0.33333333 0.33333333],True,True,True,1.0,0.0,0.0,"[14, 1492, 1381, 194, 1262, 1008]","[14, 1492, 1381]","[194, 1262, 1008]",3,3
m3glvq_k0_3_k1_3_eta_005,4,1620,405,0.569828722002635,0.4830917874396135,0.5952380952380952,0.5333333333333333,0.5679012345679012,42,"{0: 3, 1: 3}",150,0.05,[0.33333333 0.33333333 0.33333333],True,True,True,1.0,0.0,0.0,"[1044, 104, 901, 631, 71, 759]","[1044, 104, 901]","[631, 71, 759]",3,3
m3glvq_k0_3_k1_4_eta_005,0,1620,405,0.5552274502147598,0.5673076923076923,0.5673076923076923,0.5673076923076923,0.5555555555555556,42,"{0: 3, 1: 4}",150,0.05,[0.33333333 0.33333333 0.33333333],True,True,True,1.0,0.0,0.0,"[386, 887, 906, 1423, 449, 668, 1076]","[386, 887, 906]","[1423, 449, 668, 1076]",3,4
m3glvq_k0_3_k1_4_eta_005,1,1620,405,0.5481623389301055,0.4567307692307692,0.572289156626506,0.5080213903743316,0.5456790123456791,42,"{0: 3, 1: 4}",150,0.05,[0.33333333 0.33333333 0.33333333],True,True,True,1.0,0.0,0.0,"[366, 198, 855, 201, 984, 1442, 1019]","[366, 198, 855]","[201, 984, 1442, 1019]",3,4
m3glvq_k0_3_k1_4_eta_005,2,1620,405,0.5819504099960953,0.5192307692307693,0.6067415730337079,0.5595854922279794,0.5802469135802469,42,"{0: 3, 1: 4}",150,0.05,[0.33333333 0.33333333 0.33333333],True,True,True,1.0,0.0,0.0,"[374, 1005, 1471, 604, 978, 962, 723]","[374, 1005, 1471]","[604, 978, 962, 723]",3,4
m3glvq_k0_3_k1_4_eta_005,3,1620,405,0.5764163372859025,0.6376811594202898,0.5789473684210527,0.6068965517241379,0.5777777777777777,42,"{0: 3, 1: 4}",150,0.05,[0.33333333 0.33333333 0.33333333],True,True,True,1.0,0.0,0.0,"[1468, 1394, 504, 856, 628, 468, 861]","[1468, 1394, 504]","[856, 628, 468, 861]",3,4
m3glvq_k0_3_k1_4_eta_005,4,1620,405,0.5511638120333773,0.5265700483091788,0.5647668393782384,0.545,0.5506172839506173,42,"{0: 3, 1: 4}",150,0.05,[0.33333333 0.33333333 0.33333333],True,True,True,1.0,0.0,0.0,"[1426, 384, 1474, 631, 759, 1025, 1443]","[1426, 384, 1474]","[631, 759, 1025, 1443]",3,4
m3glvq_k0_3_k1_5_eta_005,0,1620,405,0.5524209293244826,0.5769230769230769,0.5633802816901409,0.5700712589073634,0.5530864197530864,42,"{0: 3, 1: 5}",150,0.05,[0.33333333 0.33333333 0.33333333],True,True,True,1.0,0.0,0.0,"[419, 254, 1385, 378, 1039, 1475, 509, 1566]","[419, 254, 1385]","[378, 1039, 1475, 509, 1566]",3,5
m3glvq_k0_3_k1_5_eta_005,1,1620,405,0.5601571651698555,0.6634615384615384,0.563265306122449,0.609271523178808,0.562962962962963,42,"{0: 3, 1: 5}",150,0.05,[0.33333333 0.33333333 0.33333333],True,True,True,1.0,0.0,0.0,"[470, 366, 855, 201, 1442, 1045, 734, 984]","[470, 366, 855]","[201, 1442, 1045, 734, 984]",3,5
m3glvq_k0_3_k1_5_eta_005,2,1620,405,0.5532140765326045,0.6394230769230769,0.5588235294117647,0.5964125560538117,0.5555555555555556,42,"{0: 3, 1: 5}",150,0.05,[0.33333333 0.33333333 0.33333333],True,True,True,1.0,0.0,0.0,"[507, 1471, 374, 136, 962, 1470, 821, 1063]","[507, 1471, 374]","[136, 962, 1470, 821, 1063]",3,5
m3glvq_k0_3_k1_5_eta_005,3,1620,405,0.5512736056214317,0.5217391304347826,0.5654450261780105,0.542713567839196,0.5506172839506173,42,"{0: 3, 1: 5}",150,0.05,[0.33333333 0.33333333 0.33333333],True,True,True,1.0,0.0,0.0,"[504, 14, 997, 165, 194, 682, 1444, 771]","[504, 14, 997]","[165, 194, 682, 1444, 771]",3,5
m3glvq_k0_3_k1_5_eta_005,4,1620,405,0.5607158541941151,0.5507246376811594,0.5728643216080402,0.5615763546798029,0.5604938271604938,42,"{0: 3, 1: 5}",150,0.05,[0.33333333 0.33333333 0.33333333],True,True,True,1.0,0.0,0.0,"[1474, 104, 72, 1270, 1167, 15, 631, 92]","[1474, 104, 72]","[1270, 1167, 15, 631, 92]",3,5
m3glvq_k0_3_k1_6_eta_005,0,1620,405,0.5222325263568919,0.5673076923076923,0.5339366515837104,0.55011655011655,0.5234567901234568,42,"{0: 3, 1: 6}",150,0.05,[0.33333333 0.33333333 0.33333333],True,True,True,1.0,0.0,0.0,"[254, 386, 500, 164, 668, 1447, 1398, 194, 1572]","[254, 386, 500]","[164, 668, 1447, 1398, 194, 1572]",3,6
m3glvq_k0_3_k1_6_eta_005,1,1620,405,0.609051639984381,0.6394230769230769,0.6157407407407407,0.6273584905660377,0.6098765432098765,42,"{0: 3, 1: 6}",150,0.05,[0.33333333 0.33333333 0.33333333],True,True,True,1.0,0.0,0.0,"[470, 366, 970, 644, 1066, 1442, 724, 1390, 26]","[470, 366, 970]","[644, 1066, 1442, 724, 1390, 26]",3,6
m3glvq_k0_3_k1_6_eta_005,2,1620,405,0.5814013080827802,0.6298076923076923,0.5874439461883408,0.6078886310904873,0.582716049382716,42,"{0: 3, 1: 6}",150,0.05,[0.33333333 0.33333333 0.33333333],True,True,True,1.0,0.0,0.0,"[374, 1471, 105, 174, 87, 448, 304, 962, 1442]","[374, 1471, 105]","[174, 87, 448, 304, 962, 1442]",3,6
m3glvq_k0_3_k1_6_eta_005,3,1620,405,0.5822353974527887,0.6038647342995169,0.589622641509434,0.5966587112171838,0.582716049382716,42,"{0: 3, 1: 6}",150,0.05,[0.33333333 0.33333333 0.33333333],True,True,True,1.0,0.0,0.0,"[988, 997, 1134, 469, 1076, 29, 194, 188, 1008]","[988, 997, 1134]","[469, 1076, 29, 194, 188, 1008]",3,6
m3glvq_k0_3_k1_6_eta_005,4,1620,405,0.5471014492753623,0.3719806763285024,0.5833333333333334,0.4542772861356932,0.5432098765432098,42,"{0: 3, 1: 6}",150,0.05,[0.33333333 0.33333333 0.33333333],True,True,True,1.0,0.0,0.0,"[14, 499, 1474, 1439, 34, 631, 171, 1025, 759]","[14, 499, 1474]","[1439, 34, 631, 171, 1025, 759]",3,6
m3glvq_k0_3_k1_7_eta_005,0,1620,405,0.5875512495119094,0.5913461538461539,0.6,0.5956416464891041,0.5876543209876544,42,"{0: 3, 1: 7}",150,0.05,[0.33333333 0.33333333 0.33333333],True,True,True,1.0,0.0,0.0,"[386, 254, 1035, 147, 1367, 1398, 1078, 839, 463, 744]","[386, 254, 1035]","[147, 1367, 1398, 1078, 839, 463, 744]",3,7
m3glvq_k0_3_k1_7_eta_005,1,1620,405,0.6030359234673957,0.6730769230769231,0.603448275862069,0.6363636363636364,0.6049382716049383,42,"{0: 3, 1: 7}",150,0.05,[0.33333333 0.33333333 0.33333333],True,True,True,1.0,0.0,0.0,"[498, 970, 366, 1349, 1318, 442, 1060, 171, 1390, 64]","[498, 970, 366]","[1349, 1318, 442, 1060, 171, 1390, 64]",3,7
m3glvq_k0_3_k1_7_eta_005,2,1620,405,0.581938207731355,0.6105769230769231,0.5906976744186047,0.6004728132387707,0.582716049382716,42,"{0: 3, 1: 7}",150,0.05,[0.33333333 0.33333333 0.33333333],True,True,True,1.0,0.0,0.0,"[374, 62, 1471, 136, 962, 41, 842, 404, 1380, 723]","[374, 62, 1471]","[136, 962, 41, 842, 404, 1380, 723]",3,7
m3glvq_k0_3_k1_7_eta_005,3,1620,405,0.5600570926657884,0.5797101449275363,0.5687203791469194,0.5741626794258373,0.5604938271604938,42,"{0: 3, 1: 7}",150,0.05,[0.33333333 0.33333333 0.33333333],True,True,True,1.0,0.0,0.0,"[1104, 1134, 14, 763, 1087, 466, 1323, 1099, 633, 1003]","[1104, 1134, 14]","[763, 1087, 466, 1323, 1099, 633, 1003]",3,7
m3glvq_k0_3_k1_7_eta_005,4,1620,405,0.5674132630654369,0.5893719806763285,0.5754716981132075,0.5823389021479713,0.5679012345679012,42,"{0: 3, 1: 7}",150,0.05,[0.33333333 0.33333333 0.33333333],True,True,True,1.0,0.0,0.0,"[403, 384, 1474, 1052, 349, 71, 15, 759, 155, 631]","[403, 384, 1474]","[1052, 349, 71, 15, 759, 155, 631]",3,7
m3glvq_k0_3_k1_8_eta_005,0,1620,405,0.5146305154236626,0.4759615384615384,0.5294117647058824,0.5012658227848101,0.5135802469135803,42,"{0: 3, 1: 8}",150,0.05,[0.33333333 0.33333333 0.33333333],True,True,True,1.0,0.0,0.0,"[254, 725, 500, 49, 462, 5, 463, 228, 15, 1076, 852]","[254, 725, 500]","[49, 462, 5, 463, 228, 15, 1076, 852]",3,8
m3glvq_k0_3_k1_8_eta_005,1,1620,405,0.5547027528309254,0.4951923076923077,0.5754189944134078,0.5322997416020672,0.5530864197530864,42,"{0: 3, 1: 8}",150,0.05,[0.33333333 0.33333333 0.33333333],True,True,True,1.0,0.0,0.0,"[741, 388, 474, 1029, 1349, 1431, 442, 1544, 1390, 201, 148]","[741, 388, 474]","[1029, 1349, 1431, 442, 1544, 1390, 201, 148]",3,8
m3glvq_k0_3_k1_8_eta_005,2,1620,405,0.5231843030066381,0.4423076923076923,0.5411764705882353,0.4867724867724867,0.5209876543209877,42,"{0: 3, 1: 8}",150,0.05,[0.33333333 0.33333333 0.33333333],True,True,True,0.0,1.0,0.0,"[374, 1541, 694, 868, 829, 962, 723, 1063, 978, 730, 335]","[374, 1541, 694]","[868, 829, 962, 723, 1063, 978, 730, 335]",3,8
m3glvq_k0_3_k1_8_eta_005,3,1620,405,0.5850900307422047,0.5893719806763285,0.5951219512195122,0.5922330097087378,0.5851851851851851,42,"{0: 3, 1: 8}",150,0.05,[0.33333333 0.33333333 0.33333333],True,True,True,1.0,0.0,0.0,"[1468, 504, 1134, 843, 1082, 1008, 420, 354, 1066, 734, 766]","[1468, 504, 1134]","[843, 1082, 1008, 420, 354, 1066, 734, 766]",3,8
m3glvq_k0_3_k1_8_eta_005,4,1620,405,0.562143170838823,0.4879227053140096,0.5838150289017341,0.531578947368421,0.5604938271604938,42,"{0: 3, 1: 8}",150,0.05,[0.33333333 0.33333333 0.33333333],True,True,True,1.0,0.0,0.0,"[499, 14, 1474, 674, 151, 550, 758, 1194, 759, 1393, 681]","[499, 14, 1474]","[674, 151, 550, 758, 1194, 759, 1393, 681]",3,8
m3glvq_k0_3_k1_9_eta_005,0,1620,405,0.5716639008199922,0.5240384615384616,0.592391304347826,0.5561224489795918,0.5703703703703704,42,"{0: 3, 1: 9}",150,0.05,[0.33333333 0.33333333 0.33333333],True,True,True,1.0,0.0,0.0,"[500, 725, 254, 1175, 951, 178, 309, 1566, 855, 706, 1472, 187]","[500, 725, 254]","[1175, 951, 178, 309, 1566, 855, 706, 1472, 187]",3,9
m3glvq_k0_3_k1_9_eta_005,1,1620,405,0.5787168098399063,0.7259615384615384,0.5741444866920152,0.6411889596602972,0.582716049382716,42,"{0: 3, 1: 9}",150,0.05,[0.33333333 0.33333333 0.33333333],True,True,True,1.0,0.0,0.0,"[366, 855, 1494, 1344, 1431, 1349, 1390, 724, 148, 1544, 1333, 1442]","[366, 855, 1494]","[1344, 1431, 1349, 1390, 724, 148, 1544, 1333, 1442]",3,9
m3glvq_k0_3_k1_9_eta_005,2,1620,405,0.5280041975790707,0.3605769230769231,0.5555555555555556,0.4373177842565597,0.5234567901234568,42,"{0: 3, 1: 9}",150,0.05,[0.33333333 0.33333333 0.33333333],True,True,True,0.0,1.0,0.0,"[374, 991, 694, 1046, 368, 158, 1067, 335, 962, 1374, 1139, 364]","[374, 991, 694]","[1046, 368, 158, 1067, 335, 962, 1374, 1139, 364]",3,9
m3glvq_k0_3_k1_9_eta_005,3,1620,405,0.5226174791392182,0.4492753623188406,0.5375722543352601,0.4894736842105263,0.5209876543209877,42,"{0: 3, 1: 9}",150,0.05,[0.33333333 0.33333333 0.33333333],True,True,True,0.0,1.0,0.0,"[504, 619, 279, 1544, 1159, 194, 1003, 682, 143, 1210, 50, 1099]","[504, 619, 279]","[1544, 1159, 194, 1003, 682, 143, 1210, 50, 1099]",3,9
m3glvq_k0_3_k1_9_eta_005,4,1620,405,0.5567632850241546,0.6135265700483091,0.5619469026548672,0.5866050808314087,0.5580246913580247,42,"{0: 3, 1: 9}",150,0.05,[0.33333333 0.33333333 0.33333333],True,True,True,1.0,0.0,0.0,"[403, 384, 1474, 71, 1368, 1167, 555, 1439, 759, 1220, 674, 1102]","[403, 384, 1474]","[71, 1368, 1167, 555, 1439, 759, 1220, 674, 1102]",3,9
m3glvq_k0_3_k1_10_eta_005,0,1620,405,0.5764593908629442,0.625,0.5829596412556054,0.6032482598607889,0.5777777777777777,42,"{0: 3, 1: 10}",150,0.05,[0.33333333 0.33333333 0.33333333],True,True,True,1.0,0.0,0.0,"[1468, 97, 1099, 1533, 1102, 49, 852, 607, 1083, 1612, 855, 1423, 1566]","[1468, 97, 1099]","[1533, 1102, 49, 852, 607, 1083, 1612, 855, 1423, 1566]",3,10
m3glvq_k0_3_k1_10_eta_005,1,1620,405,0.5480037094884811,0.6442307692307693,0.5537190082644629,0.5955555555555556,0.5506172839506173,42,"{0: 3, 1: 10}",150,0.05,[0.33333333 0.33333333 0.33333333],True,True,True,1.0,0.0,0.0,"[855, 198, 453, 442, 201, 439, 521, 274, 1146, 887, 1108, 1390, 595]","[855, 198, 453]","[442, 201, 439, 521, 274, 1146, 887, 1108, 1390, 595]",3,10
m3glvq_k0_3_k1_10_eta_005,2,1620,405,0.5394499219055057,0.6778846153846154,0.5444015444015444,0.6038543897216275,0.5432098765432098,42,"{0: 3, 1: 10}",150,0.05,[0.33333333 0.33333333 0.33333333],True,True,True,1.0,0.0,0.0,"[1471, 105, 374, 1076, 385, 664, 1392, 962, 528, 183, 821, 1231, 1442]","[1471, 105, 374]","[1076, 385, 664, 1392, 962, 528, 183, 821, 1231, 1442]",3,10
m3glvq_k0_3_k1_10_eta_005,3,1620,405,0.5565436978480457,0.6231884057971014,0.5608695652173913,0.5903890160183066,0.5580246913580247,42,"{0: 3, 1: 10}",150,0.05,[0.33333333 0.33333333 0.33333333],True,True,True,1.0,0.0,0.0,"[14, 997, 407, 50, 62, 143, 188, 1125, 162, 291, 1444, 1003, 194]","[14, 997, 407]","[50, 62, 143, 188, 1125, 162, 291, 1444, 1003, 194]",3,10
m3glvq_k0_3_k1_10_eta_005,4,1620,405,0.5798199385155907,0.7101449275362319,0.57421875,0.6349892008639308,0.582716049382716,42,"{0: 3, 1: 10}",150,0.05,[0.33333333 0.33333333 0.33333333],True,True,True,1.0,0.0,0.0,"[384, 1474, 104, 1547, 451, 1097, 758, 1368, 1477, 729, 1194, 155, 71]","[384, 1474, 104]","[1547, 451, 1097, 758, 1368, 1477, 729, 1194, 155, 71]",3,10
m3glvq_k0_4_k1_3_eta_005,0,1620,405,0.5425614994142913,0.3846153846153846,0.5755395683453237,0.4610951008645533,0.5382716049382716,42,"{0: 4, 1: 3}",150,0.05,[0.33333333 0.33333333 0.33333333],True,True,True,1.0,0.0,0.0,"[97, 1333, 307, 1035, 1076, 855, 852]","[97, 1333, 307, 1035]","[1076, 855, 852]",4,3
m3glvq_k0_4_k1_3_eta_005,1,1620,405,0.57848496680984,0.4615384615384615,0.6153846153846154,0.5274725274725274,0.5753086419753086,42,"{0: 4, 1: 3}",150,0.05,[0.33333333 0.33333333 0.33333333],True,True,True,1.0,0.0,0.0,"[870, 98, 498, 366, 596, 1060, 644]","[870, 98, 498, 366]","[596, 1060, 644]",4,3
m3glvq_k0_4_k1_3_eta_005,2,1620,405,0.5611089418196017,0.5384615384615384,0.5773195876288659,0.5572139303482586,0.5604938271604938,42,"{0: 4, 1: 3}",150,0.05,[0.33333333 0.33333333 0.33333333],True,True,True,0.0,1.0,0.0,"[1503, 40, 115, 18, 779, 335, 19]","[1503, 40, 115, 18]","[779, 335, 19]",4,3
m3glvq_k0_4_k1_3_eta_005,3,1620,405,0.5098814229249011,0.5652173913043478,0.52,0.5416666666666667,0.5111111111111111,42,"{0: 4, 1: 3}",150,0.05,[0.33333333 0.33333333 0.33333333],True,True,True,0.0,1.0,0.0,"[155, 58, 964, 340, 350, 150, 1276]","[155, 58, 964, 340]","[350, 150, 1276]",4,3
m3glvq_k0_4_k1_3_eta_005,4,1620,405,0.5532498902064119,0.4347826086956521,0.5806451612903226,0.4972375690607734,0.5506172839506173,42,"{0: 4, 1: 3}",150,0.05,[0.33333333 0.33333333 0.33333333],True,True,True,1.0,0.0,0.0,"[384, 901, 233, 223, 207, 631, 1025]","[384, 901, 233, 223]","[207, 631, 1025]",4,3
m3glvq_k0_4_k1_4_eta_005,0,1620,405,0.5478816868410776,0.5576923076923077,0.5603864734299517,0.5590361445783133,0.5481481481481482,42,"{0: 4, 1: 4}",150,0.05,[0.33333333 0.33333333 0.33333333],True,True,True,1.0,0.0,0.0,"[386, 1348, 1499, 771, 837, 1447, 194, 668]","[386, 1348, 1499, 771]","[837, 1447, 194, 668]",4,4
m3glvq_k0_4_k1_4_eta_005,1,1620,405,0.5414754978524015,0.5144230769230769,0.5572916666666666,0.5349999999999999,0.5407407407407407,42,"{0: 4, 1: 4}",150,0.05,[0.33333333 0.33333333 0.33333333],True,True,True,1.0,0.0,0.0,"[1494, 198, 366, 970, 201, 644, 1431, 725]","[1494, 198, 366, 970]","[201, 644, 1431, 725]",4,4
m3glvq_k0_4_k1_4_eta_005,2,1620,405,0.5608526942600547,0.4567307692307692,0.5900621118012422,0.5149051490514905,0.5580246913580247,42,"{0: 4, 1: 4}",150,0.05,[0.33333333 0.33333333 0.33333333],True,True,True,1.0,0.0,0.0,"[588, 1590, 1471, 374, 1431, 723, 1063, 962]","[588, 1590, 1471, 374]","[1431, 723, 1063, 962]",4,4
m3glvq_k0_4_k1_4_eta_005,3,1620,405,0.6190162494510321,0.6521739130434783,0.6221198156682027,0.6367924528301887,0.6197530864197531,42,"{0: 4, 1: 4}",150,0.05,[0.33333333 0.33333333 0.33333333],True,True,True,1.0,0.0,0.0,"[110, 1065, 437, 1468, 1564, 633, 856, 843]","[110, 1065, 437, 1468]","[1564, 633, 856, 843]",4,4
m3glvq_k0_4_k1_4_eta_005,4,1620,405,0.5239350021958717,0.5024154589371981,0.5360824742268041,0.518703241895262,0.5234567901234568,42,"{0: 4, 1: 4}",150,0.05,[0.33333333 0.33333333 0.33333333],True,True,True,1.0,0.0,0.0,"[384, 901, 104, 958, 1270, 1443, 1121, 207]","[384, 901, 104, 958]","[1270, 1443, 1121, 207]",4,4
m3glvq_k0_4_k1_5_eta_005,0,1620,405,0.56431813744631,0.5144230769230769,0.5846994535519126,0.547314578005115,0.562962962962963,42,"{0: 4, 1: 5}",150,0.05,[0.33333333 0.33333333 0.33333333],True,True,True,1.0,0.0,0.0,"[1468, 1035, 386, 97, 164, 421, 348, 1076, 309]","[1468, 1035, 386, 97]","[164, 421, 348, 1076, 309]",4,5
m3glvq_k0_4_k1_5_eta_005,1,1620,405,0.5583146231940648,0.4567307692307692,0.5864197530864198,0.5135135135135135,0.5555555555555556,42,"{0: 4, 1: 5}",150,0.05,[0.33333333 0.33333333 0.33333333],True,True,True,1.0,0.0,0.0,"[498, 651, 1257, 1016, 1349, 1060, 596, 148, 151]","[498, 651, 1257, 1016]","[1349, 1060, 596, 148, 151]",4,5
m3glvq_k0_4_k1_5_eta_005,2,1620,405,0.55777772354549,0.4759615384615384,0.5823529411764706,0.5238095238095238,0.5555555555555556,42,"{0: 4, 1: 5}",150,0.05,[0.33333333 0.33333333 0.33333333],True,True,True,1.0,0.0,0.0,"[588, 993, 1471, 374, 978, 297, 1431, 962, 486]","[588, 993, 1471, 374]","[978, 297, 1431, 962, 486]",4,5
m3glvq_k0_4_k1_5_eta_005,3,1620,405,0.5196530522617478,0.357487922705314,0.5401459854014599,0.4302325581395348,0.5160493827160494,42,"{0: 4, 1: 5}",150,0.05,[0.33333333 0.33333333 0.33333333],True,True,True,1.0,0.0,0.0,"[1134, 1566, 997, 14, 1262, 771, 682, 165, 194]","[1134, 1566, 997, 14]","[1262, 771, 682, 165, 194]",4,5
m3glvq_k0_4_k1_5_eta_005,4,1620,405,0.5663153271848924,0.4154589371980676,0.6056338028169014,0.492836676217765,0.562962962962963,42,"{0: 4, 1: 5}",150,0.05,[0.33333333 0.33333333 0.33333333],True,True,True,1.0,0.0,0.0,"[775, 1013, 499, 617, 864, 766, 161, 1092, 207]","[775, 1013, 499, 617]","[864, 766, 161, 1092, 207]",4,5
m3glvq_k0_4_k1_6_eta_005,0,1620,405,0.5457584927762593,0.4519230769230769,0.5696969696969697,0.5040214477211796,0.5432098765432098,42,"{0: 4, 1: 6}",150,0.05,[0.33333333 0.33333333 0.33333333],True,True,True,1.0,0.0,0.0,"[1385, 570, 254, 386, 668, 194, 1447, 218, 1420, 164]","[1385, 570, 254, 386]","[668, 194, 1447, 218, 1420, 164]",4,6
m3glvq_k0_4_k1_6_eta_005,1,1620,405,0.5361431081608747,0.4326923076923077,0.5590062111801242,0.4878048780487805,0.5333333333333333,42,"{0: 4, 1: 6}",150,0.05,[0.33333333 0.33333333 0.33333333],True,True,True,1.0,0.0,0.0,"[1494, 288, 366, 970, 148, 442, 1431, 201, 1029, 725]","[1494, 288, 366, 970]","[148, 442, 1431, 201, 1029, 725]",4,6
m3glvq_k0_4_k1_6_eta_005,2,1620,405,0.5518840296759078,0.5961538461538461,0.5610859728506787,0.5780885780885782,0.5530864197530864,42,"{0: 4, 1: 6}",150,0.05,[0.33333333 0.33333333 0.33333333],True,True,True,1.0,0.0,0.0,"[374, 1471, 1503, 993, 1063, 447, 136, 1520, 962, 1039]","[374, 1471, 1503, 993]","[1063, 447, 136, 1520, 962, 1039]",4,6
m3glvq_k0_4_k1_6_eta_005,3,1620,405,0.5663153271848924,0.4154589371980676,0.6056338028169014,0.492836676217765,0.562962962962963,42,"{0: 4, 1: 6}",150,0.05,[0.33333333 0.33333333 0.33333333],True,True,True,1.0,0.0,0.0,"[1468, 1134, 504, 14, 176, 1416, 1564, 1008, 165, 194]","[1468, 1134, 504, 14]","[176, 1416, 1564, 1008, 165, 194]",4,6
m3glvq_k0_4_k1_6_eta_005,4,1620,405,0.5608256477821696,0.5458937198067633,0.5736040609137056,0.5594059405940595,0.5604938271604938,42,"{0: 4, 1: 6}",150,0.05,[0.33333333 0.33333333 0.33333333],True,True,True,1.0,0.0,0.0,"[223, 384, 1013, 623, 33, 631, 1364, 207, 1270, 766]","[223, 384, 1013, 623]","[33, 631, 1364, 207, 1270, 766]",4,6
m3glvq_k0_4_k1_7_eta_005,0,1620,405,0.5579119484576338,0.4711538461538461,0.5833333333333334,0.5212765957446809,0.5555555555555556,42,"{0: 4, 1: 7}",150,0.05,[0.33333333 0.33333333 0.33333333],True,True,True,1.0,0.0,0.0,"[1468, 1333, 613, 97, 61, 152, 1146, 855, 309, 1076, 462]","[1468, 1333, 613, 97]","[61, 152, 1146, 855, 309, 1076, 462]",4,7
m3glvq_k0_4_k1_7_eta_005,1,1620,405,0.543098399062866,0.3653846153846153,0.5801526717557252,0.4483775811209439,0.5382716049382716,42,"{0: 4, 1: 7}",150,0.05,[0.33333333 0.33333333 0.33333333],True,True,True,1.0,0.0,0.0,"[1119, 1494, 366, 855, 442, 984, 1431, 1029, 725, 342, 724]","[1119, 1494, 366, 855]","[442, 984, 1431, 1029, 725, 342, 724]",4,7
m3glvq_k0_4_k1_7_eta_005,2,1620,405,0.580339711050371,0.5769230769230769,0.594059405940594,0.5853658536585367,0.5802469135802469,42,"{0: 4, 1: 7}",150,0.05,[0.33333333 0.33333333 0.33333333],True,True,True,1.0,0.0,0.0,"[62, 873, 459, 1471, 448, 1380, 821, 183, 809, 369, 1565]","[62, 873, 459, 1471]","[448, 1380, 821, 183, 809, 369, 1565]",4,7
m3glvq_k0_4_k1_7_eta_005,3,1620,405,0.6164909969257795,0.6521739130434783,0.6192660550458715,0.6352941176470588,0.6172839506172839,42,"{0: 4, 1: 7}",150,0.05,[0.33333333 0.33333333 0.33333333],True,True,True,1.0,0.0,0.0,"[1468, 437, 1394, 504, 633, 342, 1325, 1262, 420, 843, 351]","[1468, 437, 1394, 504]","[633, 342, 1325, 1262, 420, 843, 351]",4,7
m3glvq_k0_4_k1_7_eta_005,4,1620,405,0.5329380764163373,0.6618357487922706,0.5372549019607843,0.593073593073593,0.5358024691358024,42,"{0: 4, 1: 7}",150,0.05,[0.33333333 0.33333333 0.33333333],True,True,True,1.0,0.0,0.0,"[501, 384, 901, 860, 1368, 1564, 971, 242, 1025, 1167, 834]","[501, 384, 901, 860]","[1368, 1564, 971, 242, 1025, 1167, 834]",4,7
m3glvq_k0_4_k1_8_eta_005,0,1620,405,0.5741897696212417,0.6153846153846154,0.5818181818181818,0.5981308411214953,0.5753086419753086,42,"{0: 4, 1: 8}",150,0.05,[0.33333333 0.33333333 0.33333333],True,True,True,1.0,0.0,0.0,"[1468, 1333, 97, 1035, 957, 1511, 1039, 810, 1357, 12, 473, 26]","[1468, 1333, 97, 1035]","[957, 1511, 1039, 810, 1357, 12, 473, 26]",4,8
m3glvq_k0_4_k1_8_eta_005,1,1620,405,0.5896866458414682,0.6057692307692307,0.6,0.6028708133971292,0.5901234567901235,42,"{0: 4, 1: 8}",150,0.05,[0.33333333 0.33333333 0.33333333],True,True,True,1.0,0.0,0.0,"[970, 498, 366, 111, 52, 725, 184, 1097, 1349, 439, 976, 232]","[970, 498, 366, 111]","[52, 725, 184, 1097, 1349, 439, 976, 232]",4,8
m3glvq_k0_4_k1_8_eta_005,2,1620,405,0.5117141741507224,0.3076923076923077,0.5333333333333333,0.3902439024390244,0.5061728395061729,42,"{0: 4, 1: 8}",150,0.05,[0.33333333 0.33333333 0.33333333],True,True,True,0.0,1.0,0.0,"[694, 288, 374, 1454, 41, 256, 730, 962, 1139, 158, 1392, 212]","[694, 288, 374, 1454]","[41, 256, 730, 962, 1139, 158, 1392, 212]",4,8
m3glvq_k0_4_k1_8_eta_005,3,1620,405,0.5533596837944664,0.429951690821256,0.5816993464052288,0.4944444444444444,0.5506172839506173,42,"{0: 4, 1: 8}",150,0.05,[0.33333333 0.33333333 0.33333333],True,True,True,1.0,0.0,0.0,"[97, 482, 1468, 407, 143, 373, 763, 856, 1003, 50, 499, 927]","[97, 482, 1468, 407]","[143, 373, 763, 856, 1003, 50, 499, 927]",4,8
m3glvq_k0_4_k1_8_eta_005,4,1620,405,0.5725735617039964,0.5845410628019324,0.5817307692307693,0.583132530120482,0.5728395061728395,42,"{0: 4, 1: 8}",150,0.05,[0.33333333 0.33333333 0.33333333],True,True,True,1.0,0.0,0.0,"[1474, 384, 403, 1426, 1052, 1102, 1270, 207, 1443, 1432, 71, 1167]","[1474, 384, 403, 1426]","[1052, 1102, 1270, 207, 1443, 1432, 71, 1167]",4,8
m3glvq_k0_4_k1_9_eta_005,0,1620,405,0.5279919953143304,0.4519230769230769,0.5465116279069767,0.4947368421052631,0.5259259259259259,42,"{0: 4, 1: 9}",150,0.05,[0.33333333 0.33333333 0.33333333],True,True,True,1.0,0.0,0.0,"[500, 1130, 254, 386, 862, 604, 310, 212, 1420, 1447, 1562, 744, 164]","[500, 1130, 254, 386]","[862, 604, 310, 212, 1420, 1447, 1562, 744, 164]",4,9
m3glvq_k0_4_k1_9_eta_005,1,1620,405,0.5401332487309645,0.5625,0.5518867924528302,0.5571428571428572,0.5407407407407407,42,"{0: 4, 1: 9}",150,0.05,[0.33333333 0.33333333 0.33333333],True,True,True,1.0,0.0,0.0,"[96, 366, 855, 1119, 1084, 342, 753, 1074, 145, 1029, 725, 520, 951]","[96, 366, 855, 1119]","[1084, 342, 753, 1074, 145, 1029, 725, 520, 951]",4,9
m3glvq_k0_4_k1_9_eta_005,2,1620,405,0.5676371534556813,0.6682692307692307,0.569672131147541,0.6150442477876106,0.5703703703703704,42,"{0: 4, 1: 9}",150,0.05,[0.33333333 0.33333333 0.33333333],True,True,True,0.0,1.0,0.0,"[1357, 694, 1503, 838, 364, 1398, 260, 962, 1059, 1302, 158, 353, 205]","[1357, 694, 1503, 838]","[364, 1398, 260, 962, 1059, 1302, 158, 353, 205]",4,9
m3glvq_k0_4_k1_9_eta_005,3,1620,405,0.5893719806763285,0.6231884057971014,0.5944700460829493,0.6084905660377358,0.5901234567901235,42,"{0: 4, 1: 9}",150,0.05,[0.33333333 0.33333333 0.33333333],True,True,True,1.0,0.0,0.0,"[1468, 504, 482, 457, 766, 1003, 1044, 1008, 843, 927, 453, 763, 1071]","[1468, 504, 482, 457]","[766, 1003, 1044, 1008, 843, 927, 453, 763, 1071]",4,9
m3glvq_k0_4_k1_9_eta_005,4,1620,405,0.5731225296442688,0.5603864734299517,0.5858585858585859,0.5728395061728395,0.5728395061728395,42,"{0: 4, 1: 9}",150,0.05,[0.33333333 0.33333333 0.33333333],True,True,True,1.0,0.0,0.0,"[1474, 403, 384, 1426, 71, 241, 1368, 758, 1477, 1582, 311, 1443, 237]","[1474, 403, 384, 1426]","[71, 241, 1368, 758, 1477, 1582, 311, 1443, 237]",4,9
m3glvq_k0_4_k1_10_eta_005,0,1620,405,0.5347886567746973,0.5721153846153846,0.5458715596330275,0.5586854460093896,0.5358024691358024,42,"{0: 4, 1: 10}",150,0.05,[0.33333333 0.33333333 0.33333333],True,True,True,1.0,0.0,0.0,"[1468, 386, 97, 1035, 810, 187, 1047, 61, 1063, 1297, 1121, 700, 65, 604]","[1468, 386, 97, 1035]","[810, 187, 1047, 61, 1063, 1297, 1121, 700, 65, 604]",4,10
m3glvq_k0_4_k1_10_eta_005,1,1620,405,0.5504197579070675,0.5576923076923077,0.5631067961165048,0.5603864734299517,0.5506172839506173,42,"{0: 4, 1: 10}",150,0.05,[0.33333333 0.33333333 0.33333333],True,True,True,1.0,0.0,0.0,"[1324, 453, 1186, 597, 1084, 887, 1431, 1029, 167, 1583, 148, 999, 725, 201]","[1324, 453, 1186, 597]","[1084, 887, 1431, 1029, 167, 1583, 148, 999, 725, 201]",4,10
m3glvq_k0_4_k1_10_eta_005,2,1620,405,0.5776552128074971,0.6730769230769231,0.5785123966942148,0.6222222222222221,0.5802469135802469,42,"{0: 4, 1: 10}",150,0.05,[0.33333333 0.33333333 0.33333333],True,True,True,0.0,1.0,0.0,"[991, 1357, 523, 838, 244, 962, 920, 205, 1023, 282, 158, 1059, 1130, 1374]","[991, 1357, 523, 838]","[244, 962, 920, 205, 1023, 282, 158, 1059, 1130, 1374]",4,10
m3glvq_k0_4_k1_10_eta_005,3,1620,405,0.5171277997364954,0.4685990338164251,0.5300546448087432,0.4974358974358975,0.5160493827160494,42,"{0: 4, 1: 10}",150,0.05,[0.33333333 0.33333333 0.33333333],True,True,True,0.0,1.0,0.0,"[58, 179, 964, 482, 763, 465, 904, 1210, 433, 82, 1267, 1403, 701, 350]","[58, 179, 964, 482]","[763, 465, 904, 1210, 433, 82, 1267, 1403, 701, 350]",4,10
m3glvq_k0_4_k1_10_eta_005,4,1620,405,0.554238032498902,0.5024154589371981,0.5714285714285714,0.5347043701799485,0.5530864197530864,42,"{0: 4, 1: 10}",150,0.05,[0.33333333 0.33333333 0.33333333],True,True,True,1.0,0.0,0.0,"[1474, 384, 623, 571, 55, 1439, 595, 1477, 759, 1121, 1368, 152, 171, 382]","[1474, 384, 623, 571]","[55, 1439, 595, 1477, 759, 1121, 1368, 152, 171, 382]",4,10
m3glvq_k0_5_k1_3_eta_005,0,1620,405,0.5174492385786802,0.375,0.5379310344827586,0.4419263456090651,0.5135802469135803,42,"{0: 5, 1: 3}",150,0.05,[0.33333333 0.33333333 0.33333333],True,True,True,1.0,0.0,0.0,"[906, 97, 1035, 1468, 386, 806, 194, 1076]","[906, 97, 1035, 1468, 386]","[806, 194, 1076]",5,3
m3glvq_k0_5_k1_3_eta_005,1,1620,405,0.5746168488871535,0.4182692307692308,0.6214285714285714,0.5,0.5703703703703704,42,"{0: 5, 1: 3}",150,0.05,[0.33333333 0.33333333 0.33333333],True,True,True,1.0,0.0,0.0,"[1580, 1488, 85, 366, 970, 429, 598, 1060]","[1580, 1488, 85, 366, 970]","[429, 598, 1060]",5,3
m3glvq_k0_5_k1_3_eta_005,2,1620,405,0.5615482233502538,0.25,0.6753246753246753,0.3649122807017544,0.5530864197530864,42,"{0: 5, 1: 3}",150,0.05,[0.33333333 0.33333333 0.33333333],True,True,True,1.0,0.0,0.0,"[1229, 1005, 1471, 153, 374, 779, 962, 369]","[1229, 1005, 1471, 153, 374]","[779, 962, 369]",5,3
m3glvq_k0_5_k1_3_eta_005,3,1620,405,0.5151515151515151,0.6666666666666666,0.5227272727272727,0.5859872611464967,0.5185185185185185,42,"{0: 5, 1: 3}",150,0.05,[0.33333333 0.33333333 0.33333333],True,True,True,0.016856324535568,0.8523048227210543,0.1308388527433776,"[964, 279, 1492, 108, 219, 1398, 370, 150]","[964, 279, 1492, 108, 219]","[1398, 370, 150]",5,3
m3glvq_k0_5_k1_3_eta_005,4,1620,405,0.5290953008344312,0.4975845410628019,0.5421052631578948,0.5188916876574307,0.528395061728395,42,"{0: 5, 1: 3}",150,0.05,[0.33333333 0.33333333 0.33333333],True,True,True,1.0,0.0,0.0,"[1013, 1278, 623, 223, 865, 1019, 92, 631]","[1013, 1278, 623, 223, 865]","[1019, 92, 631]",5,3
m3glvq_k0_5_k1_4_eta_005,0,1620,405,0.5121168488871535,0.2932692307692308,0.5350877192982456,0.3788819875776398,0.5061728395061729,42,"{0: 5, 1: 4}",150,0.05,[0.33333333 0.33333333 0.33333333],True,True,True,1.0,0.0,0.0,"[570, 386, 972, 1375, 1348, 194, 626, 837, 668]","[570, 386, 972, 1375, 1348]","[194, 626, 837, 668]",5,4
m3glvq_k0_5_k1_4_eta_005,1,1620,405,0.5971544318625537,0.7019230769230769,0.5934959349593496,0.6431718061674009,0.6,42,"{0: 5, 1: 4}",150,0.05,[0.33333333 0.33333333 0.33333333],True,True,True,0.0026191253702209,0.9973808746297792,0.0,"[46, 1215, 162, 1386, 1494, 77, 442, 875, 1078]","[46, 1215, 162, 1386, 1494]","[77, 442, 875, 1078]",5,4
m3glvq_k0_5_k1_4_eta_005,2,1620,405,0.5500536899648575,0.2980769230769231,0.6138613861386139,0.4012944983818771,0.5432098765432098,42,"{0: 5, 1: 4}",150,0.05,[0.33333333 0.33333333 0.33333333],True,True,True,1.0,0.0,0.0,"[1005, 1163, 301, 636, 507, 1392, 1431, 1442, 962]","[1005, 1163, 301, 636, 507]","[1392, 1431, 1442, 962]",5,4
m3glvq_k0_5_k1_4_eta_005,3,1620,405,0.5249231444883619,0.3478260869565217,0.549618320610687,0.4260355029585799,0.5209876543209877,42,"{0: 5, 1: 4}",150,0.05,[0.33333333 0.33333333 0.33333333],True,True,True,0.0,1.0,0.0,"[482, 58, 1078, 964, 155, 1008, 1489, 25, 350]","[482, 58, 1078, 964, 155]","[1008, 1489, 25, 350]",5,4
m3glvq_k0_5_k1_4_eta_005,4,1620,405,0.5563241106719368,0.4106280193236715,0.5902777777777778,0.4843304843304843,0.5530864197530864,42,"{0: 5, 1: 4}",150,0.05,[0.33333333 0.33333333 0.33333333],True,True,True,1.0,0.0,0.0,"[384, 973, 418, 233, 1426, 681, 207, 1443, 631]","[384, 973, 418, 233, 1426]","[681, 207, 1443, 631]",5,4
m3glvq_k0_5_k1_5_eta_005,0,1620,405,0.5362895353377587,0.3365384615384615,0.5737704918032787,0.4242424242424242,0.5308641975308642,42,"{0: 5, 1: 5}",150,0.05,[0.33333333 0.33333333 0.33333333],True,True,True,1.0,0.0,0.0,"[386, 1468, 1130, 1499, 1071, 164, 194, 418, 1078, 668]","[386, 1468, 1130, 1499, 1071]","[164, 194, 418, 1078, 668]",5,5
m3glvq_k0_5_k1_5_eta_005,1,1620,405,0.5565819016009371,0.4278846153846153,0.5894039735099338,0.4958217270194986,0.5530864197530864,42,"{0: 5, 1: 5}",150,0.05,[0.33333333 0.33333333 0.33333333],True,True,True,1.0,0.0,0.0,"[366, 476, 85, 870, 498, 148, 1060, 1097, 596, 441]","[366, 476, 85, 870, 498]","[148, 1060, 1097, 596, 441]",5,5
m3glvq_k0_5_k1_5_eta_005,2,1620,405,0.5615238188207732,0.4326923076923077,0.5960264900662252,0.5013927576601671,0.5580246913580247,42,"{0: 5, 1: 5}",150,0.05,[0.33333333 0.33333333 0.33333333],True,True,True,1.0,0.0,0.0,"[699, 993, 374, 855, 1229, 962, 604, 1083, 978, 723]","[699, 993, 374, 855, 1229]","[962, 604, 1083, 978, 723]",5,5
m3glvq_k0_5_k1_5_eta_005,3,1620,405,0.5342555994729907,0.3816425120772946,0.5602836879432624,0.4540229885057471,0.5308641975308642,42,"{0: 5, 1: 5}",150,0.05,[0.33333333 0.33333333 0.33333333],True,True,True,1.0,0.0,0.0,"[1241, 407, 1536, 997, 482, 1262, 682, 194, 771, 165]","[1241, 407, 1536, 997, 482]","[1262, 682, 194, 771, 165]",5,5
m3glvq_k0_5_k1_5_eta_005,4,1620,405,0.5288757136583224,0.3961352657004831,0.5503355704697986,0.4606741573033707,0.5259259259259259,42,"{0: 5, 1: 5}",150,0.05,[0.33333333 0.33333333 0.33333333],True,True,True,1.0,0.0,0.0,"[623, 403, 617, 1044, 39, 1587, 631, 1025, 207, 1443]","[623, 403, 617, 1044, 39]","[1587, 631, 1025, 207, 1443]",5,5
m3glvq_k0_5_k1_6_eta_005,0,1620,405,0.5365579851620461,0.3269230769230769,0.576271186440678,0.4171779141104295,0.5308641975308642,42,"{0: 5, 1: 6}",150,0.05,[0.33333333 0.33333333 0.33333333],True,True,True,1.0,0.0,0.0,"[1035, 906, 1130, 386, 887, 668, 178, 194, 626, 745, 463]","[1035, 906, 1130, 386, 887]","[668, 178, 194, 626, 745, 463]",5,6
m3glvq_k0_5_k1_6_eta_005,1,1620,405,0.5289437719640765,0.3269230769230769,0.5619834710743802,0.4133738601823708,0.5234567901234568,42,"{0: 5, 1: 6}",150,0.05,[0.33333333 0.33333333 0.33333333],True,True,True,1.0,0.0,0.0,"[1229, 272, 799, 1494, 366, 644, 724, 1431, 78, 725, 1321]","[1229, 272, 799, 1494, 366]","[644, 724, 1431, 78, 725, 1321]",5,6
m3glvq_k0_5_k1_6_eta_005,2,1620,405,0.5604622217883639,0.3798076923076923,0.6076923076923076,0.4674556213017751,0.5555555555555556,42,"{0: 5, 1: 6}",150,0.05,[0.33333333 0.33333333 0.33333333],True,True,True,1.0,0.0,0.0,"[1229, 374, 1471, 1304, 602, 962, 136, 139, 1520, 1063, 1565]","[1229, 374, 1471, 1304, 602]","[962, 136, 139, 1520, 1063, 1565]",5,6
m3glvq_k0_5_k1_6_eta_005,3,1620,405,0.5837725076855511,0.4251207729468599,0.6330935251798561,0.5086705202312138,0.5802469135802469,42,"{0: 5, 1: 6}",150,0.05,[0.33333333 0.33333333 0.33333333],True,True,True,1.0,0.0,0.0,"[1022, 959, 1206, 1468, 482, 1583, 763, 471, 1138, 771, 1262]","[1022, 959, 1206, 1468, 482]","[1583, 763, 471, 1138, 771, 1262]",5,6
m3glvq_k0_5_k1_6_eta_005,4,1620,405,0.5638998682476943,0.5217391304347826,0.5806451612903226,0.549618320610687,0.562962962962963,42,"{0: 5, 1: 6}",150,0.05,[0.33333333 0.33333333 0.33333333],True,True,True,1.0,0.0,0.0,"[259, 1278, 623, 1044, 501, 1025, 1270, 631, 1052, 1167, 15]","[259, 1278, 623, 1044, 501]","[1025, 1270, 631, 1052, 1167, 15]",5,6
m3glvq_k0_5_k1_7_eta_005,0,1620,405,0.5763373682155408,0.5384615384615384,0.5957446808510638,0.5656565656565657,0.5753086419753086,42,"{0: 5, 1: 7}",150,0.05,[0.33333333 0.33333333 0.33333333],True,True,True,1.0,0.0,0.0,"[97, 1035, 549, 526, 386, 463, 309, 140, 473, 5, 1076, 746]","[97, 1035, 549, 526, 386]","[463, 309, 140, 473, 5, 1076, 746]",5,7
m3glvq_k0_5_k1_7_eta_005,1,1620,405,0.5314818430300664,0.3269230769230769,0.5666666666666667,0.4146341463414634,0.5259259259259259,42,"{0: 5, 1: 7}",150,0.05,[0.33333333 0.33333333 0.33333333],True,True,True,1.0,0.0,0.0,"[366, 288, 1494, 198, 970, 1029, 1084, 442, 258, 201, 1074, 984]","[366, 288, 1494, 198, 970]","[1029, 1084, 442, 258, 201, 1074, 984]",5,7
m3glvq_k0_5_k1_7_eta_005,2,1620,405,0.5589613432253027,0.6153846153846154,0.5663716814159292,0.5898617511520737,0.5604938271604938,42,"{0: 5, 1: 7}",150,0.05,[0.33333333 0.33333333 0.33333333],True,True,True,0.0,1.0,0.0,"[1503, 838, 694, 215, 1357, 75, 962, 205, 335, 174, 158, 868]","[1503, 838, 694, 215, 1357]","[75, 962, 205, 335, 174, 158, 868]",5,7
m3glvq_k0_5_k1_7_eta_005,3,1620,405,0.5954106280193237,0.5797101449275363,0.6091370558375635,0.5940594059405941,0.5950617283950618,42,"{0: 5, 1: 7}",150,0.05,[0.33333333 0.33333333 0.33333333],True,True,True,1.0,0.0,0.0,"[1468, 482, 1268, 60, 110, 771, 1470, 491, 843, 856, 766, 1564]","[1468, 482, 1268, 60, 110]","[771, 1470, 491, 843, 856, 766, 1564]",5,7
m3glvq_k0_5_k1_7_eta_005,4,1620,405,0.5234958278436539,0.4106280193236715,0.5414012738853503,0.467032967032967,0.5209876543209877,42,"{0: 5, 1: 7}",150,0.05,[0.33333333 0.33333333 0.33333333],True,True,True,1.0,0.0,0.0,"[784, 657, 1474, 384, 1252, 1557, 431, 758, 971, 1404, 681, 171]","[784, 657, 1474, 384, 1252]","[1557, 431, 758, 971, 1404, 681, 171]",5,7
m3glvq_k0_5_k1_8_eta_005,0,1620,405,0.5762031433033972,0.5432692307692307,0.5947368421052631,0.5678391959798994,0.5753086419753086,42,"{0: 5, 1: 8}",150,0.05,[0.33333333 0.33333333 0.33333333],True,True,True,1.0,0.0,0.0,"[477, 1385, 419, 254, 1027, 394, 49, 626, 92, 304, 1146, 855, 1566]","[477, 1385, 419, 254, 1027]","[394, 49, 626, 92, 304, 1146, 855, 1566]",5,8
m3glvq_k0_5_k1_8_eta_005,1,1620,405,0.5661850839515814,0.5384615384615384,0.5833333333333334,0.5599999999999999,0.5654320987654321,42,"{0: 5, 1: 8}",150,0.05,[0.33333333 0.33333333 0.33333333],True,True,True,1.0,0.0,0.0,"[498, 366, 1494, 37, 620, 442, 1250, 810, 780, 52, 724, 439, 570]","[498, 366, 1494, 37, 620]","[442, 1250, 810, 780, 52, 724, 439, 570]",5,8
m3glvq_k0_5_k1_8_eta_005,2,1620,405,0.5271988481062085,0.3894230769230769,0.5510204081632653,0.4563380281690141,0.5234567901234568,42,"{0: 5, 1: 8}",150,0.05,[0.33333333 0.33333333 0.33333333],True,True,True,0.0,1.0,0.0,"[694, 1541, 374, 18, 1047, 664, 1139, 87, 1046, 335, 894, 730, 962]","[694, 1541, 374, 18, 1047]","[664, 1139, 87, 1046, 335, 894, 730, 962]",5,8
m3glvq_k0_5_k1_8_eta_005,3,1620,405,0.5603864734299517,0.4541062801932367,0.5875,0.5122615803814713,0.5580246913580247,42,"{0: 5, 1: 8}",150,0.05,[0.33333333 0.33333333 0.33333333],True,True,True,1.0,0.0,0.0,"[1468, 504, 482, 1394, 1241, 843, 371, 856, 633, 1431, 1564, 1544, 194]","[1468, 504, 482, 1394, 1241]","[843, 371, 856, 633, 1431, 1564, 1544, 194]",5,8
m3glvq_k0_5_k1_8_eta_005,4,1620,405,0.5508344312692138,0.5410628019323671,0.5628140703517588,0.5517241379310345,0.5506172839506173,42,"{0: 5, 1: 8}",150,0.05,[0.33333333 0.33333333 0.33333333],True,True,True,1.0,0.0,0.0,"[1474, 921, 623, 384, 501, 1167, 1270, 1040, 1025, 279, 631, 1123, 1477]","[1474, 921, 623, 384, 501]","[1167, 1270, 1040, 1025, 279, 631, 1123, 1477]",5,8
m3glvq_k0_5_k1_9_eta_005,0,1620,405,0.526783971105037,0.4951923076923077,0.5421052631578948,0.5175879396984926,0.5259259259259259,42,"{0: 5, 1: 9}",150,0.05,[0.33333333 0.33333333 0.33333333],True,True,True,1.0,0.0,0.0,"[1403, 1426, 1204, 1537, 1348, 1252, 976, 5, 463, 604, 668, 1095, 291, 626]","[1403, 1426, 1204, 1537, 1348]","[1252, 976, 5, 463, 604, 668, 1095, 291, 626]",5,9
m3glvq_k0_5_k1_9_eta_005,1,1620,405,0.5455022452167122,0.3701923076923077,0.5833333333333334,0.4529411764705882,0.5407407407407407,42,"{0: 5, 1: 9}",150,0.05,[0.33333333 0.33333333 0.33333333],True,True,True,1.0,0.0,0.0,"[620, 1229, 1494, 498, 366, 1390, 1583, 984, 1029, 1349, 394, 753, 167, 724]","[620, 1229, 1494, 498, 366]","[1390, 1583, 984, 1029, 1349, 394, 753, 167, 724]",5,9
m3glvq_k0_5_k1_9_eta_005,2,1620,405,0.5673931081608747,0.4951923076923077,0.5919540229885057,0.5392670157068062,0.5654320987654321,42,"{0: 5, 1: 9}",150,0.05,[0.33333333 0.33333333 0.33333333],True,True,True,1.0,0.0,0.0,"[1471, 1502, 1536, 288, 374, 353, 183, 1139, 139, 962, 1431, 1076, 1063, 1057]","[1471, 1502, 1536, 288, 374]","[353, 183, 1139, 139, 962, 1431, 1076, 1063, 1057]",5,9
m3glvq_k0_5_k1_9_eta_005,3,1620,405,0.5330478700043917,0.323671497584541,0.5677966101694916,0.4123076923076923,0.528395061728395,42,"{0: 5, 1: 9}",150,0.05,[0.33333333 0.33333333 0.33333333],True,True,True,1.0,0.0,0.0,"[1241, 139, 1065, 631, 482, 637, 1544, 701, 1097, 305, 927, 1564, 763, 817]","[1241, 139, 1065, 631, 482]","[637, 1544, 701, 1097, 305, 927, 1564, 763, 817]",5,9
m3glvq_k0_5_k1_9_eta_005,4,1620,405,0.5679622310057093,0.5652173913043478,0.5792079207920792,0.5721271393643031,0.5679012345679012,42,"{0: 5, 1: 9}",150,0.05,[0.33333333 0.33333333 0.33333333],True,True,True,1.0,0.0,0.0,"[403, 1474, 1048, 384, 499, 237, 1025, 864, 1582, 1188, 1052, 1528, 1443, 465]","[403, 1474, 1048, 384, 499]","[237, 1025, 864, 1582, 1188, 1052, 1528, 1443, 465]",5,9
m3glvq_k0_5_k1_10_eta_005,0,1620,405,0.5342639593908629,0.5,0.5502645502645502,0.5239294710327456,0.5333333333333333,42,"{0: 5, 1: 10}",150,0.05,[0.33333333 0.33333333 0.33333333],True,True,True,1.0,0.0,0.0,"[1385, 386, 1499, 574, 254, 604, 260, 291, 668, 1078, 504, 976, 553, 1562, 347]","[1385, 386, 1499, 574, 254]","[604, 260, 291, 668, 1078, 504, 976, 553, 1562, 347]",5,10
m3glvq_k0_5_k1_10_eta_005,1,1620,405,0.5372169074580242,0.3942307692307692,0.5655172413793104,0.4645892351274788,0.5333333333333333,42,"{0: 5, 1: 10}",150,0.05,[0.33333333 0.33333333 0.33333333],True,True,True,1.0,0.0,0.0,"[366, 855, 1229, 799, 198, 28, 442, 1431, 145, 623, 1029, 232, 887, 201, 644]","[366, 855, 1229, 799, 198]","[28, 442, 1431, 145, 623, 1029, 232, 887, 201, 644]",5,10
m3glvq_k0_5_k1_10_eta_005,2,1620,405,0.5647208121827412,0.5,0.5875706214689266,0.5402597402597403,0.562962962962963,42,"{0: 5, 1: 10}",150,0.05,[0.33333333 0.33333333 0.33333333],True,True,True,1.0,0.0,0.0,"[374, 966, 405, 545, 1005, 1075, 1139, 1063, 1392, 962, 274, 978, 664, 528, 1487]","[374, 966, 405, 545, 1005]","[1075, 1139, 1063, 1392, 962, 274, 978, 664, 528, 1487]",5,10
m3glvq_k0_5_k1_10_eta_005,3,1620,405,0.595740008783487,0.5652173913043478,0.612565445026178,0.5879396984924623,0.5950617283950618,42,"{0: 5, 1: 10}",150,0.05,[0.33333333 0.33333333 0.33333333],True,True,True,1.0,0.0,0.0,"[1468, 1381, 463, 1268, 1308, 1194, 771, 856, 763, 701, 1087, 272, 234, 1564, 637]","[1468, 1381, 463, 1268, 1308]","[1194, 771, 856, 763, 701, 1087, 272, 234, 1564, 637]",5,10
m3glvq_k0_5_k1_10_eta_005,4,1620,405,0.5646684233640755,0.5990338164251208,0.5714285714285714,0.5849056603773585,0.5654320987654321,42,"{0: 5, 1: 10}",150,0.05,[0.33333333 0.33333333 0.33333333],True,True,True,1.0,0.0,0.0,"[384, 1044, 403, 259, 501, 550, 207, 1007, 1547, 1477, 1368, 279, 759, 1025, 1106]","[384, 1044, 403, 259, 501]","[550, 207, 1007, 1547, 1477, 1368, 279, 759, 1025, 1106]",5,10
m3glvq_k0_6_k1_3_eta_005,0,1620,405,0.4899575361187036,0.1778846153846154,0.4868421052631579,0.2605633802816902,0.4814814814814814,42,"{0: 6, 1: 3}",150,0.05,[0.33333333 0.33333333 0.33333333],True,True,True,1.0,0.0,0.0,"[1200, 1385, 422, 657, 570, 254, 194, 806, 1078]","[1200, 1385, 422, 657, 570, 254]","[194, 806, 1078]",6,3
m3glvq_k0_6_k1_3_eta_005,1,1620,405,0.531213393205779,0.3365384615384615,0.5645161290322581,0.4216867469879518,0.5259259259259259,42,"{0: 6, 1: 3}",150,0.05,[0.33333333 0.33333333 0.33333333],True,True,True,1.0,0.0,0.0,"[1591, 880, 498, 585, 970, 1324, 1060, 644, 338]","[1591, 880, 498, 585, 970, 1324]","[1060, 644, 338]",6,3
m3glvq_k0_6_k1_3_eta_005,2,1620,405,0.5657580046856697,0.7355769230769231,0.5625,0.6375000000000001,0.5703703703703704,42,"{0: 6, 1: 3}",150,0.05,[0.33333333 0.33333333 0.33333333],True,True,True,0.0,0.0,1.0,"[57, 152, 899, 202, 491, 69, 1025, 0, 1202]","[57, 152, 899, 202, 491, 69]","[1025, 0, 1202]",6,3
m3glvq_k0_6_k1_3_eta_005,3,1620,405,0.5296442687747036,0.5845410628019324,0.5377777777777778,0.5601851851851852,0.5308641975308642,42,"{0: 6, 1: 3}",150,0.05,[0.33333333 0.33333333 0.33333333],True,True,True,0.0,1.0,0.0,"[302, 219, 58, 279, 65, 20, 150, 350, 1027]","[302, 219, 58, 279, 65, 20]","[150, 350, 1027]",6,3
m3glvq_k0_6_k1_3_eta_005,4,1620,405,0.5564339042599913,0.4057971014492754,0.5915492957746479,0.4813753581661891,0.5530864197530864,42,"{0: 6, 1: 3}",150,0.05,[0.33333333 0.33333333 0.33333333],True,True,True,0.9930082693445405,0.0,0.0069917306554596,"[921, 188, 499, 1482, 1474, 623, 92, 1092, 1240]","[921, 188, 499, 1482, 1474, 623]","[92, 1092, 1240]",6,3
m3glvq_k0_6_k1_4_eta_005,0,1620,405,0.509590980085904,0.2019230769230769,0.5384615384615384,0.2937062937062937,0.5012345679012346,42,"{0: 6, 1: 4}",150,0.05,[0.33333333 0.33333333 0.33333333],True,True,True,1.0,0.0,0.0,"[1499, 386, 615, 531, 771, 887, 194, 1447, 164, 710]","[1499, 386, 615, 531, 771, 887]","[194, 1447, 164, 710]",6,4
m3glvq_k0_6_k1_4_eta_005,1,1620,405,0.5029041390082,0.2596153846153846,0.5192307692307693,0.3461538461538462,0.4962962962962963,42,"{0: 6, 1: 4}",150,0.05,[0.33333333 0.33333333 0.33333333],True,True,True,1.0,0.0,0.0,"[37, 1229, 498, 366, 117, 474, 201, 644, 725, 1431]","[37, 1229, 498, 366, 117, 474]","[201, 644, 725, 1431]",6,4
m3glvq_k0_6_k1_4_eta_005,2,1620,405,0.5531042561499415,0.4615384615384615,0.5783132530120482,0.5133689839572193,0.5506172839506173,42,"{0: 6, 1: 4}",150,0.05,[0.33333333 0.33333333 0.33333333],True,True,True,1.0,0.0,0.0,"[421, 1471, 1542, 1328, 993, 1011, 139, 1565, 60, 604]","[421, 1471, 1542, 1328, 993, 1011]","[139, 1565, 60, 604]",6,4
m3glvq_k0_6_k1_4_eta_005,3,1620,405,0.5359025032938076,0.4202898550724637,0.5576923076923077,0.4793388429752066,0.5333333333333333,42,"{0: 6, 1: 4}",150,0.05,[0.33333333 0.33333333 0.33333333],True,True,True,1.0,0.0,0.0,"[619, 1422, 110, 997, 139, 1025, 682, 840, 194, 1444]","[619, 1422, 110, 997, 139, 1025]","[682, 840, 194, 1444]",6,4
m3glvq_k0_6_k1_4_eta_005,4,1620,405,0.5436978480456741,0.4106280193236715,0.5704697986577181,0.4775280898876404,0.5407407407407407,42,"{0: 6, 1: 4}",150,0.05,[0.33333333 0.33333333 0.33333333],True,True,True,1.0,0.0,0.0,"[623, 501, 921, 1278, 1474, 1090, 759, 1167, 1025, 631]","[623, 501, 921, 1278, 1474, 1090]","[759, 1167, 1025, 631]",6,4
m3glvq_k0_6_k1_5_eta_005,0,1620,405,0.5394865286997267,0.4038461538461538,0.5675675675675675,0.4719101123595505,0.5358024691358024,42,"{0: 6, 1: 5}",150,0.05,[0.33333333 0.33333333 0.33333333],True,True,True,1.0,0.0,0.0,"[1468, 906, 1333, 97, 1035, 598, 473, 12, 1076, 309, 1117]","[1468, 906, 1333, 97, 1035, 598]","[473, 12, 1076, 309, 1117]",6,5
m3glvq_k0_6_k1_5_eta_005,1,1620,405,0.5727377001171418,0.4855769230769231,0.6011904761904762,0.5372340425531915,0.5703703703703704,42,"{0: 6, 1: 5}",150,0.05,[0.33333333 0.33333333 0.33333333],True,True,True,1.0,0.0,0.0,"[85, 366, 970, 476, 597, 470, 1431, 1060, 1140, 984, 439]","[85, 366, 970, 476, 597, 470]","[1431, 1060, 1140, 984, 439]",6,5
m3glvq_k0_6_k1_5_eta_005,2,1620,405,0.5763739750097618,0.2644230769230769,0.7142857142857143,0.3859649122807017,0.5679012345679012,42,"{0: 6, 1: 5}",150,0.05,[0.33333333 0.33333333 0.33333333],True,True,True,1.0,0.0,0.0,"[374, 1229, 955, 794, 830, 188, 962, 978, 1431, 369, 723]","[374, 1229, 955, 794, 830, 188]","[962, 978, 1431, 369, 723]",6,5
m3glvq_k0_6_k1_5_eta_005,3,1620,405,0.5027448397013614,0.2125603864734299,0.5176470588235295,0.3013698630136986,0.4962962962962963,42,"{0: 6, 1: 5}",150,0.05,[0.33333333 0.33333333 0.33333333],True,True,True,0.0,1.0,0.0,"[631, 1536, 279, 537, 964, 482, 771, 1450, 857, 194, 350]","[631, 1536, 279, 537, 964, 482]","[771, 1450, 857, 194, 350]",6,5
m3glvq_k0_6_k1_5_eta_005,4,1620,405,0.55566534914361,0.4396135265700483,0.5833333333333334,0.5013774104683195,0.5530864197530864,42,"{0: 6, 1: 5}",150,0.05,[0.33333333 0.33333333 0.33333333],True,True,True,1.0,0.0,0.0,"[501, 921, 600, 623, 1474, 384, 766, 1092, 1025, 1167, 1240]","[501, 921, 600, 623, 1474, 384]","[766, 1092, 1025, 1167, 1240]",6,5
m3glvq_k0_6_k1_6_eta_005,0,1620,405,0.511189476766888,0.235576923076923,0.5384615384615384,0.3277591973244147,0.5037037037037037,42,"{0: 6, 1: 6}",150,0.05,[0.33333333 0.33333333 0.33333333],True,True,True,1.0,0.0,0.0,"[422, 986, 1468, 386, 1499, 97, 668, 1463, 164, 218, 194, 1160]","[422, 986, 1468, 386, 1499, 97]","[668, 1463, 164, 218, 194, 1160]",6,6
m3glvq_k0_6_k1_6_eta_005,1,1620,405,0.5448311206559937,0.3942307692307692,0.5774647887323944,0.4685714285714286,0.5407407407407407,42,"{0: 6, 1: 6}",150,0.05,[0.33333333 0.33333333 0.33333333],True,True,True,1.0,0.0,0.0,"[498, 366, 474, 541, 35, 85, 1461, 676, 201, 725, 359, 1150]","[498, 366, 474, 541, 35, 85]","[1461, 676, 201, 725, 359, 1150]",6,6
m3glvq_k0_6_k1_6_eta_005,2,1620,405,0.5817063647012886,0.3461538461538461,0.6666666666666666,0.4556962025316455,0.5753086419753086,42,"{0: 6, 1: 6}",150,0.05,[0.33333333 0.33333333 0.33333333],True,True,True,1.0,0.0,0.0,"[1471, 1229, 511, 374, 993, 204, 448, 1057, 962, 174, 450, 183]","[1471, 1229, 511, 374, 993, 204]","[448, 1057, 962, 174, 450, 183]",6,6
m3glvq_k0_6_k1_6_eta_005,3,1620,405,0.5001097935880545,0.3285024154589372,0.5112781954887218,0.3999999999999999,0.4962962962962963,42,"{0: 6, 1: 6}",150,0.05,[0.33333333 0.33333333 0.33333333],True,True,True,0.0,1.0,0.0,"[1241, 1415, 964, 1020, 482, 1142, 1583, 1036, 25, 771, 763, 165]","[1241, 1415, 964, 1020, 482, 1142]","[1583, 1036, 25, 771, 763, 165]",6,6
m3glvq_k0_6_k1_6_eta_005,4,1620,405,0.5408432147562582,0.3140096618357488,0.5855855855855856,0.4088050314465408,0.5358024691358024,42,"{0: 6, 1: 6}",150,0.05,[0.33333333 0.33333333 0.33333333],True,True,True,1.0,0.0,0.0,"[384, 617, 1503, 1073, 1474, 102, 681, 1557, 171, 758, 1194, 1428]","[384, 617, 1503, 1073, 1474, 102]","[681, 1557, 171, 758, 1194, 1428]",6,6
m3glvq_k0_6_k1_7_eta_005,0,1620,405,0.5547149550956658,0.4038461538461538,0.5915492957746479,0.48,0.5506172839506173,42,"{0: 6, 1: 7}",150,0.05,[0.33333333 0.33333333 0.33333333],True,True,True,1.0,0.0,0.0,"[1385, 436, 1204, 254, 1426, 1035, 348, 1493, 5, 463, 626, 976, 1252]","[1385, 436, 1204, 254, 1426, 1035]","[348, 1493, 5, 463, 626, 976, 1252]",6,7
m3glvq_k0_6_k1_7_eta_005,1,1620,405,0.5419025771183131,0.3173076923076923,0.5892857142857143,0.4125,0.5358024691358024,42,"{0: 6, 1: 7}",150,0.05,[0.33333333 0.33333333 0.33333333],True,True,True,1.0,0.0,0.0,"[398, 366, 1342, 1229, 498, 1016, 1442, 442, 145, 148, 724, 342, 1431]","[398, 366, 1342, 1229, 498, 1016]","[1442, 442, 145, 148, 724, 342, 1431]",6,7
m3glvq_k0_6_k1_7_eta_005,2,1620,405,0.5861113822725498,0.3701923076923077,0.6637931034482759,0.4753086419753086,0.5802469135802469,42,"{0: 6, 1: 7}",150,0.05,[0.33333333 0.33333333 0.33333333],True,True,True,1.0,0.0,0.0,"[548, 374, 1304, 204, 1229, 1471, 962, 139, 87, 136, 1556, 1431, 1057]","[548, 374, 1304, 204, 1229, 1471]","[962, 139, 87, 136, 1556, 1431, 1057]",6,7
m3glvq_k0_6_k1_7_eta_005,3,1620,405,0.5157004830917875,0.4202898550724637,0.5304878048780488,0.4690026954177897,0.5135802469135803,42,"{0: 6, 1: 7}",150,0.05,[0.33333333 0.33333333 0.33333333],True,True,True,0.0,1.0,0.0,"[1492, 412, 155, 964, 1078, 14, 565, 1097, 1403, 763, 350, 1159, 1343]","[1492, 412, 155, 964, 1078, 14]","[565, 1097, 1403, 763, 350, 1159, 1343]",6,7
m3glvq_k0_6_k1_7_eta_005,4,1620,405,0.5697189284145806,0.3768115942028985,0.624,0.4698795180722891,0.5654320987654321,42,"{0: 6, 1: 7}",150,0.05,[0.33333333 0.33333333 0.33333333],True,True,True,1.0,0.0,0.0,"[501, 384, 418, 617, 1474, 921, 1557, 864, 631, 33, 31, 1570, 1123]","[501, 384, 418, 617, 1474, 921]","[1557, 864, 631, 33, 31, 1570, 1123]",6,7
m3glvq_k0_6_k1_8_eta_005,0,1620,405,0.57339662241312,0.5528846153846154,0.5897435897435898,0.5707196029776674,0.5728395061728395,42,"{0: 6, 1: 8}",150,0.05,[0.33333333 0.33333333 0.33333333],True,True,True,1.0,0.0,0.0,"[1488, 1035, 213, 97, 1257, 1348, 49, 473, 745, 626, 12, 1117, 324, 1102]","[1488, 1035, 213, 97, 1257, 1348]","[49, 473, 745, 626, 12, 1117, 324, 1102]",6,8
m3glvq_k0_6_k1_8_eta_005,1,1620,405,0.5551054275673565,0.4807692307692308,0.5780346820809249,0.5249343832020997,0.5530864197530864,42,"{0: 6, 1: 8}",150,0.05,[0.33333333 0.33333333 0.33333333],True,True,True,1.0,0.0,0.0,"[474, 96, 35, 543, 1204, 930, 521, 1140, 1108, 644, 145, 570, 724, 725]","[474, 96, 35, 543, 1204, 930]","[521, 1140, 1108, 644, 145, 570, 724, 725]",6,8
m3glvq_k0_6_k1_8_eta_005,2,1620,405,0.5392180788754393,0.4134615384615384,0.5657894736842105,0.4777777777777777,0.5358024691358024,42,"{0: 6, 1: 8}",150,0.05,[0.33333333 0.33333333 0.33333333],True,True,True,0.0,1.0,0.0,"[9, 1357, 838, 150, 694, 1503, 1059, 868, 894, 1046, 818, 1236, 1380, 205]","[9, 1357, 838, 150, 694, 1503]","[1059, 868, 894, 1046, 818, 1236, 1380, 205]",6,8
m3glvq_k0_6_k1_8_eta_005,3,1620,405,0.4934123847167325,0.6231884057971014,0.5058823529411764,0.5584415584415584,0.4962962962962963,42,"{0: 6, 1: 8}",150,0.05,[0.33333333 0.33333333 0.33333333],True,True,True,0.0,1.0,0.0,"[155, 279, 1492, 65, 964, 537, 1091, 150, 408, 763, 1003, 1377, 1084, 350]","[155, 279, 1492, 65, 964, 537]","[1091, 150, 408, 763, 1003, 1377, 1084, 350]",6,8
m3glvq_k0_6_k1_8_eta_005,4,1620,405,0.586627140974967,0.5217391304347826,0.6101694915254238,0.5625,0.5851851851851851,42,"{0: 6, 1: 8}",150,0.05,[0.33333333 0.33333333 0.33333333],True,True,True,1.0,0.0,0.0,"[524, 501, 1087, 384, 958, 1013, 1477, 71, 152, 1167, 631, 868, 759, 1220]","[524, 501, 1087, 384, 958, 1013]","[1477, 71, 152, 1167, 631, 868, 759, 1220]",6,8
m3glvq_k0_6_k1_9_eta_005,0,1620,405,0.5326532604451386,0.5576923076923077,0.5446009389671361,0.5510688836104513,0.5333333333333333,42,"{0: 6, 1: 9}",150,0.05,[0.33333333 0.33333333 0.33333333],True,True,True,1.0,0.0,0.0,"[422, 213, 436, 502, 386, 1348, 553, 810, 381, 1139, 12, 626, 469, 194, 29]","[422, 213, 436, 502, 386, 1348]","[553, 810, 381, 1139, 12, 626, 469, 194, 29]",6,9
m3glvq_k0_6_k1_9_eta_005,1,1620,405,0.5388154041390082,0.4278846153846153,0.5632911392405063,0.4863387978142076,0.5358024691358024,42,"{0: 6, 1: 9}",150,0.05,[0.33333333 0.33333333 0.33333333],True,True,True,1.0,0.0,0.0,"[585, 366, 539, 470, 855, 799, 1029, 520, 724, 442, 238, 145, 1431, 1583, 1544]","[585, 366, 539, 470, 855, 799]","[1029, 520, 724, 442, 238, 145, 1431, 1583, 1544]",6,9
m3glvq_k0_6_k1_9_eta_005,2,1620,405,0.542805544709098,0.5576923076923077,0.5550239234449761,0.5563549160671464,0.5432098765432098,42,"{0: 6, 1: 9}",150,0.05,[0.33333333 0.33333333 0.33333333],True,True,True,1.0,0.0,0.0,"[436, 421, 511, 479, 374, 1471, 604, 664, 730, 1014, 385, 1392, 1565, 26, 962]","[436, 421, 511, 479, 374, 1471]","[604, 664, 730, 1014, 385, 1392, 1565, 26, 962]",6,9
m3glvq_k0_6_k1_9_eta_005,3,1620,405,0.5329380764163373,0.6618357487922706,0.5372549019607843,0.593073593073593,0.5358024691358024,42,"{0: 6, 1: 9}",150,0.05,[0.33333333 0.33333333 0.33333333],True,True,True,0.0,1.0,0.0,"[279, 58, 992, 219, 65, 302, 370, 1583, 1084, 979, 1343, 1027, 1378, 150, 1175]","[279, 58, 992, 219, 65, 302]","[370, 1583, 1084, 979, 1343, 1027, 1378, 150, 1175]",6,9
m3glvq_k0_6_k1_9_eta_005,4,1620,405,0.5546772068511199,0.4830917874396135,0.5747126436781609,0.5249343832020997,0.5530864197530864,42,"{0: 6, 1: 9}",150,0.05,[0.33333333 0.33333333 0.33333333],True,True,True,1.0,0.0,0.0,"[499, 384, 992, 623, 1474, 665, 929, 1270, 171, 1167, 758, 1025, 49, 757, 478]","[499, 384, 992, 623, 1474, 665]","[929, 1270, 171, 1167, 758, 1025, 49, 757, 478]",6,9
m3glvq_k0_6_k1_10_eta_005,0,1620,405,0.4998047637641546,0.4615384615384615,0.5133689839572193,0.4860759493670886,0.4987654320987654,42,"{0: 6, 1: 10}",150,0.05,[0.33333333 0.33333333 0.33333333],True,True,True,1.0,0.0,0.0,"[771, 739, 1071, 567, 386, 222, 504, 229, 218, 1155, 668, 194, 162, 745, 553, 1039]","[771, 739, 1071, 567, 386, 222]","[504, 229, 218, 1155, 668, 194, 162, 745, 553, 1039]",6,10
m3glvq_k0_6_k1_10_eta_005,1,1620,405,0.5260030261616556,0.3413461538461538,0.5546875,0.4226190476190476,0.5209876543209877,42,"{0: 6, 1: 10}",150,0.05,[0.33333333 0.33333333 0.33333333],True,True,True,1.0,0.0,0.0,"[1229, 930, 210, 226, 366, 198, 95, 28, 359, 442, 1202, 1146, 1116, 1321, 201, 984]","[1229, 930, 210, 226, 366, 198]","[95, 28, 359, 442, 1202, 1146, 1116, 1321, 201, 984]",6,10
m3glvq_k0_6_k1_10_eta_005,2,1620,405,0.5315916634127293,0.5048076923076923,0.546875,0.525,0.5308641975308642,42,"{0: 6, 1: 10}",150,0.05,[0.33333333 0.33333333 0.33333333],True,True,True,1.0,0.0,0.0,"[1471, 105, 479, 400, 591, 511, 604, 203, 404, 664, 962, 1139, 723, 730, 1082, 1133]","[1471, 105, 479, 400, 591, 511]","[604, 203, 404, 664, 962, 1139, 723, 730, 1082, 1133]",6,10
m3glvq_k0_6_k1_10_eta_005,3,1620,405,0.5395256916996047,0.4830917874396135,0.5555555555555556,0.516795865633075,0.5382716049382716,42,"{0: 6, 1: 10}",150,0.05,[0.33333333 0.33333333 0.33333333],True,True,True,0.0,1.0,0.0,"[964, 279, 482, 973, 1020, 155, 1482, 701, 194, 682, 50, 162, 373, 1511, 904, 143]","[964, 279, 482, 973, 1020, 155]","[1482, 701, 194, 682, 50, 162, 373, 1511, 904, 143]",6,10
m3glvq_k0_6_k1_10_eta_005,4,1620,405,0.5516029863855951,0.5072463768115942,0.5675675675675675,0.5357142857142857,0.5506172839506173,42,"{0: 6, 1: 10}",150,0.05,[0.33333333 0.33333333 0.33333333],True,True,True,1.0,0.0,0.0,"[403, 1013, 499, 775, 623, 617, 1188, 237, 550, 971, 929, 1364, 151, 757, 33, 1092]","[403, 1013, 499, 775, 623, 617]","[1188, 237, 550, 971, 929, 1364, 151, 757, 33, 1092]",6,10
m3glvq_k0_7_k1_3_eta_005,0,1620,405,0.516534068723155,0.2259615384615384,0.5529411764705883,0.3208191126279864,0.508641975308642,42,"{0: 7, 1: 3}",150,0.05,[0.33333333 0.33333333 0.33333333],True,True,True,1.0,0.0,0.0,"[386, 1385, 887, 1035, 615, 531, 1027, 1447, 194, 806]","[386, 1385, 887, 1035, 615, 531, 1027]","[1447, 194, 806]",7,3
m3glvq_k0_7_k1_3_eta_005,1,1620,405,0.5177176884029676,0.3653846153846153,0.5390070921985816,0.4355300859598854,0.5135802469135803,42,"{0: 7, 1: 3}",150,0.05,[0.33333333 0.33333333 0.33333333],True,True,True,0.9288664075537928,0.0172576618807373,0.0538759305654698,"[1342, 1394, 85, 585, 366, 1016, 880, 1433, 1060, 636]","[1342, 1394, 85, 585, 366, 1016, 880]","[1433, 1060, 636]",7,3
m3glvq_k0_7_k1_3_eta_005,2,1620,405,0.5536533580632566,0.3509615384615384,0.6033057851239669,0.4437689969604863,0.5481481481481482,42,"{0: 7, 1: 3}",150,0.05,[0.33333333 0.33333333 0.33333333],True,True,True,0.0,0.0,1.0,"[636, 202, 400, 1216, 1503, 424, 479, 1472, 779, 527]","[636, 202, 400, 1216, 1503, 424, 479]","[1472, 779, 527]",7,3
m3glvq_k0_7_k1_3_eta_005,3,1620,405,0.5306324110671937,0.6521739130434783,0.5357142857142857,0.5882352941176471,0.5333333333333333,42,"{0: 7, 1: 3}",150,0.05,[0.33333333 0.33333333 0.33333333],True,True,True,0.0027800978411995,0.9683642693321756,0.0288556328266249,"[1492, 302, 1441, 279, 155, 1231, 948, 150, 1489, 350]","[1492, 302, 1441, 279, 155, 1231, 948]","[150, 1489, 350]",7,3
m3glvq_k0_7_k1_3_eta_005,4,1620,405,0.563570487483531,0.3140096618357488,0.6372549019607843,0.4207119741100323,0.5580246913580247,42,"{0: 7, 1: 3}",150,0.05,[0.33333333 0.33333333 0.33333333],True,True,True,1.0,0.0,0.0,"[617, 384, 312, 1474, 734, 418, 104, 207, 631, 818]","[617, 384, 312, 1474, 734, 418, 104]","[207, 631, 818]",7,3
m3glvq_k0_7_k1_4_eta_005,0,1620,405,0.5360332877782117,0.2548076923076923,0.5955056179775281,0.3569023569023569,0.528395061728395,42,"{0: 7, 1: 4}",150,0.05,[0.33333333 0.33333333 0.33333333],True,True,True,1.0,0.0,0.0,"[1333, 1035, 436, 615, 1426, 97, 1468, 1043, 1398, 164, 1078]","[1333, 1035, 436, 615, 1426, 97, 1468]","[1043, 1398, 164, 1078]",7,4
m3glvq_k0_7_k1_4_eta_005,1,1620,405,0.5723594299101913,0.3173076923076923,0.66,0.4285714285714286,0.5654320987654321,42,"{0: 7, 1: 4}",150,0.05,[0.33333333 0.33333333 0.33333333],True,True,True,1.0,0.0,0.0,"[1537, 366, 1055, 198, 35, 880, 541, 1431, 644, 1060, 441]","[1537, 366, 1055, 198, 35, 880, 541]","[1431, 644, 1060, 441]",7,4
m3glvq_k0_7_k1_4_eta_005,2,1620,405,0.5558009566575557,0.2740384615384615,0.6404494382022472,0.3838383838383838,0.5481481481481482,42,"{0: 7, 1: 4}",150,0.05,[0.33333333 0.33333333 0.33333333],True,True,True,1.0,0.0,0.0,"[511, 1193, 301, 374, 105, 329, 1541, 1431, 821, 962, 1071]","[511, 1193, 301, 374, 105, 329, 1541]","[1431, 821, 962, 1071]",7,4
m3glvq_k0_7_k1_4_eta_005,3,1620,405,0.5653271848924023,0.3478260869565217,0.6260869565217392,0.4472049689440994,0.5604938271604938,42,"{0: 7, 1: 4}",150,0.05,[0.33333333 0.33333333 0.33333333],True,True,True,1.0,0.0,0.0,"[1468, 619, 482, 959, 97, 110, 206, 194, 1076, 840, 682]","[1468, 619, 482, 959, 97, 110, 206]","[194, 1076, 840, 682]",7,4
m3glvq_k0_7_k1_4_eta_005,4,1620,405,0.569828722002635,0.3719806763285024,0.6260162601626016,0.4666666666666666,0.5654320987654321,42,"{0: 7, 1: 4}",150,0.05,[0.33333333 0.33333333 0.33333333],True,True,True,1.0,0.0,0.0,"[809, 384, 1252, 1044, 403, 734, 104, 171, 1092, 71, 207]","[809, 384, 1252, 1044, 403, 734, 104]","[171, 1092, 71, 207]",7,4
m3glvq_k0_7_k1_5_eta_005,0,1620,405,0.5198652869972666,0.2884615384615384,0.5504587155963303,0.3785488958990536,0.5135802469135803,42,"{0: 7, 1: 5}",150,0.05,[0.33333333 0.33333333 0.33333333],True,True,True,1.0,0.0,0.0,"[1499, 1134, 422, 386, 771, 615, 1385, 418, 194, 668, 164, 1078]","[1499, 1134, 422, 386, 771, 615, 1385]","[418, 194, 668, 164, 1078]",7,5
m3glvq_k0_7_k1_5_eta_005,1,1620,405,0.5652699140960562,0.3894230769230769,0.6136363636363636,0.4764705882352941,0.5604938271604938,42,"{0: 7, 1: 5}",150,0.05,[0.33333333 0.33333333 0.33333333],True,True,True,1.0,0.0,0.0,"[1342, 1257, 628, 187, 1006, 85, 366, 734, 725, 439, 1140, 595]","[1342, 1257, 628, 187, 1006, 85, 366]","[734, 725, 439, 1140, 595]",7,5
m3glvq_k0_7_k1_5_eta_005,2,1620,405,0.5483209683717298,0.2692307692307692,0.6222222222222222,0.3758389261744966,0.5407407407407407,42,"{0: 7, 1: 5}",150,0.05,[0.33333333 0.33333333 0.33333333],True,True,True,0.0,1.0,0.0,"[991, 838, 1357, 400, 1047, 511, 694, 1464, 978, 1431, 962, 335]","[991, 838, 1357, 400, 1047, 511, 694]","[1464, 978, 1431, 962, 335]",7,5
m3glvq_k0_7_k1_5_eta_005,3,1620,405,0.5261308739569609,0.2946859903381642,0.5596330275229358,0.3860759493670885,0.5209876543209877,42,"{0: 7, 1: 5}",150,0.05,[0.33333333 0.33333333 0.33333333],True,True,True,1.0,0.0,0.0,"[179, 1065, 482, 1536, 1468, 1059, 1241, 682, 1564, 165, 194, 771]","[179, 1065, 482, 1536, 1468, 1059, 1241]","[682, 1564, 165, 194, 771]",7,5
m3glvq_k0_7_k1_5_eta_005,4,1620,405,0.5463328941589811,0.2946859903381642,0.6039603960396039,0.396103896103896,0.5407407407407407,42,"{0: 7, 1: 5}",150,0.05,[0.33333333 0.33333333 0.33333333],True,True,True,1.0,0.0,0.0,"[14, 384, 1474, 1054, 1073, 623, 921, 1025, 311, 207, 1097, 766]","[14, 384, 1474, 1054, 1073, 623, 921]","[1025, 311, 207, 1097, 766]",7,5
m3glvq_k0_7_k1_6_eta_005,0,1620,405,0.508248730964467,0.25,0.5306122448979592,0.3398692810457516,0.5012345679012346,42,"{0: 7, 1: 6}",150,0.05,[0.33333333 0.33333333 0.33333333],True,True,True,1.0,0.0,0.0,"[494, 1348, 1537, 615, 205, 386, 516, 218, 668, 1447, 164, 194, 1420]","[494, 1348, 1537, 615, 205, 386, 516]","[218, 668, 1447, 164, 194, 1420]",7,6
m3glvq_k0_7_k1_6_eta_005,1,1620,405,0.5528480085903944,0.3798076923076923,0.5939849624060151,0.4633431085043988,0.5481481481481482,42,"{0: 7, 1: 6}",150,0.05,[0.33333333 0.33333333 0.33333333],True,True,True,1.0,0.0,0.0,"[555, 117, 366, 739, 1267, 1494, 13, 1433, 184, 1559, 201, 644, 1461]","[555, 117, 366, 739, 1267, 1494, 13]","[1433, 184, 1559, 201, 644, 1461]",7,6
m3glvq_k0_7_k1_6_eta_005,2,1620,405,0.5189257126122608,0.3221153846153846,0.5447154471544715,0.404833836858006,0.5135802469135803,42,"{0: 7, 1: 6}",150,0.05,[0.33333333 0.33333333 0.33333333],True,True,True,1.0,0.0,0.0,"[1196, 855, 1005, 1001, 1541, 400, 511, 158, 1427, 1442, 978, 136, 962]","[1196, 855, 1005, 1001, 1541, 400, 511]","[158, 1427, 1442, 978, 136, 962]",7,6
m3glvq_k0_7_k1_6_eta_005,3,1620,405,0.5541282389108476,0.3961352657004831,0.5899280575539568,0.4739884393063583,0.5506172839506173,42,"{0: 7, 1: 6}",150,0.05,[0.33333333 0.33333333 0.33333333],True,True,True,1.0,0.0,0.0,"[980, 1241, 1422, 139, 997, 1483, 110, 843, 176, 1087, 194, 1262, 466]","[980, 1241, 1422, 139, 997, 1483, 110]","[843, 176, 1087, 194, 1262, 466]",7,6
m3glvq_k0_7_k1_6_eta_005,4,1620,405,0.580149319279754,0.4734299516908212,0.6125,0.5340599455040872,0.5777777777777777,42,"{0: 7, 1: 6}",150,0.05,[0.33333333 0.33333333 0.33333333],True,True,True,1.0,0.0,0.0,"[623, 921, 1013, 501, 1348, 784, 865, 311, 1167, 1368, 1489, 1582, 1025]","[623, 921, 1013, 501, 1348, 784, 865]","[311, 1167, 1368, 1489, 1582, 1025]",7,6
m3glvq_k0_7_k1_7_eta_005,0,1620,405,0.5109088246778601,0.3365384615384615,0.5303030303030303,0.411764705882353,0.5061728395061729,42,"{0: 7, 1: 7}",150,0.05,[0.33333333 0.33333333 0.33333333],True,True,True,1.0,0.0,0.0,"[1499, 707, 1385, 574, 1426, 1350, 1204, 1572, 1447, 668, 463, 164, 194, 1420]","[1499, 707, 1385, 574, 1426, 1350, 1204]","[1572, 1447, 668, 463, 164, 194, 1420]",7,7
m3glvq_k0_7_k1_7_eta_005,1,1620,405,0.5386933814916048,0.3413461538461538,0.5772357723577236,0.4290030211480363,0.5333333333333333,42,"{0: 7, 1: 7}",150,0.05,[0.33333333 0.33333333 0.33333333],True,True,True,1.0,0.0,0.0,"[366, 35, 385, 880, 1016, 585, 1055, 623, 1250, 394, 724, 209, 1029, 360]","[366, 35, 385, 880, 1016, 585, 1055]","[623, 1250, 394, 724, 209, 1029, 360]",7,7
m3glvq_k0_7_k1_7_eta_005,2,1620,405,0.5549834049199531,0.3942307692307692,0.5942028985507246,0.4739884393063584,0.5506172839506173,42,"{0: 7, 1: 7}",150,0.05,[0.33333333 0.33333333 0.33333333],True,True,True,1.0,0.0,0.0,"[1196, 1503, 1347, 855, 636, 511, 549, 962, 1067, 136, 87, 448, 563, 1556]","[1196, 1503, 1347, 855, 636, 511, 549]","[962, 1067, 136, 87, 448, 563, 1556]",7,7
m3glvq_k0_7_k1_7_eta_005,3,1620,405,0.575318401405358,0.463768115942029,0.6075949367088608,0.5260273972602739,0.5728395061728395,42,"{0: 7, 1: 7}",150,0.05,[0.33333333 0.33333333 0.33333333],True,True,True,1.0,0.0,0.0,"[407, 482, 1492, 1241, 591, 561, 1468, 632, 771, 763, 1008, 1097, 1159, 1003]","[407, 482, 1492, 1241, 591, 561, 1468]","[632, 771, 763, 1008, 1097, 1159, 1003]",7,7
m3glvq_k0_7_k1_7_eta_005,4,1620,405,0.5384277558190602,0.4202898550724637,0.5612903225806452,0.4806629834254143,0.5358024691358024,42,"{0: 7, 1: 7}",150,0.05,[0.33333333 0.33333333 0.33333333],True,True,True,1.0,0.0,0.0,"[578, 233, 1013, 734, 384, 418, 1225, 376, 1097, 1364, 1557, 207, 1564, 33]","[578, 233, 1013, 734, 384, 418, 1225]","[376, 1097, 1364, 1557, 207, 1564, 33]",7,7
m3glvq_k0_7_k1_8_eta_005,0,1620,405,0.5129099960952753,0.3557692307692308,0.5323741007194245,0.4265129682997118,0.508641975308642,42,"{0: 7, 1: 8}",150,0.05,[0.33333333 0.33333333 0.33333333],True,True,True,1.0,0.0,0.0,"[615, 1333, 1426, 551, 906, 222, 574, 1160, 418, 976, 463, 1076, 462, 668, 604]","[615, 1333, 1426, 551, 906, 222, 574]","[1160, 418, 976, 463, 1076, 462, 668, 604]",7,8
m3glvq_k0_7_k1_8_eta_005,1,1620,405,0.5228060327996876,0.2740384615384615,0.5588235294117647,0.3677419354838709,0.5160493827160494,42,"{0: 7, 1: 8}",150,0.05,[0.33333333 0.33333333 0.33333333],True,True,True,1.0,0.0,0.0,"[928, 385, 996, 1494, 880, 366, 198, 145, 725, 521, 1029, 184, 644, 359, 442]","[928, 385, 996, 1494, 880, 366, 198]","[145, 725, 521, 1029, 184, 644, 359, 442]",7,8
m3glvq_k0_7_k1_8_eta_005,2,1620,405,0.5619020890277235,0.6009615384615384,0.5707762557077626,0.585480093676815,0.562962962962963,42,"{0: 7, 1: 8}",150,0.05,[0.33333333 0.33333333 0.33333333],True,True,True,0.0,1.0,0.0,"[215, 91, 325, 991, 694, 838, 1357, 364, 335, 174, 205, 962, 868, 448, 368]","[215, 91, 325, 991, 694, 838, 1357]","[364, 335, 174, 205, 962, 868, 448, 368]",7,8
m3glvq_k0_7_k1_8_eta_005,3,1620,405,0.5543478260869565,0.3864734299516908,0.5925925925925926,0.4678362573099415,0.5506172839506173,42,"{0: 7, 1: 8}",150,0.05,[0.33333333 0.33333333 0.33333333],True,True,True,1.0,0.0,0.0,"[1059, 139, 1468, 302, 482, 110, 1241, 930, 143, 856, 1544, 1082, 1036, 194, 50]","[1059, 139, 1468, 302, 482, 110, 1241]","[930, 143, 856, 1544, 1082, 1036, 194, 50]",7,8
m3glvq_k0_7_k1_8_eta_005,4,1620,405,0.5400746596398771,0.3478260869565217,0.576,0.4337349397590361,0.5358024691358024,42,"{0: 7, 1: 8}",150,0.05,[0.33333333 0.33333333 0.33333333],True,True,True,1.0,0.0,0.0,"[384, 416, 1252, 501, 14, 1474, 623, 631, 1064, 1364, 1052, 349, 1270, 757, 152]","[384, 416, 1252, 501, 14, 1474, 623]","[631, 1064, 1364, 1052, 349, 1270, 757, 152]",7,8
m3glvq_k0_7_k1_9_eta_005,0,1620,405,0.5261372510737994,0.3365384615384615,0.5555555555555556,0.4191616766467066,0.5209876543209877,42,"{0: 7, 1: 9}",150,0.05,[0.33333333 0.33333333 0.33333333],True,True,True,1.0,0.0,0.0,"[97, 570, 1134, 1468, 502, 422, 1426, 228, 194, 463, 1511, 178, 1076, 49, 698, 348]","[97, 570, 1134, 1468, 502, 422, 1426]","[228, 194, 463, 1511, 178, 1076, 49, 698, 348]",7,9
m3glvq_k0_7_k1_9_eta_005,1,1620,405,0.5998389301054275,0.6057692307692307,0.6116504854368932,0.6086956521739131,0.6,42,"{0: 7, 1: 9}",150,0.05,[0.33333333 0.33333333 0.33333333],True,True,True,1.0,0.0,0.0,"[880, 1006, 651, 1605, 1016, 366, 199, 441, 148, 810, 521, 725, 648, 58, 52, 925]","[880, 1006, 651, 1605, 1016, 366, 199]","[441, 148, 810, 521, 725, 648, 58, 52, 925]",7,9
m3glvq_k0_7_k1_9_eta_005,2,1620,405,0.531323213588442,0.5144230769230769,0.5459183673469388,0.5297029702970296,0.5308641975308642,42,"{0: 7, 1: 9}",150,0.05,[0.33333333 0.33333333 0.33333333],True,True,True,0.0041297529529306,0.9958702470470692,0.0,"[1503, 1216, 18, 694, 150, 1247, 400, 1341, 19, 1130, 230, 1236, 810, 868, 75, 335]","[1503, 1216, 18, 694, 150, 1247, 400]","[1341, 19, 1130, 230, 1236, 810, 868, 75, 335]",7,9
m3glvq_k0_7_k1_9_eta_005,3,1620,405,0.5517127799736495,0.5024154589371981,0.5683060109289617,0.5333333333333333,0.5506172839506173,42,"{0: 7, 1: 9}",150,0.05,[0.33333333 0.33333333 0.33333333],True,True,True,1.0,0.0,0.0,"[482, 581, 825, 1492, 426, 997, 959, 1489, 682, 143, 373, 1243, 194, 50, 1003, 632]","[482, 581, 825, 1492, 426, 997, 959]","[1489, 682, 143, 373, 1243, 194, 50, 1003, 632]",7,9
m3glvq_k0_7_k1_9_eta_005,4,1620,405,0.5780632411067194,0.5652173913043478,0.5909090909090909,0.5777777777777778,0.5777777777777777,42,"{0: 7, 1: 9}",150,0.05,[0.33333333 0.33333333 0.33333333],True,True,True,1.0,0.0,0.0,"[501, 921, 623, 600, 1048, 1044, 901, 1019, 864, 1477, 377, 1368, 279, 661, 1025, 1342]","[501, 921, 623, 600, 1048, 1044, 901]","[1019, 864, 1477, 377, 1368, 279, 661, 1025, 1342]",7,9
m3glvq_k0_7_k1_10_eta_005,0,1620,405,0.5611333463490824,0.3557692307692308,0.6166666666666667,0.4512195121951219,0.5555555555555556,42,"{0: 7, 1: 10}",150,0.05,[0.33333333 0.33333333 0.33333333],True,True,True,1.0,0.0,0.0,"[97, 1468, 906, 1426, 739, 1099, 1204, 162, 463, 1447, 1566, 744, 1484, 839, 852, 218, 1156]","[97, 1468, 906, 1426, 739, 1099, 1204]","[162, 463, 1447, 1566, 744, 1484, 839, 852, 218, 1156]",7,10
m3glvq_k0_7_k1_10_eta_005,1,1620,405,0.5589857477547833,0.4326923076923077,0.5921052631578947,0.5,0.5555555555555556,42,"{0: 7, 1: 10}",150,0.05,[0.33333333 0.33333333 0.33333333],True,True,True,1.0,0.0,0.0,"[808, 1077, 498, 1055, 585, 1223, 1016, 786, 185, 1433, 1390, 316, 1216, 927, 157, 439, 611]","[808, 1077, 498, 1055, 585, 1223, 1016]","[786, 185, 1433, 1390, 316, 1216, 927, 157, 439, 611]",7,10
m3glvq_k0_7_k1_10_eta_005,2,1620,405,0.5158629441624365,0.25,0.5473684210526316,0.3432343234323432,0.508641975308642,42,"{0: 7, 1: 10}",150,0.05,[0.33333333 0.33333333 0.33333333],True,True,True,0.0,1.0,0.0,"[602, 1229, 1503, 838, 694, 374, 548, 1449, 1486, 868, 1380, 528, 664, 730, 60, 353, 274]","[602, 1229, 1503, 838, 694, 374, 548]","[1449, 1486, 868, 1380, 528, 664, 730, 60, 353, 274]",7,10
m3glvq_k0_7_k1_10_eta_005,3,1620,405,0.5569828722002635,0.4927536231884058,0.576271186440678,0.53125,0.5555555555555556,42,"{0: 7, 1: 10}",150,0.05,[0.33333333 0.33333333 0.33333333],True,True,True,1.0,0.0,0.0,"[14, 1422, 1483, 997, 179, 476, 656, 1049, 1003, 763, 1087, 231, 390, 1560, 1544, 843, 468]","[14, 1422, 1483, 997, 179, 476, 656]","[1049, 1003, 763, 1087, 231, 390, 1560, 1544, 843, 468]",7,10
m3glvq_k0_7_k1_10_eta_005,4,1620,405,0.544137022397892,0.391304347826087,0.574468085106383,0.4655172413793104,0.5407407407407407,42,"{0: 7, 1: 10}",150,0.05,[0.33333333 0.33333333 0.33333333],True,True,True,1.0,0.0,0.0,"[1048, 384, 501, 860, 1252, 14, 901, 631, 1404, 1439, 1019, 1063, 555, 1058, 1052, 1167, 92]","[1048, 384, 501, 860, 1252, 14, 901]","[631, 1404, 1439, 1019, 1063, 555, 1058, 1052, 1167, 92]",7,10
m3glvq_k0_8_k1_3_eta_005,0,1620,405,0.4868703631393986,0.2884615384615384,0.4918032786885246,0.3636363636363636,0.4814814814814814,42,"{0: 8, 1: 3}",150,0.05,[0.33333333 0.33333333 0.33333333],True,True,True,1.0,0.0,0.0,"[771, 1426, 1499, 1134, 657, 739, 1348, 410, 194, 806, 1078]","[771, 1426, 1499, 1134, 657, 739, 1348, 410]","[194, 806, 1078]",8,3
m3glvq_k0_8_k1_3_eta_005,1,1620,405,0.5043928153065209,0.1153846153846153,0.5333333333333333,0.1897233201581027,0.4938271604938271,42,"{0: 8, 1: 3}",150,0.05,[0.33333333 0.33333333 0.33333333],True,True,True,0.0,1.0,0.0,"[1229, 1494, 388, 398, 470, 840, 210, 628, 1433, 927, 636]","[1229, 1494, 388, 398, 470, 840, 210, 628]","[1433, 927, 636]",8,3
m3glvq_k0_8_k1_3_eta_005,2,1620,405,0.5691258297540023,0.5240384615384616,0.5891891891891892,0.5547073791348601,0.5679012345679012,42,"{0: 8, 1: 3}",150,0.05,[0.33333333 0.33333333 0.33333333],True,True,True,0.0,1.0,0.0,"[91, 325, 215, 1533, 1503, 838, 694, 1357, 1522, 962, 1449]","[91, 325, 215, 1533, 1503, 838, 694, 1357]","[1522, 962, 1449]",8,3
m3glvq_k0_8_k1_3_eta_005,3,1620,405,0.5363416776460255,0.7342995169082126,0.5371024734982333,0.6204081632653062,0.5407407407407407,42,"{0: 8, 1: 3}",150,0.05,[0.33333333 0.33333333 0.33333333],True,True,True,0.0,0.0,1.0,"[352, 1566, 323, 95, 203, 505, 451, 158, 1262, 100, 102]","[352, 1566, 323, 95, 203, 505, 451, 158]","[1262, 100, 102]",8,3
m3glvq_k0_8_k1_3_eta_005,4,1620,405,0.5243741765480896,0.1497584541062802,0.6078431372549019,0.2403100775193798,0.5160493827160494,42,"{0: 8, 1: 3}",150,0.05,[0.33333333 0.33333333 0.33333333],True,True,True,1.0,0.0,0.0,"[384, 233, 1252, 104, 1044, 1156, 835, 754, 818, 631, 207]","[384, 233, 1252, 104, 1044, 1156, 835, 754]","[818, 631, 207]",8,3
m3glvq_k0_8_k1_4_eta_005,0,1620,405,0.5333609918000781,0.2596153846153846,0.5869565217391305,0.36,0.5259259259259259,42,"{0: 8, 1: 4}",150,0.05,[0.33333333 0.33333333 0.33333333],True,True,True,1.0,0.0,0.0,"[1201, 1468, 906, 1385, 615, 754, 419, 1035, 1447, 309, 164, 473]","[1201, 1468, 906, 1385, 615, 754, 419, 1035]","[1447, 309, 164, 473]",8,4
m3glvq_k0_8_k1_4_eta_005,1,1620,405,0.5354963881296368,0.2740384615384615,0.5876288659793815,0.3737704918032787,0.528395061728395,42,"{0: 8, 1: 4}",150,0.05,[0.33333333 0.33333333 0.33333333],True,True,True,1.0,0.0,0.0,"[880, 187, 366, 1200, 1324, 489, 37, 1006, 201, 429, 1060, 1431]","[880, 187, 366, 1200, 1324, 489, 37, 1006]","[201, 429, 1060, 1431]",8,4
m3glvq_k0_8_k1_4_eta_005,2,1620,405,0.5355085903943771,0.1826923076923076,0.6333333333333333,0.2835820895522388,0.5259259259259259,42,"{0: 8, 1: 4}",150,0.05,[0.33333333 0.33333333 0.33333333],True,True,True,1.0,0.0,0.0,"[188, 636, 1503, 400, 1471, 548, 1106, 1583, 821, 158, 962, 1144]","[188, 636, 1503, 400, 1471, 548, 1106, 1583]","[821, 158, 962, 1144]",8,4
m3glvq_k0_8_k1_4_eta_005,3,1620,405,0.591897233201581,0.5120772946859904,0.6198830409356725,0.5608465608465609,0.5901234567901235,42,"{0: 8, 1: 4}",150,0.05,[0.33333333 0.33333333 0.33333333],True,True,True,1.0,0.0,0.0,"[1468, 60, 314, 1580, 737, 776, 988, 110, 856, 1355, 1564, 1525]","[1468, 60, 314, 1580, 737, 776, 988, 110]","[856, 1355, 1564, 1525]",8,4
m3glvq_k0_8_k1_4_eta_005,4,1620,405,0.5223978919631094,0.2367149758454106,0.5632183908045977,0.3333333333333333,0.5160493827160494,42,"{0: 8, 1: 4}",150,0.05,[0.33333333 0.33333333 0.33333333],True,True,True,1.0,0.0,0.0,"[14, 483, 1087, 501, 384, 1073, 775, 873, 1443, 1092, 207, 92]","[14, 483, 1087, 501, 384, 1073, 775, 873]","[1443, 1092, 207, 92]",8,4
m3glvq_k0_8_k1_5_eta_005,0,1620,405,0.5386933814916048,0.3413461538461538,0.5772357723577236,0.4290030211480363,0.5333333333333333,42,"{0: 8, 1: 5}",150,0.05,[0.33333333 0.33333333 0.33333333],True,True,True,1.0,0.0,0.0,"[657, 1537, 1426, 1333, 570, 754, 254, 97, 164, 668, 194, 1398, 1076]","[657, 1537, 1426, 1333, 570, 754, 254, 97]","[164, 668, 194, 1398, 1076]",8,5
m3glvq_k0_8_k1_5_eta_005,1,1620,405,0.5404261030847326,0.3701923076923077,0.5746268656716418,0.4502923976608187,0.5358024691358024,42,"{0: 8, 1: 5}",150,0.05,[0.33333333 0.33333333 0.33333333],True,True,True,1.0,0.0,0.0,"[585, 741, 1016, 366, 1605, 880, 35, 1039, 201, 1060, 1433, 676, 734]","[585, 741, 1016, 366, 1605, 880, 35, 1039]","[201, 1060, 1433, 676, 734]",8,5
m3glvq_k0_8_k1_5_eta_005,2,1620,405,0.5190721397891449,0.2259615384615384,0.5595238095238095,0.3219178082191781,0.5111111111111111,42,"{0: 8, 1: 5}",150,0.05,[0.33333333 0.33333333 0.33333333],True,True,True,0.0,1.0,0.0,"[1247, 400, 325, 1357, 636, 1053, 991, 215, 978, 435, 789, 1557, 1449]","[1247, 400, 325, 1357, 636, 1053, 991, 215]","[978, 435, 789, 1557, 1449]",8,5
m3glvq_k0_8_k1_5_eta_005,3,1620,405,0.5180061484409311,0.2077294685990338,0.5584415584415584,0.3028169014084507,0.5111111111111111,42,"{0: 8, 1: 5}",150,0.05,[0.33333333 0.33333333 0.33333333],True,True,True,1.0,0.0,0.0,"[179, 1492, 537, 666, 1468, 412, 1241, 1065, 682, 1076, 771, 194, 165]","[179, 1492, 537, 666, 1468, 412, 1241, 1065]","[682, 1076, 771, 194, 165]",8,5
m3glvq_k0_8_k1_5_eta_005,4,1620,405,0.5559947299077734,0.3140096618357488,0.6190476190476191,0.4166666666666666,0.5506172839506173,42,"{0: 8, 1: 5}",150,0.05,[0.33333333 0.33333333 0.33333333],True,True,True,1.0,0.0,0.0,"[14, 1252, 1073, 775, 981, 471, 809, 384, 171, 766, 207, 681, 1097]","[14, 1252, 1073, 775, 981, 471, 809, 384]","[171, 766, 207, 681, 1097]",8,5
m3glvq_k0_8_k1_6_eta_005,0,1620,405,0.5361553104256149,0.3413461538461538,0.5725806451612904,0.427710843373494,0.5308641975308642,42,"{0: 8, 1: 6}",150,0.05,[0.33333333 0.33333333 0.33333333],True,True,True,1.0,0.0,0.0,"[1426, 1035, 906, 1385, 1204, 97, 1468, 739, 745, 194, 626, 463, 178, 668]","[1426, 1035, 906, 1385, 1204, 97, 1468, 739]","[745, 194, 626, 463, 178, 668]",8,6
m3glvq_k0_8_k1_6_eta_005,1,1620,405,0.5504563647012886,0.2836538461538461,0.6210526315789474,0.3894389438943894,0.5432098765432098,42,"{0: 8, 1: 6}",150,0.05,[0.33333333 0.33333333 0.33333333],True,True,True,1.0,0.0,0.0,"[85, 1604, 1016, 880, 1055, 1394, 585, 37, 442, 1431, 1060, 151, 1019, 148]","[85, 1604, 1016, 880, 1055, 1394, 585, 37]","[442, 1431, 1060, 151, 1019, 148]",8,6
m3glvq_k0_8_k1_6_eta_005,2,1620,405,0.5714076532604451,0.4423076923076923,0.609271523178808,0.5125348189415042,0.5679012345679012,42,"{0: 8, 1: 6}",150,0.05,[0.33333333 0.33333333 0.33333333],True,True,True,1.0,0.0,0.0,"[1001, 636, 1011, 835, 1005, 549, 794, 855, 139, 385, 1442, 962, 174, 304]","[1001, 636, 1011, 835, 1005, 549, 794, 855]","[139, 385, 1442, 962, 174, 304]",8,6
m3glvq_k0_8_k1_6_eta_005,3,1620,405,0.5368906455862977,0.2657004830917874,0.5913978494623656,0.3666666666666667,0.5308641975308642,42,"{0: 8, 1: 6}",150,0.05,[0.33333333 0.33333333 0.33333333],True,True,True,1.0,0.0,0.0,"[77, 959, 139, 110, 1241, 1468, 666, 412, 682, 1076, 469, 1431, 194, 1215]","[77, 959, 139, 110, 1241, 1468, 666, 412]","[682, 1076, 469, 1431, 194, 1215]",8,6
m3glvq_k0_8_k1_6_eta_005,4,1620,405,0.5655467720685112,0.4492753623188406,0.5961538461538461,0.5123966942148761,0.562962962962963,42,"{0: 8, 1: 6}",150,0.05,[0.33333333 0.33333333 0.33333333],True,True,True,1.0,0.0,0.0,"[384, 1474, 623, 68, 1278, 501, 104, 1482, 1479, 1092, 1404, 1025, 155, 171]","[384, 1474, 623, 68, 1278, 501, 104, 1482]","[1479, 1092, 1404, 1025, 155, 171]",8,6
m3glvq_k0_8_k1_7_eta_005,0,1620,405,0.5405725302616166,0.2740384615384615,0.6,0.3762376237623762,0.5333333333333333,42,"{0: 8, 1: 7}",150,0.05,[0.33333333 0.33333333 0.33333333],True,True,True,1.0,0.0,0.0,"[97, 1200, 598, 906, 570, 386, 1055, 774, 668, 1175, 1252, 1475, 463, 382, 105]","[97, 1200, 598, 906, 570, 386, 1055, 774]","[668, 1175, 1252, 1475, 463, 382, 105]",8,7
m3glvq_k0_8_k1_7_eta_005,1,1620,405,0.5329461147989066,0.3653846153846153,0.562962962962963,0.4431486880466472,0.528395061728395,42,"{0: 8, 1: 7}",150,0.05,[0.33333333 0.33333333 0.33333333],True,True,True,1.0,0.0,0.0,"[1591, 1006, 388, 1055, 651, 628, 1286, 398, 145, 644, 1060, 359, 394, 201, 1140]","[1591, 1006, 388, 1055, 651, 628, 1286, 398]","[145, 644, 1060, 359, 394, 201, 1140]",8,7
m3glvq_k0_8_k1_7_eta_005,2,1620,405,0.5367044123389301,0.2307692307692307,0.6075949367088608,0.3344947735191638,0.528395061728395,42,"{0: 8, 1: 7}",150,0.05,[0.33333333 0.33333333 0.33333333],True,True,True,0.0,1.0,0.0,"[325, 694, 511, 400, 18, 1247, 636, 991, 75, 174, 881, 1313, 158, 268, 335]","[325, 694, 511, 400, 18, 1247, 636, 991]","[75, 174, 881, 1313, 158, 268, 335]",8,7
m3glvq_k0_8_k1_7_eta_005,3,1620,405,0.5451251646903821,0.2367149758454106,0.6282051282051282,0.343859649122807,0.5382716049382716,42,"{0: 8, 1: 7}",150,0.05,[0.33333333 0.33333333 0.33333333],True,True,True,1.0,0.0,0.0,"[561, 1241, 1142, 666, 1536, 412, 959, 1468, 763, 1097, 1041, 177, 1003, 1159, 1008]","[561, 1241, 1142, 666, 1536, 412, 959, 1468]","[763, 1097, 1041, 177, 1003, 1159, 1008]",8,7
m3glvq_k0_8_k1_7_eta_005,4,1620,405,0.5350241545893719,0.3478260869565217,0.5669291338582677,0.4311377245508982,0.5308641975308642,42,"{0: 8, 1: 7}",150,0.05,[0.33333333 0.33333333 0.33333333],True,True,True,1.0,0.0,0.0,"[424, 384, 1073, 524, 734, 623, 1013, 578, 681, 1557, 1364, 1439, 1564, 207, 1092]","[424, 384, 1073, 524, 734, 623, 1013, 578]","[681, 1557, 1364, 1439, 1564, 207, 1092]",8,7
m3glvq_k0_8_k1_8_eta_005,0,1620,405,0.5330803397110504,0.3605769230769231,0.5639097744360902,0.4398826979472141,0.528395061728395,42,"{0: 8, 1: 8}",150,0.05,[0.33333333 0.33333333 0.33333333],True,True,True,1.0,0.0,0.0,"[1537, 570, 494, 1426, 574, 739, 1333, 657, 553, 194, 1043, 1078, 1047, 852, 381, 1562]","[1537, 570, 494, 1426, 574, 739, 1333, 657]","[553, 194, 1043, 1078, 1047, 852, 381, 1562]",8,8
m3glvq_k0_8_k1_8_eta_005,1,1620,405,0.539498730964467,0.3125,0.5855855855855856,0.4075235109717868,0.5333333333333333,42,"{0: 8, 1: 8}",150,0.05,[0.33333333 0.33333333 0.33333333],True,True,True,1.0,0.0,0.0,"[1267, 543, 474, 541, 35, 1073, 470, 585, 1022, 145, 724, 442, 148, 1583, 1349, 521]","[1267, 543, 474, 541, 35, 1073, 470, 585]","[1022, 145, 724, 442, 148, 1583, 1349, 521]",8,8
m3glvq_k0_8_k1_8_eta_005,2,1620,405,0.5564598789535338,0.3413461538461538,0.6120689655172413,0.4382716049382716,0.5506172839506173,42,"{0: 8, 1: 8}",150,0.05,[0.33333333 0.33333333 0.33333333],True,True,True,1.0,0.0,0.0,"[400, 1481, 1122, 1005, 830, 1328, 545, 1355, 76, 723, 1431, 268, 87, 60, 404, 881]","[400, 1481, 1122, 1005, 830, 1328, 545, 1355]","[76, 723, 1431, 268, 87, 60, 404, 881]",8,8
m3glvq_k0_8_k1_8_eta_005,3,1620,405,0.5503952569169961,0.3381642512077294,0.5982905982905983,0.4320987654320987,0.5456790123456791,42,"{0: 8, 1: 8}",150,0.05,[0.33333333 0.33333333 0.33333333],True,True,True,1.0,0.0,0.0,"[1059, 619, 1484, 1468, 1381, 412, 1033, 302, 194, 880, 1041, 1003, 205, 1148, 50, 1544]","[1059, 619, 1484, 1468, 1381, 412, 1033, 302]","[194, 880, 1041, 1003, 205, 1148, 50, 1544]",8,8
m3glvq_k0_8_k1_8_eta_005,4,1620,405,0.5593983311374615,0.4975845410628019,0.5786516853932584,0.535064935064935,0.5580246913580247,42,"{0: 8, 1: 8}",150,0.05,[0.33333333 0.33333333 0.33333333],True,True,True,1.0,0.0,0.0,"[384, 1426, 1087, 501, 584, 1363, 1474, 847, 1097, 1167, 207, 71, 1368, 766, 311, 161]","[384, 1426, 1087, 501, 584, 1363, 1474, 847]","[1097, 1167, 207, 71, 1368, 766, 311, 161]",8,8
m3glvq_k0_8_k1_9_eta_005,0,1620,405,0.5107745997657165,0.3413461538461538,0.5298507462686567,0.4152046783625731,0.5061728395061729,42,"{0: 8, 1: 9}",150,0.05,[0.33333333 0.33333333 0.33333333],True,True,True,1.0,0.0,0.0,"[1426, 615, 1385, 1055, 1035, 272, 956, 419, 1447, 626, 976, 178, 463, 668, 604, 431, 745]","[1426, 615, 1385, 1055, 1035, 272, 956, 419]","[1447, 626, 976, 178, 463, 668, 604, 431, 745]",8,9
m3glvq_k0_8_k1_9_eta_005,1,1620,405,0.5211953338539633,0.3317307692307692,0.5476190476190477,0.4131736526946108,0.5160493827160494,42,"{0: 8, 1: 9}",150,0.05,[0.33333333 0.33333333 0.33333333],True,True,True,1.0,0.0,0.0,"[1395, 1494, 1200, 117, 543, 187, 628, 855, 1108, 1490, 167, 1284, 201, 1442, 145, 521, 644]","[1395, 1494, 1200, 117, 543, 187, 628, 855]","[1108, 1490, 167, 1284, 201, 1442, 145, 521, 644]",8,9
m3glvq_k0_8_k1_9_eta_005,2,1620,405,0.5532018742678642,0.7307692307692307,0.5527272727272727,0.629399585921325,0.5580246913580247,42,"{0: 8, 1: 9}",150,0.05,[0.33333333 0.33333333 0.33333333],True,True,True,0.0,0.0024031865836617,0.9975968134163382,"[208, 337, 1110, 520, 18, 1221, 202, 556, 1411, 303, 1573, 1213, 417, 255, 1398, 1177, 1202]","[208, 337, 1110, 520, 18, 1221, 202, 556]","[1411, 303, 1573, 1213, 417, 255, 1398, 1177, 1202]",8,9
m3glvq_k0_8_k1_9_eta_005,3,1620,405,0.5288757136583223,0.2850241545893719,0.5673076923076923,0.3794212218649517,0.5234567901234568,42,"{0: 8, 1: 9}",150,0.05,[0.33333333 0.33333333 0.33333333],True,True,True,1.0,0.0,0.0,"[959, 1484, 666, 1468, 1241, 412, 561, 1142, 1008, 326, 701, 763, 1544, 468, 880, 1082, 313]","[959, 1484, 666, 1468, 1241, 412, 561, 1142]","[1008, 326, 701, 763, 1544, 468, 880, 1082, 313]",8,9
m3glvq_k0_8_k1_9_eta_005,4,1620,405,0.5519323671497585,0.3816425120772946,0.5895522388059702,0.4633431085043988,0.5481481481481482,42,"{0: 8, 1: 9}",150,0.05,[0.33333333 0.33333333 0.33333333],True,True,True,1.0,0.0,0.0,"[1588, 384, 1252, 1568, 1597, 115, 1474, 403, 207, 929, 1614, 171, 1167, 376, 1025, 83, 362]","[1588, 384, 1252, 1568, 1597, 115, 1474, 403]","[207, 929, 1614, 171, 1167, 376, 1025, 83, 362]",8,9
m3glvq_k0_8_k1_10_eta_005,0,1620,405,0.5812914877001172,0.4519230769230769,0.6225165562913907,0.5236768802228412,0.5777777777777777,42,"{0: 8, 1: 10}",150,0.05,[0.33333333 0.33333333 0.33333333],True,True,True,1.0,0.0,0.0,"[1385, 1201, 1020, 1035, 1426, 386, 1468, 906, 1160, 194, 147, 626, 463, 1103, 394, 852, 957, 178]","[1385, 1201, 1020, 1035, 1426, 386, 1468, 906]","[1160, 194, 147, 626, 463, 1103, 394, 852, 957, 178]",8,10
m3glvq_k0_8_k1_10_eta_005,1,1620,405,0.5623169660288949,0.4951923076923077,0.5852272727272727,0.5364583333333334,0.5604938271604938,42,"{0: 8, 1: 10}",150,0.05,[0.33333333 0.33333333 0.33333333],True,True,True,1.0,0.0,0.0,"[35, 1533, 507, 541, 474, 431, 1055, 585, 724, 1532, 1390, 782, 1344, 1060, 984, 1544, 1140, 233]","[35, 1533, 507, 541, 474, 431, 1055, 585]","[724, 1532, 1390, 782, 1344, 1060, 984, 1544, 1140, 233]",8,10
m3glvq_k0_8_k1_10_eta_005,2,1620,405,0.5264057008980867,0.3269230769230769,0.5573770491803278,0.4121212121212121,0.5209876543209877,42,"{0: 8, 1: 10}",150,0.05,[0.33333333 0.33333333 0.33333333],True,True,True,1.0,0.0,0.0,"[636, 1328, 1471, 794, 23, 1005, 588, 400, 136, 316, 962, 664, 297, 1139, 730, 139, 1442, 605]","[636, 1328, 1471, 794, 23, 1005, 588, 400]","[136, 316, 962, 664, 297, 1139, 730, 139, 1442, 605]",8,10
m3glvq_k0_8_k1_10_eta_005,3,1620,405,0.5598375054896794,0.3671497584541063,0.608,0.4578313253012049,0.5555555555555556,42,"{0: 8, 1: 10}",150,0.05,[0.33333333 0.33333333 0.33333333],True,True,True,1.0,0.0,0.0,"[1381, 603, 1484, 997, 412, 778, 1615, 959, 676, 1159, 1064, 843, 771, 1610, 1008, 633, 553, 1003]","[1381, 603, 1484, 997, 412, 778, 1615, 959]","[676, 1159, 1064, 843, 771, 1610, 1008, 633, 553, 1003]",8,10
m3glvq_k0_8_k1_10_eta_005,4,1620,405,0.5207509881422925,0.4202898550724637,0.5370370370370371,0.4715447154471545,0.5185185185185185,42,"{0: 8, 1: 10}",150,0.05,[0.33333333 0.33333333 0.33333333],True,True,True,1.0,0.0,0.0,"[1252, 623, 879, 1319, 384, 617, 1013, 584, 1557, 83, 997, 1443, 1025, 1123, 1338, 1270, 1547, 631]","[1252, 623, 879, 1319, 384, 617, 1013, 584]","[1557, 83, 997, 1443, 1025, 1123, 1338, 1270, 1547, 631]",8,10
m3glvq_k0_9_k1_3_eta_005,0,1620,405,0.4911655603279968,0.1346153846153846,0.4827586206896552,0.2105263157894736,0.4814814814814814,42,"{0: 9, 1: 3}",150,0.05,[0.33333333 0.33333333 0.33333333],True,True,True,1.0,0.0,0.0,"[1200, 500, 531, 1426, 657, 1348, 1375, 818, 570, 1447, 194, 806]","[1200, 500, 531, 1426, 657, 1348, 1375, 818, 570]","[1447, 194, 806]",9,3
m3glvq_k0_9_k1_3_eta_005,1,1620,405,0.5869045294806716,0.4326923076923077,0.6382978723404256,0.515759312320917,0.582716049382716,42,"{0: 9, 1: 3}",150,0.05,[0.33333333 0.33333333 0.33333333],True,True,True,1.0,0.0,0.0,"[555, 85, 1057, 272, 1324, 870, 42, 1006, 414, 1216, 1442, 439]","[555, 85, 1057, 272, 1324, 870, 42, 1006, 414]","[1216, 1442, 439]",9,3
m3glvq_k0_9_k1_3_eta_005,2,1620,405,0.5124097032409215,0.1009615384615384,0.5833333333333334,0.1721311475409836,0.5012345679012346,42,"{0: 9, 1: 3}",150,0.05,[0.33333333 0.33333333 0.33333333],True,True,True,1.0,0.0,0.0,"[1001, 400, 548, 329, 421, 105, 855, 636, 1193, 962, 369, 930]","[1001, 400, 548, 329, 421, 105, 855, 636, 1193]","[962, 369, 930]",9,3
m3glvq_k0_9_k1_3_eta_005,3,1620,405,0.4826526130873957,0.0966183574879227,0.4347826086956521,0.1581027667984189,0.4740740740740741,42,"{0: 9, 1: 3}",150,0.05,[0.33333333 0.33333333 0.33333333],True,True,True,1.0,0.0,0.0,"[1079, 110, 412, 1468, 139, 1059, 1577, 14, 980, 194, 1076, 817]","[1079, 110, 412, 1468, 139, 1059, 1577, 14, 980]","[194, 1076, 817]",9,3
m3glvq_k0_9_k1_3_eta_005,4,1620,405,0.5464426877470356,0.4009661835748792,0.5763888888888888,0.4729344729344729,0.5432098765432098,42,"{0: 9, 1: 3}",150,0.05,[0.33333333 0.33333333 0.33333333],True,True,True,1.0,0.0,0.0,"[1474, 1426, 416, 958, 387, 115, 584, 1451, 25, 631, 71, 1270]","[1474, 1426, 416, 958, 387, 115, 584, 1451, 25]","[631, 71, 1270]",9,3
m3glvq_k0_9_k1_4_eta_005,0,1620,405,0.5168025185474424,0.2163461538461538,0.5555555555555556,0.3114186851211072,0.508641975308642,42,"{0: 9, 1: 4}",150,0.05,[0.33333333 0.33333333 0.33333333],True,True,True,1.0,0.0,0.0,"[1035, 189, 1348, 1197, 739, 1488, 1204, 906, 1426, 837, 194, 626, 668]","[1035, 189, 1348, 1197, 739, 1488, 1204, 906, 1426]","[837, 194, 626, 668]",9,4
m3glvq_k0_9_k1_4_eta_005,1,1620,405,0.5508590394377196,0.2692307692307692,0.6292134831460674,0.3771043771043771,0.5432098765432098,42,"{0: 9, 1: 4}",150,0.05,[0.33333333 0.33333333 0.33333333],True,True,True,1.0,0.0,0.0,"[98, 1200, 1494, 541, 543, 1324, 628, 470, 1342, 201, 984, 1583, 596]","[98, 1200, 1494, 541, 543, 1324, 628, 470, 1342]","[201, 984, 1583, 596]",9,4
m3glvq_k0_9_k1_4_eta_005,2,1620,405,0.5483331706364701,0.1778846153846154,0.6981132075471698,0.2835249042145594,0.5382716049382716,42,"{0: 9, 1: 4}",150,0.05,[0.33333333 0.33333333 0.33333333],True,True,True,1.0,0.0,0.0,"[400, 1247, 548, 636, 1471, 1541, 993, 1229, 1357, 1015, 962, 1065, 1431]","[400, 1247, 548, 636, 1471, 1541, 993, 1229, 1357]","[1015, 962, 1065, 1431]",9,4
m3glvq_k0_9_k1_4_eta_005,3,1620,405,0.508893280632411,0.1642512077294686,0.5396825396825397,0.2518518518518519,0.5012345679012346,42,"{0: 9, 1: 4}",150,0.05,[0.33333333 0.33333333 0.33333333],True,True,True,1.0,0.0,0.0,"[1492, 581, 666, 1033, 591, 1288, 412, 959, 1468, 840, 682, 1444, 194]","[1492, 581, 666, 1033, 591, 1288, 412, 959, 1468]","[840, 682, 1444, 194]",9,4
m3glvq_k0_9_k1_4_eta_005,4,1620,405,0.5298638559508125,0.2415458937198067,0.5813953488372093,0.3412969283276451,0.5234567901234568,42,"{0: 9, 1: 4}",150,0.05,[0.33333333 0.33333333 0.33333333],True,True,True,1.0,0.0,0.0,"[384, 973, 1073, 1112, 223, 657, 1087, 1157, 623, 759, 681, 207, 1443]","[384, 973, 1073, 1112, 223, 657, 1087, 1157, 623]","[759, 681, 207, 1443]",9,4
m3glvq_k0_9_k1_5_eta_005,0,1620,405,0.5220006833268255,0.3028846153846153,0.5526315789473685,0.391304347826087,0.5160493827160494,42,"{0: 9, 1: 5}",150,0.05,[0.33333333 0.33333333 0.33333333],True,True,True,1.0,0.0,0.0,"[1537, 774, 739, 570, 657, 1426, 574, 1134, 1403, 1076, 418, 194, 668, 164]","[1537, 774, 739, 570, 657, 1426, 574, 1134, 1403]","[1076, 418, 194, 668, 164]",9,5
m3glvq_k0_9_k1_5_eta_005,1,1620,405,0.516534068723155,0.2259615384615384,0.5529411764705883,0.3208191126279864,0.508641975308642,42,"{0: 9, 1: 5}",150,0.05,[0.33333333 0.33333333 0.33333333],True,True,True,0.0,1.0,0.0,"[277, 1417, 1200, 649, 735, 997, 398, 388, 162, 77, 1390, 201, 1054, 734]","[277, 1417, 1200, 649, 735, 997, 398, 388, 162]","[77, 1390, 201, 1054, 734]",9,5
m3glvq_k0_9_k1_5_eta_005,2,1620,405,0.557667903162827,0.2980769230769231,0.6326530612244898,0.4052287581699346,0.5506172839506173,42,"{0: 9, 1: 5}",150,0.05,[0.33333333 0.33333333 0.33333333],True,True,True,1.0,0.0,0.0,"[476, 436, 329, 153, 966, 356, 573, 1583, 1566, 139, 1487, 723, 604, 404]","[476, 436, 329, 153, 966, 356, 573, 1583, 1566]","[139, 1487, 723, 604, 404]",9,5
m3glvq_k0_9_k1_5_eta_005,3,1620,405,0.6290074659639877,0.5458937198067633,0.6647058823529411,0.5994694960212201,0.6271604938271605,42,"{0: 9, 1: 5}",150,0.05,[0.33333333 0.33333333 0.33333333],True,True,True,1.0,0.0,0.0,"[871, 1381, 60, 357, 85, 1484, 1468, 1209, 1268, 843, 1008, 1262, 1159, 766]","[871, 1381, 60, 357, 85, 1484, 1468, 1209, 1268]","[843, 1008, 1262, 1159, 766]",9,5
m3glvq_k0_9_k1_5_eta_005,4,1620,405,0.554238032498902,0.2801932367149758,0.6304347826086957,0.3879598662207358,0.5481481481481482,42,"{0: 9, 1: 5}",150,0.05,[0.33333333 0.33333333 0.33333333],True,True,True,1.0,0.0,0.0,"[1235, 110, 188, 1157, 584, 384, 623, 501, 1474, 1443, 759, 1025, 631, 279]","[1235, 110, 188, 1157, 584, 384, 623, 501, 1474]","[1443, 759, 1025, 631, 279]",9,5
m3glvq_k0_9_k1_6_eta_005,0,1620,405,0.5273452752830925,0.2932692307692308,0.5648148148148148,0.3860759493670886,0.5209876543209877,42,"{0: 9, 1: 6}",150,0.05,[0.33333333 0.33333333 0.33333333],True,True,True,1.0,0.0,0.0,"[189, 570, 1426, 1537, 422, 657, 887, 829, 739, 178, 668, 1447, 194, 1160, 463]","[189, 570, 1426, 1537, 422, 657, 887, 829, 739]","[178, 668, 1447, 194, 1160, 463]",9,6
m3glvq_k0_9_k1_6_eta_005,1,1620,405,0.5360332877782117,0.2548076923076923,0.5955056179775281,0.3569023569023569,0.528395061728395,42,"{0: 9, 1: 6}",150,0.05,[0.33333333 0.33333333 0.33333333],True,True,True,1.0,0.0,0.0,"[855, 799, 1008, 1200, 628, 543, 741, 476, 210, 1431, 148, 1060, 1140, 145, 201]","[855, 799, 1008, 1200, 628, 543, 741, 476, 210]","[1431, 148, 1060, 1140, 145, 201]",9,6
m3glvq_k0_9_k1_6_eta_005,2,1620,405,0.5618166731745412,0.2403846153846154,0.684931506849315,0.3558718861209964,0.5530864197530864,42,"{0: 9, 1: 6}",150,0.05,[0.33333333 0.33333333 0.33333333],True,True,True,1.0,0.0,0.0,"[1328, 993, 855, 870, 549, 636, 474, 548, 1541, 1556, 448, 1067, 87, 962, 136]","[1328, 993, 855, 870, 549, 636, 474, 548, 1541]","[1556, 448, 1067, 87, 962, 136]",9,6
m3glvq_k0_9_k1_6_eta_005,3,1620,405,0.5363416776460255,0.2898550724637681,0.5825242718446602,0.3870967741935484,0.5308641975308642,42,"{0: 9, 1: 6}",150,0.05,[0.33333333 0.33333333 0.33333333],True,True,True,1.0,0.0,0.0,"[426, 1422, 1468, 1241, 1536, 1059, 666, 273, 1381, 165, 771, 1003, 1564, 763, 856]","[426, 1422, 1468, 1241, 1536, 1059, 666, 273, 1381]","[165, 771, 1003, 1564, 763, 856]",9,6
m3glvq_k0_9_k1_6_eta_005,4,1620,405,0.5525911286780851,0.3526570048309179,0.5983606557377049,0.4437689969604863,0.5481481481481482,42,"{0: 9, 1: 6}",150,0.05,[0.33333333 0.33333333 0.33333333],True,True,True,1.0,0.0,0.0,"[1474, 623, 501, 113, 921, 132, 1348, 559, 578, 1019, 152, 1167, 631, 71, 1078]","[1474, 623, 501, 113, 921, 132, 1348, 559, 578]","[1019, 152, 1167, 631, 71, 1078]",9,6
m3glvq_k0_9_k1_7_eta_005,0,1620,405,0.5248072042171027,0.2932692307692308,0.5596330275229358,0.3848580441640378,0.5185185185185185,42,"{0: 9, 1: 7}",150,0.05,[0.33333333 0.33333333 0.33333333],True,True,True,1.0,0.0,0.0,"[1071, 1055, 739, 1426, 1537, 254, 657, 570, 1333, 668, 1160, 463, 194, 865, 1019, 1447]","[1071, 1055, 739, 1426, 1537, 254, 657, 570, 1333]","[668, 1160, 463, 194, 865, 1019, 1447]",9,7
m3glvq_k0_9_k1_7_eta_005,1,1620,405,0.5628660679422101,0.3846153846153846,0.6106870229007634,0.471976401179941,0.5580246913580247,42,"{0: 9, 1: 7}",150,0.05,[0.33333333 0.33333333 0.33333333],True,True,True,1.0,0.0,0.0,"[1413, 541, 366, 1123, 1006, 474, 111, 453, 870, 201, 1373, 359, 676, 1250, 442, 394]","[1413, 541, 366, 1123, 1006, 474, 111, 453, 870]","[201, 1373, 359, 676, 1250, 442, 394]",9,7
m3glvq_k0_9_k1_7_eta_005,2,1620,405,0.5245387543928153,0.3028846153846153,0.5575221238938053,0.3925233644859812,0.5185185185185185,42,"{0: 9, 1: 7}",150,0.05,[0.33333333 0.33333333 0.33333333],True,True,True,1.0,0.0,0.0,"[591, 548, 549, 1001, 1196, 830, 955, 1005, 636, 527, 730, 1442, 881, 136, 268, 158]","[591, 548, 549, 1001, 1196, 830, 955, 1005, 636]","[527, 730, 1442, 881, 136, 268, 158]",9,7
m3glvq_k0_9_k1_7_eta_005,3,1620,405,0.533816425120773,0.5120772946859904,0.5463917525773195,0.5286783042394017,0.5333333333333333,42,"{0: 9, 1: 7}",150,0.05,[0.33333333 0.33333333 0.33333333],True,True,True,0.0,0.3521569618911394,0.6478430381088606,"[155, 1230, 1231, 220, 24, 302, 1020, 1100, 1085, 350, 1084, 682, 998, 233, 1343, 1489]","[155, 1230, 1231, 220, 24, 302, 1020, 1100, 1085]","[350, 1084, 682, 998, 233, 1343, 1489]",9,7
m3glvq_k0_9_k1_7_eta_005,4,1620,405,0.5535792709705754,0.4202898550724637,0.5838926174496645,0.4887640449438202,0.5506172839506173,42,"{0: 9, 1: 7}",150,0.05,[0.33333333 0.33333333 0.33333333],True,True,True,1.0,0.0,0.0,"[501, 406, 453, 609, 784, 1597, 1474, 384, 1225, 757, 681, 758, 1092, 200, 1564, 766]","[501, 406, 453, 609, 784, 1597, 1474, 384, 1225]","[757, 681, 758, 1092, 200, 1564, 766]",9,7
m3glvq_k0_9_k1_8_eta_005,0,1620,405,0.5043684107770402,0.2980769230769231,0.5210084033613446,0.3792048929663609,0.4987654320987654,42,"{0: 9, 1: 8}",150,0.05,[0.33333333 0.33333333 0.33333333],True,True,True,1.0,0.0,0.0,"[97, 1311, 739, 1055, 1348, 1134, 1426, 1333, 1352, 1160, 194, 1447, 668, 1330, 381, 463, 1351]","[97, 1311, 739, 1055, 1348, 1134, 1426, 1333, 1352]","[1160, 194, 1447, 668, 1330, 381, 463, 1351]",9,8
m3glvq_k0_9_k1_8_eta_005,1,1620,405,0.5650014642717689,0.3990384615384615,0.6102941176470589,0.4825581395348837,0.5604938271604938,42,"{0: 9, 1: 8}",150,0.05,[0.33333333 0.33333333 0.33333333],True,True,True,1.0,0.0,0.0,"[1394, 85, 543, 1204, 453, 1342, 164, 143, 1200, 724, 1060, 148, 429, 734, 64, 1349, 364]","[1394, 85, 543, 1204, 453, 1342, 164, 143, 1200]","[724, 1060, 148, 429, 734, 64, 1349, 364]",9,8
m3glvq_k0_9_k1_8_eta_005,2,1620,405,0.5825117141741507,0.3173076923076923,0.6875,0.4342105263157894,0.5753086419753086,42,"{0: 9, 1: 8}",150,0.05,[0.33333333 0.33333333 0.33333333],True,True,True,1.0,0.0,0.0,"[1471, 105, 630, 421, 204, 132, 329, 1193, 549, 531, 1455, 1427, 304, 1057, 203, 809, 1139]","[1471, 105, 630, 421, 204, 132, 329, 1193, 549]","[531, 1455, 1427, 304, 1057, 203, 809, 1139]",9,8
m3glvq_k0_9_k1_8_eta_005,3,1620,405,0.5757575757575758,0.3333333333333333,0.6571428571428571,0.4423076923076923,0.5703703703703704,42,"{0: 9, 1: 8}",150,0.05,[0.33333333 0.33333333 0.33333333],True,True,True,1.0,0.0,0.0,"[1468, 666, 1214, 1059, 1033, 1422, 1308, 1381, 1241, 177, 165, 143, 194, 278, 1003, 682, 1564]","[1468, 666, 1214, 1059, 1033, 1422, 1308, 1381, 1241]","[177, 165, 143, 194, 278, 1003, 682, 1564]",9,8
m3glvq_k0_9_k1_8_eta_005,4,1620,405,0.5702678963548529,0.3526570048309179,0.6347826086956522,0.4534161490683229,0.5654320987654321,42,"{0: 9, 1: 8}",150,0.05,[0.33333333 0.33333333 0.33333333],True,True,True,1.0,0.0,0.0,"[1073, 1454, 1095, 104, 623, 453, 617, 1474, 1348, 311, 1175, 207, 997, 1025, 1097, 766, 1368]","[1073, 1454, 1095, 104, 623, 453, 617, 1474, 1348]","[311, 1175, 207, 997, 1025, 1097, 766, 1368]",9,8
m3glvq_k0_9_k1_9_eta_005,0,1620,405,0.5678079851620461,0.3894230769230769,0.6183206106870229,0.4778761061946903,0.562962962962963,42,"{0: 9, 1: 9}",150,0.05,[0.33333333 0.33333333 0.33333333],True,True,True,1.0,0.0,0.0,"[887, 97, 502, 598, 906, 1385, 941, 883, 763, 1423, 1067, 1472, 839, 1160, 147, 105, 852, 1566]","[887, 97, 502, 598, 906, 1385, 941, 883, 763]","[1423, 1067, 1472, 839, 1160, 147, 105, 852, 1566]",9,9
m3glvq_k0_9_k1_9_eta_005,1,1620,405,0.5585952752830925,0.3557692307692308,0.6115702479338843,0.4498480243161094,0.5530864197530864,42,"{0: 9, 1: 9}",150,0.05,[0.33333333 0.33333333 0.33333333],True,True,True,1.0,0.0,0.0,"[378, 855, 545, 585, 96, 1494, 1200, 388, 541, 724, 1583, 1373, 394, 753, 145, 644, 1544, 725]","[378, 855, 545, 585, 96, 1494, 1200, 388, 541]","[724, 1583, 1373, 394, 753, 145, 644, 1544, 725]",9,9
m3glvq_k0_9_k1_9_eta_005,2,1620,405,0.5549956071846934,0.3028846153846153,0.6237623762376238,0.4077669902912622,0.5481481481481482,42,"{0: 9, 1: 9}",150,0.05,[0.33333333 0.33333333 0.33333333],True,True,True,1.0,0.0,0.0,"[400, 1229, 955, 636, 1001, 1005, 1247, 966, 548, 1231, 1025, 603, 212, 1556, 978, 136, 962, 730]","[400, 1229, 955, 636, 1001, 1005, 1247, 966, 548]","[1231, 1025, 603, 212, 1556, 978, 136, 962, 730]",9,9
m3glvq_k0_9_k1_9_eta_005,3,1620,405,0.5237154150197628,0.2898550724637681,0.5555555555555556,0.380952380952381,0.5185185185185185,42,"{0: 9, 1: 9}",150,0.05,[0.33333333 0.33333333 0.33333333],True,True,True,1.0,0.0,0.0,"[1059, 1241, 778, 666, 412, 302, 1468, 1492, 656, 682, 1159, 1560, 176, 1509, 194, 1097, 532, 188]","[1059, 1241, 778, 666, 412, 302, 1468, 1492, 656]","[682, 1159, 1560, 176, 1509, 194, 1097, 532, 188]",9,9
m3glvq_k0_9_k1_9_eta_005,4,1620,405,0.5534694773825208,0.3140096618357488,0.6132075471698113,0.4153354632587859,0.5481481481481482,42,"{0: 9, 1: 9}",150,0.05,[0.33333333 0.33333333 0.33333333],True,True,True,1.0,0.0,0.0,"[623, 501, 1474, 384, 104, 530, 1597, 1225, 578, 171, 1025, 766, 242, 1439, 282, 1404, 1063, 1167]","[623, 501, 1474, 384, 104, 530, 1597, 1225, 578]","[171, 1025, 766, 242, 1439, 282, 1404, 1063, 1167]",9,9
m3glvq_k0_9_k1_10_eta_005,0,1620,405,0.5203899843811012,0.3605769230769231,0.5434782608695652,0.4335260115606936,0.5160493827160494,42,"{0: 9, 1: 10}",150,0.05,[0.33333333 0.33333333 0.33333333],True,True,True,1.0,0.0,0.0,"[570, 657, 1201, 1055, 189, 739, 1426, 1537, 1468, 668, 291, 1247, 1095, 1351, 553, 366, 194, 234, 381]","[570, 657, 1201, 1055, 189, 739, 1426, 1537, 1468]","[668, 291, 1247, 1095, 1351, 553, 366, 194, 234, 381]",9,10
m3glvq_k0_9_k1_10_eta_005,1,1620,405,0.5523111089418196,0.3990384615384615,0.5886524822695035,0.4756446991404011,0.5481481481481482,42,"{0: 9, 1: 10}",150,0.05,[0.33333333 0.33333333 0.33333333],True,True,True,1.0,0.0,0.0,"[35, 880, 85, 187, 628, 398, 543, 1416, 1016, 530, 724, 439, 1084, 1060, 823, 570, 1349, 521, 1019]","[35, 880, 85, 187, 628, 398, 543, 1416, 1016]","[530, 724, 439, 1084, 1060, 823, 570, 1349, 521, 1019]",9,10
m3glvq_k0_9_k1_10_eta_005,2,1620,405,0.5453802225693088,0.2836538461538461,0.6082474226804123,0.3868852459016393,0.5382716049382716,42,"{0: 9, 1: 10}",150,0.05,[0.33333333 0.33333333 0.33333333],True,True,True,1.0,0.0,0.0,"[548, 1502, 1066, 855, 1163, 204, 400, 636, 1279, 136, 206, 1076, 450, 664, 962, 1431, 156, 1025, 304]","[548, 1502, 1066, 855, 1163, 204, 400, 636, 1279]","[136, 206, 1076, 450, 664, 962, 1431, 156, 1025, 304]",9,10
m3glvq_k0_9_k1_10_eta_005,3,1620,405,0.5461133069828722,0.3043478260869565,0.6,0.4038461538461538,0.5407407407407407,42,"{0: 9, 1: 10}",150,0.05,[0.33333333 0.33333333 0.33333333],True,True,True,1.0,0.0,0.0,"[1492, 985, 871, 905, 666, 551, 1059, 1422, 997, 1482, 701, 763, 222, 817, 1008, 1036, 1097, 1044, 632]","[1492, 985, 871, 905, 666, 551, 1059, 1422, 997]","[1482, 701, 763, 222, 817, 1008, 1036, 1097, 1044, 632]",9,10
m3glvq_k0_9_k1_10_eta_005,4,1620,405,0.5334870443566095,0.3043478260869565,0.5727272727272728,0.3974763406940063,0.528395061728395,42,"{0: 9, 1: 10}",150,0.05,[0.33333333 0.33333333 0.33333333],True,True,True,0.0,0.0,1.0,"[408, 1118, 1087, 281, 511, 564, 216, 1073, 1597, 1455, 758, 189, 71, 1486, 376, 83, 310, 491, 853]","[408, 1118, 1087, 281, 511, 564, 216, 1073, 1597]","[1455, 758, 189, 71, 1486, 376, 83, 310, 491, 853]",9,10
m3glvq_k0_10_k1_3_eta_005,0,1620,405,0.50799248340492,0.1682692307692307,0.5384615384615384,0.2564102564102564,0.4987654320987654,42,"{0: 10, 1: 3}",150,0.05,[0.33333333 0.33333333 0.33333333],True,True,True,1.0,0.0,0.0,"[739, 1200, 500, 570, 1426, 1468, 1488, 1055, 272, 657, 1078, 194, 806]","[739, 1200, 500, 570, 1426, 1468, 1488, 1055, 272, 657]","[1078, 194, 806]",10,3
m3glvq_k0_10_k1_3_eta_005,1,1620,405,0.5250878563061304,0.1923076923076923,0.5882352941176471,0.2898550724637681,0.5160493827160494,42,"{0: 10, 1: 3}",150,0.05,[0.33333333 0.33333333 0.33333333],True,True,True,1.0,0.0,0.0,"[476, 541, 628, 1200, 35, 85, 1257, 543, 870, 479, 1150, 692, 201]","[476, 541, 628, 1200, 35, 85, 1257, 543, 870, 479]","[1150, 692, 201]",10,3
m3glvq_k0_10_k1_3_eta_005,2,1620,405,0.5361797149550956,0.1586538461538461,0.66,0.2558139534883721,0.5259259259259259,42,"{0: 10, 1: 3}",150,0.05,[0.33333333 0.33333333 0.33333333],True,True,True,1.0,0.0,0.0,"[1541, 1597, 1229, 1001, 548, 1424, 400, 105, 1247, 1471, 1472, 779, 604]","[1541, 1597, 1229, 1001, 548, 1424, 400, 105, 1247, 1471]","[1472, 779, 604]",10,3
m3glvq_k0_10_k1_3_eta_005,3,1620,405,0.5034036012296882,0.072463768115942,0.5357142857142857,0.1276595744680851,0.4938271604938271,42,"{0: 10, 1: 3}",150,0.05,[0.33333333 0.33333333 0.33333333],True,True,True,0.0,1.0,0.0,"[273, 24, 1020, 219, 1059, 340, 396, 20, 412, 1288, 350, 165, 637]","[273, 24, 1020, 219, 1059, 340, 396, 20, 412, 1288]","[350, 165, 637]",10,3
m3glvq_k0_10_k1_3_eta_005,4,1620,405,0.5696091348265262,0.2705314009661835,0.6829268292682927,0.3875432525951557,0.562962962962963,42,"{0: 10, 1: 3}",150,0.05,[0.33333333 0.33333333 0.33333333],True,True,True,1.0,0.0,0.0,"[1474, 1073, 623, 1112, 754, 1225, 281, 14, 1053, 384, 207, 818, 631]","[1474, 1073, 623, 1112, 754, 1225, 281, 14, 1053, 384]","[207, 818, 631]",10,3
m3glvq_k0_10_k1_4_eta_005,0,1620,405,0.5070529090199141,0.2019230769230769,0.5316455696202531,0.2926829268292683,0.4987654320987654,42,"{0: 10, 1: 4}",150,0.05,[0.33333333 0.33333333 0.33333333],True,True,True,1.0,0.0,0.0,"[494, 1426, 1333, 1055, 739, 1348, 1200, 949, 570, 657, 837, 1076, 668, 194]","[494, 1426, 1333, 1055, 739, 1348, 1200, 949, 570, 657]","[837, 1076, 668, 194]",10,4
m3glvq_k0_10_k1_4_eta_005,1,1620,405,0.4978401991409605,0.1682692307692307,0.5072463768115942,0.2527075812274368,0.4888888888888889,42,"{0: 10, 1: 4}",150,0.05,[0.33333333 0.33333333 0.33333333],True,True,True,1.0,0.0,0.0,"[741, 378, 1200, 545, 1494, 628, 479, 489, 855, 543, 1431, 201, 644, 1442]","[741, 378, 1200, 545, 1494, 628, 479, 489, 855, 543]","[1431, 201, 644, 1442]",10,4
m3glvq_k0_10_k1_4_eta_005,2,1620,405,0.5710293830534947,0.2740384615384615,0.6867469879518072,0.3917525773195876,0.562962962962963,42,"{0: 10, 1: 4}",150,0.05,[0.33333333 0.33333333 0.33333333],True,True,True,1.0,0.0,0.0,"[993, 341, 548, 1541, 562, 549, 636, 830, 474, 1047, 821, 604, 1431, 962]","[993, 341, 548, 1541, 562, 549, 636, 830, 474, 1047]","[821, 604, 1431, 962]",10,4
m3glvq_k0_10_k1_4_eta_005,3,1620,405,0.5394158981115503,0.2657004830917874,0.5978260869565217,0.3678929765886287,0.5333333333333333,42,"{0: 10, 1: 4}",150,0.05,[0.33333333 0.33333333 0.33333333],True,True,True,1.0,0.0,0.0,"[1142, 1241, 666, 1422, 139, 1022, 1059, 985, 1468, 1381, 1444, 682, 840, 194]","[1142, 1241, 666, 1422, 139, 1022, 1059, 985, 1468, 1381]","[1444, 682, 840, 194]",10,4
m3glvq_k0_10_k1_4_eta_005,4,1620,405,0.5620333772507685,0.3816425120772946,0.6076923076923076,0.4688427299703263,0.5580246913580247,42,"{0: 10, 1: 4}",150,0.05,[0.33333333 0.33333333 0.33333333],True,True,True,1.0,0.0,0.0,"[860, 1474, 1090, 137, 312, 68, 501, 1048, 584, 1278, 1443, 1097, 1025, 1240]","[860, 1474, 1090, 137, 312, 68, 501, 1048, 584, 1278]","[1443, 1097, 1025, 1240]",10,4
m3glvq_k0_10_k1_5_eta_005,0,1620,405,0.5077240335806326,0.1778846153846154,0.5362318840579711,0.2671480144404332,0.4987654320987654,42,"{0: 10, 1: 5}",150,0.05,[0.33333333 0.33333333 0.33333333],True,True,True,1.0,0.0,0.0,"[1005, 1352, 1055, 189, 657, 887, 1537, 1426, 739, 1200, 418, 164, 668, 1447, 194]","[1005, 1352, 1055, 189, 657, 887, 1537, 1426, 739, 1200]","[418, 164, 668, 1447, 194]",10,5
m3glvq_k0_10_k1_5_eta_005,1,1620,405,0.5745924443576728,0.6009615384615384,0.5841121495327103,0.5924170616113744,0.5753086419753086,42,"{0: 10, 1: 5}",150,0.05,[0.33333333 0.33333333 0.33333333],True,True,True,0.0660680003640444,0.0544153927924497,0.8795166068435056,"[475, 1240, 82, 474, 1112, 465, 179, 555, 958, 759, 520, 564, 188, 999, 1045]","[475, 1240, 82, 474, 1112, 465, 179, 555, 958, 759]","[520, 564, 188, 999, 1045]",10,5
m3glvq_k0_10_k1_5_eta_005,2,1620,405,0.5407189574385006,0.1778846153846154,0.6607142857142857,0.2803030303030303,0.5308641975308642,42,"{0: 10, 1: 5}",150,0.05,[0.33333333 0.33333333 0.33333333],True,True,True,1.0,0.0,0.0,"[1541, 548, 1347, 1471, 341, 1005, 717, 636, 1193, 549, 962, 978, 1464, 1431, 158]","[1541, 548, 1347, 1471, 341, 1005, 717, 636, 1193, 549]","[962, 978, 1464, 1431, 158]",10,5
m3glvq_k0_10_k1_5_eta_005,3,1620,405,0.5624725516029864,0.251207729468599,0.6753246753246753,0.3661971830985915,0.5555555555555556,42,"{0: 10, 1: 5}",150,0.05,[0.33333333 0.33333333 0.33333333],True,True,True,1.0,0.0,0.0,"[776, 616, 439, 179, 1468, 1025, 1422, 581, 1033, 1059, 771, 165, 856, 1165, 1564]","[776, 616, 439, 179, 1468, 1025, 1422, 581, 1033, 1059]","[771, 165, 856, 1165, 1564]",10,5
m3glvq_k0_10_k1_5_eta_005,4,1620,405,0.5591787439613527,0.2850241545893719,0.6413043478260869,0.3946488294314381,0.5530864197530864,42,"{0: 10, 1: 5}",150,0.05,[0.33333333 0.33333333 0.33333333],True,True,True,1.0,0.0,0.0,"[1073, 1198, 1474, 501, 623, 1482, 384, 102, 921, 113, 1167, 766, 1092, 1240, 1025]","[1073, 1198, 1474, 501, 623, 1482, 384, 102, 921, 113]","[1167, 766, 1092, 1240, 1025]",10,5
m3glvq_k0_10_k1_6_eta_005,0,1620,405,0.5212075361187036,0.2403846153846154,0.5617977528089888,0.3367003367003367,0.5135802469135803,42,"{0: 10, 1: 6}",150,0.05,[0.33333333 0.33333333 0.33333333],True,True,True,1.0,0.0,0.0,"[1352, 657, 1200, 1426, 1055, 570, 754, 1537, 887, 189, 1447, 194, 5, 668, 1160, 463]","[1352, 657, 1200, 1426, 1055, 570, 754, 1537, 887, 189]","[1447, 194, 5, 668, 1160, 463]",10,6
m3glvq_k0_10_k1_6_eta_005,1,1620,405,0.5751659508004685,0.3076923076923077,0.6736842105263158,0.4224422442244225,0.5679012345679012,42,"{0: 10, 1: 6}",150,0.05,[0.33333333 0.33333333 0.33333333],True,True,True,1.0,0.0,0.0,"[187, 133, 90, 85, 1200, 880, 476, 1342, 164, 366, 1216, 724, 356, 1442, 148, 1390]","[187, 133, 90, 85, 1200, 880, 476, 1342, 164, 366]","[1216, 724, 356, 1442, 148, 1390]",10,6
m3glvq_k0_10_k1_6_eta_005,2,1620,405,0.5827801639984381,0.3076923076923077,0.6956521739130435,0.4266666666666666,0.5753086419753086,42,"{0: 10, 1: 6}",150,0.05,[0.33333333 0.33333333 0.33333333],True,True,True,1.0,0.0,0.0,"[548, 993, 474, 549, 830, 1247, 1054, 1541, 562, 636, 385, 1083, 450, 1144, 1571, 962]","[548, 993, 474, 549, 830, 1247, 1054, 1541, 562, 636]","[385, 1083, 450, 1144, 1571, 962]",10,6
m3glvq_k0_10_k1_6_eta_005,3,1620,405,0.5184453227931489,0.6328502415458938,0.5261044176706827,0.5745614035087719,0.5209876543209877,42,"{0: 10, 1: 6}",150,0.05,[0.33333333 0.33333333 0.33333333],True,True,True,0.0,1.0,0.0,"[964, 58, 557, 340, 684, 591, 65, 1122, 1149, 155, 25, 233, 350, 246, 998, 1489]","[964, 58, 557, 340, 684, 591, 65, 1122, 1149, 155]","[25, 233, 350, 246, 998, 1489]",10,6
m3glvq_k0_10_k1_6_eta_005,4,1620,405,0.5601668862538428,0.2415458937198067,0.6756756756756757,0.3558718861209964,0.5530864197530864,42,"{0: 10, 1: 6}",150,0.05,[0.33333333 0.33333333 0.33333333],True,True,True,1.0,0.0,0.0,"[734, 1406, 1225, 1073, 786, 384, 901, 1157, 578, 623, 349, 758, 1368, 151, 1025, 1582]","[734, 1406, 1225, 1073, 786, 384, 901, 1157, 578, 623]","[349, 758, 1368, 151, 1025, 1582]",10,6
m3glvq_k0_10_k1_7_eta_005,0,1620,405,0.5129221983600156,0.2644230769230769,0.5392156862745098,0.3548387096774193,0.5061728395061729,42,"{0: 10, 1: 7}",150,0.05,[0.33333333 0.33333333 0.33333333],True,True,True,1.0,0.0,0.0,"[205, 1426, 1200, 1269, 657, 1348, 1537, 1055, 1257, 95, 745, 5, 1562, 604, 976, 463, 668]","[205, 1426, 1200, 1269, 657, 1348, 1537, 1055, 1257, 95]","[745, 5, 1562, 604, 976, 463, 668]",10,7
m3glvq_k0_10_k1_7_eta_005,1,1620,405,0.5212075361187036,0.2403846153846154,0.5617977528089888,0.3367003367003367,0.5135802469135803,42,"{0: 10, 1: 7}",150,0.05,[0.33333333 0.33333333 0.33333333],True,True,True,1.0,0.0,0.0,"[651, 1395, 1394, 1016, 198, 543, 507, 1205, 628, 1026, 442, 359, 984, 201, 394, 1390, 1060]","[651, 1395, 1394, 1016, 198, 543, 507, 1205, 628, 1026]","[442, 359, 984, 201, 394, 1390, 1060]",10,7
m3glvq_k0_10_k1_7_eta_005,2,1620,405,0.5290901991409606,0.2307692307692307,0.5853658536585366,0.3310344827586207,0.5209876543209877,42,"{0: 10, 1: 7}",150,0.05,[0.33333333 0.33333333 0.33333333],True,True,True,1.0,0.0,0.0,"[1541, 1001, 1196, 562, 636, 401, 548, 1328, 1279, 549, 1442, 158, 268, 568, 978, 174, 136]","[1541, 1001, 1196, 562, 636, 401, 548, 1328, 1279, 549]","[1442, 158, 268, 568, 978, 174, 136]",10,7
m3glvq_k0_10_k1_7_eta_005,3,1620,405,0.5216293368467282,0.2705314009661835,0.5544554455445545,0.3636363636363636,0.5160493827160494,42,"{0: 10, 1: 7}",150,0.05,[0.33333333 0.33333333 0.33333333],True,True,True,1.0,0.0,0.0,"[581, 159, 1388, 412, 110, 1523, 1381, 959, 1241, 1468, 856, 499, 633, 771, 361, 1121, 763]","[581, 159, 1388, 412, 110, 1523, 1381, 959, 1241, 1468]","[856, 499, 633, 771, 361, 1121, 763]",10,7
m3glvq_k0_10_k1_7_eta_005,4,1620,405,0.5652173913043479,0.3526570048309179,0.6239316239316239,0.4506172839506173,0.5604938271604938,42,"{0: 10, 1: 7}",150,0.05,[0.33333333 0.33333333 0.33333333],True,True,True,1.0,0.0,0.0,"[418, 734, 578, 1225, 384, 1474, 115, 193, 1112, 1597, 758, 1557, 151, 1063, 681, 171, 766]","[418, 734, 578, 1225, 384, 1474, 115, 193, 1112, 1597]","[758, 1557, 151, 1063, 681, 171, 766]",10,7
m3glvq_k0_10_k1_8_eta_005,0,1620,405,0.5129221983600156,0.2644230769230769,0.5392156862745098,0.3548387096774193,0.5061728395061729,42,"{0: 10, 1: 8}",150,0.05,[0.33333333 0.33333333 0.33333333],True,True,True,1.0,0.0,0.0,"[570, 97, 1426, 1348, 1537, 1055, 657, 1071, 771, 171, 745, 1083, 604, 668, 463, 1326, 1019, 976]","[570, 97, 1426, 1348, 1537, 1055, 657, 1071, 771, 171]","[745, 1083, 604, 668, 463, 1326, 1019, 976]",10,8
m3glvq_k0_10_k1_8_eta_005,1,1620,405,0.5117263764154627,0.2163461538461538,0.5421686746987951,0.3092783505154639,0.5037037037037037,42,"{0: 10, 1: 8}",150,0.05,[0.33333333 0.33333333 0.33333333],True,True,True,1.0,0.0,0.0,"[470, 1537, 1591, 958, 1200, 525, 541, 545, 453, 970, 442, 148, 145, 734, 258, 342, 1029, 724]","[470, 1537, 1591, 958, 1200, 525, 541, 545, 453, 970]","[442, 148, 145, 734, 258, 342, 1029, 724]",10,8
m3glvq_k0_10_k1_8_eta_005,2,1620,405,0.5429763764154627,0.2788461538461538,0.6041666666666666,0.381578947368421,0.5358024691358024,42,"{0: 10, 1: 8}",150,0.05,[0.33333333 0.33333333 0.33333333],True,True,True,1.0,0.0,0.0,"[1424, 548, 1481, 1047, 1510, 204, 545, 1304, 1005, 1471, 1427, 978, 448, 1431, 568, 136, 604, 268]","[1424, 548, 1481, 1047, 1510, 204, 545, 1304, 1005, 1471]","[1427, 978, 448, 1431, 568, 136, 604, 268]",10,8
m3glvq_k0_10_k1_8_eta_005,3,1620,405,0.554457619675011,0.2705314009661835,0.6363636363636364,0.3796610169491525,0.5481481481481482,42,"{0: 10, 1: 8}",150,0.05,[0.33333333 0.33333333 0.33333333],True,True,True,1.0,0.0,0.0,"[1241, 1059, 737, 1033, 1422, 1065, 905, 666, 997, 1536, 763, 1087, 50, 1008, 1489, 1544, 1097, 1003]","[1241, 1059, 737, 1033, 1422, 1065, 905, 666, 997, 1536]","[763, 1087, 50, 1008, 1489, 1544, 1097, 1003]",10,8
m3glvq_k0_10_k1_8_eta_005,4,1620,405,0.5671936758893281,0.3768115942028985,0.6190476190476191,0.4684684684684685,0.562962962962963,42,"{0: 10, 1: 8}",150,0.05,[0.33333333 0.33333333 0.33333333],True,True,True,1.0,0.0,0.0,"[1048, 1157, 600, 609, 1278, 1044, 501, 623, 725, 1451, 868, 1025, 1167, 1052, 282, 279, 1404, 631]","[1048, 1157, 600, 609, 1278, 1044, 501, 623, 725, 1451]","[868, 1025, 1167, 1052, 282, 279, 1404, 631]",10,8
m3glvq_k0_10_k1_9_eta_005,0,1620,405,0.5228060327996876,0.2740384615384615,0.5588235294117647,0.3677419354838709,0.5160493827160494,42,"{0: 10, 1: 9}",150,0.05,[0.33333333 0.33333333 0.33333333],True,True,True,1.0,0.0,0.0,"[570, 502, 1426, 657, 887, 829, 739, 97, 1055, 1200, 509, 228, 463, 61, 29, 194, 462, 1039, 1087]","[570, 502, 1426, 657, 887, 829, 739, 97, 1055, 1200]","[509, 228, 463, 61, 29, 194, 462, 1039, 1087]",10,9
m3glvq_k0_10_k1_9_eta_005,1,1620,405,0.5019767668879344,0.2019230769230769,0.5185185185185185,0.2906574394463668,0.4938271604938271,42,"{0: 10, 1: 9}",150,0.05,[0.33333333 0.33333333 0.33333333],True,True,True,1.0,0.0,0.0,"[1533, 628, 1200, 1342, 470, 541, 545, 543, 1494, 479, 442, 258, 1108, 623, 1431, 1029, 724, 148, 145]","[1533, 628, 1200, 1342, 470, 541, 545, 543, 1494, 479]","[442, 258, 1108, 623, 1431, 1029, 724, 148, 145]",10,9
m3glvq_k0_10_k1_9_eta_005,2,1620,405,0.5594006247559548,0.3269230769230769,0.6238532110091743,0.4290220820189275,0.5530864197530864,42,"{0: 10, 1: 9}",150,0.05,[0.33333333 0.33333333 0.33333333],True,True,True,1.0,0.0,0.0,"[636, 873, 549, 1471, 1047, 588, 329, 548, 955, 1005, 1057, 1431, 978, 531, 297, 136, 1139, 664, 404]","[636, 873, 549, 1471, 1047, 588, 329, 548, 955, 1005]","[1057, 1431, 978, 531, 297, 136, 1139, 664, 404]",10,9
m3glvq_k0_10_k1_9_eta_005,3,1620,405,0.5613746157224417,0.2995169082125604,0.6391752577319587,0.4078947368421052,0.5555555555555556,42,"{0: 10, 1: 9}",150,0.05,[0.33333333 0.33333333 0.33333333],True,True,True,1.0,0.0,0.0,"[1422, 1381, 1033, 1059, 830, 581, 1308, 1079, 997, 273, 468, 194, 1431, 1544, 165, 1003, 1262, 143, 682]","[1422, 1381, 1033, 1059, 830, 581, 1308, 1079, 997, 273]","[468, 194, 1431, 1544, 165, 1003, 1262, 143, 682]",10,9
m3glvq_k0_10_k1_9_eta_005,4,1620,405,0.5416117698726395,0.2801932367149758,0.5979381443298969,0.3815789473684211,0.5358024691358024,42,"{0: 10, 1: 9}",150,0.05,[0.33333333 0.33333333 0.33333333],True,True,True,1.0,0.0,0.0,"[921, 950, 530, 786, 1474, 408, 1104, 1434, 403, 1252, 674, 758, 681, 864, 31, 200, 757, 819, 1108]","[921, 950, 530, 786, 1474, 408, 1104, 1434, 403, 1252]","[674, 758, 681, 864, 31, 200, 757, 819, 1108]",10,9
m3glvq_k0_10_k1_10_eta_005,0,1620,405,0.5269426005466615,0.3076923076923077,0.5614035087719298,0.3975155279503105,0.5209876543209877,42,"{0: 10, 1: 10}",150,0.05,[0.33333333 0.33333333 0.33333333],True,True,True,1.0,0.0,0.0,"[613, 494, 1468, 1134, 1515, 422, 97, 1426, 1135, 754, 1562, 684, 630, 626, 552, 29, 1083, 744, 1047, 553]","[613, 494, 1468, 1134, 1515, 422, 97, 1426, 1135, 754]","[1562, 684, 630, 626, 552, 29, 1083, 744, 1047, 553]",10,10
m3glvq_k0_10_k1_10_eta_005,1,1620,405,0.5675395353377587,0.3990384615384615,0.6148148148148148,0.4839650145772595,0.562962962962963,42,"{0: 10, 1: 10}",150,0.05,[0.33333333 0.33333333 0.33333333],True,True,True,1.0,0.0,0.0,"[1580, 651, 453, 369, 498, 436, 85, 541, 555, 474, 167, 1029, 364, 449, 274, 991, 1349, 270, 184, 1019]","[1580, 651, 453, 369, 498, 436, 85, 541, 555, 474]","[167, 1029, 364, 449, 274, 991, 1349, 270, 184, 1019]",10,10
m3glvq_k0_10_k1_10_eta_005,2,1620,405,0.5779602694260054,0.3894230769230769,0.6377952755905512,0.4835820895522388,0.5728395061728395,42,"{0: 10, 1: 10}",150,0.05,[0.33333333 0.33333333 0.33333333],True,True,True,1.0,0.0,0.0,"[636, 1005, 1247, 798, 1503, 549, 966, 474, 548, 341, 87, 1139, 368, 881, 1442, 139, 962, 1076, 136, 528]","[636, 1005, 1247, 798, 1503, 549, 966, 474, 548, 341]","[87, 1139, 368, 881, 1442, 139, 962, 1076, 136, 528]",10,10
m3glvq_k0_10_k1_10_eta_005,3,1620,405,0.52832674571805,0.3091787439613526,0.5614035087719298,0.3987538940809968,0.5234567901234568,42,"{0: 10, 1: 10}",150,0.05,[0.33333333 0.33333333 0.33333333],True,True,True,1.0,0.0,0.0,"[1468, 666, 1065, 1241, 905, 179, 1422, 1059, 1536, 583, 1299, 50, 1525, 1403, 1003, 1099, 1544, 856, 194, 916]","[1468, 666, 1065, 1241, 905, 179, 1422, 1059, 1536, 583]","[1299, 50, 1525, 1403, 1003, 1099, 1544, 856, 194, 916]",10,10
m3glvq_k0_10_k1_10_eta_005,4,1620,405,0.5474308300395256,0.357487922705314,0.5873015873015873,0.4444444444444444,0.5432098765432098,42,"{0: 10, 1: 10}",150,0.05,[0.33333333 0.33333333 0.33333333],True,True,True,1.0,0.0,0.0,"[499, 623, 1406, 896, 734, 1087, 1157, 384, 1073, 973, 171, 1175, 766, 376, 207, 1368, 1092, 681, 151, 152]","[499, 623, 1406, 896, 734, 1087, 1157, 384, 1073, 973]","[171, 1175, 766, 376, 207, 1368, 1092, 681, 151, 152]",10,10
