y,mu,d_plus,d_minus,knn_purity,knn_mean,view,id,fold,y_true,y_pred,correct
1,0.0,0.0,0.0,0.8,0.0,am,1,2,1,0,0
1,0.0,0.4791666567325592,0.4791666567325592,0.8,0.4791666567325592,am,2,9,1,1,1
0,0.0,0.5,0.5,0.6,0.44999998807907104,am,3,5,0,0,1
0,0.0,0.4791666567325592,0.4791666567325592,0.2,0.4312500059604645,am,4,8,0,1,0
0,-0.9999999999960001,0.0,0.25,0.6,0.23749999701976776,am,5,1,0,0,1
0,0.0,0.3333333432674408,0.3333333432674408,0.2,0.29999998211860657,am,6,7,0,1,0
1,0.0,0.4791666567325592,0.4791666567325592,0.8,0.4312500059604645,am,7,6,1,1,1
1,-0.045454535109887985,0.4375,0.4791666567325592,0.8,0.4312500059604645,am,8,3,1,1,1
0,0.0,0.375,0.375,0.4,0.3375000059604645,am,9,1,0,0,1
1,0.0,0.0,0.0,0.8,0.0,am,10,3,1,1,1
1,0.0,0.4895833432674408,0.4895833432674408,0.6,0.44062501192092896,am,11,10,1,1,1
0,0.0,0.4791666567325592,0.4791666567325592,0.1,0.4312500059604645,am,12,3,0,1,0
0,0.0,1.0,1.0,0.5,0.8999999761581421,am,13,5,0,0,1
1,0.0,0.4791666567325592,0.4791666567325592,0.4,0.4416666626930237,am,14,9,1,0,0
1,0.0,0.0,0.0,0.2,0.0,am,15,5,1,0,0
1,0.0,0.4895833432674408,0.4895833432674408,0.9,0.44062501192092896,am,16,8,1,0,0
1,0.0,0.4375,0.4375,0.8,0.4412499964237213,am,17,3,1,1,1
0,0.0,0.3333333432674408,0.3333333432674408,0.4,0.29999998211860657,am,18,6,0,1,0
1,-0.045454535109887985,0.4375,0.4791666567325592,0.8,0.4312500059604645,am,19,3,1,1,1
0,0.0,0.375,0.375,0.6,0.3375000059604645,am,20,6,0,0,1
0,0.045454535109887985,0.4791666567325592,0.4375,0.2,0.4312500059604645,am,21,8,0,0,1
1,0.0,0.4895833432674408,0.4895833432674408,0.7,0.4427083134651184,am,22,7,1,0,0
0,0.0,0.4791666567325592,0.4791666567325592,0.1,0.4312500059604645,am,23,1,0,1,0
0,0.0,0.4791666567325592,0.4791666567325592,0.1,0.4312500059604645,am,24,6,0,1,0
1,-0.045454535109887985,0.4375,0.4791666567325592,0.8,0.4312500059604645,am,25,1,1,1,1
0,0.0,0.4895833432674408,0.4895833432674408,0.4,0.444791704416275,am,26,3,0,1,0
1,0.0,0.25,0.25,0.5,0.22499999403953552,am,27,7,1,0,0
0,0.0,0.4791666567325592,0.4791666567325592,0.5,0.4416666626930237,am,28,6,0,0,1
0,0.010752708681156995,0.4895833432674408,0.4791666567325592,0.8,0.43958330154418945,am,29,4,0,0,1
1,0.0,0.0,0.0,0.2,0.0,am,30,6,1,0,0
1,0.0,1.0,1.0,0.5,1.0,am,31,8,1,0,0
1,0.0,1.0,1.0,0.5,0.8999999761581421,am,32,7,1,0,0
0,0.0,0.0,0.0,0.5,0.0,am,33,10,0,0,1
1,0.0,0.3333333432674408,0.3333333432674408,0.4,0.3395833373069763,am,34,6,1,1,1
1,0.0,0.4000000059604645,0.4000000059604645,0.7,0.3866666853427887,am,35,1,1,0,0
1,0.0,0.3333333432674408,0.3333333432674408,0.8,0.3333333134651184,am,36,7,1,1,1
0,0.0,0.375,0.375,0.7,0.3375000059604645,am,37,6,0,1,0
1,0.021276606105991774,0.5,0.4791666567325592,0.3,0.44999998807907104,am,38,1,1,0,0
1,0.0,0.375,0.375,0.5,0.3375000059604645,am,39,5,1,1,1
0,0.0,0.0,0.0,0.8,0.0,am,40,4,0,0,1
0,0.045454535109887985,0.4791666567325592,0.4375,0.2,0.4312500059604645,am,41,9,0,1,0
0,-0.01052630564511585,0.4895833432674408,0.5,0.4,0.4489583373069763,am,42,6,0,1,0
0,0.0,0.4895833432674408,0.4895833432674408,0.2,0.4895833432674408,am,43,5,0,1,0
1,-0.042735043431656315,0.3499999940395355,0.3812499940395355,0.8,0.34083330631256104,am,44,3,1,1,1
0,0.0,1.0,1.0,0.5,0.8999999761581421,am,45,1,0,0,1
0,0.0,0.4895833432674408,0.4895833432674408,0.4,0.44062501192092896,am,46,10,0,1,0
0,0.0,0.0,0.0,0.5,0.0,am,47,1,0,0,1
1,0.0,0.5,0.5,0.3,0.44999998807907104,am,48,2,1,0,0
0,0.0,0.4895833432674408,0.4895833432674408,0.3,0.44062501192092896,am,49,8,0,0,1
0,0.0,0.4791666567325592,0.4791666567325592,0.2,0.4312500059604645,am,50,7,0,1,0
1,0.0,0.3499999940395355,0.3499999940395355,0.7,0.3695833086967468,am,51,10,1,1,1
0,0.045454535109887985,0.4791666567325592,0.4375,0.2,0.4749999940395355,am,52,1,0,1,0
1,0.0,0.5,0.5,0.3,0.44999998807907104,am,53,2,1,0,0
0,0.0,0.0,0.0,0.7,0.0,am,54,5,0,0,1
1,0.0,0.4791666567325592,0.4791666567325592,0.8,0.4791666567325592,am,55,2,1,0,0
0,0.0,0.5,0.5,0.7,0.44999998807907104,am,56,8,0,0,1
1,0.0,0.4895833432674408,0.4895833432674408,0.8,0.44062501192092896,am,57,8,1,0,0
1,0.0,0.4791666567325592,0.4791666567325592,0.4,0.4416666626930237,am,58,8,1,0,0
1,0.0,0.5,0.5,0.3,0.44999998807907104,am,59,3,1,0,0
1,-0.014989309760122433,0.4791666567325592,0.4937500059604645,0.5,0.46916666626930237,am,60,4,1,0,0
1,0.0,0.375,0.375,0.2,0.3375000059604645,am,61,9,1,0,0
0,0.0,0.4895833432674408,0.4895833432674408,0.2,0.44062501192092896,am,62,2,0,1,0
1,0.0,0.0,0.0,0.8,0.0,am,63,8,1,0,0
1,0.0,0.3125,0.3125,0.6,0.28125,am,64,7,1,1,1
0,0.045454535109887985,0.4791666567325592,0.4375,0.2,0.4312500059604645,am,65,4,0,1,0
0,0.0,0.4895833432674408,0.4895833432674408,0.2,0.44062501192092896,am,66,2,0,1,0
1,0.0,0.3333333432674408,0.3333333432674408,0.6,0.3333333134651184,am,67,1,1,1,1
1,0.022222201029435933,0.4791666567325592,0.4583333432674408,0.2,0.429166704416275,am,68,2,1,0,0
1,0.0,0.25,0.25,0.5,0.22499999403953552,am,69,10,1,0,0
1,0.0,0.4895833432674408,0.4895833432674408,0.7,0.4427083134651184,am,70,3,1,1,1
0,0.0,0.3333333432674408,0.3333333432674408,0.3,0.29999998211860657,am,71,6,0,1,0
1,-0.045454535109887985,0.4375,0.4791666567325592,0.8,0.4312500059604645,am,72,8,1,0,0
0,0.0,0.4895833432674408,0.4895833432674408,0.2,0.44062501192092896,am,73,6,0,1,0
1,0.0,0.3333333432674408,0.3333333432674408,0.8,0.29999998211860657,am,74,6,1,1,1
0,0.0,0.25,0.25,0.5,0.22499999403953552,am,75,2,0,0,1
0,0.0,1.0,1.0,0.5,0.8999999761581421,am,76,1,0,0,1
1,0.9999999999960001,0.25,0.0,0.3,0.15000000596046448,am,77,3,1,0,0
0,0.010752708681156995,0.4895833432674408,0.4791666567325592,0.7,0.43958336114883423,am,78,4,0,1,0
1,0.0,0.3333333432674408,0.3333333432674408,0.6,0.29999998211860657,am,79,3,1,1,1
1,0.0,0.25,0.25,0.5,0.22499999403953552,am,80,8,1,0,0
1,0.0,0.3333333432674408,0.3333333432674408,0.6,0.3333333134651184,am,81,6,1,1,1
0,-0.022222201029435933,0.4583333432674408,0.4791666567325592,0.8,0.429166704416275,am,82,2,0,0,1
0,0.0,0.4791666567325592,0.4791666567325592,0.2,0.4312500059604645,am,83,4,0,1,0
0,0.0,0.0,0.0,0.2,0.0,am,84,9,0,0,1
0,0.045454535109887985,0.4791666567325592,0.4375,0.2,0.4312500059604645,am,85,8,0,0,1
1,0.0,1.0,1.0,0.5,0.8999999761581421,am,86,1,1,0,0
1,0.0,0.3333333432674408,0.3333333432674408,0.6,0.3333333134651184,am,87,6,1,1,1
0,0.0,0.0,0.0,0.8,0.0,am,88,7,0,0,1
0,0.0,0.4895833432674408,0.4895833432674408,0.2,0.44062501192092896,am,89,10,0,1,0
0,0.0,1.0,1.0,0.5,0.8999999761581421,am,90,5,0,0,1
0,0.0,0.4791666567325592,0.4791666567325592,0.5,0.4416666626930237,am,91,9,0,0,1
0,0.0,0.5,0.5,0.6,0.44999998807907104,am,92,4,0,1,0
0,0.0,0.0,0.0,0.5,0.0,am,93,3,0,0,1
1,-0.045454535109887985,0.4375,0.4791666567325592,0.8,0.4312500059604645,am,94,9,1,1,1
1,0.0,0.3333333432674408,0.3333333432674408,0.6,0.29999998211860657,am,95,10,1,1,1
1,0.0,0.0,0.0,0.8,0.0,am,96,7,1,0,0
1,0.0,0.4895833432674408,0.4895833432674408,0.9,0.44062501192092896,am,97,1,1,0,0
1,0.0,0.3333333432674408,0.3333333432674408,0.6,0.29999998211860657,am,98,7,1,0,0
0,0.0,0.3125,0.3125,0.4,0.28125,am,99,4,0,1,0
0,-0.04347826086950473,0.34375,0.375,0.7,0.3343749940395355,am,100,9,0,0,1
1,0.0,0.4791666567325592,0.4791666567325592,0.5,0.4416666626930237,am,101,2,1,0,0
1,0.0,0.3333333432674408,0.3333333432674408,0.7,0.3125,am,102,8,1,0,0
0,0.0,0.4791666567325592,0.4791666567325592,0.5,0.4416666626930237,am,103,3,0,0,1
0,0.0,0.0,0.0,0.8,0.0,am,104,10,0,0,1
1,0.0,0.4895833432674408,0.4895833432674408,0.9,0.44062501192092896,am,105,3,1,1,1
1,0.0,0.4791666567325592,0.4791666567325592,0.8,0.4312500059604645,am,106,9,1,1,1
1,-0.045454535109887985,0.4375,0.4791666567325592,0.8,0.4312500059604645,am,107,4,1,1,1
1,0.0,0.25,0.25,0.0,0.22499999403953552,am,108,6,1,0,0
0,0.0,0.0,0.0,0.7,0.15000000596046448,am,109,1,0,0,1
1,0.0,0.375,0.375,0.2,0.3375000059604645,am,110,7,1,0,0
0,0.0,0.0,0.0,0.5,0.0,am,111,1,0,0,1
0,0.0,0.0,0.0,0.8,0.0,am,112,9,0,0,1
1,0.0,0.3333333432674408,0.3333333432674408,0.8,0.29999998211860657,am,113,9,1,1,1
0,-0.06666666666659556,0.4375,0.5,0.6,0.445833295583725,am,114,3,0,0,1
0,0.0,0.0,0.0,0.8,0.0,am,115,5,0,0,1
0,0.014989309760122433,0.4937500059604645,0.4791666567325592,0.4,0.46916666626930237,am,116,3,0,1,0
1,-0.03743315753464521,0.375,0.40416666865348816,0.6,0.3722916543483734,am,117,6,1,1,1
1,0.0,0.3333333432674408,0.3333333432674408,0.6,0.3333333134651184,am,118,6,1,1,1
1,-0.045454535109887985,0.4375,0.4791666567325592,0.8,0.4312500059604645,am,119,5,1,1,1
0,0.0,1.0,1.0,0.4,0.8999999761581421,am,120,6,0,0,1
1,-0.045454535109887985,0.4375,0.4791666567325592,0.8,0.4312500059604645,am,121,1,1,1,1
0,0.0,0.375,0.375,0.1,0.3375000059604645,am,122,5,0,1,0
0,0.0,0.4895833432674408,0.4895833432674408,0.4,0.44062501192092896,am,123,5,0,1,0
0,-0.021276606105991774,0.4791666567325592,0.5,0.9,0.44999998807907104,am,124,6,0,0,1
0,0.01052630564511585,0.5,0.4895833432674408,0.5,0.45645833015441895,am,125,8,0,0,1
1,0.0,0.25,0.25,0.5,0.22499999403953552,am,126,6,1,0,0
0,0.0,0.4791666567325592,0.4791666567325592,0.8,0.4416666626930237,am,127,8,0,0,1
1,-0.010752708681156995,0.4791666567325592,0.4895833432674408,0.3,0.4885416626930237,am,128,8,1,0,0
0,0.0,0.0,0.0,0.8,0.0,am,129,2,0,0,1
1,0.0,0.0,0.0,0.5,0.0,am,130,9,1,0,0
0,-0.045454535109887985,0.4375,0.4791666567325592,0.5,0.4270833432674408,am,131,9,0,0,1
0,0.045454535109887985,0.4791666567325592,0.4375,0.2,0.4312500059604645,am,132,5,0,1,0
1,-0.045454535109887985,0.4375,0.4791666567325592,0.8,0.4312500059604645,am,133,10,1,1,1
1,0.045454535109887985,0.4791666567325592,0.4375,0.5,0.4749999940395355,am,134,2,1,0,0
1,-0.045454535109887985,0.4375,0.4791666567325592,0.8,0.4312500059604645,am,135,3,1,1,1
0,0.0,1.0,1.0,0.4,1.0,am,136,3,0,0,1
0,0.0,0.0,0.0,0.2,0.0,am,137,8,0,0,1
0,0.0,0.0,0.0,0.2,0.0,am,138,5,0,0,1
0,0.0,0.5,0.5,0.4,0.44999998807907104,am,139,2,0,0,1
0,0.0,0.3333333432674408,0.3333333432674408,0.2,0.29999998211860657,am,140,6,0,1,0
1,0.0,0.4895833432674408,0.4895833432674408,0.9,0.44062501192092896,am,141,8,1,0,0
1,0.0,0.3333333432674408,0.3333333432674408,0.5,0.29999998211860657,am,142,2,1,1,1
0,0.0,0.0,0.0,0.2,0.0,am,143,7,0,0,1
0,0.045454535109887985,0.4791666567325592,0.4375,0.2,0.4312500059604645,am,144,6,0,1,0
0,0.0,0.4895833432674408,0.4895833432674408,0.1,0.44062501192092896,am,145,3,0,1,0
0,0.0,0.4791666567325592,0.4791666567325592,0.5,0.4416666626930237,am,146,4,0,0,1
0,0.0,0.0,0.0,0.8,0.0,am,147,7,0,0,1
0,0.0,0.4895833432674408,0.4895833432674408,0.5,0.45479169487953186,am,148,10,0,0,1
0,0.045454535109887985,0.4791666567325592,0.4375,0.2,0.4312500059604645,am,149,8,0,0,1
0,0.0,0.0,0.0,0.5,0.0,am,150,9,0,0,1
0,0.0,0.5,0.5,0.7,0.44999998807907104,am,151,7,0,0,1
0,0.0,0.4895833432674408,0.4895833432674408,0.4,0.4427083134651184,am,152,3,0,1,0
0,0.0,0.3333333432674408,0.3333333432674408,0.4,0.3333333134651184,am,153,9,0,1,0
0,0.045454535109887985,0.4791666567325592,0.4375,0.2,0.4312500059604645,am,154,2,0,1,0
0,0.0,0.0,0.0,0.2,0.0,am,155,10,0,0,1
0,0.0,0.5,0.5,0.7,0.44999998807907104,am,156,7,0,0,1
0,0.0,0.375,0.375,0.7,0.3375000059604645,am,157,1,0,0,1
0,0.0,0.4791666567325592,0.4791666567325592,0.6,0.4895833134651184,am,158,1,0,0,1
0,0.045454535109887985,0.4791666567325592,0.4375,0.3,0.4312500059604645,am,159,10,0,1,0
0,0.0,0.5,0.5,0.7,0.44999998807907104,am,160,4,0,1,0
0,-0.021276606105991774,0.4791666567325592,0.5,0.7,0.44999998807907104,am,161,6,0,0,1
1,0.0,0.4895833432674408,0.4895833432674408,0.9,0.44062501192092896,am,162,6,1,1,1
0,0.045454535109887985,0.4791666567325592,0.4375,0.3,0.4312500059604645,am,163,8,0,0,1
0,0.0,0.4791666567325592,0.4791666567325592,0.1,0.4312500059604645,am,164,6,0,1,0
0,0.045454535109887985,0.4791666567325592,0.4375,0.3,0.4312500059604645,am,165,7,0,0,1
0,0.0,0.5,0.5,0.7,0.44999998807907104,am,166,10,0,0,1
1,-0.045454535109887985,0.4375,0.4791666567325592,0.7,0.4312500059604645,am,167,5,1,1,1
1,0.0,0.3333333432674408,0.3333333432674408,0.8,0.29999998211860657,am,168,1,1,1,1
0,0.045454535109887985,0.4791666567325592,0.4375,0.3,0.4312500059604645,am,169,5,0,1,0
0,0.045454535109887985,0.4791666567325592,0.4375,0.3,0.4312500059604645,am,170,6,0,1,0
1,0.0,0.375,0.375,0.3,0.36250001192092896,am,171,3,1,1,1
1,0.0,0.3333333432674408,0.3333333432674408,0.6,0.3333333134651184,am,172,6,1,1,1
0,0.045454535109887985,0.4791666567325592,0.4375,0.3,0.4312500059604645,am,173,6,0,1,0
1,0.0,0.5,0.5,0.3,0.44999998807907104,am,174,9,1,1,1
1,0.0,0.4791666567325592,0.4791666567325592,0.5,0.44166669249534607,am,175,3,1,0,0
0,0.0,1.0,1.0,0.5,0.8999999761581421,am,176,4,0,0,1
1,0.0,1.0,1.0,0.5,0.8999999761581421,am,177,5,1,0,0
0,-0.024390255816247996,0.4166666567325592,0.4375,0.6,0.3916666507720947,am,178,2,0,0,1
0,0.0,0.25,0.25,0.6,0.25,am,179,7,0,0,1
0,0.0,0.4166666567325592,0.4166666567325592,0.4,0.38749998807907104,am,180,4,0,1,0
1,0.0,0.3333333432674408,0.3333333432674408,0.7,0.29999998211860657,am,181,2,1,1,1
1,0.0,0.4895833432674408,0.4895833432674408,0.6,0.49166664481163025,am,182,10,1,1,1
1,0.0,0.5,0.5,0.3,0.44999998807907104,am,183,9,1,1,1
1,0.0,0.4937500059604645,0.4937500059604645,0.6,0.5118750333786011,am,184,8,1,0,0
0,0.045454535109887985,0.4791666567325592,0.4375,0.3,0.4312500059604645,am,185,8,0,0,1
0,0.010752708681156995,0.4895833432674408,0.4791666567325592,0.8,0.44062501192092896,am,186,1,0,1,0
1,-0.045454535109887985,0.4375,0.4791666567325592,0.7,0.4312500059604645,am,187,1,1,1,1
0,0.0,0.375,0.375,0.1,0.3375000059604645,am,188,6,0,1,0
1,0.0,0.5,0.5,0.2,0.44999998807907104,am,189,7,1,0,0
1,0.0,0.4895833432674408,0.4895833432674408,0.8,0.44062501192092896,am,190,5,1,1,1
1,-0.045454535109887985,0.4375,0.4791666567325592,0.8,0.4312500059604645,am,191,1,1,1,1
1,0.0,0.0,0.0,0.2,0.0,am,192,1,1,0,0
1,0.0,0.4791666567325592,0.4791666567325592,0.5,0.4895833134651184,am,193,6,1,0,0
0,0.045454535109887985,0.4791666567325592,0.4375,0.2,0.4312500059604645,am,194,7,0,0,1
0,0.0,0.0,0.0,0.2,0.0,am,195,8,0,0,1
1,0.0,0.3333333432674408,0.3333333432674408,0.8,0.29999998211860657,am,196,10,1,1,1
1,0.0,0.0,0.0,0.8,0.0,am,197,10,1,0,0
0,0.0,0.0,0.0,0.8,0.0,am,198,2,0,0,1
0,0.0,0.4791666567325592,0.4791666567325592,0.6,0.44166669249534607,am,199,6,0,0,1
0,0.0,0.3333333432674408,0.3333333432674408,0.1,0.29999998211860657,am,200,10,0,1,0
0,-0.04347826086950473,0.34375,0.375,0.7,0.3343749940395355,am,201,4,0,0,1
0,0.0,0.4895833432674408,0.4895833432674408,0.4,0.44062501192092896,am,202,3,0,1,0
1,-0.045454535109887985,0.4375,0.4791666567325592,0.7,0.4312500059604645,am,203,1,1,1,1
1,0.0,0.4895833432674408,0.4895833432674408,0.4,0.4547916352748871,am,204,10,1,0,0
1,0.0,0.0,0.0,0.2,0.0,am,205,9,1,0,0
1,0.0,0.0,0.0,0.2,0.0,am,206,5,1,0,0
1,0.0,0.3333333432674408,0.3333333432674408,0.7,0.3125,am,207,2,1,0,0
1,0.0,0.3333333432674408,0.3333333432674408,0.6,0.29999998211860657,am,208,3,1,1,1
1,0.0,0.4000000059604645,0.4000000059604645,0.7,0.42666664719581604,am,209,7,1,0,0
1,0.0,0.5,0.5,0.3,0.44999998807907104,am,210,6,1,1,1
0,0.0,0.4791666567325592,0.4791666567325592,0.5,0.4895833134651184,am,211,8,0,0,1
0,0.0,0.0,0.0,0.2,0.0,am,212,1,0,0,1
0,0.0,1.0,1.0,0.5,0.8999999761581421,am,213,5,0,0,1
0,0.0,0.4791666567325592,0.4791666567325592,0.2,0.4312500059604645,am,214,1,0,1,0
1,0.0,0.4791666567325592,0.4791666567325592,0.5,0.44166669249534607,am,215,1,1,0,0
1,0.0,0.4895833432674408,0.4895833432674408,0.7,0.4427083134651184,am,216,7,1,0,0
1,0.021276606105991774,0.5,0.4791666567325592,0.2,0.44999998807907104,am,217,10,1,0,0
0,0.045454535109887985,0.4791666567325592,0.4375,0.3,0.4270833432674408,am,218,8,0,0,1
0,0.0,1.0,1.0,0.5,0.8999999761581421,am,220,4,0,0,1
1,-0.045454535109887985,0.4375,0.4791666567325592,0.6,0.4312500059604645,am,221,4,1,1,1
0,0.0,0.0,0.0,0.8,0.0,am,222,10,0,0,1
0,-0.045454535109887985,0.4375,0.4791666567325592,0.6,0.4270833432674408,am,223,4,0,0,1
1,0.0,0.4791666567325592,0.4791666567325592,0.4,0.4895833134651184,am,224,1,1,0,0
0,0.0,0.4895833432674408,0.4895833432674408,0.2,0.44062501192092896,am,225,8,0,0,1
0,0.0,0.4895833432674408,0.4895833432674408,0.4,0.4427083134651184,am,226,8,0,0,1
1,-0.045454535109887985,0.4375,0.4791666567325592,0.7,0.4312500059604645,am,227,9,1,1,1
1,0.0,0.0,0.0,0.5,0.0,am,228,10,1,0,0
1,-0.045454535109887985,0.4375,0.4791666567325592,0.6,0.4312500059604645,am,229,7,1,0,0
0,0.0,0.4895833432674408,0.4895833432674408,0.4,0.4427083134651184,am,230,6,0,1,0
1,0.0,0.375,0.375,0.9,0.375,am,231,1,1,0,0
1,0.0,0.3499999940395355,0.3499999940395355,0.7,0.3345833122730255,am,232,4,1,1,1
1,0.045454535109887985,0.4791666567325592,0.4375,0.4,0.4270833432674408,am,233,5,1,0,0
1,0.0,0.4895833432674408,0.4895833432674408,0.7,0.4427083134651184,am,234,3,1,1,1
0,0.014989309760122433,0.4937500059604645,0.4791666567325592,0.4,0.46916666626930237,am,235,1,0,0,1
1,-0.045454535109887985,0.4375,0.4791666567325592,0.7,0.4312500059604645,am,236,2,1,1,1
0,0.0,0.5,0.5,0.7,0.44999998807907104,am,237,5,0,0,1
0,0.0,0.5,0.5,0.8,0.44999998807907104,am,238,1,0,0,1
1,0.0,0.4895833432674408,0.4895833432674408,0.7,0.49166664481163025,am,239,1,1,1,1
0,0.0,0.4895833432674408,0.4895833432674408,0.2,0.44062501192092896,am,240,7,0,1,0
1,-0.045454535109887985,0.4375,0.4791666567325592,0.7,0.4270833432674408,am,241,2,1,1,1
1,0.0,0.5,0.5,0.3,0.5,am,242,3,1,0,0
0,0.0,1.0,1.0,0.5,0.8999999761581421,am,243,7,0,0,1
0,0.0,0.4791666567325592,0.4791666567325592,0.6,0.4416666626930237,am,244,8,0,0,1
1,-0.045454535109887985,0.4375,0.4791666567325592,0.7,0.4312500059604645,am,245,3,1,1,1
0,0.045454535109887985,0.4791666567325592,0.4375,0.3,0.4312500059604645,am,246,3,0,1,0
0,0.045454535109887985,0.4791666567325592,0.4375,0.4,0.4312500059604645,am,247,8,0,0,1
1,0.0,0.4895833432674408,0.4895833432674408,0.6,0.44062501192092896,am,248,6,1,0,0
1,0.0,0.0,0.0,0.5,0.0,am,249,6,1,0,0
1,0.0,0.0,0.0,0.6,0.0,am,250,10,1,1,1
1,0.0,0.5,0.5,0.3,0.44999998807907104,am,251,4,1,1,1
1,-0.045454535109887985,0.4375,0.4791666567325592,0.7,0.4312500059604645,am,252,10,1,1,1
0,0.0,0.5,0.5,0.7,0.44999998807907104,am,253,3,0,0,1
1,0.0,0.0,0.0,0.5,0.0,am,254,3,1,0,0
1,0.0,0.0,0.0,0.5,0.0,am,255,3,1,0,0
0,0.0,0.4791666567325592,0.4791666567325592,0.3,0.4312500059604645,am,256,2,0,0,1
0,0.0,0.4791666567325592,0.4791666567325592,0.8,0.4895833134651184,am,257,7,0,0,1
0,0.0,0.0,0.0,0.8,0.0,am,258,7,0,0,1
1,0.0,0.0,0.0,0.2,0.0,am,259,1,1,0,0
0,0.0,0.3333333432674408,0.3333333432674408,0.7,0.32499998807907104,am,260,3,0,0,1
1,-0.045454535109887985,0.4375,0.4791666567325592,0.8,0.4312500059604645,am,261,5,1,1,1
1,-0.045454535109887985,0.4375,0.4791666567325592,0.6,0.4312500059604645,am,262,1,1,1,1
0,0.0,0.0,0.0,0.5,0.0,am,263,10,0,0,1
1,0.0,0.25,0.25,0.5,0.22499999403953552,am,264,9,1,0,0
1,0.0,0.3333333432674408,0.3333333432674408,0.6,0.29999998211860657,am,265,10,1,1,1
0,0.0,0.0,0.0,0.8,0.0,am,266,10,0,0,1
1,0.0,0.0,0.0,0.8,0.0,am,267,5,1,0,0
0,0.01538460048695859,0.34375,0.3333333432674408,0.6,0.33020836114883423,am,268,8,0,0,1
1,-0.045454535109887985,0.4375,0.4791666567325592,0.8,0.4312500059604645,am,269,7,1,0,0
1,0.0,0.3333333432674408,0.3333333432674408,0.6,0.29999998211860657,am,270,4,1,1,1
0,0.0,0.4791666567325592,0.4791666567325592,0.5,0.44166669249534607,am,271,4,0,0,1
1,0.0,0.0,0.0,0.5,0.0,am,272,3,1,0,0
0,0.0,0.4791666567325592,0.4791666567325592,0.6,0.4416666626930237,am,273,1,0,0,1
1,0.0,0.4791666567325592,0.4791666567325592,0.4,0.4416666626930237,am,274,6,1,0,0
1,0.022222201029435933,0.4791666567325592,0.4583333432674408,0.2,0.4312500059604645,am,275,6,1,0,0
1,0.0,0.4791666567325592,0.4791666567325592,0.4,0.4416666626930237,am,276,5,1,0,0
1,0.0,0.3333333432674408,0.3333333432674408,0.8,0.3333333134651184,am,277,9,1,1,1
0,0.0,0.5,0.5,0.3,0.4937500059604645,am,278,2,0,0,1
0,0.0,0.0,0.0,0.8,0.0,am,279,2,0,0,1
0,0.045454535109887985,0.4791666567325592,0.4375,0.4,0.4312500059604645,am,280,9,0,1,0
0,0.0,0.0,0.0,0.5,0.0,am,281,7,0,0,1
1,0.0,0.4895833432674408,0.4895833432674408,0.8,0.44062501192092896,am,282,3,1,1,1
0,-0.021276606105991774,0.4791666567325592,0.5,0.7,0.49791669845581055,am,283,6,0,0,1
1,0.0,0.4895833432674408,0.4895833432674408,0.8,0.44062501192092896,am,284,9,1,1,1
1,0.0,0.5,0.5,0.4,0.44999998807907104,am,285,3,1,0,0
0,0.0,0.4895833432674408,0.4895833432674408,0.2,0.44062501192092896,am,286,10,0,1,0
0,0.021276606105991774,0.5,0.4791666567325592,0.4,0.4479166865348816,am,287,7,0,0,1
1,0.0,0.4791666567325592,0.4791666567325592,0.5,0.44166669249534607,am,288,9,1,0,0
0,0.0,0.4895833432674408,0.4895833432674408,0.3,0.44062501192092896,am,289,2,0,1,0
1,0.01052630564511585,0.5,0.4895833432674408,0.4,0.4647916853427887,am,290,7,1,0,0
1,0.0,0.4791666567325592,0.4791666567325592,0.4,0.44166669249534607,am,291,5,1,0,0
1,0.0,0.4791666567325592,0.4791666567325592,0.5,0.44166669249534607,am,292,7,1,0,0
1,-0.045454535109887985,0.4375,0.4791666567325592,0.8,0.4749999940395355,am,293,1,1,1,1
1,0.0,0.0,0.0,0.8,0.0,am,294,5,1,0,0
0,0.0,0.0,0.0,0.5,0.0,am,295,10,0,0,1
1,0.0,0.5,0.5,0.3,0.44999998807907104,am,296,3,1,0,0
1,0.0,0.4791666567325592,0.4791666567325592,0.8,0.4312500059604645,am,297,10,1,1,1
1,0.0,0.5,0.5,0.3,0.44999998807907104,am,298,10,1,0,0
1,0.0,0.4791666567325592,0.4791666567325592,0.5,0.4416666626930237,am,299,5,1,0,0
0,-0.045454535109887985,0.4375,0.4791666567325592,0.8,0.43541669845581055,am,300,4,0,0,1
0,0.0,0.0,0.0,0.2,0.0,am,301,5,0,0,1
0,0.021276606105991774,0.5,0.4791666567325592,0.5,0.49791663885116577,am,302,9,0,1,0
0,0.0,0.5,0.5,0.5,0.44999998807907104,am,303,2,0,0,1
1,0.0,0.4791666567325592,0.4791666567325592,0.4,0.4416666626930237,am,304,8,1,0,0
0,0.0,0.4791666567325592,0.4791666567325592,0.6,0.4895833134651184,am,305,9,0,0,1
0,0.045454535109887985,0.4791666567325592,0.4375,0.4,0.4312500059604645,am,306,5,0,1,0
1,0.0,0.4895833432674408,0.4895833432674408,0.7,0.4427083134651184,am,307,7,1,0,0
0,0.045454535109887985,0.4791666567325592,0.4375,0.2,0.4312500059604645,am,308,5,0,1,0
0,0.0,0.0,0.0,0.7,0.0,am,309,8,0,1,0
0,0.0,0.4895833432674408,0.4895833432674408,0.4,0.4937500059604645,am,310,3,0,1,0
1,0.0,0.4895833432674408,0.4895833432674408,0.7,0.4895833432674408,am,311,4,1,1,1
1,0.0,0.3333333432674408,0.3333333432674408,0.7,0.29999998211860657,am,312,4,1,1,1
1,0.0,0.375,0.375,0.7,0.3708333373069763,am,313,2,1,0,0
1,0.0,0.0,0.0,0.5,0.0,am,314,6,1,0,0
1,0.0,0.4791666567325592,0.4791666567325592,0.9,0.4312500059604645,am,315,9,1,1,1
0,0.0,0.4791666567325592,0.4791666567325592,0.5,0.4416666626930237,am,316,3,0,0,1
0,0.0,1.0,1.0,0.5,0.8999999761581421,am,317,4,0,0,1
1,0.0,0.5,0.5,0.6,0.4937500059604645,am,318,10,1,0,0
0,0.047619058431636115,0.550000011920929,0.5,0.1,0.4918749928474426,am,319,3,0,1,0
1,-0.045454535109887985,0.4375,0.4791666567325592,0.8,0.4312500059604645,am,320,10,1,1,1
0,0.0,0.4895833432674408,0.4895833432674408,0.4,0.4937500059604645,am,321,2,0,0,1
1,0.0,0.0,0.0,0.5,0.0,am,322,3,1,0,0
1,-0.045454535109887985,0.4375,0.4791666567325592,0.8,0.4312500059604645,am,323,4,1,1,1
1,0.0,0.3333333432674408,0.3333333432674408,0.2,0.32499998807907104,am,324,6,1,0,0
0,0.0,0.0,0.0,0.2,0.0,am,325,6,0,0,1
1,0.0,0.0,0.0,0.5,0.0,am,326,7,1,0,0
0,0.0,0.0,0.0,0.5,0.0,am,327,8,0,0,1
1,0.0,0.4791666567325592,0.4791666567325592,0.3,0.4895833134651184,am,328,8,1,0,0
1,0.0,0.3125,0.3125,0.6,0.3125,am,329,4,1,1,1
0,0.0,0.4895833432674408,0.4895833432674408,0.5,0.5047916173934937,am,330,1,0,0,1
1,0.0,0.375,0.375,0.3,0.3375000059604645,am,331,9,1,0,0
1,0.0,0.375,0.375,0.5,0.3375000059604645,am,332,6,1,1,1
1,0.0,0.3333333432674408,0.3333333432674408,0.8,0.29999998211860657,am,333,2,1,0,0
1,-0.045454535109887985,0.4375,0.4791666567325592,0.8,0.4312500059604645,am,334,7,1,0,0
0,0.045454535109887985,0.4791666567325592,0.4375,0.2,0.4312500059604645,am,335,4,0,1,0
1,0.0,0.4791666567325592,0.4791666567325592,0.9,0.4312500059604645,am,336,1,1,1,1
1,0.0,0.4895833432674408,0.4895833432674408,0.7,0.44062501192092896,am,337,2,1,1,1
1,0.0,0.4895833432674408,0.4895833432674408,0.7,0.44062501192092896,am,338,4,1,1,1
1,0.0,0.4791666567325592,0.4791666567325592,0.9,0.4312500059604645,am,339,1,1,1,1
0,0.05882351456208179,0.375,0.3333333432674408,0.4,0.3708333373069763,am,340,4,0,1,0
0,-0.9999999999960001,0.0,0.25,0.6,0.23749999701976776,am,341,9,0,0,1
1,0.0,0.0,0.0,0.5,0.0,am,342,1,1,0,0
1,0.0,0.0,0.0,0.8,0.0,am,343,8,1,0,0
0,0.0,0.0,0.0,0.8,0.0,am,344,6,0,0,1
0,0.045454535109887985,0.4791666567325592,0.4375,0.2,0.4749999940395355,am,345,10,0,1,0
1,0.0,0.4791666567325592,0.4791666567325592,0.9,0.4312500059604645,am,346,1,1,1,1
1,0.0,0.0,0.0,0.6,0.0,am,347,5,1,1,1
0,0.0,0.0,0.0,0.8,0.0,am,348,9,0,0,1
0,0.0,0.0,0.0,0.7,0.15000000596046448,am,349,8,0,0,1
1,0.0,0.5,0.5,0.3,0.44999998807907104,am,350,3,1,0,0
0,0.045454535109887985,0.4791666567325592,0.4375,0.2,0.4312500059604645,am,351,10,0,1,0
1,0.0,0.3125,0.3125,0.6,0.28125,am,352,4,1,1,1
1,-0.014989309760122433,0.4791666567325592,0.4937500059604645,0.6,0.4454166293144226,am,353,4,1,0,0
1,0.0,0.4791666567325592,0.4791666567325592,0.5,0.44166669249534607,am,354,4,1,0,0
0,0.0,0.0,0.0,0.8,0.0,am,355,10,0,0,1
0,0.0,0.0,0.0,0.8,0.0,am,356,4,0,0,1
1,-0.045454535109887985,0.4375,0.4791666567325592,0.8,0.4312500059604645,am,357,5,1,1,1
1,0.0,0.5,0.5,0.4,0.44999998807907104,am,358,3,1,0,0
0,0.0,0.5,0.5,0.6,0.44999998807907104,am,359,5,0,0,1
1,0.006289302140419694,0.5,0.4937500059604645,0.6,0.4906249940395355,am,360,8,1,0,0
0,0.010752708681156995,0.4895833432674408,0.4791666567325592,0.7,0.43958336114883423,am,361,5,0,0,1
0,0.045454535109887985,0.4791666567325592,0.4375,0.2,0.4312500059604645,am,362,9,0,1,0
0,-0.021276606105991774,0.4791666567325592,0.5,0.8,0.44999998807907104,am,363,3,0,0,1
1,0.0,0.4895833432674408,0.4895833432674408,0.7,0.44062501192092896,am,364,4,1,1,1
1,0.0,0.4791666567325592,0.4791666567325592,0.4,0.4895833134651184,am,365,9,1,0,0
1,-0.010752708681156995,0.4791666567325592,0.4895833432674408,0.3,0.43958336114883423,am,366,5,1,0,0
1,-0.045454535109887985,0.4375,0.4791666567325592,0.8,0.4312500059604645,am,367,10,1,1,1
0,0.045454535109887985,0.4791666567325592,0.4375,0.2,0.4312500059604645,am,368,2,0,1,0
0,0.045454535109887985,0.4791666567325592,0.4375,0.2,0.4312500059604645,am,369,2,0,1,0
1,-0.045454535109887985,0.4375,0.4791666567325592,0.8,0.4312500059604645,am,370,9,1,1,1
1,-0.045454535109887985,0.4375,0.4791666567325592,0.6,0.4270833432674408,am,372,6,1,1,1
0,0.0,0.4791666567325592,0.4791666567325592,0.5,0.4895833134651184,am,373,9,0,0,1
0,0.0,0.0,0.0,0.8,0.0,am,374,2,0,0,1
0,0.0,0.375,0.375,0.1,0.3375000059604645,am,375,4,0,1,0
0,0.045454535109887985,0.4791666567325592,0.4375,0.2,0.4312500059604645,am,376,10,0,1,0
1,0.0,0.4895833432674408,0.4895833432674408,0.7,0.49166664481163025,am,377,10,1,1,1
0,-0.045454535109887985,0.4375,0.4791666567325592,0.6,0.4416666626930237,am,378,4,0,0,1
1,0.0,0.4791666567325592,0.4791666567325592,1.0,0.4312500059604645,am,379,4,1,1,1
1,0.0,0.4791666567325592,0.4791666567325592,0.5,0.4416666626930237,am,380,6,1,0,0
1,0.0,0.4791666567325592,0.4791666567325592,0.9,0.4312500059604645,am,381,9,1,1,1
1,0.0,0.375,0.375,0.5,0.375,am,382,1,1,1,1
1,0.0,1.0,1.0,0.5,1.0,am,383,4,1,0,0
1,0.0,0.25,0.25,0.6,0.22499999403953552,am,384,6,1,0,0
0,0.0,0.4895833432674408,0.4895833432674408,0.3,0.44062501192092896,am,385,10,0,1,0
1,-0.045454535109887985,0.4375,0.4791666567325592,0.8,0.4749999940395355,am,386,1,1,1,1
1,0.0,0.375,0.375,0.9,0.3375000059604645,am,387,8,1,1,1
1,0.0,0.3333333432674408,0.3333333432674408,0.6,0.29999998211860657,am,388,4,1,1,1
0,0.0,0.0,0.0,0.5,0.0,am,389,1,0,0,1
1,0.0,0.0,0.0,0.2,0.0,am,390,5,1,0,0
1,0.0,0.3333333432674408,0.3333333432674408,0.6,0.29999998211860657,am,391,10,1,1,1
0,0.0,0.4895833432674408,0.4895833432674408,0.3,0.44062501192092896,am,392,10,0,1,0
1,-0.045454535109887985,0.4375,0.4791666567325592,0.8,0.4312500059604645,am,393,8,1,0,0
1,0.0,0.4791666567325592,0.4791666567325592,0.5,0.4416666626930237,am,394,10,1,0,0
1,0.0,0.25,0.25,0.6,0.22499999403953552,am,395,10,1,0,0
0,0.0,0.5,0.5,0.7,0.44999998807907104,am,396,5,0,0,1
1,0.0,0.4895833432674408,0.4895833432674408,0.7,0.44062501192092896,am,397,7,1,1,1
1,0.0,0.5,0.5,0.3,0.5,am,399,7,1,0,0
1,0.0,0.0,0.0,0.8,0.0,am,400,4,1,1,1
0,0.010752708681156995,0.4895833432674408,0.4791666567325592,0.6,0.43958330154418945,am,401,6,0,0,1
0,0.010752708681156995,0.4895833432674408,0.4791666567325592,0.8,0.4885416626930237,am,402,6,0,0,1
0,0.0,0.4791666567325592,0.4791666567325592,0.6,0.44166669249534607,am,403,3,0,0,1
1,-0.045454535109887985,0.4375,0.4791666567325592,0.8,0.4312500059604645,am,404,9,1,1,1
1,0.0,0.4895833432674408,0.4895833432674408,0.7,0.44062501192092896,am,405,10,1,1,1
0,0.0,0.0,0.0,0.5,0.0,am,406,3,0,0,1
1,0.0,0.4791666567325592,0.4791666567325592,0.5,0.4416666626930237,am,407,4,1,0,0
0,-0.045454535109887985,0.4375,0.4791666567325592,0.6,0.4270833432674408,am,408,6,0,0,1
1,-0.045454535109887985,0.4375,0.4791666567325592,0.8,0.4312500059604645,am,409,5,1,1,1
0,0.0,0.25,0.25,0.4,0.22499999403953552,am,410,5,0,0,1
1,0.0,0.5,0.5,0.4,0.44999998807907104,am,411,4,1,0,0
0,0.0,0.3333333432674408,0.3333333432674408,0.3,0.29999998211860657,am,412,1,0,1,0
0,0.0,0.4895833432674408,0.4895833432674408,0.3,0.44062501192092896,am,413,9,0,1,0
0,-0.05882351456208179,0.3333333432674408,0.375,0.6,0.3291666805744171,am,414,3,0,0,1
1,0.0,0.0,0.0,0.2,0.0,am,415,5,1,0,0
1,0.0,0.3125,0.3125,0.7,0.28125,am,416,5,1,1,1
1,0.0,0.4895833432674408,0.4895833432674408,0.7,0.44062501192092896,am,417,2,1,1,1
0,0.0,0.4895833432674408,0.4895833432674408,0.3,0.4427083134651184,am,418,2,0,0,1
0,0.045454535109887985,0.4791666567325592,0.4375,0.2,0.4312500059604645,am,419,1,0,1,0
0,0.0,0.0,0.0,0.8,0.0,am,420,8,0,0,1
1,0.0,0.4791666567325592,0.4791666567325592,0.4,0.4416666626930237,am,421,6,1,0,0
0,0.0,0.4895833432674408,0.4895833432674408,0.3,0.44062501192092896,am,422,7,0,1,0
1,0.0,0.5,0.5,0.3,0.44999998807907104,am,423,4,1,1,1
0,0.0,0.5,0.5,0.7,0.44999998807907104,am,424,4,0,1,0
1,0.0,0.4791666567325592,0.4791666567325592,0.9,0.4312500059604645,am,425,6,1,1,1
1,0.0,0.0,0.0,0.5,0.0,am,426,9,1,0,0
0,0.0,0.4895833432674408,0.4895833432674408,0.3,0.44062501192092896,am,427,9,0,1,0
1,0.0,0.4791666567325592,0.4791666567325592,0.9,0.4312500059604645,am,428,7,1,1,1
0,0.010752708681156995,0.4895833432674408,0.4791666567325592,0.6,0.43958330154418945,am,429,3,0,0,1
1,0.0,0.3333333432674408,0.3333333432674408,0.6,0.29999998211860657,am,430,6,1,1,1
1,0.0,0.3333333432674408,0.3333333432674408,0.6,0.29999998211860657,am,431,3,1,1,1
1,0.0,0.375,0.375,0.5,0.3375000059604645,am,432,3,1,1,1
1,-0.045454535109887985,0.4375,0.4791666567325592,0.8,0.4312500059604645,am,433,3,1,1,1
0,0.0,1.0,1.0,0.4,0.8999999761581421,am,434,2,0,0,1
0,0.0,0.5,0.5,0.5,0.5,am,435,4,0,0,1
1,-0.045454535109887985,0.4375,0.4791666567325592,0.8,0.4312500059604645,am,436,5,1,1,1
1,-0.045454535109887985,0.4375,0.4791666567325592,0.8,0.4312500059604645,am,437,9,1,1,1
1,0.0,0.5,0.5,0.3,0.44999998807907104,am,438,5,1,0,0
0,0.0,0.5,0.5,0.5,0.46812501549720764,am,439,10,0,1,0
0,0.045454535109887985,0.4791666567325592,0.4375,0.2,0.4312500059604645,am,440,4,0,1,0
1,0.0,0.0,0.0,0.8,0.0,am,441,7,1,0,0
1,0.0,0.4895833432674408,0.4895833432674408,0.7,0.44062501192092896,am,442,5,1,1,1
1,0.0,0.375,0.375,0.6,0.36666667461395264,am,443,4,1,1,1
1,0.0,0.0,0.0,0.5,0.0,am,444,10,1,0,0
1,0.0,0.0,0.0,0.2,0.0,am,445,2,1,0,0
1,0.0,0.0,0.0,0.8,0.0,am,446,4,1,1,1
0,0.045454535109887985,0.4791666567325592,0.4375,0.2,0.4312500059604645,am,447,4,0,1,0
0,0.0,0.3333333432674408,0.3333333432674408,0.7,0.32499998807907104,am,448,5,0,0,1
0,0.0,0.5,0.5,0.7,0.44999998807907104,am,449,8,0,0,1
0,-0.9999999999960001,0.0,0.25,0.6,0.23749999701976776,am,450,3,0,0,1
0,0.0,0.4895833432674408,0.4895833432674408,0.4,0.4937500059604645,am,451,10,0,1,0
0,0.0,0.375,0.375,0.4,0.3375000059604645,am,452,2,0,1,0
1,0.0,0.0,0.0,0.3,0.0,am,453,10,1,0,0
1,0.0,0.25,0.25,0.5,0.22499999403953552,am,454,3,1,1,1
1,0.0,0.4895833432674408,0.4895833432674408,0.7,0.4895833432674408,am,455,8,1,0,0
1,-0.045454535109887985,0.4375,0.4791666567325592,0.8,0.4312500059604645,am,456,8,1,0,0
1,0.0,0.4895833432674408,0.4895833432674408,0.8,0.4895833432674408,am,457,6,1,1,1
0,0.0,0.4895833432674408,0.4895833432674408,0.2,0.4895833432674408,am,458,9,0,1,0
1,-0.04347826086950473,0.34375,0.375,0.7,0.3343749940395355,am,459,9,1,1,1
1,-0.045454535109887985,0.4375,0.4791666567325592,0.8,0.4312500059604645,am,460,3,1,1,1
0,0.0,0.4791666567325592,0.4791666567325592,0.1,0.4312500059604645,am,461,8,0,1,0
1,-0.010752708681156995,0.4791666567325592,0.4895833432674408,0.5,0.43958336114883423,am,462,3,1,0,0
0,0.0,0.4895833432674408,0.4895833432674408,0.3,0.4895833432674408,am,463,8,0,0,1
0,0.0,0.25,0.25,0.5,0.22499999403953552,am,464,4,0,1,0
0,0.0,1.0,1.0,0.4,0.8999999761581421,am,465,4,0,0,1
1,-0.010752708681156995,0.4791666567325592,0.4895833432674408,0.2,0.44062501192092896,am,467,8,1,0,0
0,0.0,0.375,0.375,0.5,0.3375000059604645,am,468,7,0,0,1
0,0.0,0.375,0.375,0.5,0.3375000059604645,am,469,3,0,1,0
1,0.0,0.4791666567325592,0.4791666567325592,0.9,0.4312500059604645,am,470,2,1,0,0
1,0.0,0.5,0.5,0.4,0.44999998807907104,am,471,8,1,0,0
1,0.0,0.3333333432674408,0.3333333432674408,0.7,0.3125,am,472,8,1,0,0
0,-0.045454535109887985,0.4375,0.4791666567325592,0.6,0.4270833432674408,am,473,1,0,1,0
0,0.0,0.375,0.375,0.5,0.3375000059604645,am,474,2,0,1,0
1,0.0,0.25,0.25,0.4,0.25,am,475,4,1,1,1
0,0.0,0.4895833432674408,0.4895833432674408,0.3,0.44062501192092896,am,476,6,0,1,0
1,-0.045454535109887985,0.4375,0.4791666567325592,0.7,0.4312500059604645,am,477,2,1,1,1
1,0.0,0.4895833432674408,0.4895833432674408,0.7,0.44062501192092896,am,478,5,1,1,1
0,0.0,0.375,0.375,0.0,0.3375000059604645,am,479,8,0,1,0
1,0.0,0.375,0.375,0.5,0.3375000059604645,am,480,1,1,1,1
1,0.0,0.4895833432674408,0.4895833432674408,0.7,0.44062501192092896,am,481,1,1,0,0
0,0.0,0.4791666567325592,0.4791666567325592,0.5,0.4416666626930237,am,482,8,0,0,1
0,0.0,0.0,0.0,0.8,0.0,am,483,9,0,0,1
1,-0.010752708681156995,0.4791666567325592,0.4895833432674408,0.5,0.43958336114883423,am,484,10,1,0,0
1,0.0,0.375,0.375,0.5,0.3375000059604645,am,485,9,1,0,0
1,0.0,0.3333333432674408,0.3333333432674408,0.6,0.29999998211860657,am,486,1,1,1,1
0,0.0,0.3333333432674408,0.3333333432674408,0.4,0.29999998211860657,am,487,3,0,1,0
1,0.0,0.4895833432674408,0.4895833432674408,0.7,0.44062501192092896,am,488,9,1,1,1
0,-0.014925359112808694,0.34375,0.3541666567325592,0.8,0.3218750059604645,am,489,8,0,0,1
1,0.0,0.4895833432674408,0.4895833432674408,0.7,0.44062501192092896,am,490,9,1,1,1
0,0.0,0.25,0.25,0.5,0.22499999403953552,am,491,6,0,0,1
0,0.0,0.0,0.0,0.8,0.0,am,492,6,0,0,1
1,0.0,0.0,0.0,0.2,0.0,am,493,4,1,0,0
1,0.0,0.4791666567325592,0.4791666567325592,0.8,0.4312500059604645,am,494,4,1,1,1
1,0.0,0.0,0.0,0.6,0.0,am,495,6,1,1,1
1,-0.045454535109887985,0.4375,0.4791666567325592,0.8,0.4312500059604645,am,496,5,1,1,1
1,0.0,0.3333333432674408,0.3333333432674408,0.7,0.29999998211860657,am,498,1,1,1,1
1,0.0,0.4791666567325592,0.4791666567325592,0.8,0.4312500059604645,am,499,4,1,1,1
1,-0.010752708681156995,0.4791666567325592,0.4895833432674408,0.2,0.44062501192092896,am,500,10,1,0,0
1,0.0,0.0,0.0,0.5,0.0,am,501,3,1,0,0
1,-0.045454535109887985,0.4375,0.4791666567325592,0.8,0.4312500059604645,am,502,7,1,0,0
1,-0.045454535109887985,0.4375,0.4791666567325592,0.8,0.4312500059604645,am,503,4,1,1,1
0,0.04477611196728874,0.4375,0.4000000059604645,0.2,0.3866666853427887,am,504,2,0,0,1
0,0.0,0.375,0.375,0.4,0.3375000059604645,am,505,5,0,1,0
1,0.0,0.3333333432674408,0.3333333432674408,0.4,0.30625003576278687,am,506,3,1,1,1
0,0.0,0.25,0.25,0.5,0.22499999403953552,am,507,10,0,0,1
0,0.0,0.0,0.0,0.5,0.0,am,508,3,0,0,1
0,0.0,0.4895833432674408,0.4895833432674408,0.4,0.44062501192092896,am,510,8,0,1,0
1,0.0,0.25,0.25,0.4,0.22499999403953552,am,511,3,1,1,1
0,0.0,0.4895833432674408,0.4895833432674408,0.2,0.44062501192092896,am,512,2,0,1,0
0,0.0,0.375,0.375,0.4,0.3375000059604645,am,513,4,0,1,0
0,0.045454535109887985,0.4791666567325592,0.4375,0.2,0.4312500059604645,am,514,6,0,1,0
1,-0.045454535109887985,0.4375,0.4791666567325592,0.8,0.4312500059604645,am,515,6,1,1,1
1,0.0,0.0,0.0,0.2,0.0,am,516,5,1,0,0
0,0.0,0.4895833432674408,0.4895833432674408,0.2,0.44062501192092896,am,517,7,0,1,0
0,0.0,0.4791666567325592,0.4791666567325592,0.5,0.4416666626930237,am,518,6,0,0,1
1,0.0,0.3333333432674408,0.3333333432674408,0.6,0.29999998211860657,am,519,7,1,0,0
0,0.0,0.4895833432674408,0.4895833432674408,0.4,0.4427083134651184,am,520,6,0,1,0
1,0.024390255816247996,0.4375,0.4166666567325592,0.4,0.3895833194255829,am,521,6,1,1,1
1,0.0,0.4791666567325592,0.4791666567325592,0.5,0.4895833134651184,am,522,10,1,0,0
0,0.045454535109887985,0.4791666567325592,0.4375,0.2,0.4312500059604645,am,523,7,0,0,1
1,0.0,0.4791666567325592,0.4791666567325592,0.8,0.4312500059604645,am,524,3,1,1,1
0,0.0,0.3333333432674408,0.3333333432674408,0.4,0.3333333134651184,am,525,5,0,1,0
0,0.045454535109887985,0.4791666567325592,0.4375,0.2,0.4312500059604645,am,526,8,0,0,1
1,0.0,0.4791666567325592,0.4791666567325592,0.4,0.44166669249534607,am,527,6,1,0,0
0,0.010752708681156995,0.4895833432674408,0.4791666567325592,0.6,0.4885416626930237,am,528,9,0,1,0
0,0.0,0.4895833432674408,0.4895833432674408,0.2,0.44062501192092896,am,529,2,0,1,0
0,0.0,0.3333333432674408,0.3333333432674408,0.4,0.29999998211860657,am,530,3,0,1,0
1,0.0,0.4895833432674408,0.4895833432674408,0.8,0.44062501192092896,am,531,5,1,1,1
1,-0.021276606105991774,0.4791666567325592,0.5,0.6,0.44999998807907104,am,532,1,1,0,0
1,0.01052630564511585,0.5,0.4895833432674408,0.5,0.4489583373069763,am,533,1,1,0,0
0,0.0,0.4791666567325592,0.4791666567325592,0.8,0.44166669249534607,am,534,1,0,0,1
0,0.0,0.0,0.0,0.2,0.0,am,536,5,0,0,1
1,0.0,0.0,0.0,0.8,0.0,am,537,1,1,0,0
1,0.0,0.0,0.0,0.2,0.0,am,538,3,1,0,0
1,-0.010752708681156995,0.4791666567325592,0.4895833432674408,0.5,0.43958330154418945,am,539,2,1,0,0
1,0.01052630564511585,0.5,0.4895833432674408,0.5,0.4489583373069763,am,540,8,1,0,0
0,0.0,0.0,0.0,0.8,0.0,am,541,10,0,0,1
1,0.0,0.4895833432674408,0.4895833432674408,0.7,0.49166664481163025,am,542,8,1,0,0
1,0.0,0.4791666567325592,0.4791666567325592,0.8,0.4312500059604645,am,543,4,1,1,1
0,0.0,0.0,0.0,0.8,0.0,am,544,9,0,0,1
0,0.045454535109887985,0.4791666567325592,0.4375,0.2,0.4312500059604645,am,545,3,0,1,0
0,0.0,0.3333333432674408,0.3333333432674408,0.4,0.29999998211860657,am,546,10,0,1,0
0,0.010752708681156995,0.4895833432674408,0.4791666567325592,0.8,0.44062501192092896,am,547,7,0,0,1
0,0.0,0.3333333432674408,0.3333333432674408,0.5,0.30625003576278687,am,548,1,0,1,0
1,0.0,0.0,0.0,0.2,0.0,am,549,1,1,0,0
0,0.0,0.3333333432674408,0.3333333432674408,0.4,0.3333333134651184,am,550,2,0,1,0
1,0.0,0.0,0.0,0.8,0.0,am,551,1,1,0,0
0,0.0,0.4895833432674408,0.4895833432674408,0.4,0.44062501192092896,am,552,5,0,1,0
0,0.045454535109887985,0.4791666567325592,0.4375,0.2,0.4270833432674408,am,553,4,0,1,0
1,0.030303030303000914,0.53125,0.5,0.4,0.46812501549720764,am,554,4,1,0,0
0,0.045454535109887985,0.4791666567325592,0.4375,0.3,0.4270833432674408,am,555,8,0,0,1
0,0.0,0.4791666567325592,0.4791666567325592,0.5,0.44166669249534607,am,556,1,0,0,1
0,0.006289302140419694,0.5,0.4937500059604645,0.6,0.4675000309944153,am,557,10,0,0,1
1,-0.045454535109887985,0.4375,0.4791666567325592,0.8,0.4270833432674408,am,558,1,1,1,1
1,-0.045454535109887985,0.4375,0.4791666567325592,0.8,0.4270833432674408,am,559,6,1,1,1
1,0.0,0.4791666567325592,0.4791666567325592,0.5,0.44166669249534607,am,560,8,1,0,0
0,0.0,1.0,1.0,0.5,0.8999999761581421,am,561,4,0,0,1
1,0.0,0.4895833432674408,0.4895833432674408,0.8,0.44062501192092896,am,562,10,1,1,1
1,0.0,0.3333333432674408,0.3333333432674408,0.6,0.29999998211860657,am,563,6,1,1,1
0,0.0526315670593948,0.4166666567325592,0.375,0.3,0.36666667461395264,am,564,5,0,1,0
0,0.0,0.4895833432674408,0.4895833432674408,0.4,0.44062501192092896,am,565,3,0,1,0
0,0.045454535109887985,0.4791666567325592,0.4375,0.2,0.4312500059604645,am,566,3,0,1,0
0,0.0,0.4895833432674408,0.4895833432674408,0.2,0.44062501192092896,am,567,6,0,1,0
1,0.0,0.4895833432674408,0.4895833432674408,0.8,0.44062501192092896,am,568,8,1,0,0
1,-0.014989309760122433,0.4791666567325592,0.4937500059604645,0.6,0.4454166293144226,am,569,5,1,0,0
0,0.0,0.4895833432674408,0.4895833432674408,0.2,0.44062501192092896,am,570,4,0,1,0
0,0.0,0.0,0.0,0.8,0.0,am,571,10,0,0,1
1,0.0,0.375,0.375,0.3,0.4000000059604645,am,572,4,1,1,1
1,0.0,0.4895833432674408,0.4895833432674408,0.8,0.44062501192092896,am,573,1,1,0,0
0,0.0,0.0,0.0,0.2,0.0,am,575,10,0,0,1
1,-0.045454535109887985,0.4375,0.4791666567325592,0.8,0.4312500059604645,am,576,5,1,1,1
1,0.0,0.375,0.375,0.6,0.375,am,577,2,1,1,1
1,0.0,0.3333333432674408,0.3333333432674408,0.6,0.29999998211860657,am,578,1,1,1,1
1,0.0,0.5,0.5,0.3,0.44999998807907104,am,579,6,1,1,1
1,0.0,0.4791666567325592,0.4791666567325592,0.9,0.4312500059604645,am,580,6,1,1,1
1,0.0,0.3333333432674408,0.3333333432674408,0.6,0.29999998211860657,am,581,9,1,1,1
1,0.0,0.25,0.25,0.4,0.22499999403953552,am,582,9,1,0,0
1,0.0,0.3499999940395355,0.3499999940395355,0.7,0.3345833122730255,am,583,3,1,1,1
0,0.0,1.0,1.0,0.5,0.8999999761581421,am,584,9,0,0,1
0,0.0,0.4791666567325592,0.4791666567325592,0.1,0.4312500059604645,am,585,3,0,1,0
0,0.0,0.4791666567325592,0.4791666567325592,0.1,0.4312500059604645,am,586,5,0,1,0
1,-0.045454535109887985,0.4375,0.4791666567325592,0.8,0.4312500059604645,am,587,3,1,1,1
1,-0.045454535109887985,0.4375,0.4791666567325592,0.8,0.4312500059604645,am,588,7,1,0,0
0,0.0,0.0,0.0,0.2,0.0,am,589,5,0,0,1
0,0.0,0.4895833432674408,0.4895833432674408,0.2,0.44062501192092896,am,590,8,0,0,1
1,0.0,0.4895833432674408,0.4895833432674408,0.8,0.44062501192092896,am,591,5,1,1,1
1,0.0,0.3333333432674408,0.3333333432674408,0.8,0.29999998211860657,am,592,4,1,1,1
1,-0.010752708681156995,0.4791666567325592,0.4895833432674408,0.4,0.43958330154418945,am,593,5,1,0,0
0,0.0,0.0,0.0,0.5,0.0,am,594,1,0,0,1
1,0.0,0.4895833432674408,0.4895833432674408,0.8,0.44062501192092896,am,595,9,1,1,1
0,0.0,0.3333333432674408,0.3333333432674408,0.4,0.29999998211860657,am,596,9,0,1,0
1,0.0,0.25,0.25,0.5,0.22499999403953552,am,597,6,1,0,0
1,-0.045454535109887985,0.4375,0.4791666567325592,0.8,0.4312500059604645,am,598,2,1,1,1
1,0.0,0.0,0.0,0.8,0.0,am,599,6,1,0,0
1,0.0,0.4895833432674408,0.4895833432674408,0.8,0.44062501192092896,am,600,3,1,1,1
1,-0.045454535109887985,0.4375,0.4791666567325592,0.8,0.4312500059604645,am,601,4,1,1,1
1,0.0,0.3333333432674408,0.3333333432674408,0.6,0.29999998211860657,am,602,6,1,1,1
0,0.045454535109887985,0.4791666567325592,0.4375,0.2,0.4312500059604645,am,603,3,0,1,0
0,0.0,0.0,0.0,0.4,0.0,am,604,5,0,1,0
0,0.045454535109887985,0.4791666567325592,0.4375,0.2,0.4312500059604645,am,605,7,0,0,1
1,0.0,0.0,0.0,0.8,0.0,am,606,5,1,0,0
1,0.0,0.4791666567325592,0.4791666567325592,0.9,0.4312500059604645,am,607,1,1,1,1
0,0.0,0.34375,0.34375,0.6,0.3531250059604645,am,608,6,0,0,1
1,0.0,0.375,0.375,0.9,0.3375000059604645,am,609,9,1,1,1
1,-0.045454535109887985,0.4375,0.4791666567325592,0.8,0.4312500059604645,am,610,2,1,1,1
0,0.0,1.0,1.0,0.4,1.0,am,611,10,0,0,1
1,-0.0526315670593948,0.375,0.4166666567325592,0.6,0.4124999940395355,am,612,8,1,1,1
1,0.0,0.25,0.25,0.5,0.22499999403953552,am,613,1,1,0,0
0,0.0,0.3333333432674408,0.3333333432674408,0.4,0.29999998211860657,am,614,4,0,1,0
1,0.0,0.4791666567325592,0.4791666567325592,0.9,0.4312500059604645,am,616,10,1,1,1
0,0.010752708681156995,0.4895833432674408,0.4791666567325592,0.6,0.43958336114883423,am,617,7,0,0,1
0,0.0,0.4791666567325592,0.4791666567325592,0.5,0.4416666626930237,am,618,7,0,0,1
1,-0.045454535109887985,0.4375,0.4791666567325592,0.8,0.4312500059604645,am,619,6,1,1,1
0,0.045454535109887985,0.4791666567325592,0.4375,0.2,0.4312500059604645,am,620,10,0,1,0
0,0.0,0.3333333432674408,0.3333333432674408,0.6,0.31458336114883423,am,621,3,0,0,1
0,0.0,0.0,0.0,0.8,0.0,am,622,3,0,0,1
1,0.0,0.0,0.0,0.6,0.0,am,623,7,1,1,1
0,0.0,0.0,0.0,0.2,0.0,am,624,5,0,0,1
0,0.0,0.0,0.0,0.8,0.0,am,625,5,0,0,1
0,0.0,0.0,0.0,0.8,0.0,am,626,7,0,0,1
1,-0.045454535109887985,0.4375,0.4791666567325592,0.8,0.4312500059604645,am,627,3,1,1,1
1,0.0,0.3333333432674408,0.3333333432674408,0.6,0.29999998211860657,am,628,4,1,1,1
0,0.0,0.5,0.5,0.7,0.44999998807907104,am,629,4,0,1,0
1,0.0,0.375,0.375,0.9,0.3375000059604645,am,630,3,1,1,1
1,0.0,0.3333333432674408,0.3333333432674408,0.6,0.29999998211860657,am,631,8,1,0,0
1,0.0,0.4895833432674408,0.4895833432674408,0.8,0.44062501192092896,am,632,4,1,1,1
1,0.0,0.25,0.25,0.5,0.22499999403953552,am,633,8,1,0,0
1,0.0,0.0,0.0,0.2,0.0,am,634,3,1,0,0
0,0.045454535109887985,0.4791666567325592,0.4375,0.3,0.4270833432674408,am,635,9,0,1,0
1,0.0,0.5,0.5,0.6,0.543749988079071,am,636,9,1,0,0
0,0.0,0.3333333432674408,0.3333333432674408,0.4,0.29999998211860657,am,637,1,0,1,0
0,0.010752708681156995,0.4895833432674408,0.4791666567325592,0.7,0.44062501192092896,am,638,1,0,1,0
0,0.0,0.4895833432674408,0.4895833432674408,0.2,0.44062501192092896,am,639,1,0,0,1
1,0.0,0.0,0.0,0.8,0.0,am,640,10,1,0,0
0,0.0,0.5,0.5,0.5,0.46812501549720764,am,641,9,0,0,1
1,-0.045454535109887985,0.4375,0.4791666567325592,0.8,0.4312500059604645,am,642,9,1,1,1
1,0.0,0.4895833432674408,0.4895833432674408,0.8,0.44062501192092896,am,643,2,1,1,1
0,0.06666666666659556,0.5,0.4375,0.3,0.43958330154418945,am,644,1,0,1,0
0,0.045454535109887985,0.4791666567325592,0.4375,0.2,0.4312500059604645,am,645,10,0,1,0
1,0.022222201029435933,0.4791666567325592,0.4583333432674408,0.2,0.4312500059604645,am,646,10,1,0,0
0,0.0,0.5,0.5,0.7,0.5,am,647,5,0,0,1
1,0.0,0.3333333432674408,0.3333333432674408,0.8,0.29999998211860657,am,648,6,1,1,1
1,0.0,0.4895833432674408,0.4895833432674408,0.8,0.44062501192092896,am,649,7,1,1,1
0,0.0,0.4791666567325592,0.4791666567325592,0.5,0.4895833134651184,am,650,5,0,0,1
0,0.0,0.4895833432674408,0.4895833432674408,0.2,0.44062501192092896,am,651,5,0,1,0
0,0.045454535109887985,0.4791666567325592,0.4375,0.2,0.4312500059604645,am,652,2,0,1,0
1,0.0,0.5,0.5,0.3,0.44999998807907104,am,653,6,1,1,1
0,0.045454535109887985,0.4791666567325592,0.4375,0.2,0.4312500059604645,am,654,3,0,1,0
1,-0.045454535109887985,0.4375,0.4791666567325592,0.8,0.4312500059604645,am,655,4,1,1,1
0,0.045454535109887985,0.4791666567325592,0.4375,0.2,0.4312500059604645,am,656,8,0,0,1
1,-0.045454535109887985,0.4375,0.4791666567325592,0.8,0.4312500059604645,am,657,9,1,1,1
1,0.0,0.4895833432674408,0.4895833432674408,0.5,0.4437499940395355,am,660,1,1,0,0
0,0.014989309760122433,0.4937500059604645,0.4791666567325592,0.4,0.49541664123535156,am,661,8,0,0,1
0,0.045454535109887985,0.4791666567325592,0.4375,0.2,0.4312500059604645,am,662,4,0,1,0
0,0.0,0.375,0.375,0.5,0.3375000059604645,am,663,3,0,1,0
1,0.0,0.5,0.5,0.3,0.5,am,664,2,1,0,0
0,0.0,0.3333333432674408,0.3333333432674408,0.4,0.29999998211860657,am,665,4,0,1,0
1,-0.045454535109887985,0.4375,0.4791666567325592,0.8,0.4312500059604645,am,666,8,1,0,0
1,-0.045454535109887985,0.4375,0.4791666567325592,0.8,0.4312500059604645,am,667,5,1,1,1
1,0.0,0.4791666567325592,0.4791666567325592,0.9,0.4312500059604645,am,668,4,1,1,1
0,0.0,0.5,0.5,0.7,0.5,am,669,9,0,1,0
0,0.0,0.4895833432674408,0.4895833432674408,0.2,0.44062501192092896,am,670,9,0,1,0
0,0.0,0.5,0.5,0.5,0.46812501549720764,am,671,1,0,0,1
1,0.05882351456208179,0.375,0.3333333432674408,0.5,0.3375000059604645,am,672,6,1,0,0
0,0.0,0.0,0.0,0.8,0.0,am,673,6,0,0,1
1,0.0,0.25,0.25,0.5,0.22499999403953552,am,674,5,1,0,0
0,0.045454535109887985,0.4791666567325592,0.4375,0.2,0.4312500059604645,am,675,7,0,0,1
1,0.0,0.0,0.0,0.8,0.0,am,676,8,1,0,0
1,0.0,0.5,0.5,0.3,0.5,am,677,6,1,1,1
1,0.01052630564511585,0.5,0.4895833432674408,0.4,0.4647916853427887,am,678,4,1,0,0
0,0.0,0.0,0.0,0.8,0.0,am,679,4,0,0,1
0,0.0,0.0,0.0,0.2,0.0,am,680,2,0,0,1
0,0.045454535109887985,0.4791666567325592,0.4375,0.2,0.4312500059604645,am,681,3,0,1,0
0,0.0,0.4895833432674408,0.4895833432674408,0.3,0.4427083134651184,am,682,3,0,1,0
1,0.0,1.0,1.0,0.6,0.8999999761581421,am,683,6,1,0,0
1,0.0,0.4895833432674408,0.4895833432674408,0.8,0.44062501192092896,am,684,10,1,1,1
0,0.0,0.0,0.0,0.8,0.0,am,685,10,0,0,1
1,-0.010752708681156995,0.4791666567325592,0.4895833432674408,0.2,0.44062501192092896,am,686,6,1,0,0
0,0.0,0.4791666567325592,0.4791666567325592,0.6,0.44166669249534607,am,688,7,0,0,1
1,0.0,0.375,0.375,0.9,0.3375000059604645,am,689,7,1,0,0
1,0.0,0.3333333432674408,0.3333333432674408,0.6,0.29999998211860657,am,690,8,1,0,0
1,0.0,0.3333333432674408,0.3333333432674408,0.6,0.29999998211860657,am,691,6,1,1,1
0,0.0,0.4791666567325592,0.4791666567325592,0.7,0.4416666626930237,am,692,6,0,0,1
1,0.0,0.0,0.0,0.6,0.0,am,694,8,1,1,1
0,0.0,0.0,0.0,0.2,0.0,am,695,8,0,0,1
1,0.0,0.0,0.0,0.3,0.0,am,696,7,1,0,0
0,0.0,0.0,0.0,0.2,0.0,am,697,1,0,0,1
1,-0.045454535109887985,0.4375,0.4791666567325592,0.8,0.4312500059604645,am,698,2,1,1,1
1,0.0,0.4791666567325592,0.4791666567325592,0.4,0.4416666626930237,am,699,3,1,0,0
0,0.0,0.0,0.0,0.8,0.0,am,700,5,0,0,1
1,0.006289302140419694,0.5,0.4937500059604645,0.6,0.5406249761581421,am,701,10,1,0,0
0,0.0,0.3333333432674408,0.3333333432674408,0.2,0.29999998211860657,am,702,6,0,1,0
0,-0.030303001403764518,0.3333333432674408,0.3541666567325592,0.4,0.3270833492279053,am,703,6,0,1,0
1,0.0,0.4791666567325592,0.4791666567325592,0.8,0.4791666567325592,am,704,9,1,1,1
0,0.0,0.4895833432674408,0.4895833432674408,0.2,0.44062501192092896,am,705,1,0,0,1
1,-0.045454535109887985,0.4375,0.4791666567325592,0.8,0.4312500059604645,am,706,3,1,1,1
0,0.0,0.0,0.0,0.8,0.0,am,707,4,0,0,1
1,0.0,0.5,0.5,0.8,0.5418750047683716,am,708,1,1,0,0
0,0.0,0.4791666567325592,0.4791666567325592,0.6,0.4416666626930237,am,709,2,0,0,1
0,0.010752708681156995,0.4895833432674408,0.4791666567325592,0.5,0.43958330154418945,am,710,4,0,1,0
1,0.0,0.3125,0.3125,0.6,0.28125,am,711,2,1,1,1
0,0.0,0.0,0.0,0.8,0.0,am,712,6,0,0,1
1,0.0,0.0,0.0,0.2,0.0,am,713,3,1,0,0
0,0.0,0.0,0.0,0.2,0.0,am,714,7,0,0,1
1,0.0,0.25,0.25,0.4,0.25,am,715,5,1,0,0
0,0.045454535109887985,0.4791666567325592,0.4375,0.2,0.4312500059604645,am,716,3,0,1,0
1,-0.045454535109887985,0.4375,0.4791666567325592,0.8,0.4312500059604645,am,717,4,1,1,1
0,0.014989309760122433,0.4937500059604645,0.4791666567325592,0.2,0.49541664123535156,am,718,7,0,0,1
1,-0.045454535109887985,0.4375,0.4791666567325592,0.8,0.4312500059604645,am,719,6,1,1,1
0,0.0526315670593948,0.4166666567325592,0.375,0.2,0.3708333373069763,am,720,10,0,0,1
0,0.0,0.3333333432674408,0.3333333432674408,0.4,0.3333333134651184,am,721,1,0,1,0
0,0.045454535109887985,0.4791666567325592,0.4375,0.2,0.4312500059604645,am,722,1,0,1,0
1,0.0,0.3583333194255829,0.3583333194255829,0.6,0.3322916626930237,am,723,4,1,1,1
0,0.0,0.4791666567325592,0.4791666567325592,0.2,0.4791666567325592,am,724,6,0,1,0
0,-0.01052630564511585,0.4895833432674408,0.5,0.4,0.4489583373069763,am,725,5,0,1,0
1,0.045454535109887985,0.4791666567325592,0.4375,0.4,0.4749999940395355,am,726,1,1,1,1
0,0.0,0.0,0.0,0.5,0.0,am,727,8,0,0,1
0,0.0,1.0,1.0,0.4,0.8999999761581421,am,728,1,0,0,1
1,-0.014989309760122433,0.4791666567325592,0.4937500059604645,0.6,0.44604167342185974,am,729,7,1,0,0
0,0.0,0.0,0.0,0.2,0.0,am,731,3,0,1,0
1,-0.045454535109887985,0.4375,0.4791666567325592,0.6,0.4270833432674408,am,732,2,1,1,1
0,0.0,0.5,0.5,0.7,0.5,am,733,3,0,0,1
0,0.0,0.4791666567325592,0.4791666567325592,0.2,0.4791666567325592,am,735,9,0,1,0
1,0.0,0.0,0.0,0.8,0.0,am,736,6,1,0,0
0,0.0,0.0,0.0,0.5,0.0,am,737,9,0,0,1
1,0.0,0.4791666567325592,0.4791666567325592,0.8,0.4791666567325592,am,739,3,1,1,1
1,0.0,1.0,1.0,0.6,0.8999999761581421,am,740,5,1,0,0
1,0.0,0.4895833432674408,0.4895833432674408,0.8,0.44062501192092896,am,741,7,1,1,1
0,0.0,0.4791666567325592,0.4791666567325592,0.6,0.4895833134651184,am,742,10,0,0,1
0,0.045454535109887985,0.4791666567325592,0.4375,0.2,0.4312500059604645,am,743,5,0,1,0
0,0.0,0.4895833432674408,0.4895833432674408,0.3,0.4427083134651184,am,744,9,0,1,0
1,-0.014989309760122433,0.4791666567325592,0.4937500059604645,0.5,0.44604167342185974,am,745,6,1,0,0
1,-0.014989309760122433,0.4791666567325592,0.4937500059604645,0.6,0.49541664123535156,am,746,9,1,0,0
1,0.0,0.5,0.5,0.3,0.44999998807907104,am,747,1,1,0,0
1,0.0,1.0,1.0,0.5,0.8999999761581421,am,748,8,1,0,0
1,0.0,0.0,0.0,0.8,0.0,am,749,4,1,1,1
1,0.021276606105991774,0.5,0.4791666567325592,0.2,0.44999998807907104,am,750,4,1,0,0
0,0.045454535109887985,0.4791666567325592,0.4375,0.2,0.4312500059604645,am,751,1,0,1,0
0,0.010752708681156995,0.4895833432674408,0.4791666567325592,0.8,0.44062501192092896,am,752,3,0,0,1
1,0.0,0.0,0.0,0.8,0.0,am,753,9,1,0,0
1,0.0,0.4791666567325592,0.4791666567325592,0.5,0.4416666626930237,am,754,6,1,0,0
0,0.045454535109887985,0.4791666567325592,0.4375,0.2,0.4312500059604645,am,755,4,0,1,0
0,0.045454535109887985,0.4791666567325592,0.4375,0.2,0.4312500059604645,am,756,7,0,0,1
1,0.0,0.5,0.5,0.3,0.44999998807907104,am,757,7,1,0,0
1,0.0,0.0,0.0,0.5,0.0,am,758,10,1,0,0
0,0.0,0.4895833432674408,0.4895833432674408,0.2,0.4895833432674408,am,759,7,0,1,0
0,0.0,0.375,0.375,0.4,0.3375000059604645,am,760,9,0,0,1
1,0.0,0.4895833432674408,0.4895833432674408,0.7,0.4427083134651184,am,761,10,1,1,1
0,0.0,0.4895833432674408,0.4895833432674408,0.2,0.4895833432674408,am,762,8,0,0,1
0,-0.01052630564511585,0.4895833432674408,0.5,0.4,0.4489583373069763,am,763,10,0,0,1
1,0.0,0.4895833432674408,0.4895833432674408,0.8,0.44062501192092896,am,764,5,1,1,1
0,0.045454535109887985,0.4791666567325592,0.4375,0.2,0.4312500059604645,am,765,2,0,1,0
0,0.0,1.0,1.0,0.5,0.8999999761581421,am,766,2,0,0,1
0,-0.022222201029435933,0.4583333432674408,0.4791666567325592,0.8,0.429166704416275,am,767,7,0,0,1
0,0.0,0.4895833432674408,0.4895833432674408,0.4,0.444791704416275,am,768,5,0,0,1
0,0.0,0.0,0.0,0.2,0.0,am,769,2,0,0,1
0,0.0,0.0,0.0,0.2,0.0,am,770,4,0,1,0
1,0.0,0.4791666567325592,0.4791666567325592,0.1,0.4416666626930237,am,771,2,1,0,0
0,0.0,0.5,0.5,0.7,0.44999998807907104,am,772,1,0,0,1
0,-0.030303001403764518,0.3333333432674408,0.3541666567325592,0.4,0.3270833492279053,am,773,8,0,1,0
0,0.0,0.0,0.0,0.2,0.0,am,774,6,0,0,1
0,0.010752708681156995,0.4895833432674408,0.4791666567325592,0.6,0.43958330154418945,am,775,2,0,0,1
1,0.0,0.4937500059604645,0.4937500059604645,0.6,0.5118750333786011,am,776,2,1,1,1
1,0.0,0.5,0.5,0.3,0.44999998807907104,am,777,5,1,0,0
0,0.0,0.4937500059604645,0.4937500059604645,0.3,0.5118750333786011,am,778,4,0,1,0
1,0.0,0.0,0.0,0.5,0.0,am,780,5,1,0,0
0,0.0,0.0,0.0,0.8,0.0,am,781,7,0,0,1
0,0.0,0.0,0.0,0.2,0.0,am,783,5,0,0,1
1,-0.045454535109887985,0.4375,0.4791666567325592,0.8,0.4312500059604645,am,784,7,1,0,0
1,0.0,0.4895833432674408,0.4895833432674408,0.8,0.44062501192092896,am,785,10,1,1,1
1,0.0,0.3333333432674408,0.3333333432674408,0.6,0.29999998211860657,am,786,1,1,1,1
1,0.0,0.4791666567325592,0.4791666567325592,0.8,0.4791666567325592,am,787,10,1,1,1
1,0.0,0.375,0.375,0.9,0.3375000059604645,am,788,2,1,1,1
0,0.0,0.4895833432674408,0.4895833432674408,0.2,0.44062501192092896,am,789,4,0,1,0
0,0.0,0.0,0.0,0.5,0.0,am,790,1,0,0,1
1,0.0,0.375,0.375,0.9,0.3375000059604645,am,791,4,1,1,1
1,0.022222201029435933,0.4791666567325592,0.4583333432674408,0.2,0.4312500059604645,am,792,3,1,0,0
1,0.0,0.0,0.0,0.2,0.0,am,793,10,1,0,0
0,0.0,0.5,0.5,0.6,0.44999998807907104,am,794,7,0,0,1
1,0.0,0.4895833432674408,0.4895833432674408,0.8,0.44062501192092896,am,795,1,1,0,0
0,0.0,0.4791666567325592,0.4791666567325592,0.2,0.4791666567325592,am,796,4,0,1,0
1,0.0,0.4895833432674408,0.4895833432674408,0.8,0.44062501192092896,am,797,3,1,1,1
1,0.0,0.5,0.5,0.3,0.44999998807907104,am,798,2,1,0,0
0,0.045454535109887985,0.4791666567325592,0.4375,0.3,0.4749999940395355,am,799,8,0,0,1
1,0.0,0.4791666567325592,0.4791666567325592,0.8,0.4791666567325592,am,800,3,1,1,1
1,-0.045454535109887985,0.4375,0.4791666567325592,0.8,0.4312500059604645,am,801,5,1,1,1
0,0.0,0.3125,0.3125,0.3,0.28125,am,802,9,0,1,0
0,0.0,0.5,0.5,0.7,0.44999998807907104,am,803,7,0,0,1
0,0.0,0.4895833432674408,0.4895833432674408,0.2,0.44062501192092896,am,804,7,0,1,0
1,0.0,0.3333333432674408,0.3333333432674408,0.6,0.29999998211860657,am,805,4,1,1,1
1,0.0,0.25,0.25,0.4,0.22499999403953552,am,806,2,1,0,0
0,0.045454535109887985,0.4791666567325592,0.4375,0.2,0.4312500059604645,am,807,7,0,0,1
0,0.045454535109887985,0.4791666567325592,0.4375,0.2,0.4312500059604645,am,808,9,0,1,0
1,-0.014989309760122433,0.4791666567325592,0.4937500059604645,0.6,0.4454166293144226,am,809,7,1,0,0
0,0.010752708681156995,0.4895833432674408,0.4791666567325592,0.7,0.44062501192092896,am,810,4,0,0,1
0,0.045454535109887985,0.4791666567325592,0.4375,0.2,0.4312500059604645,am,811,4,0,1,0
1,0.021276606105991774,0.5,0.4791666567325592,0.3,0.49791669845581055,am,812,6,1,0,0
1,0.0,0.4895833432674408,0.4895833432674408,0.5,0.4437499940395355,am,813,7,1,0,0
0,0.0,0.3333333432674408,0.3333333432674408,0.4,0.3333333134651184,am,814,4,0,1,0
0,0.0,0.4895833432674408,0.4895833432674408,0.3,0.4427083134651184,am,815,1,0,1,0
1,0.0,0.0,0.0,0.2,0.0,am,816,2,1,0,0
0,0.0,0.3333333432674408,0.3333333432674408,0.4,0.29999998211860657,am,817,5,0,1,0
0,0.0,0.4791666567325592,0.4791666567325592,0.2,0.4791666567325592,am,818,2,0,0,1
0,0.021276606105991774,0.5,0.4791666567325592,0.5,0.49791663885116577,am,819,9,0,1,0
1,0.0,0.0,0.0,0.8,0.0,am,820,5,1,0,0
0,0.014989309760122433,0.4937500059604645,0.4791666567325592,0.4,0.4454166293144226,am,821,5,0,0,1
0,0.0,0.0,0.0,0.8,0.0,am,822,6,0,0,1
1,0.0,0.5,0.5,0.3,0.5,am,823,2,1,0,0
0,0.0,0.3333333432674408,0.3333333432674408,0.4,0.29999998211860657,am,824,3,0,1,0
1,-0.045454535109887985,0.4375,0.4791666567325592,0.8,0.4312500059604645,am,825,1,1,1,1
1,0.0,0.0,0.0,0.5,0.0,am,826,6,1,0,0
1,0.0,0.0,0.0,0.5,0.0,am,827,2,1,0,0
0,0.0,0.4895833432674408,0.4895833432674408,0.4,0.4427083134651184,am,828,4,0,1,0
1,0.0,0.5,0.5,0.2,0.44999998807907104,am,830,5,1,0,0
1,0.0,0.375,0.375,0.7,0.3708333373069763,am,831,10,1,0,0
0,0.0,0.0,0.0,0.2,0.0,am,833,10,0,0,1
0,0.0,0.3333333432674408,0.3333333432674408,0.4,0.29999998211860657,am,834,9,0,1,0
0,0.0,1.0,1.0,0.4,1.0,am,835,6,0,0,1
0,0.0,0.4895833432674408,0.4895833432674408,0.2,0.44062501192092896,am,836,3,0,1,0
1,0.0,0.4895833432674408,0.4895833432674408,0.8,0.44062501192092896,am,837,6,1,1,1
0,0.0,0.4791666567325592,0.4791666567325592,0.1,0.4791666567325592,am,838,6,0,1,0
0,0.0,0.0,0.0,0.8,0.0,am,839,4,0,0,1
0,0.045454535109887985,0.4791666567325592,0.4375,0.2,0.4312500059604645,am,840,1,0,1,0
1,0.0,0.4895833432674408,0.4895833432674408,0.8,0.4895833432674408,am,841,2,1,1,1
0,0.0,0.0,0.0,0.8,0.0,am,843,1,0,0,1
1,0.0,0.4895833432674408,0.4895833432674408,0.7,0.49166664481163025,am,844,6,1,1,1
1,0.0,0.0,0.0,0.2,0.0,am,845,2,1,0,0
0,0.0,0.25,0.25,0.5,0.25,am,847,2,0,0,1
1,0.0,0.4895833432674408,0.4895833432674408,0.7,0.49166664481163025,am,848,2,1,0,0
1,0.0,0.4895833432674408,0.4895833432674408,0.8,0.44062501192092896,am,849,1,1,0,0
0,0.0,0.0,0.0,0.8,0.0,am,850,10,0,0,1
0,0.014989309760122433,0.4937500059604645,0.4791666567325592,0.2,0.44604167342185974,am,851,6,0,0,1
1,0.021276606105991774,0.5,0.4791666567325592,0.3,0.44999998807907104,am,852,8,1,0,0
0,0.0,0.5,0.5,0.7,0.44999998807907104,am,853,8,0,0,1
1,0.0,0.375,0.375,0.2,0.3375000059604645,am,854,6,1,1,1
1,0.0,0.25,0.25,0.2,0.22499999403953552,am,855,7,1,0,0
0,0.006289302140419694,0.5,0.4937500059604645,0.6,0.5175000429153442,am,856,1,0,1,0
0,0.0,0.3333333432674408,0.3333333432674408,0.5,0.30625003576278687,am,857,2,0,1,0
1,0.0,0.4791666567325592,0.4791666567325592,0.4,0.4416666626930237,am,858,1,1,0,0
0,0.010752708681156995,0.4895833432674408,0.4791666567325592,0.3,0.43958330154418945,am,859,5,0,0,1
1,0.0,0.3333333432674408,0.3333333432674408,0.6,0.29999998211860657,am,860,10,1,1,1
0,0.010752708681156995,0.4895833432674408,0.4791666567325592,0.5,0.43958330154418945,am,862,4,0,1,0
0,0.0,0.25,0.25,1.0,0.22499999403953552,am,863,5,0,0,1
0,0.0,0.3333333432674408,0.3333333432674408,0.4,0.29999998211860657,am,864,7,0,0,1
0,0.0,0.0,0.0,0.2,0.0,am,865,1,0,0,1
1,0.0,0.4895833432674408,0.4895833432674408,0.8,0.44062501192092896,am,866,6,1,1,1
1,0.0,0.4937500059604645,0.4937500059604645,0.6,0.5118750333786011,am,867,3,1,1,1
0,0.0,0.0,0.0,0.2,0.0,am,868,10,0,0,1
1,0.0,0.4895833432674408,0.4895833432674408,0.6,0.44062501192092896,am,869,2,1,1,1
0,0.0,0.0,0.0,0.5,0.0,am,870,6,0,0,1
0,0.0,0.4791666567325592,0.4791666567325592,0.6,0.44166669249534607,am,871,4,0,0,1
0,0.0,0.0,0.0,0.5,0.0,am,872,9,0,0,1
1,0.0,0.0,0.0,0.5,0.0,am,873,9,1,0,0
1,0.0,0.0,0.0,0.8,0.0,am,874,3,1,1,1
1,0.0,0.0,0.0,0.5,0.0,am,875,3,1,0,0
1,0.0,0.0,0.0,0.5,0.0,am,876,3,1,0,0
1,0.0,0.0,0.0,0.5,0.0,am,877,10,1,0,0
0,0.0,0.0,0.0,0.5,0.0,am,878,5,0,0,1
1,0.0,0.4791666567325592,0.4791666567325592,0.4,0.4895833134651184,am,879,2,1,0,0
1,0.0,0.0,0.0,0.5,0.0,am,880,10,1,0,0
0,0.0,0.0,0.0,0.5,0.0,am,881,2,0,0,1
1,0.0,0.4791666567325592,0.4791666567325592,0.8,0.4791666567325592,am,882,10,1,1,1
1,-0.021276606105991774,0.4791666567325592,0.5,0.5,0.49791669845581055,am,883,7,1,0,0
0,0.0,0.0,0.0,0.5,0.0,am,884,6,0,0,1
1,0.0,0.0,0.0,0.5,0.0,am,885,5,1,0,0
1,-0.045454535109887985,0.4375,0.4791666567325592,0.8,0.4749999940395355,am,886,2,1,1,1
0,0.0,0.0,0.0,0.5,0.0,am,887,6,0,0,1
0,0.0,0.375,0.375,0.1,0.3375000059604645,am,888,2,0,1,0
0,0.0,0.4895833432674408,0.4895833432674408,0.2,0.44062501192092896,am,889,4,0,1,0
1,0.0,0.4791666567325592,0.4791666567325592,0.5,0.4895833134651184,am,890,1,1,0,0
0,0.0,0.4791666567325592,0.4791666567325592,0.5,0.4895833134651184,am,891,2,0,0,1
1,0.0,0.25,0.25,0.5,0.22499999403953552,am,892,8,1,0,0
1,0.0,0.3333333432674408,0.3333333432674408,0.6,0.29999998211860657,am,893,2,1,1,1
0,-0.022222201029435933,0.4583333432674408,0.4791666567325592,0.8,0.4312500059604645,am,894,3,0,0,1
0,0.0,0.0,0.0,0.5,0.0,am,895,6,0,0,1
1,0.0,0.0,0.0,0.8,0.0,am,896,7,1,0,0
1,0.0,0.4791666567325592,0.4791666567325592,0.9,0.4791666567325592,am,897,1,1,1,1
1,0.0,0.4895833432674408,0.4895833432674408,0.8,0.44062501192092896,am,898,9,1,1,1
1,0.0,0.3333333432674408,0.3333333432674408,0.5,0.29999998211860657,am,900,5,1,1,1
1,0.0,0.375,0.375,0.6,0.3375000059604645,am,901,6,1,1,1
0,0.0,0.0,0.0,0.2,0.0,am,902,4,0,1,0
1,0.0,0.4791666567325592,0.4791666567325592,0.2,0.4895833432674408,am,903,9,1,0,0
0,0.045454535109887985,0.4791666567325592,0.4375,0.2,0.4270833432674408,am,904,5,0,1,0
0,0.045454535109887985,0.4791666567325592,0.4375,0.2,0.4270833432674408,am,905,1,0,1,0
0,0.045454535109887985,0.4791666567325592,0.4375,0.2,0.4270833432674408,am,906,4,0,1,0
0,0.0,0.0,0.0,0.8,0.0,am,907,6,0,0,1
1,0.0,0.0,0.0,0.8,0.0,am,908,5,1,0,0
0,0.0,0.3333333432674408,0.3333333432674408,0.4,0.3333333134651184,am,909,8,0,0,1
1,0.0,0.4895833432674408,0.4895833432674408,0.7,0.4895833432674408,am,910,1,1,0,0
1,0.0,0.4791666567325592,0.4791666567325592,0.3,0.4416666626930237,am,911,6,1,0,0
0,0.0,0.4895833432674408,0.4895833432674408,0.4,0.4427083134651184,am,912,8,0,0,1
1,0.0,0.3125,0.3125,0.6,0.28125,am,913,5,1,1,1
0,0.0,0.4791666567325592,0.4791666567325592,0.2,0.4791666567325592,am,915,3,0,1,0
1,0.0,0.5,0.5,0.3,0.44999998807907104,am,916,10,1,0,0
0,0.0,0.3333333432674408,0.3333333432674408,0.4,0.29999998211860657,am,917,10,0,1,0
1,-0.045454535109887985,0.4375,0.4791666567325592,0.8,0.4270833432674408,am,918,7,1,0,0
1,-0.045454535109887985,0.4375,0.4791666567325592,0.7,0.4749999940395355,am,919,8,1,0,0
0,0.0,0.5,0.5,0.5,0.44999998807907104,am,921,2,0,0,1
0,0.0,0.0,0.0,0.5,0.0,am,922,6,0,0,1
0,0.0,0.0,0.0,0.8,0.0,am,923,9,0,0,1
0,0.0,0.5,0.5,0.6,0.44999998807907104,am,924,10,0,0,1
0,0.0,0.4895833432674408,0.4895833432674408,0.2,0.44062501192092896,am,925,5,0,1,0
1,0.0,0.4895833432674408,0.4895833432674408,0.8,0.44062501192092896,am,926,10,1,1,1
1,0.0,0.375,0.375,0.9,0.375,am,927,4,1,1,1
0,0.0,0.0,0.0,0.8,0.0,am,928,4,0,0,1
0,0.0,0.4895833432674408,0.4895833432674408,0.4,0.4427083134651184,am,929,8,0,0,1
0,0.01052630564511585,0.5,0.4895833432674408,0.4,0.5064583420753479,am,930,5,0,0,1
0,0.0,0.0,0.0,0.2,0.0,am,931,10,0,0,1
0,-0.021276606105991774,0.4791666567325592,0.5,0.7,0.44999998807907104,am,932,7,0,0,1
0,0.0,0.5,0.5,0.7,0.5,am,933,8,0,0,1
0,0.0,0.4791666567325592,0.4791666567325592,0.1,0.4791666567325592,am,934,9,0,1,0
0,0.0,0.4895833432674408,0.4895833432674408,0.4,0.4437499940395355,am,935,1,0,0,1
0,0.0,0.4791666567325592,0.4791666567325592,0.1,0.4791666567325592,am,936,1,0,1,0
1,-0.045454535109887985,0.4375,0.4791666567325592,0.7,0.4270833432674408,am,938,1,1,1,1
0,0.0,0.0,0.0,0.2,0.0,am,939,1,0,0,1
0,0.0,0.0,0.0,0.7,0.15000000596046448,am,940,9,0,0,1
1,-0.010752708681156995,0.4791666567325592,0.4895833432674408,0.4,0.43958336114883423,am,941,4,1,1,1
0,-0.01052630564511585,0.4895833432674408,0.5,0.5,0.44999998807907104,am,942,8,0,0,1
0,0.0,1.0,1.0,0.4,0.8999999761581421,am,943,9,0,0,1
1,0.022222201029435933,0.4791666567325592,0.4583333432674408,0.2,0.4312500059604645,am,944,6,1,0,0
0,0.045454535109887985,0.4791666567325592,0.4375,0.2,0.4270833432674408,am,945,8,0,0,1
0,0.045454535109887985,0.4791666567325592,0.4375,0.2,0.4270833432674408,am,946,8,0,0,1
1,0.045454535109887985,0.4791666567325592,0.4375,0.5,0.4270833432674408,am,947,10,1,0,0
0,0.0,0.0,0.0,0.2,0.0,am,948,1,0,0,1
0,0.0,0.3333333432674408,0.3333333432674408,0.4,0.3333333134651184,am,949,3,0,1,0
0,0.0,0.4791666567325592,0.4791666567325592,0.6,0.4416666626930237,am,950,6,0,0,1
0,0.0,0.0,0.0,0.5,0.0,am,952,3,0,0,1
0,0.0,0.0,0.0,0.5,0.0,am,953,3,0,0,1
1,0.0,0.0,0.0,0.5,0.0,am,955,8,1,0,0
1,0.0,0.4895833432674408,0.4895833432674408,0.8,0.44062501192092896,am,956,10,1,1,1
1,0.0,0.0,0.0,0.5,0.0,am,957,3,1,0,0
1,0.0,0.5,0.5,0.4,0.44999998807907104,am,958,6,1,0,0
1,0.0,0.3125,0.3125,0.6,0.3125,am,959,8,1,0,0
1,0.01052630564511585,0.5,0.4895833432674408,0.5,0.4489583373069763,am,961,7,1,0,0
0,0.0,0.4895833432674408,0.4895833432674408,0.2,0.44062501192092896,am,962,5,0,1,0
0,0.045454535109887985,0.4791666567325592,0.4375,0.2,0.4270833432674408,am,963,9,0,1,0
1,-0.045454535109887985,0.4375,0.4791666567325592,0.8,0.4270833432674408,am,964,5,1,1,1
1,0.0,1.0,1.0,0.5,0.8999999761581421,am,965,4,1,0,0
0,0.0,0.4791666567325592,0.4791666567325592,0.5,0.4895833134651184,am,967,8,0,0,1
1,-0.045454535109887985,0.4375,0.4791666567325592,0.8,0.4270833432674408,am,968,6,1,1,1
1,0.0,0.4895833432674408,0.4895833432674408,0.8,0.4895833432674408,am,969,10,1,1,1
0,0.0,1.0,1.0,0.5,0.8999999761581421,am,970,10,0,0,1
1,0.0,0.3333333432674408,0.3333333432674408,0.6,0.29999998211860657,am,971,1,1,1,1
0,0.0,0.375,0.375,0.7,0.3375000059604645,am,972,2,0,0,1
1,0.0,0.3333333432674408,0.3333333432674408,0.6,0.29999998211860657,am,973,8,1,0,0
0,0.0,0.0,0.0,0.2,0.0,am,974,8,0,0,1
1,0.0,0.0,0.0,0.6,0.0,am,977,6,1,1,1
0,0.0,0.4791666567325592,0.4791666567325592,0.5,0.4895833134651184,am,978,4,0,0,1
0,0.0,0.4791666567325592,0.4791666567325592,0.1,0.4791666567325592,am,979,3,0,1,0
0,0.0,0.0,0.0,0.7,0.0,am,980,4,0,0,1
0,0.010752708681156995,0.4895833432674408,0.4791666567325592,0.8,0.44062501192092896,am,981,7,0,0,1
0,0.010752708681156995,0.4895833432674408,0.4791666567325592,0.7,0.43958336114883423,am,982,9,0,1,0
0,0.0,0.4895833432674408,0.4895833432674408,0.3,0.4427083134651184,am,983,6,0,1,0
0,0.0,0.4895833432674408,0.4895833432674408,0.2,0.44062501192092896,am,984,8,0,0,1
0,0.0,0.4895833432674408,0.4895833432674408,0.3,0.4427083134651184,am,985,1,0,1,0
0,0.014989309760122433,0.4937500059604645,0.4791666567325592,0.2,0.44604167342185974,am,986,10,0,0,1
0,-0.01052630564511585,0.4895833432674408,0.5,0.5,0.4647916853427887,am,987,3,0,0,1
0,0.0,0.4791666567325592,0.4791666567325592,0.6,0.4416666626930237,am,988,1,0,0,1
0,0.0,0.4895833432674408,0.4895833432674408,0.2,0.44062501192092896,am,989,3,0,1,0
0,0.0,0.4895833432674408,0.4895833432674408,0.3,0.44062501192092896,am,990,8,0,0,1
1,-0.045454535109887985,0.4375,0.4791666567325592,0.8,0.4270833432674408,am,991,6,1,1,1
0,0.0,0.0,0.0,0.5,0.0,am,992,8,0,0,1
0,0.0,0.4895833432674408,0.4895833432674408,0.6,0.4833332896232605,am,993,4,0,1,0
0,0.0,0.0,0.0,0.5,0.0,am,994,1,0,0,1
0,0.0,0.0,0.0,0.8,0.0,am,995,7,0,0,1
1,-0.045454535109887985,0.4375,0.4791666567325592,0.8,0.4270833432674408,am,996,5,1,1,1
0,0.0,0.25,0.25,0.8,0.25,am,997,6,0,0,1
1,-0.010752708681156995,0.4791666567325592,0.4895833432674408,0.2,0.4885416626930237,am,998,4,1,0,0
1,-0.045454535109887985,0.4375,0.4791666567325592,0.8,0.4270833432674408,am,999,1,1,1,1
0,0.045454535109887985,0.4791666567325592,0.4375,0.2,0.4270833432674408,am,1000,9,0,1,0
0,0.0,0.4791666567325592,0.4791666567325592,0.5,0.44166669249534607,am,1001,4,0,0,1
1,0.02857144258456321,0.375,0.3541666567325592,0.3,0.3333333134651184,am,1002,1,1,1,1
0,0.006289302140419694,0.5,0.4937500059604645,0.6,0.4675000309944153,am,1003,10,0,0,1
1,0.0,0.3333333432674408,0.3333333432674408,0.6,0.29999998211860657,am,1004,5,1,1,1
1,-0.045454535109887985,0.4375,0.4791666567325592,0.8,0.4270833432674408,am,1005,3,1,1,1
0,0.0,0.4895833432674408,0.4895833432674408,0.2,0.44062501192092896,am,1006,10,0,1,0
1,0.0,0.5,0.5,0.3,0.44999998807907104,am,1007,3,1,0,0
1,0.0,0.4895833432674408,0.4895833432674408,0.8,0.44062501192092896,am,1008,4,1,1,1
1,-0.045454535109887985,0.4375,0.4791666567325592,0.8,0.4270833432674408,am,1009,4,1,1,1
0,0.0,0.3333333432674408,0.3333333432674408,0.7,0.31458336114883423,am,1010,10,0,0,1
0,0.0,1.0,1.0,0.5,0.8999999761581421,am,1011,8,0,0,1
1,0.0,0.4791666567325592,0.4791666567325592,0.9,0.4791666567325592,am,1012,10,1,1,1
0,0.045454535109887985,0.4791666567325592,0.4375,0.2,0.4270833432674408,am,1013,5,0,1,0
1,-0.045454535109887985,0.4375,0.4791666567325592,0.8,0.4270833432674408,am,1015,3,1,1,1
0,0.0,0.0,0.0,0.7,0.0,am,1016,6,0,0,1
0,0.0,0.5,0.5,0.6,0.44999998807907104,am,1017,8,0,0,1
0,0.0,0.0,0.0,0.5,0.0,am,1018,7,0,0,1
0,0.045454535109887985,0.4791666567325592,0.4375,0.2,0.4270833432674408,am,1019,10,0,1,0
0,0.0,0.0,0.0,0.8,0.0,am,1020,2,0,0,1
0,0.0,0.0,0.0,0.5,0.0,am,1021,8,0,0,1
1,0.0,0.4791666567325592,0.4791666567325592,0.5,0.4416666626930237,am,1022,1,1,0,0
1,0.0,0.4895833432674408,0.4895833432674408,0.6,0.44062501192092896,am,1023,2,1,1,1
0,0.045454535109887985,0.4791666567325592,0.4375,0.2,0.4270833432674408,am,1024,4,0,1,0
0,0.045454535109887985,0.4791666567325592,0.4375,0.2,0.4270833432674408,am,1025,7,0,0,1
0,0.0,0.4791666567325592,0.4791666567325592,0.6,0.4416666626930237,am,1026,8,0,0,1
0,0.0,0.0,0.0,0.2,0.0,am,1027,5,0,0,1
0,0.0,0.0,0.0,0.5,0.0,am,1028,10,0,0,1
0,0.0,0.4895833432674408,0.4895833432674408,0.2,0.44062501192092896,am,1029,5,0,1,0
0,0.0,1.0,1.0,0.5,0.8999999761581421,am,1030,8,0,0,1
1,-0.045454535109887985,0.4375,0.4791666567325592,0.8,0.4270833432674408,am,1031,4,1,1,1
0,0.0,0.0,0.0,0.5,0.0,am,1032,5,0,0,1
1,-0.021276606105991774,0.4791666567325592,0.5,0.5,0.4479166865348816,am,1033,6,1,0,0
1,-0.010752708681156995,0.4791666567325592,0.4895833432674408,0.2,0.43958330154418945,am,1034,7,1,0,0
1,0.0,0.3125,0.3125,0.6,0.28125,am,1035,3,1,1,1
1,0.0,0.5,0.5,0.4,0.44999998807907104,am,1036,7,1,0,0
1,0.0,0.0,0.0,0.2,0.0,am,1037,8,1,0,0
1,-0.021276606105991774,0.4791666567325592,0.5,0.5,0.44999998807907104,am,1038,7,1,0,0
0,0.045454535109887985,0.4791666567325592,0.4375,0.2,0.4270833432674408,am,1040,2,0,1,0
1,-0.045454535109887985,0.4375,0.4791666567325592,0.8,0.4270833432674408,am,1041,7,1,0,0
1,-0.010752708681156995,0.4791666567325592,0.4895833432674408,0.2,0.44062501192092896,am,1042,5,1,0,0
1,-0.014989309760122433,0.4791666567325592,0.4937500059604645,0.5,0.4454166293144226,am,1043,9,1,0,0
1,-0.045454535109887985,0.4375,0.4791666567325592,0.8,0.4270833432674408,am,1044,5,1,1,1
0,0.045454535109887985,0.4791666567325592,0.4375,0.2,0.4270833432674408,am,1045,5,0,1,0
0,0.0,0.4895833432674408,0.4895833432674408,0.2,0.44062501192092896,am,1046,7,0,1,0
1,-0.045454535109887985,0.4375,0.4791666567325592,0.8,0.4270833432674408,am,1047,10,1,1,1
1,0.0,1.0,1.0,0.6,1.0,am,1048,5,1,0,0
0,0.0,0.0,0.0,0.5,0.0,am,1049,3,0,0,1
0,0.045454535109887985,0.4791666567325592,0.4375,0.2,0.4270833432674408,am,1050,5,0,1,0
1,0.0,0.0,0.0,0.8,0.0,am,1051,10,1,0,0
0,0.0,0.0,0.0,0.8,0.0,am,1052,8,0,0,1
1,0.0,1.0,1.0,0.5,0.8999999761581421,am,1054,2,1,0,0
0,0.0,0.0,0.0,0.2,0.0,am,1055,9,0,0,1
0,0.0,0.375,0.375,0.1,0.3375000059604645,am,1056,6,0,1,0
1,0.0,0.0,0.0,0.2,0.0,am,1057,7,1,0,0
0,0.0,0.0,0.0,0.8,0.0,am,1058,8,0,0,1
0,0.0,0.0,0.0,0.7,0.0,am,1059,4,0,0,1
1,-0.045454535109887985,0.4375,0.4791666567325592,0.8,0.4270833432674408,am,1060,7,1,0,0
1,0.0,0.4791666567325592,0.4791666567325592,0.9,0.4791666567325592,am,1062,6,1,1,1
0,0.045454535109887985,0.4791666567325592,0.4375,0.2,0.4270833432674408,am,1063,2,0,1,0
0,0.0,0.4895833432674408,0.4895833432674408,0.2,0.44062501192092896,am,1064,8,0,0,1
0,0.045454535109887985,0.4791666567325592,0.4375,0.2,0.4270833432674408,am,1065,1,0,1,0
1,-0.04276987333618381,0.4895833432674408,0.5333333611488342,0.7,0.4868749976158142,am,1066,5,1,0,0
1,0.0,0.375,0.375,0.9,0.3375000059604645,am,1067,4,1,1,1
0,0.0,0.0,0.0,0.2,0.0,am,1068,4,0,1,0
1,0.0,0.5,0.5,0.4,0.44999998807907104,am,1069,7,1,0,0
1,0.0,0.4791666567325592,0.4791666567325592,0.8,0.4791666567325592,am,1070,10,1,1,1
0,0.0,0.5,0.5,0.6,0.5,am,1071,4,0,0,1
0,0.0,0.0,0.0,0.2,0.0,am,1072,7,0,0,1
1,0.0,0.3333333432674408,0.3333333432674408,0.6,0.29999998211860657,am,1073,4,1,1,1
1,0.0,0.3333333432674408,0.3333333432674408,0.8,0.29999998211860657,am,1074,4,1,1,1
1,0.0,0.25,0.25,0.5,0.25,am,1075,1,1,0,0
1,0.022222201029435933,0.4791666567325592,0.4583333432674408,0.2,0.429166704416275,am,1076,10,1,0,0
1,-0.0526315670593948,0.375,0.4166666567325592,0.6,0.3750000298023224,am,1077,5,1,1,1
1,0.0,0.4791666567325592,0.4791666567325592,0.8,0.4312500059604645,am,1078,6,1,1,1
1,0.0,1.0,1.0,0.5,0.8999999761581421,am,1080,2,1,0,0
1,0.0,1.0,1.0,0.6,0.8999999761581421,am,1081,5,1,0,0
0,0.0,0.4791666567325592,0.4791666567325592,0.2,0.4312500059604645,am,1082,3,0,1,0
1,0.0,0.3333333432674408,0.3333333432674408,0.6,0.29999998211860657,am,1083,1,1,1,1
0,0.0,0.3333333432674408,0.3333333432674408,0.6,0.31458336114883423,am,1084,4,0,1,0
1,0.0,0.375,0.375,0.5,0.3375000059604645,am,1085,10,1,1,1
1,-0.045454535109887985,0.4375,0.4791666567325592,0.8,0.4270833432674408,am,1086,9,1,1,1
1,0.0,0.4791666567325592,0.4791666567325592,0.4,0.44166669249534607,am,1087,7,1,0,0
0,0.0,0.4895833432674408,0.4895833432674408,0.4,0.4427083134651184,am,1088,8,0,0,1
0,0.045454535109887985,0.4791666567325592,0.4375,0.2,0.4270833432674408,am,1089,5,0,1,0
1,-0.045454535109887985,0.4375,0.4791666567325592,0.8,0.4270833432674408,am,1090,7,1,0,0
0,0.0,0.3333333432674408,0.3333333432674408,0.4,0.3333333134651184,am,1091,3,0,1,0
1,0.045454535109887985,0.4791666567325592,0.4375,0.4,0.4270833432674408,am,1092,1,1,1,1
1,0.0,0.3125,0.3125,0.6,0.28125,am,1093,4,1,1,1
1,0.0,0.25,0.25,0.5,0.25,am,1094,10,1,0,0
0,0.0,0.4791666567325592,0.4791666567325592,0.6,0.4895833134651184,am,1095,3,0,0,1
1,0.0,0.0,0.0,0.8,0.0,am,1096,1,1,0,0
1,0.0,0.3333333432674408,0.3333333432674408,0.6,0.29999998211860657,am,1098,2,1,1,1
1,-0.045454535109887985,0.4375,0.4791666567325592,0.8,0.4270833432674408,am,1099,5,1,1,1
1,0.0,0.4895833432674408,0.4895833432674408,0.7,0.4427083134651184,am,1100,8,1,0,0
0,0.045454535109887985,0.4791666567325592,0.4375,0.2,0.4270833432674408,am,1102,6,0,1,0
0,0.0,0.0,0.0,0.2,0.0,am,1103,6,0,0,1
1,0.0,0.4895833432674408,0.4895833432674408,0.8,0.44062501192092896,am,1104,5,1,1,1
1,0.0,0.4895833432674408,0.4895833432674408,0.7,0.44062501192092896,am,1105,9,1,1,1
1,-0.045454535109887985,0.4375,0.4791666567325592,0.8,0.4270833432674408,am,1106,10,1,1,1
1,0.0,0.4895833432674408,0.4895833432674408,0.8,0.4895833432674408,am,1107,9,1,1,1
0,0.010752708681156995,0.4895833432674408,0.4791666567325592,0.3,0.43958330154418945,am,1108,7,0,0,1
0,0.0,0.4791666567325592,0.4791666567325592,0.1,0.4312500059604645,am,1109,7,0,1,0
1,0.0,0.4895833432674408,0.4895833432674408,0.8,0.4895833432674408,am,1110,7,1,1,1
1,0.0,0.0,0.0,0.8,0.0,am,1111,3,1,1,1
1,0.0,0.4895833432674408,0.4895833432674408,0.8,0.4895833432674408,am,1112,4,1,1,1
0,0.0,0.0,0.0,0.2,0.0,am,1113,5,0,0,1
0,0.0,0.0,0.0,0.8,0.0,am,1114,3,0,0,1
1,0.0,0.0,0.0,0.8,0.0,am,1115,1,1,0,0
1,0.0,0.375,0.375,0.9,0.3375000059604645,am,1116,7,1,0,0
0,0.0,0.0,0.0,0.2,0.0,am,1117,8,0,0,1
1,0.0,0.375,0.375,0.9,0.3375000059604645,am,1118,4,1,1,1
0,0.0,0.5,0.5,0.9,0.44999998807907104,am,1119,3,0,0,1
1,0.0,0.0,0.0,0.5,0.0,am,1120,8,1,0,0
1,0.0,0.3333333432674408,0.3333333432674408,0.6,0.29999998211860657,am,1121,3,1,1,1
1,0.0,0.0,0.0,0.8,0.0,am,1122,2,1,0,0
1,0.0,0.4895833432674408,0.4895833432674408,0.6,0.4427083134651184,am,1123,1,1,1,1
1,0.0,0.0,0.0,0.8,0.0,am,1124,6,1,0,0
1,0.0,0.3333333432674408,0.3333333432674408,0.6,0.29999998211860657,am,1125,1,1,1,1
1,-0.045454535109887985,0.4375,0.4791666567325592,0.8,0.4270833432674408,am,1126,4,1,1,1
1,-0.010752708681156995,0.4791666567325592,0.4895833432674408,0.4,0.4885416626930237,am,1127,7,1,0,0
1,0.0,0.4791666567325592,0.4791666567325592,1.0,0.4312500059604645,am,1128,9,1,1,1
1,-0.045454535109887985,0.4375,0.4791666567325592,0.8,0.4270833432674408,am,1129,8,1,0,0
1,0.0,0.4791666567325592,0.4791666567325592,0.9,0.4312500059604645,am,1130,4,1,1,1
0,0.045454535109887985,0.4791666567325592,0.4375,0.2,0.4270833432674408,am,1131,5,0,1,0
0,0.0,0.5,0.5,0.5,0.46812501549720764,am,1132,2,0,1,0
0,0.0,0.0,0.0,0.2,0.0,am,1133,4,0,1,0
1,0.0,0.4791666567325592,0.4791666567325592,0.9,0.4312500059604645,am,1134,5,1,1,1
1,-0.045454535109887985,0.4375,0.4791666567325592,0.8,0.4270833432674408,am,1135,6,1,1,1
1,0.0,0.4895833432674408,0.4895833432674408,0.8,0.44062501192092896,am,1136,9,1,1,1
1,0.0,0.0,0.0,0.8,0.0,am,1137,2,1,0,0
0,-0.021276606105991774,0.4791666567325592,0.5,0.7,0.44999998807907104,am,1138,7,0,0,1
0,0.0,0.4791666567325592,0.4791666567325592,0.2,0.4312500059604645,am,1139,9,0,1,0
0,0.0,0.4895833432674408,0.4895833432674408,0.3,0.49166664481163025,am,1140,5,0,1,0
1,0.0,0.3333333432674408,0.3333333432674408,0.6,0.3333333134651184,am,1141,7,1,0,0
0,0.010752708681156995,0.4895833432674408,0.4791666567325592,0.8,0.44062501192092896,am,1142,5,0,0,1
0,-0.021276606105991774,0.4791666567325592,0.5,0.7,0.44999998807907104,am,1143,6,0,0,1
0,0.0,0.5,0.5,0.5,0.44999998807907104,am,1144,9,0,0,1
0,0.0,0.25,0.25,0.5,0.22499999403953552,am,1145,5,0,0,1
0,0.0,0.4895833432674408,0.4895833432674408,0.2,0.44062501192092896,am,1146,8,0,0,1
0,-0.01052630564511585,0.4895833432674408,0.5,0.5,0.4647916853427887,am,1147,6,0,0,1
1,-0.045454535109887985,0.4375,0.4791666567325592,0.8,0.4270833432674408,am,1148,1,1,1,1
0,0.0,0.5,0.5,0.7,0.44999998807907104,am,1149,6,0,1,0
0,0.045454535109887985,0.4791666567325592,0.4375,0.2,0.4270833432674408,am,1150,6,0,1,0
0,0.010752708681156995,0.4895833432674408,0.4791666567325592,0.8,0.44062501192092896,am,1151,7,0,0,1
0,0.0,0.4791666567325592,0.4791666567325592,0.5,0.4416666626930237,am,1152,10,0,0,1
0,0.0,0.375,0.375,0.5,0.3375000059604645,am,1153,2,0,1,0
1,-0.045454535109887985,0.4375,0.4791666567325592,0.8,0.4270833432674408,am,1154,9,1,1,1
0,0.0,1.0,1.0,0.4,0.8999999761581421,am,1155,2,0,0,1
0,0.0,0.0,0.0,0.8,0.0,am,1156,7,0,0,1
0,0.045454535109887985,0.4791666567325592,0.4375,0.3,0.4749999940395355,am,1157,8,0,0,1
1,0.0,0.4895833432674408,0.4895833432674408,0.6,0.4427083134651184,am,1158,1,1,1,1
1,0.0,0.3333333432674408,0.3333333432674408,0.6,0.3333333134651184,am,1159,7,1,0,0
0,0.0,0.3333333432674408,0.3333333432674408,0.3,0.29999998211860657,am,1160,2,0,1,0
0,0.045454535109887985,0.4791666567325592,0.4375,0.2,0.4270833432674408,am,1161,2,0,1,0
0,-0.01052630564511585,0.4895833432674408,0.5,0.5,0.4647916853427887,am,1162,10,0,0,1
0,-0.022222201029435933,0.4583333432674408,0.4791666567325592,0.8,0.4312500059604645,am,1163,7,0,0,1
1,0.0,0.4895833432674408,0.4895833432674408,0.8,0.44062501192092896,am,1164,3,1,1,1
0,0.0,0.375,0.375,0.4,0.375,am,1165,3,0,1,0
0,0.0,0.4895833432674408,0.4895833432674408,0.2,0.44062501192092896,am,1166,5,0,1,0
0,0.0,0.3333333432674408,0.3333333432674408,0.4,0.3333333134651184,am,1167,8,0,0,1
0,0.0,0.4895833432674408,0.4895833432674408,0.2,0.44062501192092896,am,1168,10,0,1,0
1,0.0,0.25,0.25,0.6,0.22499999403953552,am,1169,9,1,0,0
0,0.045454535109887985,0.4791666567325592,0.4375,0.3,0.4749999940395355,am,1170,4,0,1,0
1,0.0,0.0,0.0,0.6,0.0,am,1171,5,1,1,1
1,0.0,0.4895833432674408,0.4895833432674408,0.8,0.44062501192092896,am,1172,2,1,1,1
1,0.0,0.4895833432674408,0.4895833432674408,0.6,0.4427083134651184,am,1173,1,1,1,1
1,0.0,0.0,0.0,0.8,0.0,am,1174,8,1,0,0
1,0.0,0.3333333432674408,0.3333333432674408,0.6,0.29999998211860657,am,1175,5,1,1,1
1,0.0,0.5,0.5,0.4,0.44999998807907104,am,1176,2,1,0,0
0,0.0,0.4791666567325592,0.4791666567325592,0.1,0.4312500059604645,am,1177,3,0,1,0
1,-0.045454535109887985,0.4375,0.4791666567325592,0.8,0.4270833432674408,am,1178,3,1,1,1
1,0.0,0.4791666567325592,0.4791666567325592,0.1,0.4895833134651184,am,1180,3,1,0,0
0,0.0,0.4895833432674408,0.4895833432674408,0.2,0.44062501192092896,am,1181,8,0,0,1
0,-0.021276606105991774,0.4791666567325592,0.5,0.8,0.4479166567325592,am,1182,8,0,0,1
1,0.0,0.4895833432674408,0.4895833432674408,0.7,0.44062501192092896,am,1183,5,1,1,1
0,0.0,0.0,0.0,0.5,0.0,am,1184,9,0,0,1
0,0.0,0.0,0.0,0.5,0.0,am,1185,6,0,0,1
1,0.0,0.4895833432674408,0.4895833432674408,0.8,0.44062501192092896,am,1186,6,1,1,1
0,0.045454535109887985,0.4791666567325592,0.4375,0.2,0.4270833432674408,am,1187,4,0,1,0
1,0.0,0.4895833432674408,0.4895833432674408,0.8,0.44062501192092896,am,1188,2,1,1,1
1,0.021276606105991774,0.5,0.4791666567325592,0.3,0.44999998807907104,am,1189,9,1,0,0
1,0.0,0.0,0.0,0.8,0.0,am,1190,5,1,0,0
1,0.0,0.4791666567325592,0.4791666567325592,0.9,0.4312500059604645,am,1191,6,1,1,1
1,0.0,0.4791666567325592,0.4791666567325592,0.9,0.4312500059604645,am,1192,7,1,1,1
1,0.0,0.4895833432674408,0.4895833432674408,0.8,0.44062501192092896,am,1193,2,1,1,1
1,0.0,0.0,0.0,0.5,0.0,am,1194,2,1,0,0
0,0.0,0.0,0.0,0.2,0.0,am,1195,10,0,0,1
0,0.0,0.4937500059604645,0.4937500059604645,0.3,0.5118750333786011,am,1196,3,0,1,0
1,0.0,0.4895833432674408,0.4895833432674408,0.8,0.44062501192092896,am,1197,5,1,1,1
0,0.045454535109887985,0.4791666567325592,0.4375,0.2,0.4270833432674408,am,1198,1,0,1,0
0,0.0,0.375,0.375,0.7,0.3375000059604645,am,1199,7,0,0,1
1,0.0,0.25,0.25,0.6,0.22499999403953552,am,1200,8,1,0,0
1,-0.021276606105991774,0.4791666567325592,0.5,0.6,0.4479166567325592,am,1201,1,1,0,0
1,0.0,0.3125,0.3125,0.6,0.28125,am,1202,7,1,1,1
0,0.045454535109887985,0.4791666567325592,0.4375,0.2,0.4270833432674408,am,1203,1,0,1,0
1,-0.045454535109887985,0.4375,0.4791666567325592,0.8,0.4270833432674408,am,1204,10,1,1,1
0,0.0,0.3333333432674408,0.3333333432674408,0.7,0.31458336114883423,am,1205,8,0,0,1
0,0.010752708681156995,0.4895833432674408,0.4791666567325592,0.7,0.43958336114883423,am,1206,10,0,0,1
1,0.0,0.3333333432674408,0.3333333432674408,0.7,0.3125,am,1207,4,1,1,1
0,0.014989309760122433,0.4937500059604645,0.4791666567325592,0.4,0.4454166293144226,am,1208,6,0,0,1
0,0.045454535109887985,0.4791666567325592,0.4375,0.2,0.4270833432674408,am,1209,5,0,1,0
1,-0.045454535109887985,0.4375,0.4791666567325592,0.8,0.4270833432674408,am,1210,3,1,1,1
0,-0.022222201029435933,0.4583333432674408,0.4791666567325592,0.8,0.4312500059604645,am,1211,6,0,0,1
0,0.0,0.4895833432674408,0.4895833432674408,0.2,0.44062501192092896,am,1212,7,0,1,0
1,0.01052630564511585,0.5,0.4895833432674408,0.5,0.4489583373069763,am,1213,1,1,0,0
1,-0.010752708681156995,0.4791666567325592,0.4895833432674408,0.3,0.43958336114883423,am,1214,4,1,1,1
0,0.014989309760122433,0.4937500059604645,0.4791666567325592,0.4,0.4454166293144226,am,1215,10,0,0,1
1,0.0,0.4895833432674408,0.4895833432674408,0.7,0.4739583432674408,am,1216,2,1,1,1
1,0.0,0.4791666567325592,0.4791666567325592,0.9,0.4312500059604645,am,1217,1,1,1,1
0,0.0,0.0,0.0,0.5,0.0,am,1218,5,0,0,1
0,0.0,0.5,0.5,0.5,0.44999998807907104,am,1219,9,0,0,1
0,0.0,0.4791666567325592,0.4791666567325592,0.5,0.4416666626930237,am,1220,3,0,0,1
1,-0.045454535109887985,0.4375,0.4791666567325592,0.8,0.4270833432674408,am,1221,9,1,1,1
0,0.0,0.4895833432674408,0.4895833432674408,0.2,0.44062501192092896,am,1222,4,0,1,0
1,0.0,1.0,1.0,0.6,0.8999999761581421,am,1223,8,1,0,0
1,0.0,0.4791666567325592,0.4791666567325592,0.9,0.4312500059604645,am,1224,8,1,1,1
1,-0.045454535109887985,0.4375,0.4791666567325592,0.8,0.4270833432674408,am,1225,3,1,1,1
0,0.0,0.3333333432674408,0.3333333432674408,0.4,0.3333333134651184,am,1226,5,0,1,0
1,0.0,0.4791666567325592,0.4791666567325592,0.8,0.4312500059604645,am,1227,5,1,1,1
0,0.045454535109887985,0.4791666567325592,0.4375,0.2,0.4270833432674408,am,1228,1,0,1,0
1,0.0,0.375,0.375,0.9,0.3375000059604645,am,1229,7,1,0,0
1,0.05882351456208179,0.375,0.3333333432674408,0.3,0.33020833134651184,am,1230,3,1,0,0
0,0.0,0.3333333432674408,0.3333333432674408,0.2,0.29999998211860657,am,1231,4,0,1,0
0,0.045454535109887985,0.4791666567325592,0.4375,0.2,0.4270833432674408,am,1232,10,0,1,0
0,0.0,0.375,0.375,0.1,0.3375000059604645,am,1233,8,0,1,0
0,0.0,0.0,0.0,0.7,0.15000000596046448,am,1234,1,0,0,1
0,0.0,0.0,0.0,0.2,0.0,am,1235,6,0,0,1
0,0.0,0.4791666567325592,0.4791666567325592,0.5,0.4895833134651184,am,1236,6,0,0,1
1,0.0,0.3333333432674408,0.3333333432674408,0.6,0.29999998211860657,am,1237,4,1,1,1
1,-0.045454535109887985,0.4375,0.4791666567325592,0.7,0.4270833432674408,am,1238,7,1,0,0
1,0.0,0.5,0.5,0.3,0.44999998807907104,am,1239,10,1,0,0
1,-0.045454535109887985,0.4375,0.4791666567325592,0.8,0.4270833432674408,am,1240,2,1,1,1
0,0.0,0.0,0.0,0.2,0.0,am,1241,8,0,0,1
0,0.0,0.4895833432674408,0.4895833432674408,0.2,0.44062501192092896,am,1243,7,0,1,0
1,0.0,0.4895833432674408,0.4895833432674408,0.8,0.44062501192092896,am,1244,2,1,1,1
1,0.0,0.25,0.25,0.5,0.25,am,1245,8,1,0,0
0,-0.045454535109887985,0.4375,0.4791666567325592,0.8,0.43541669845581055,am,1246,1,0,0,1
1,-0.045454535109887985,0.4375,0.4791666567325592,0.8,0.4270833432674408,am,1247,9,1,1,1
1,0.0,0.3333333432674408,0.3333333432674408,0.6,0.29999998211860657,am,1248,1,1,1,1
0,0.0,0.3333333432674408,0.3333333432674408,0.4,0.29999998211860657,am,1249,3,0,1,0
1,-0.010752708681156995,0.4791666567325592,0.4895833432674408,0.2,0.44062501192092896,am,1250,4,1,0,0
1,0.0,0.3333333432674408,0.3333333432674408,0.2,0.32499998807907104,am,1251,10,1,0,0
0,0.0,0.0,0.0,0.2,0.0,am,1252,6,0,0,1
1,0.0,0.4895833432674408,0.4895833432674408,0.7,0.47291669249534607,am,1253,2,1,1,1
0,0.0,0.4895833432674408,0.4895833432674408,0.2,0.44062501192092896,am,1254,2,0,1,0
1,0.0,0.5,0.5,0.2,0.44999998807907104,am,1255,5,1,0,0
0,0.0,0.25,0.25,0.6,0.22499999403953552,am,1256,10,0,0,1
0,0.045454535109887985,0.4791666567325592,0.4375,0.2,0.4270833432674408,am,1257,8,0,0,1
0,-0.022222201029435933,0.4583333432674408,0.4791666567325592,0.8,0.429166704416275,am,1258,2,0,0,1
0,0.0,0.3333333432674408,0.3333333432674408,0.2,0.29999998211860657,am,1259,2,0,0,1
0,0.0,0.4895833432674408,0.4895833432674408,0.2,0.44062501192092896,am,1260,8,0,0,1
1,0.0,0.4895833432674408,0.4895833432674408,0.7,0.4427083134651184,am,1261,4,1,1,1
1,0.0,0.5,0.5,0.2,0.44999998807907104,am,1262,8,1,0,0
1,0.01052630564511585,0.5,0.4895833432674408,0.4,0.4989583492279053,am,1263,4,1,0,0
0,0.045454535109887985,0.4791666567325592,0.4375,0.2,0.4270833432674408,am,1264,6,0,1,0
0,0.0,1.0,1.0,0.4,0.8999999761581421,am,1265,2,0,0,1
0,0.010752708681156995,0.4895833432674408,0.4791666567325592,0.7,0.44062501192092896,am,1266,10,0,0,1
0,0.0,0.0,0.0,0.8,0.0,am,1267,9,0,0,1
1,-0.045454535109887985,0.4375,0.4791666567325592,0.8,0.4270833432674408,am,1268,1,1,1,1
0,0.0,0.3333333432674408,0.3333333432674408,0.4,0.29999998211860657,am,1269,7,0,0,1
0,0.010752708681156995,0.4895833432674408,0.4791666567325592,0.5,0.43958330154418945,am,1270,1,0,1,0
1,0.0,0.4791666567325592,0.4791666567325592,0.9,0.4312500059604645,am,1271,9,1,1,1
0,0.045454535109887985,0.4791666567325592,0.4375,0.2,0.4270833432674408,am,1272,3,0,1,0
0,0.045454535109887985,0.4791666567325592,0.4375,0.2,0.4270833432674408,am,1273,9,0,1,0
1,0.0,0.5,0.5,0.3,0.44999998807907104,am,1274,9,1,1,1
1,0.0,0.3333333432674408,0.3333333432674408,0.6,0.29999998211860657,am,1275,9,1,1,1
1,0.0,0.0,0.0,0.8,0.0,am,1276,4,1,1,1
0,0.045454535109887985,0.4791666567325592,0.4375,0.2,0.4270833432674408,am,1277,7,0,0,1
0,0.0,0.0,0.0,0.8,0.0,am,1278,1,0,0,1
1,0.0,0.4791666567325592,0.4791666567325592,0.8,0.4312500059604645,am,1279,6,1,1,1
0,0.0,0.3333333432674408,0.3333333432674408,0.5,0.30625003576278687,am,1280,9,0,1,0
0,0.045454535109887985,0.4791666567325592,0.4375,0.2,0.4270833432674408,am,1281,5,0,1,0
1,-0.010752708681156995,0.4791666567325592,0.4895833432674408,0.4,0.43958330154418945,am,1282,7,1,0,0
1,0.0,0.3333333432674408,0.3333333432674408,0.8,0.29999998211860657,am,1283,1,1,1,1
1,0.0,0.4791666567325592,0.4791666567325592,0.8,0.4791666567325592,am,1284,2,1,0,0
1,0.0,0.4791666567325592,0.4791666567325592,0.8,0.4791666567325592,am,1285,3,1,1,1
1,-0.010752708681156995,0.4791666567325592,0.4895833432674408,0.5,0.4885416626930237,am,1286,9,1,1,1
0,0.0,0.0,0.0,0.2,0.0,am,1287,2,0,0,1
1,0.0,0.4895833432674408,0.4895833432674408,0.8,0.44062501192092896,am,1288,7,1,1,1
1,0.0,0.4895833432674408,0.4895833432674408,0.8,0.44062501192092896,am,1289,8,1,0,0
0,0.0,0.3333333432674408,0.3333333432674408,0.4,0.29999998211860657,am,1290,7,0,0,1
0,0.0,0.375,0.375,0.1,0.3375000059604645,am,1291,5,0,1,0
1,0.0,0.3333333432674408,0.3333333432674408,0.5,0.29999998211860657,am,1292,9,1,1,1
1,0.0,0.3333333432674408,0.3333333432674408,0.5,0.3333333134651184,am,1293,2,1,1,1
0,0.045454535109887985,0.4791666567325592,0.4375,0.2,0.4270833432674408,am,1294,4,0,1,0
0,0.0,0.3333333432674408,0.3333333432674408,0.7,0.3583333492279053,am,1295,6,0,0,1
0,0.045454535109887985,0.4791666567325592,0.4375,0.4,0.4749999940395355,am,1297,8,0,0,1
0,0.021276606105991774,0.5,0.4791666567325592,0.4,0.4479166865348816,am,1298,9,0,1,0
1,0.0,0.5,0.5,0.3,0.5,am,1299,3,1,0,0
1,0.0,0.4895833432674408,0.4895833432674408,0.8,0.4895833432674408,am,1300,7,1,1,1
0,0.045454535109887985,0.4791666567325592,0.4375,0.2,0.4270833432674408,am,1301,5,0,1,0
1,-0.045454535109887985,0.4375,0.4791666567325592,0.8,0.4270833432674408,am,1302,9,1,1,1
1,-0.01052630564511585,0.4895833432674408,0.5,0.5,0.45645833015441895,am,1303,6,1,0,0
1,0.0,0.5,0.5,0.3,0.44999998807907104,am,1304,8,1,0,0
1,0.0,0.375,0.375,0.9,0.3375000059604645,am,1305,1,1,0,0
1,0.0,0.3333333432674408,0.3333333432674408,0.5,0.29999998211860657,am,1306,2,1,1,1
0,0.0,0.0,0.0,0.2,0.0,am,1307,9,0,0,1
0,0.0,0.0,0.0,0.2,0.0,am,1308,8,0,0,1
1,0.0,0.375,0.375,0.9,0.3375000059604645,am,1309,4,1,1,1
0,0.0,0.0,0.0,0.7,0.0,am,1310,10,0,0,1
1,-0.045454535109887985,0.4375,0.4791666567325592,0.8,0.4270833432674408,am,1311,3,1,1,1
0,0.0,0.5,0.5,0.5,0.44999998807907104,am,1313,4,0,0,1
1,0.0,0.4791666567325592,0.4791666567325592,0.8,0.4791666567325592,am,1314,7,1,1,1
1,0.0,0.25,0.25,0.4,0.22499999403953552,am,1315,10,1,0,0
0,0.0,0.4791666567325592,0.4791666567325592,0.5,0.4416666626930237,am,1316,10,0,0,1
0,0.0,0.0,0.0,0.8,0.0,am,1317,5,0,0,1
1,0.0,0.3333333432674408,0.3333333432674408,0.6,0.29999998211860657,am,1318,2,1,1,1
1,0.0,0.3333333432674408,0.3333333432674408,0.8,0.29999998211860657,am,1319,2,1,0,0
1,0.0,0.5,0.5,0.8,0.4918749928474426,am,1320,9,1,0,0
0,0.045454535109887985,0.4791666567325592,0.4375,0.2,0.4270833432674408,am,1321,9,0,1,0
0,0.0,0.375,0.375,0.1,0.3375000059604645,am,1322,8,0,1,0
0,0.0,0.4791666567325592,0.4791666567325592,0.2,0.4312500059604645,am,1323,1,0,1,0
0,-0.022222201029435933,0.4583333432674408,0.4791666567325592,0.8,0.429166704416275,am,1324,4,0,0,1
0,0.0,1.0,1.0,0.5,0.8999999761581421,am,1325,3,0,0,1
0,0.014989309760122433,0.4937500059604645,0.4791666567325592,0.4,0.49541664123535156,am,1326,2,0,0,1
1,0.0,0.3333333432674408,0.3333333432674408,0.6,0.3333333134651184,am,1327,6,1,1,1
0,0.0,0.0,0.0,0.2,0.0,am,1328,8,0,0,1
0,0.045454535109887985,0.4791666567325592,0.4375,0.2,0.4270833432674408,am,1329,6,0,1,0
1,-0.014989309760122433,0.4791666567325592,0.4937500059604645,0.6,0.44604167342185974,am,1330,2,1,0,0
0,0.0,0.4791666567325592,0.4791666567325592,0.5,0.44166669249534607,am,1331,10,0,0,1
0,0.0,0.4791666567325592,0.4791666567325592,0.1,0.4312500059604645,am,1332,9,0,1,0
0,0.045454535109887985,0.4791666567325592,0.4375,0.2,0.4270833432674408,am,1333,2,0,1,0
0,0.0,0.0,0.0,0.2,0.0,am,1334,7,0,0,1
1,-0.045454535109887985,0.4375,0.4791666567325592,0.8,0.4270833432674408,am,1335,3,1,1,1
1,0.0,0.3333333432674408,0.3333333432674408,0.6,0.3333333134651184,am,1336,8,1,0,0
1,0.0,0.4895833432674408,0.4895833432674408,0.9,0.44062501192092896,am,1337,8,1,0,0
1,0.0,0.375,0.375,0.6,0.3375000059604645,am,1338,9,1,0,0
1,-0.045454535109887985,0.4375,0.4791666567325592,0.8,0.4270833432674408,am,1339,10,1,1,1
1,-0.045454535109887985,0.4375,0.4791666567325592,0.7,0.4270833432674408,am,1340,10,1,1,1
1,-0.045454535109887985,0.4375,0.4791666567325592,0.8,0.4270833432674408,am,1341,5,1,1,1
1,0.0,0.375,0.375,0.9,0.3375000059604645,am,1342,4,1,1,1
1,0.0,0.0,0.0,0.2,0.0,am,1343,1,1,0,0
0,0.045454535109887985,0.4791666567325592,0.4375,0.2,0.4270833432674408,am,1344,8,0,0,1
0,0.045454535109887985,0.4791666567325592,0.4375,0.2,0.4749999940395355,am,1345,10,0,1,0
0,0.0,0.375,0.375,0.7,0.36250001192092896,am,1346,9,0,1,0
1,0.0,0.3333333432674408,0.3333333432674408,0.6,0.29999998211860657,am,1347,10,1,1,1
1,0.0,0.5,0.5,0.4,0.5,am,1348,2,1,0,0
1,0.0,0.375,0.375,0.9,0.3375000059604645,am,1349,8,1,1,1
0,0.0,0.4791666567325592,0.4791666567325592,0.5,0.4416666626930237,am,1350,10,0,0,1
1,0.0,0.375,0.375,0.5,0.3375000059604645,am,1351,2,1,1,1
0,0.0,0.0,0.0,0.2,0.0,am,1352,6,0,0,1
0,0.0,0.3333333432674408,0.3333333432674408,0.3,0.29999998211860657,am,1353,6,0,1,0
1,0.0,0.4895833432674408,0.4895833432674408,0.8,0.44062501192092896,am,1354,1,1,0,0
1,0.0,0.0,0.0,0.8,0.0,am,1355,5,1,0,0
1,-0.045454535109887985,0.4375,0.4791666567325592,0.7,0.4270833432674408,am,1356,1,1,1,1
1,0.0,0.4895833432674408,0.4895833432674408,0.8,0.44062501192092896,am,1357,2,1,1,1
0,0.0,0.5625,0.5625,0.5,0.5145833492279053,am,1358,7,0,0,1
0,0.010752708681156995,0.4895833432674408,0.4791666567325592,0.8,0.44062501192092896,am,1359,8,0,0,1
0,0.010752708681156995,0.4895833432674408,0.4791666567325592,0.5,0.43958330154418945,am,1360,5,0,0,1
1,0.0,0.0,0.0,0.8,0.0,am,1361,9,1,0,0
0,0.0,0.0,0.0,0.2,0.0,am,1362,5,0,0,1
0,0.0,0.0,0.0,0.8,0.0,am,1363,3,0,0,1
0,0.0,0.4895833432674408,0.4895833432674408,0.3,0.4427083134651184,am,1364,7,0,0,1
0,0.006289302140419694,0.5,0.4937500059604645,0.6,0.4675000309944153,am,1365,2,0,0,1
1,0.0,0.0,0.0,0.8,0.0,am,1366,5,1,0,0
1,0.0,0.4895833432674408,0.4895833432674408,0.8,0.44062501192092896,am,1367,7,1,1,1
0,0.0,0.0,0.0,0.8,0.0,am,1368,10,0,0,1
1,-0.045454535109887985,0.4375,0.4791666567325592,0.8,0.4270833432674408,am,1369,9,1,1,1
0,-0.022222201029435933,0.4583333432674408,0.4791666567325592,0.8,0.4312500059604645,am,1370,3,0,0,1
0,0.045454535109887985,0.4791666567325592,0.4375,0.2,0.4270833432674408,am,1371,1,0,1,0
1,0.0,0.4895833432674408,0.4895833432674408,0.8,0.44062501192092896,am,1373,5,1,1,1
0,0.0,0.4791666567325592,0.4791666567325592,0.1,0.4312500059604645,am,1374,9,0,1,0
1,-0.045454535109887985,0.4375,0.4791666567325592,0.8,0.4270833432674408,am,1375,3,1,1,1
0,0.0,0.4895833432674408,0.4895833432674408,0.2,0.44062501192092896,am,1376,7,0,1,0
1,-0.045454535109887985,0.4375,0.4791666567325592,0.8,0.4270833432674408,am,1377,8,1,0,0
1,0.0,0.4895833432674408,0.4895833432674408,0.7,0.4427083134651184,am,1378,7,1,0,0
0,0.0,0.0,0.0,0.2,0.0,am,1379,7,0,0,1
1,-0.045454535109887985,0.4375,0.4791666567325592,0.8,0.4270833432674408,am,1380,3,1,1,1
1,0.0,0.4895833432674408,0.4895833432674408,0.8,0.44062501192092896,am,1381,1,1,0,0
0,0.0,0.25,0.25,0.5,0.25,am,1382,6,0,0,1
0,0.0,0.3333333432674408,0.3333333432674408,0.2,0.29999998211860657,am,1383,9,0,1,0
1,0.0,0.3333333432674408,0.3333333432674408,0.6,0.29999998211860657,am,1384,8,1,0,0
1,0.0,0.4791666567325592,0.4791666567325592,0.9,0.4312500059604645,am,1385,5,1,1,1
0,0.0,0.25,0.25,0.6,0.22499999403953552,am,1386,2,0,0,1
0,0.0,0.5,0.5,0.7,0.44999998807907104,am,1387,1,0,0,1
0,0.0,0.0,0.0,0.2,0.0,am,1388,1,0,0,1
0,0.0,0.0,0.0,0.2,0.0,am,1389,1,0,0,1
1,-0.04276987333618381,0.4895833432674408,0.5333333611488342,0.8,0.4868749976158142,am,1390,10,1,0,0
1,0.0,0.4791666567325592,0.4791666567325592,0.8,0.4312500059604645,am,1391,4,1,1,1
1,-0.010752708681156995,0.4791666567325592,0.4895833432674408,0.3,0.43958336114883423,am,1392,3,1,0,0
1,0.0,0.4895833432674408,0.4895833432674408,0.7,0.4739583432674408,am,1393,1,1,0,0
1,0.0,0.3333333432674408,0.3333333432674408,0.6,0.3333333134651184,am,1394,7,1,0,0
0,-0.05882351456208179,0.3333333432674408,0.375,0.6,0.3291666805744171,am,1395,9,0,0,1
0,0.045454535109887985,0.4791666567325592,0.4375,0.2,0.4312500059604645,am,1396,10,0,1,0
1,-0.014989309760122433,0.4791666567325592,0.4937500059604645,0.6,0.44604167342185974,am,1397,10,1,0,0
0,0.045454535109887985,0.4791666567325592,0.4375,0.2,0.4312500059604645,am,1398,7,0,0,1
1,0.0,0.4895833432674408,0.4895833432674408,0.8,0.44062501192092896,am,1399,4,1,1,1
1,0.0,0.3333333432674408,0.3333333432674408,0.8,0.3333333134651184,am,1400,5,1,1,1
0,0.0,0.375,0.375,0.1,0.3375000059604645,am,1401,2,0,1,0
1,-0.045454535109887985,0.4375,0.4791666567325592,0.8,0.4312500059604645,am,1403,10,1,1,1
0,0.045454535109887985,0.4791666567325592,0.4375,0.2,0.4312500059604645,am,1404,9,0,1,0
1,0.0,1.0,1.0,0.6,0.8999999761581421,am,1405,9,1,0,0
0,0.0,0.0,0.0,0.5,0.0,am,1406,7,0,0,1
1,0.0,0.375,0.375,0.5,0.3375000059604645,am,1407,8,1,0,0
0,0.0,0.5,0.5,0.7,0.44999998807907104,am,1408,2,0,0,1
0,0.0,0.3125,0.3125,0.3,0.28125,am,1409,9,0,1,0
1,-0.045454535109887985,0.4375,0.4791666567325592,0.8,0.4312500059604645,am,1410,10,1,1,1
1,0.0,0.0,0.0,0.8,0.0,am,1411,2,1,0,0
0,0.0,0.3333333432674408,0.3333333432674408,0.2,0.29999998211860657,am,1412,5,0,1,0
1,0.0,0.3333333432674408,0.3333333432674408,0.6,0.3333333134651184,am,1413,9,1,1,1
0,0.0,0.3333333432674408,0.3333333432674408,0.4,0.29999998211860657,am,1414,9,0,1,0
1,0.0,0.4895833432674408,0.4895833432674408,0.7,0.44062501192092896,am,1415,9,1,1,1
0,0.042735043431656315,0.3812499940395355,0.3499999940395355,0.2,0.3345833122730255,am,1416,1,0,1,0
0,0.0,0.4791666567325592,0.4791666567325592,0.2,0.4312500059604645,am,1417,5,0,1,0
0,-0.021276606105991774,0.4791666567325592,0.5,0.7,0.44999998807907104,am,1418,3,0,0,1
0,0.0,0.5,0.5,0.5,0.44999998807907104,am,1419,3,0,0,1
1,0.0,0.4895833432674408,0.4895833432674408,0.7,0.44062501192092896,am,1420,5,1,1,1
1,0.021276606105991774,0.5,0.4791666567325592,0.2,0.44999998807907104,am,1421,10,1,0,0
1,0.0,0.0,0.0,0.8,0.0,am,1422,9,1,0,0
0,0.0,1.0,1.0,0.4,1.0,am,1423,3,0,0,1
1,0.0,0.0,0.0,0.8,0.0,am,1424,6,1,0,0
1,0.0,0.4791666567325592,0.4791666567325592,0.5,0.4416666626930237,am,1425,2,1,0,0
0,0.0,0.375,0.375,0.5,0.3375000059604645,am,1426,4,0,1,0
1,0.0,0.4895833432674408,0.4895833432674408,0.7,0.44062501192092896,am,1427,7,1,1,1
1,0.0,0.0,0.0,0.8,0.0,am,1428,2,1,0,0
1,-0.045454535109887985,0.4375,0.4791666567325592,0.8,0.4312500059604645,am,1429,8,1,0,0
0,0.0,0.4791666567325592,0.4791666567325592,0.2,0.4312500059604645,am,1430,3,0,1,0
1,-0.045454535109887985,0.4375,0.4791666567325592,0.8,0.4312500059604645,am,1431,2,1,1,1
1,-0.045454535109887985,0.4375,0.4791666567325592,0.8,0.4312500059604645,am,1432,7,1,0,0
0,0.0,0.4895833432674408,0.4895833432674408,0.3,0.44062501192092896,am,1433,3,0,1,0
1,0.0,0.3333333432674408,0.3333333432674408,0.6,0.29999998211860657,am,1434,8,1,0,0
1,-0.045454535109887985,0.4375,0.4791666567325592,0.8,0.4312500059604645,am,1435,8,1,0,0
1,0.0,0.4791666567325592,0.4791666567325592,0.8,0.4312500059604645,am,1436,2,1,0,0
0,0.045454535109887985,0.4791666567325592,0.4375,0.2,0.4312500059604645,am,1437,6,0,1,0
1,-0.045454535109887985,0.4375,0.4791666567325592,0.7,0.4312500059604645,am,1438,3,1,1,1
1,0.0,0.4937500059604645,0.4937500059604645,0.6,0.5118750333786011,am,1439,8,1,0,0
1,0.0,0.4895833432674408,0.4895833432674408,0.7,0.44062501192092896,am,1440,1,1,0,0
1,0.0,0.4895833432674408,0.4895833432674408,0.7,0.44062501192092896,am,1441,5,1,1,1
0,0.045454535109887985,0.4791666567325592,0.4375,0.2,0.4312500059604645,am,1442,6,0,1,0
0,0.045454535109887985,0.4791666567325592,0.4375,0.2,0.4312500059604645,am,1443,10,0,1,0
0,0.0,1.0,1.0,0.5,0.8999999761581421,am,1444,3,0,0,1
1,-0.045454535109887985,0.4375,0.4791666567325592,0.8,0.4312500059604645,am,1445,5,1,1,1
0,0.0,1.0,1.0,0.5,0.8999999761581421,am,1446,2,0,0,1
1,-0.045454535109887985,0.4375,0.4791666567325592,0.8,0.4312500059604645,am,1447,9,1,1,1
0,0.0,0.3333333432674408,0.3333333432674408,0.4,0.29999998211860657,am,1448,2,0,1,0
0,0.0,0.4895833432674408,0.4895833432674408,0.4,0.4437499940395355,am,1449,1,0,0,1
0,0.0,0.375,0.375,0.1,0.3375000059604645,am,1450,7,0,0,1
1,0.0,0.0,0.0,0.5,0.0,am,1451,6,1,0,0
0,0.045454535109887985,0.4791666567325592,0.4375,0.2,0.4312500059604645,am,1452,2,0,1,0
1,0.0,0.0,0.0,0.8,0.0,am,1453,8,1,0,0
0,0.045454535109887985,0.4791666567325592,0.4375,0.2,0.4312500059604645,am,1454,6,0,1,0
0,0.0,0.375,0.375,0.7,0.3375000059604645,am,1455,3,0,1,0
1,0.0,0.4791666567325592,0.4791666567325592,0.8,0.4312500059604645,am,1456,7,1,1,1
0,0.045454535109887985,0.4791666567325592,0.4375,0.2,0.4312500059604645,am,1457,4,0,1,0
0,0.0,0.3333333432674408,0.3333333432674408,0.4,0.29999998211860657,am,1458,6,0,1,0
1,0.0,0.5,0.5,0.5,0.5,am,1459,2,1,0,0
1,0.0,0.4791666567325592,0.4791666567325592,0.8,0.4312500059604645,am,1460,1,1,1,1
1,-0.045454535109887985,0.4375,0.4791666567325592,0.8,0.4312500059604645,am,1461,2,1,1,1
0,0.0,0.3333333432674408,0.3333333432674408,0.3,0.29999998211860657,am,1462,8,0,0,1
1,0.0,0.4895833432674408,0.4895833432674408,0.7,0.4895833432674408,am,1463,4,1,1,1
1,-0.045454535109887985,0.4375,0.4791666567325592,0.8,0.4312500059604645,am,1464,10,1,1,1
0,0.010752708681156995,0.4895833432674408,0.4791666567325592,0.5,0.43958330154418945,am,1465,1,0,1,0
1,0.0,0.0,0.0,0.8,0.0,am,1466,2,1,0,0
0,0.05882351456208179,0.375,0.3333333432674408,0.5,0.33125001192092896,am,1467,3,0,1,0
0,0.0,0.0,0.0,0.2,0.0,am,1468,3,0,1,0
1,0.0,0.0,0.0,0.8,0.0,am,1469,7,1,0,0
1,0.0,0.4791666567325592,0.4791666567325592,0.8,0.4312500059604645,am,1470,9,1,1,1
1,0.0,0.25,0.25,0.5,0.22499999403953552,am,1471,8,1,0,0
1,0.0,0.5625,0.5625,0.6,0.5062500238418579,am,1472,1,1,0,0
1,0.0,0.375,0.375,0.9,0.3375000059604645,am,1473,9,1,1,1
1,0.0,0.375,0.375,0.9,0.3375000059604645,am,1474,1,1,0,0
1,0.0,0.4791666567325592,0.4791666567325592,0.8,0.4312500059604645,am,1475,5,1,1,1
0,-0.01052630564511585,0.4895833432674408,0.5,0.4,0.4989582896232605,am,1476,10,0,0,1
1,0.0,0.3333333432674408,0.3333333432674408,0.6,0.3333333134651184,am,1477,7,1,0,0
0,-0.022222201029435933,0.4583333432674408,0.4791666567325592,0.7,0.4312500059604645,am,1478,6,0,0,1
1,0.0,0.25,0.25,0.5,0.22499999403953552,am,1479,3,1,1,1
1,0.0,0.3333333432674408,0.3333333432674408,0.6,0.29999998211860657,am,1480,3,1,1,1
1,0.0,0.3125,0.3125,0.6,0.28125,am,1481,8,1,0,0
0,0.045454535109887985,0.4791666567325592,0.4375,0.2,0.4270833432674408,am,1482,9,0,1,0
0,0.01052630564511585,0.5,0.4895833432674408,0.4,0.45645833015441895,am,1483,2,0,0,1
1,0.0,0.4791666567325592,0.4791666567325592,0.8,0.4312500059604645,am,1484,6,1,1,1
0,0.0,0.5,0.5,0.6,0.44999998807907104,am,1485,5,0,0,1
1,0.0,0.4895833432674408,0.4895833432674408,0.7,0.4427083134651184,am,1486,6,1,1,1
1,0.0,0.4895833432674408,0.4895833432674408,0.7,0.4427083134651184,am,1487,8,1,0,0
1,0.0,0.5,0.5,0.4,0.5,am,1488,8,1,0,0
0,-0.06930692059626534,0.4895833432674408,0.5625,0.7,0.4989582896232605,am,1489,8,0,0,1
1,0.0,0.3333333432674408,0.3333333432674408,0.6,0.29999998211860657,am,1490,3,1,1,1
1,0.0,0.4791666567325592,0.4791666567325592,0.8,0.4312500059604645,am,1491,6,1,1,1
1,0.0,0.0,0.0,0.5,0.0,am,1492,3,1,0,0
0,0.0,1.0,1.0,0.4,1.0,am,1493,9,0,0,1
0,0.0,0.4895833432674408,0.4895833432674408,0.3,0.44062501192092896,am,1494,6,0,1,0
1,0.0,1.0,1.0,0.6,0.8999999761581421,am,1495,4,1,0,0
1,0.0,1.0,1.0,0.6,0.8999999761581421,am,1496,2,1,0,0
1,0.0,0.3125,0.3125,0.6,0.28125,am,1497,9,1,1,1
0,0.0,0.4791666567325592,0.4791666567325592,0.8,0.4416666626930237,am,1498,8,0,0,1
1,-0.0526315670593948,0.375,0.4166666567325592,0.5,0.4208332896232605,am,1499,7,1,0,0
1,0.0,0.3333333432674408,0.3333333432674408,0.7,0.3125,am,1500,10,1,0,0
1,0.0,0.4791666567325592,0.4791666567325592,0.8,0.4312500059604645,am,1501,6,1,1,1
1,0.0,0.4895833432674408,0.4895833432674408,0.6,0.4427083134651184,am,1502,9,1,1,1
1,0.0,0.4895833432674408,0.4895833432674408,0.7,0.4739583432674408,am,1503,5,1,1,1
0,0.0,0.4895833432674408,0.4895833432674408,0.4,0.4427083134651184,am,1504,6,0,1,0
1,0.0,0.0,0.0,0.5,0.0,am,1505,7,1,0,0
1,-0.045454535109887985,0.4375,0.4791666567325592,0.8,0.4749999940395355,am,1506,2,1,1,1
1,0.0,0.4895833432674408,0.4895833432674408,0.6,0.4427083134651184,am,1507,2,1,0,0
1,0.0,0.5,0.5,0.4,0.44999998807907104,am,1508,9,1,0,0
0,0.0,0.0,0.0,0.7,0.0,am,1509,1,0,0,1
1,0.0,0.4791666567325592,0.4791666567325592,0.8,0.4312500059604645,am,1510,10,1,1,1
0,0.0,0.0,0.0,0.2,0.0,am,1511,8,0,0,1
0,0.0,0.4895833432674408,0.4895833432674408,0.3,0.44062501192092896,am,1513,9,0,1,0
1,0.0,0.25,0.25,0.5,0.25,am,1514,8,1,0,0
0,0.0,0.0,0.0,0.4,0.0,am,1515,6,0,1,0
1,0.0,0.4895833432674408,0.4895833432674408,0.7,0.44062501192092896,am,1516,7,1,1,1
1,0.0,0.0,0.0,0.5,0.0,am,1517,4,1,0,0
1,0.0,0.5,0.5,0.4,0.44999998807907104,am,1518,5,1,0,0
0,0.0,0.375,0.375,0.7,0.3375000059604645,am,1519,4,0,1,0
0,0.0,0.4791666567325592,0.4791666567325592,0.2,0.4312500059604645,am,1520,7,0,1,0
0,0.0,0.0,0.0,0.5,0.0,am,1521,2,0,0,1
0,0.0,0.0,0.0,0.8,0.0,am,1522,1,0,0,1
1,0.0,0.25,0.25,0.5,0.22499999403953552,am,1523,4,1,1,1
1,0.0,0.3333333432674408,0.3333333432674408,0.6,0.29999998211860657,am,1524,2,1,1,1
0,0.0,0.0,0.0,0.5,0.0,am,1525,2,0,0,1
0,0.0,0.4791666567325592,0.4791666567325592,0.1,0.4312500059604645,am,1526,7,0,1,0
1,-0.045454535109887985,0.4375,0.4791666567325592,0.7,0.4749999940395355,am,1527,2,1,1,1
0,0.0,0.0,0.0,0.4,0.0,am,1528,4,0,1,0
1,0.0,0.0,0.0,0.8,0.0,am,1529,9,1,0,0
1,-0.045454535109887985,0.4375,0.4791666567325592,0.8,0.4270833432674408,am,1530,6,1,1,1
1,-0.045454535109887985,0.4375,0.4791666567325592,0.8,0.4270833432674408,am,1531,2,1,1,1
0,0.010752708681156995,0.4895833432674408,0.4791666567325592,0.5,0.43958330154418945,am,1532,1,0,1,0
0,0.0,0.0,0.0,0.4,0.0,am,1533,9,0,1,0
1,-0.045454535109887985,0.4375,0.4791666567325592,0.8,0.4270833432674408,am,1534,8,1,0,0
1,0.0,0.0,0.0,0.8,0.0,am,1535,10,1,0,0
1,0.0,0.0,0.0,0.8,0.0,am,1536,2,1,0,0
1,-0.045454535109887985,0.4375,0.4791666567325592,0.8,0.4270833432674408,am,1537,6,1,1,1
1,0.0,0.5,0.5,0.3,0.44999998807907104,am,1538,3,1,0,0
0,0.045454535109887985,0.4791666567325592,0.4375,0.2,0.4270833432674408,am,1539,9,0,1,0
0,0.0,0.25,0.25,0.4,0.25,am,1540,2,0,0,1
0,0.0,0.4791666567325592,0.4791666567325592,0.0,0.4312500059604645,am,1541,10,0,1,0
0,0.0,0.4791666567325592,0.4791666567325592,0.0,0.4312500059604645,am,1542,5,0,1,0
1,0.0,0.5,0.5,0.2,0.44999998807907104,am,1543,3,1,0,0
0,0.045454535109887985,0.4791666567325592,0.4375,0.2,0.4270833432674408,am,1544,5,0,1,0
0,0.0,0.0,0.0,0.7,0.0,am,1545,2,0,0,1
1,0.0,0.4895833432674408,0.4895833432674408,0.7,0.44062501192092896,am,1546,9,1,1,1
1,0.0,0.375,0.375,0.9,0.3375000059604645,am,1547,4,1,1,1
0,0.0,0.0,0.0,0.2,0.0,am,1548,3,0,1,0
0,0.0,0.4791666567325592,0.4791666567325592,0.5,0.4895833134651184,am,1549,10,0,0,1
1,0.0,0.4791666567325592,0.4791666567325592,1.0,0.4312500059604645,am,1550,2,1,0,0
0,0.0,0.4791666567325592,0.4791666567325592,0.5,0.4895833134651184,am,1551,1,0,0,1
1,-0.045454535109887985,0.4375,0.4791666567325592,0.8,0.4270833432674408,am,1552,2,1,1,1
0,-0.022222201029435933,0.4583333432674408,0.4791666567325592,0.8,0.4312500059604645,am,1553,1,0,1,0
0,0.0,0.0,0.0,0.2,0.0,am,1554,10,0,0,1
1,-0.010752708681156995,0.4791666567325592,0.4895833432674408,0.5,0.43958330154418945,am,1555,2,1,0,0
0,0.0,0.0,0.0,0.2,0.0,am,1556,8,0,0,1
0,0.0,0.0,0.0,0.2,0.0,am,1557,9,0,0,1
1,0.0,0.3333333432674408,0.3333333432674408,0.6,0.3333333134651184,am,1558,5,1,1,1
0,0.0,0.3333333432674408,0.3333333432674408,0.4,0.29999998211860657,am,1559,7,0,0,1
0,0.0,0.3333333432674408,0.3333333432674408,0.4,0.29999998211860657,am,1560,9,0,1,0
1,0.0,0.25,0.25,0.6,0.22499999403953552,am,1561,3,1,1,1
0,0.045454535109887985,0.4791666567325592,0.4375,0.2,0.4270833432674408,am,1562,10,0,1,0
1,0.0,0.3333333432674408,0.3333333432674408,0.6,0.29999998211860657,am,1563,4,1,1,1
1,0.0,0.4895833432674408,0.4895833432674408,0.6,0.4427083134651184,am,1564,8,1,0,0
1,0.0,0.0,0.0,0.8,0.0,am,1565,8,1,0,0
1,0.0,0.4895833432674408,0.4895833432674408,0.6,0.4427083134651184,am,1566,10,1,1,1
0,0.0,0.3333333432674408,0.3333333432674408,0.4,0.29999998211860657,am,1567,3,0,1,0
0,0.010752708681156995,0.4895833432674408,0.4791666567325592,0.8,0.44062501192092896,am,1568,3,0,0,1
0,0.0,0.3333333432674408,0.3333333432674408,0.4,0.29999998211860657,am,1569,1,0,1,0
1,0.0,0.4791666567325592,0.4791666567325592,1.0,0.4312500059604645,am,1570,9,1,1,1
1,-0.045454535109887985,0.4375,0.4791666567325592,0.8,0.4270833432674408,am,1571,10,1,1,1
0,0.0,0.4791666567325592,0.4791666567325592,0.5,0.4416666626930237,am,1572,4,0,0,1
1,0.0,0.4375,0.4375,0.4,0.39375001192092896,am,1573,2,1,1,1
1,0.0,0.3333333432674408,0.3333333432674408,0.6,0.3333333134651184,am,1574,7,1,0,0
1,0.0,0.3333333432674408,0.3333333432674408,0.6,0.29999998211860657,am,1575,4,1,1,1
0,0.0,0.4791666567325592,0.4791666567325592,0.0,0.4312500059604645,am,1576,5,0,1,0
0,0.045454535109887985,0.4791666567325592,0.4375,0.2,0.4270833432674408,am,1577,10,0,1,0
1,0.0,0.5,0.5,0.2,0.44999998807907104,am,1578,8,1,0,0
1,0.0,0.3333333432674408,0.3333333432674408,0.6,0.3333333134651184,am,1579,8,1,0,0
1,-0.06666666666659556,0.4375,0.5,0.7,0.43958330154418945,am,1580,8,1,0,0
0,0.0,0.375,0.375,0.5,0.3375000059604645,am,1581,1,0,1,0
0,0.045454535109887985,0.4791666567325592,0.4375,0.3,0.4749999940395355,am,1582,4,0,1,0
0,0.0,0.4791666567325592,0.4791666567325592,0.6,0.4416666626930237,am,1583,10,0,0,1
1,-0.045454535109887985,0.4375,0.4791666567325592,0.8,0.4270833432674408,am,1584,10,1,1,1
0,0.045454535109887985,0.4791666567325592,0.4375,0.2,0.4270833432674408,am,1585,2,0,1,0
0,0.0,0.4895833432674408,0.4895833432674408,0.5,0.48229169845581055,am,1586,10,0,0,1
0,0.0,0.25,0.25,0.4,0.22499999403953552,am,1589,8,0,0,1
0,0.0,0.4791666567325592,0.4791666567325592,0.6,0.4416666626930237,am,1590,1,0,0,1
1,0.0,0.5,0.5,0.3,0.44999998807907104,am,1591,3,1,0,0
1,0.0,0.4791666567325592,0.4791666567325592,1.0,0.4312500059604645,am,1592,7,1,1,1
0,0.0,0.0,0.0,0.8,0.0,am,1593,4,0,0,1
1,0.022222201029435933,0.4791666567325592,0.4583333432674408,0.2,0.4312500059604645,am,1594,10,1,0,0
1,-0.0526315670593948,0.375,0.4166666567325592,0.5,0.38333332538604736,am,1595,8,1,0,0
0,0.0,0.3333333432674408,0.3333333432674408,0.4,0.29999998211860657,am,1596,2,0,1,0
0,0.0,0.0,0.0,0.2,0.0,am,1597,5,0,0,1
0,-0.01052630564511585,0.4895833432674408,0.5,0.5,0.4647916853427887,am,1598,7,0,0,1
1,0.01052630564511585,0.5,0.4895833432674408,0.5,0.4489583373069763,am,1599,9,1,0,0
0,0.010752708681156995,0.4895833432674408,0.4791666567325592,0.7,0.44062501192092896,am,1600,1,0,1,0
0,0.045454535109887985,0.4791666567325592,0.4375,0.2,0.4270833432674408,am,1601,3,0,1,0
1,0.0,0.4895833432674408,0.4895833432674408,0.6,0.4427083134651184,am,1602,10,1,1,1
0,0.0,0.375,0.375,0.1,0.3375000059604645,am,1603,7,0,0,1
1,-0.045454535109887985,0.4375,0.4791666567325592,0.8,0.4270833432674408,am,1604,7,1,0,0
0,0.0,0.375,0.375,0.5,0.3375000059604645,am,1605,7,0,0,1
0,0.0,0.5,0.5,0.5,0.46812501549720764,am,1606,3,0,1,0
1,-0.045454535109887985,0.4375,0.4791666567325592,0.8,0.4270833432674408,am,1607,9,1,1,1
1,0.0,0.3333333432674408,0.3333333432674408,0.6,0.29999998211860657,am,1608,9,1,1,1
1,-0.010752708681156995,0.4791666567325592,0.4895833432674408,0.3,0.43958336114883423,am,1609,4,1,1,1
0,0.010752708681156995,0.4895833432674408,0.4791666567325592,0.8,0.44062501192092896,am,1610,2,0,0,1
0,0.0,0.0,0.0,0.8,0.0,am,1611,2,0,0,1
0,-0.022222201029435933,0.4583333432674408,0.4791666567325592,0.7,0.47708335518836975,am,1612,6,0,0,1
1,0.0,0.0,0.0,0.8,0.0,am,1613,10,1,0,0
1,0.0,0.3333333432674408,0.3333333432674408,0.8,0.29999998211860657,am,1614,5,1,1,1
1,0.0,0.4895833432674408,0.4895833432674408,0.7,0.44062501192092896,am,1615,3,1,1,1
0,0.0,0.4895833432674408,0.4895833432674408,0.3,0.4427083134651184,am,1616,2,0,0,1
0,0.0,0.0,0.0,0.2,0.0,am,1617,2,0,0,1
1,0.0,0.4791666567325592,0.4791666567325592,0.4,0.4895833134651184,am,1618,9,1,0,0
0,0.045454535109887985,0.4791666567325592,0.4375,0.2,0.4270833432674408,am,1619,9,0,1,0
0,0.045454535109887985,0.4791666567325592,0.4375,0.2,0.4270833432674408,am,1620,6,0,1,0
1,0.0526315670593948,0.4166666567325592,0.375,0.4,0.3760416507720947,am,1621,5,1,0,0
0,0.0,0.4895833432674408,0.4895833432674408,0.3,0.44062501192092896,am,1622,8,0,0,1
1,-0.045454535109887985,0.4375,0.4791666567325592,0.8,0.4270833432674408,am,1623,5,1,1,1
0,0.0,0.0,0.0,0.7,0.15000000596046448,am,1624,1,0,0,1
1,0.0,0.4895833432674408,0.4895833432674408,0.7,0.44062501192092896,am,1625,2,1,1,1
1,-0.045454535109887985,0.4375,0.4791666567325592,0.8,0.4270833432674408,am,1626,7,1,0,0
0,0.05882352941170934,0.5625,0.5,0.4,0.5562499761581421,am,1627,1,0,0,1
1,0.0,0.3333333432674408,0.3333333432674408,0.6,0.3333333134651184,am,1628,3,1,1,1
0,0.0,0.0,0.0,0.8,0.0,am,1629,5,0,0,1
0,0.0,0.5,0.5,0.3,0.4937500059604645,am,1630,2,0,0,1
1,-0.045454535109887985,0.4375,0.4791666567325592,0.8,0.4749999940395355,am,1631,9,1,1,1
0,0.0,0.4791666567325592,0.4791666567325592,0.0,0.4312500059604645,am,1632,3,0,1,0
0,0.0,0.3333333432674408,0.3333333432674408,0.4,0.29999998211860657,am,1633,5,0,1,0
0,0.0,0.0,0.0,0.7,0.0,am,1634,5,0,0,1
1,-0.014989309760122433,0.4791666567325592,0.4937500059604645,0.5,0.44604167342185974,am,1635,6,1,0,0
1,0.0,0.4895833432674408,0.4895833432674408,0.7,0.44062501192092896,am,1636,7,1,1,1
0,0.0,0.4895833432674408,0.4895833432674408,0.3,0.44062501192092896,am,1637,4,0,1,0
1,0.0,0.4791666567325592,0.4791666567325592,1.0,0.4312500059604645,am,1638,4,1,1,1
1,-0.045454535109887985,0.4375,0.4791666567325592,0.8,0.4270833432674408,am,1639,7,1,0,0
1,0.0,0.4895833432674408,0.4895833432674408,0.7,0.4427083134651184,am,1640,9,1,1,1
0,0.0,0.4895833432674408,0.4895833432674408,0.3,0.44062501192092896,am,1641,9,0,1,0
0,-0.021276606105991774,0.4791666567325592,0.5,0.8,0.4479166567325592,am,1642,7,0,0,1
0,0.0,0.3125,0.3125,0.3,0.28125,am,1643,1,0,1,0
1,0.0,0.3333333432674408,0.3333333432674408,0.6,0.3333333134651184,am,1644,3,1,1,1
0,0.0,0.0,0.0,0.8,0.0,am,1645,4,0,0,1
1,-0.045454535109887985,0.4375,0.4791666567325592,0.8,0.4270833432674408,am,1646,8,1,0,0
1,0.0,0.3333333432674408,0.3333333432674408,0.6,0.29999998211860657,am,1647,7,1,0,0
0,0.0,0.25,0.25,0.4,0.22499999403953552,am,1648,8,0,0,1
0,-0.021276606105991774,0.4791666567325592,0.5,0.7,0.44999998807907104,am,1649,5,0,0,1
1,0.0,0.4895833432674408,0.4895833432674408,0.7,0.44062501192092896,am,1650,4,1,1,1
0,0.0,0.3333333432674408,0.3333333432674408,0.5,0.30625003576278687,am,1651,3,0,1,0
1,0.0,0.4895833432674408,0.4895833432674408,0.7,0.44062501192092896,am,1652,7,1,1,1
1,0.0,0.4791666567325592,0.4791666567325592,0.5,0.4895833134651184,am,1653,4,1,0,0
1,0.0,0.4791666567325592,0.4791666567325592,1.0,0.4312500059604645,am,1654,10,1,1,1
1,-0.045454535109887985,0.4375,0.4791666567325592,0.8,0.4270833432674408,am,1655,7,1,0,0
1,0.0,0.4895833432674408,0.4895833432674408,0.7,0.44062501192092896,am,1656,4,1,1,1
0,0.0,0.0,0.0,0.2,0.0,am,1657,9,0,0,1
0,0.0,0.3333333432674408,0.3333333432674408,0.7,0.31458333134651184,am,1658,8,0,0,1
1,0.0,0.4895833432674408,0.4895833432674408,0.3,0.4833332896232605,am,1659,3,1,0,0
1,0.0,0.5,0.5,0.3,0.44999998807907104,am,1660,8,1,0,0
1,0.0,0.375,0.375,0.9,0.3375000059604645,am,1661,7,1,0,0
1,-0.010752708681156995,0.4791666567325592,0.4895833432674408,0.4,0.43958330154418945,am,1662,7,1,0,0
0,0.045454535109887985,0.4791666567325592,0.4375,0.2,0.4270833432674408,am,1663,9,0,1,0
0,0.0,0.25,0.25,0.4,0.22499999403953552,am,1664,4,0,1,0
0,0.0,0.0,0.0,0.8,0.0,am,1665,6,0,0,1
1,0.0,0.5,0.5,0.3,0.44999998807907104,am,1666,3,1,0,0
1,-0.045454535109887985,0.4375,0.4791666567325592,0.8,0.4270833432674408,am,1667,4,1,1,1
1,0.022222201029435933,0.4791666567325592,0.4583333432674408,0.2,0.4312500059604645,am,1668,4,1,0,0
1,0.0,1.0,1.0,0.6,0.8999999761581421,am,1670,3,1,0,0
0,0.045454535109887985,0.4791666567325592,0.4375,0.2,0.4270833432674408,am,1671,4,0,1,0
1,0.0,0.3333333432674408,0.3333333432674408,0.6,0.29999998211860657,am,1672,10,1,1,1
1,0.0,0.3333333432674408,0.3333333432674408,0.6,0.29999998211860657,am,1673,10,1,1,1
1,0.0,0.4791666567325592,0.4791666567325592,0.3,0.4416666626930237,am,1674,5,1,0,0
0,0.010752708681156995,0.4895833432674408,0.4791666567325592,0.7,0.44062501192092896,am,1675,8,0,0,1
1,0.0,0.3333333432674408,0.3333333432674408,0.6,0.29999998211860657,am,1676,4,1,1,1
0,0.045454535109887985,0.4791666567325592,0.4375,0.2,0.4270833432674408,am,1678,9,0,1,0
1,-0.045454535109887985,0.4375,0.4791666567325592,0.8,0.4270833432674408,am,1679,5,1,1,1
1,-0.045454535109887985,0.4375,0.4791666567325592,0.8,0.4270833432674408,am,1680,7,1,0,0
0,0.0,0.375,0.375,0.1,0.375,am,1681,5,0,1,0
0,0.0,0.375,0.375,0.7,0.3375000059604645,am,1682,4,0,1,0
0,0.0,0.4895833432674408,0.4895833432674408,0.3,0.44062501192092896,am,1683,7,0,1,0
0,0.045454535109887985,0.4791666567325592,0.4375,0.2,0.4270833432674408,am,1684,2,0,1,0
1,0.0,0.375,0.375,0.9,0.3375000059604645,am,1685,10,1,1,1
1,0.0,0.0,0.0,0.5,0.0,am,1686,8,1,0,0
0,0.045454535109887985,0.4791666567325592,0.4375,0.2,0.4270833432674408,am,1687,7,0,0,1
0,0.0,1.0,1.0,0.4,0.8999999761581421,am,1688,4,0,0,1
1,0.0,0.3333333432674408,0.3333333432674408,0.6,0.3333333134651184,am,1689,10,1,1,1
1,0.030303001403764518,0.3541666567325592,0.3333333432674408,0.4,0.33125001192092896,am,1691,10,1,0,0
0,0.0,0.0,0.0,0.2,0.0,am,1692,1,0,0,1
0,0.045454535109887985,0.4791666567325592,0.4375,0.2,0.4270833432674408,am,1693,1,0,1,0
1,-0.021276606105991774,0.4791666567325592,0.5,0.5,0.4479166567325592,am,1694,6,1,0,0
1,0.0,0.3541666567325592,0.3541666567325592,0.7,0.3187500238418579,am,1695,9,1,0,0
0,0.0,0.5,0.5,0.7,0.44999998807907104,am,1696,5,0,0,1
1,0.0,0.4895833432674408,0.4895833432674408,0.6,0.4427083134651184,am,1697,9,1,1,1
1,0.0,0.5,0.5,0.3,0.44999998807907104,am,1698,7,1,0,0
0,0.0,0.5,0.5,0.7,0.44999998807907104,am,1699,2,0,0,1
1,-0.045454535109887985,0.4375,0.4791666567325592,0.8,0.4270833432674408,am,1700,9,1,1,1
0,0.0,0.5,0.5,0.7,0.44999998807907104,am,1701,9,0,1,0
1,-0.0526315670593948,0.375,0.4166666567325592,0.5,0.38333332538604736,am,1702,6,1,0,0
0,0.0,0.4791666567325592,0.4791666567325592,0.6,0.4416666626930237,am,1703,7,0,0,1
1,0.0,0.4791666567325592,0.4791666567325592,0.4,0.4416666626930237,am,1704,10,1,0,0
1,0.0,0.4791666567325592,0.4791666567325592,0.9,0.4791666567325592,am,1705,6,1,1,1
1,0.0,0.4791666567325592,0.4791666567325592,0.9,0.4791666567325592,am,1706,8,1,1,1
1,0.0,0.0,0.0,0.8,0.0,am,1707,1,1,0,0
0,0.010752708681156995,0.4895833432674408,0.4791666567325592,0.7,0.43958330154418945,am,1708,1,0,1,0
1,0.0,0.3333333432674408,0.3333333432674408,0.7,0.3125,am,1709,3,1,0,0
0,0.0,0.3333333432674408,0.3333333432674408,0.4,0.29999998211860657,am,1710,3,0,1,0
1,0.0,0.4791666567325592,0.4791666567325592,0.5,0.4416666626930237,am,1711,7,1,0,0
1,0.0,0.375,0.375,0.9,0.3375000059604645,am,1712,9,1,1,1
1,0.0,0.0,0.0,0.3,0.0,am,1713,2,1,0,0
1,-0.045454535109887985,0.4375,0.4791666567325592,0.8,0.4270833432674408,am,1714,6,1,1,1
1,-0.045454535109887985,0.4375,0.4791666567325592,0.8,0.4270833432674408,am,1715,1,1,1,1
0,0.0,1.0,1.0,0.5,0.8999999761581421,am,1717,2,0,0,1
1,0.0,0.0,0.0,0.5,0.0,am,1718,6,1,0,0
0,0.045454535109887985,0.4791666567325592,0.4375,0.2,0.4749999940395355,am,1719,2,0,1,0
0,0.0,0.4895833432674408,0.4895833432674408,0.1,0.44062501192092896,am,1720,6,0,1,0
0,0.0,0.0,0.0,0.2,0.0,am,1721,8,0,0,1
0,0.01052630564511585,0.5,0.4895833432674408,0.4,0.45645833015441895,am,1722,2,0,0,1
1,-0.045454535109887985,0.4375,0.4791666567325592,0.8,0.4749999940395355,am,1723,2,1,1,1
0,0.0,0.4791666567325592,0.4791666567325592,0.6,0.4895833134651184,am,1724,1,0,0,1
0,0.0,0.4895833432674408,0.4895833432674408,0.2,0.44062501192092896,am,1725,7,0,1,0
1,0.0,0.0,0.0,0.5,0.0,am,1726,7,1,0,0
1,0.0,0.4791666567325592,0.4791666567325592,0.9,0.4791666567325592,am,1727,10,1,1,1
1,-0.010752708681156995,0.4791666567325592,0.4895833432674408,0.2,0.44062501192092896,am,1728,9,1,0,0
0,0.0,0.4895833432674408,0.4895833432674408,0.2,0.44062501192092896,am,1729,9,0,1,0
1,0.0,0.25,0.25,0.5,0.22499999403953552,am,1730,10,1,0,0
0,0.045454535109887985,0.4791666567325592,0.4375,0.2,0.4749999940395355,am,1731,10,0,1,0
0,0.0,0.4791666567325592,0.4791666567325592,0.5,0.4416666626930237,am,1732,8,0,0,1
0,0.0,0.4791666567325592,0.4791666567325592,0.1,0.4791666567325592,am,1733,7,0,1,0
1,0.0,0.0,0.0,0.8,0.0,am,1734,10,1,0,0
1,0.0,0.25,0.25,0.6,0.22499999403953552,am,1735,8,1,0,0
1,0.0,0.375,0.375,0.2,0.3375000059604645,am,1736,1,1,0,0
1,0.0,0.4895833432674408,0.4895833432674408,0.8,0.44062501192092896,am,1737,6,1,1,1
0,0.0,0.4791666567325592,0.4791666567325592,0.1,0.4791666567325592,am,1738,6,0,1,0
0,0.045454535109887985,0.4791666567325592,0.4375,0.2,0.4312500059604645,am,1739,4,0,1,0
0,0.0,0.375,0.375,0.6,0.36250001192092896,am,1740,5,0,1,0
1,0.0,0.4791666567325592,0.4791666567325592,0.7,0.4791666567325592,am,1741,3,1,1,1
0,0.0,0.4895833432674408,0.4895833432674408,0.2,0.44062501192092896,am,1742,5,0,1,0
1,0.0,0.3125,0.3125,0.6,0.28125,am,1743,8,1,0,0
0,0.0,0.4791666567325592,0.4791666567325592,0.6,0.4416666626930237,am,1744,10,0,0,1
1,-0.045454535109887985,0.4375,0.4791666567325592,0.8,0.4312500059604645,am,1745,9,1,1,1
1,0.0,0.4895833432674408,0.4895833432674408,0.8,0.44062501192092896,am,1746,6,1,1,1
1,0.0,0.3333333432674408,0.3333333432674408,0.6,0.29999998211860657,am,1748,7,1,0,0
0,-0.021276606105991774,0.4791666567325592,0.5,0.7,0.44999998807907104,am,1749,4,0,0,1
1,0.0,0.4895833432674408,0.4895833432674408,0.7,0.49166664481163025,am,1750,5,1,1,1
0,0.0,0.375,0.375,0.4,0.3375000059604645,am,1751,10,0,1,0
0,-0.04347825005279804,0.4583333432674408,0.5,0.7,0.49166664481163025,am,1753,1,0,0,1
0,0.0,0.3333333432674408,0.3333333432674408,0.4,0.29999998211860657,am,1754,7,0,0,1
1,0.0,0.3333333432674408,0.3333333432674408,0.6,0.29999998211860657,am,1755,6,1,1,1
0,0.0,0.4791666567325592,0.4791666567325592,0.6,0.4416666626930237,am,1756,6,0,0,1
0,0.006289302140419694,0.5,0.4937500059604645,0.6,0.4675000309944153,am,1757,3,0,0,1
0,0.045454535109887985,0.4791666567325592,0.4375,0.2,0.4312500059604645,am,1758,10,0,1,0
1,0.05882351456208179,0.375,0.3333333432674408,0.4,0.3708333373069763,am,1759,9,1,0,0
0,0.0,0.4895833432674408,0.4895833432674408,0.2,0.44062501192092896,am,1760,9,0,1,0
0,0.0,0.375,0.375,0.7,0.375,am,1761,7,0,0,1
1,0.0,0.4895833432674408,0.4895833432674408,0.8,0.44062501192092896,am,1762,9,1,1,1
0,0.0,0.0,0.0,0.8,0.0,am,1763,2,0,0,1
1,0.0,0.4895833432674408,0.4895833432674408,0.8,0.44062501192092896,am,1764,2,1,1,1
0,0.01052630564511585,0.5,0.4895833432674408,0.4,0.45645833015441895,am,1765,4,0,1,0
0,0.0,0.0,0.0,0.8,0.0,am,1766,5,0,0,1
0,0.045454535109887985,0.4791666567325592,0.4375,0.2,0.4749999940395355,am,1767,3,0,1,0
1,0.0,0.0,0.0,0.8,0.0,am,1768,4,1,1,1
1,0.0,0.0,0.0,0.6,0.0,am,1769,8,1,1,1
1,0.0,0.0,0.0,0.6,0.0,am,1771,9,1,1,1
1,0.0,0.375,0.375,0.5,0.3375000059604645,am,1772,4,1,1,1
0,0.0,0.0,0.0,0.7,0.0,am,1773,2,0,0,1
0,0.0,0.4791666567325592,0.4791666567325592,0.5,0.4416666626930237,am,1774,4,0,0,1
1,0.0,1.0,1.0,0.6,0.8999999761581421,am,1775,8,1,0,0
1,0.0,1.0,1.0,0.6,0.8999999761581421,am,1776,9,1,0,0
0,0.0,0.4791666567325592,0.4791666567325592,0.3,0.4791666567325592,am,1777,5,0,1,0
0,0.0,0.4791666567325592,0.4791666567325592,0.6,0.4416666626930237,am,1778,7,0,0,1
1,-0.045454535109887985,0.4375,0.4791666567325592,0.8,0.4312500059604645,am,1779,3,1,1,1
1,0.0,0.4791666567325592,0.4791666567325592,0.7,0.4791666567325592,am,1780,1,1,1,1
0,0.0,0.4895833432674408,0.4895833432674408,0.2,0.44062501192092896,am,1781,4,0,1,0
0,0.045454535109887985,0.4791666567325592,0.4375,0.2,0.4312500059604645,am,1782,6,0,1,0
1,-0.045454535109887985,0.4375,0.4791666567325592,0.7,0.4312500059604645,am,1783,8,1,0,0
1,0.0,0.4895833432674408,0.4895833432674408,0.8,0.44062501192092896,am,1784,7,1,1,1
0,0.0,0.0,0.0,0.2,0.0,am,1785,9,0,0,1
1,-0.045454535109887985,0.4375,0.4791666567325592,0.8,0.4312500059604645,am,1786,10,1,1,1
1,-0.045454535109887985,0.4375,0.4791666567325592,0.6,0.4270833432674408,am,1787,6,1,1,1
1,0.0,0.4895833432674408,0.4895833432674408,0.8,0.44062501192092896,am,1788,8,1,0,0
0,0.0,0.4895833432674408,0.4895833432674408,0.2,0.44062501192092896,am,1789,1,0,0,1
1,0.0,0.25,0.25,0.5,0.22499999403953552,am,1790,6,1,0,0
1,0.0,0.0,0.0,0.2,0.0,am,1792,7,1,0,0
1,-0.045454535109887985,0.4375,0.4791666567325592,0.8,0.4312500059604645,am,1793,10,1,1,1
1,0.0,0.375,0.375,0.7,0.3708333373069763,am,1794,7,1,0,0
1,0.0,0.4895833432674408,0.4895833432674408,0.8,0.44062501192092896,am,1795,1,1,0,0
1,0.0,0.0,0.0,0.8,0.0,am,1796,8,1,0,0
0,0.045454535109887985,0.4791666567325592,0.4375,0.2,0.4312500059604645,am,1797,9,0,1,0
0,-0.022222201029435933,0.4583333432674408,0.4791666567325592,0.8,0.4312500059604645,am,1798,2,0,0,1
0,0.0,0.4895833432674408,0.4895833432674408,0.2,0.44062501192092896,am,1799,10,0,1,0
0,0.045454535109887985,0.4791666567325592,0.4375,0.3,0.4312500059604645,am,1800,7,0,0,1
0,0.0,0.4791666567325592,0.4791666567325592,0.4,0.4791666567325592,am,1801,9,0,1,0
1,0.0,0.25,0.25,0.5,0.22499999403953552,am,1802,7,1,0,0
0,0.045454535109887985,0.4791666567325592,0.4375,0.2,0.4312500059604645,am,1803,5,0,1,0
0,0.0,0.4166666567325592,0.4166666567325592,0.7,0.3854166865348816,am,1804,7,0,0,1
1,0.0,0.4895833432674408,0.4895833432674408,0.8,0.44062501192092896,am,1805,6,1,1,1
0,-0.045454535109887985,0.4375,0.4791666567325592,0.8,0.43541669845581055,am,1806,9,0,0,1
0,0.0,0.5625,0.5625,0.6,0.5729166865348816,am,1807,8,0,0,1
0,0.0,0.0,0.0,0.8,0.0,am,1808,5,0,0,1
0,0.0,0.3125,0.3125,0.3,0.28125,am,1809,8,0,0,1
1,0.0,0.3333333432674408,0.3333333432674408,0.6,0.3333333134651184,am,1810,4,1,1,1
1,0.0,0.4791666567325592,0.4791666567325592,0.4,0.4895833134651184,am,1811,5,1,0,0
1,0.0,0.0,0.0,0.8,0.0,am,1812,1,1,0,0
1,0.0,0.3333333432674408,0.3333333432674408,0.2,0.3479166626930237,am,1813,1,1,0,0
0,0.0,0.25,0.25,0.5,0.22499999403953552,am,1814,8,0,0,1
0,0.0,0.0,0.0,0.2,0.0,am,1815,3,0,1,0
0,-0.05882351456208179,0.3333333432674408,0.375,0.6,0.3291666805744171,am,1816,10,0,0,1
1,0.04347825005279804,0.5,0.4583333432674408,0.3,0.4437499940395355,am,1817,8,1,1,1
0,0.0,0.25,0.25,0.5,0.22499999403953552,am,1818,5,0,0,1
1,0.0,0.375,0.375,0.9,0.375,am,1819,9,1,1,1
0,0.0,0.0,0.0,0.2,0.0,am,1820,1,0,0,1
0,0.010752708681156995,0.4895833432674408,0.4791666567325592,0.5,0.43958336114883423,am,1821,1,0,1,0
0,0.045454535109887985,0.4791666567325592,0.4375,0.2,0.4312500059604645,am,1822,4,0,1,0
0,0.0,0.3333333432674408,0.3333333432674408,0.4,0.29999998211860657,am,1823,9,0,1,0
1,0.0,0.3333333432674408,0.3333333432674408,0.8,0.29999998211860657,am,1824,2,1,0,0
0,0.0,0.4895833432674408,0.4895833432674408,0.5,0.5322917103767395,am,1825,7,0,0,1
1,-0.045454535109887985,0.4375,0.4791666567325592,0.8,0.4312500059604645,am,1826,2,1,1,1
1,0.0,0.375,0.375,0.5,0.3375000059604645,am,1828,1,1,1,1
0,0.0,0.3333333432674408,0.3333333432674408,0.4,0.29999998211860657,am,1829,2,0,1,0
1,0.0,0.4895833432674408,0.4895833432674408,0.8,0.44062501192092896,am,1830,9,1,1,1
0,0.0,0.5,0.5,0.7,0.44999998807907104,am,1831,2,0,0,1
0,0.0,0.0,0.0,0.2,0.0,am,1832,10,0,0,1
0,0.0,1.0,1.0,0.4,0.8999999761581421,am,1833,9,0,0,1
1,0.0,0.3333333432674408,0.3333333432674408,0.6,0.29999998211860657,am,1834,3,1,1,1
1,0.0,0.3333333432674408,0.3333333432674408,0.6,0.3333333134651184,am,1835,5,1,1,1
1,0.0,0.0,0.0,0.8,0.0,am,1836,8,1,0,0
0,0.045454535109887985,0.4791666567325592,0.4375,0.2,0.4312500059604645,am,1837,2,0,1,0
1,0.0,0.5,0.5,0.3,0.5,am,1838,4,1,1,1
0,0.0,0.4895833432674408,0.4895833432674408,0.4,0.44062501192092896,am,1839,10,0,1,0
1,0.0,0.5,0.5,0.3,0.44999998807907104,am,1840,3,1,0,0
0,0.0,0.3333333432674408,0.3333333432674408,0.2,0.29999998211860657,am,1841,4,0,1,0
0,0.045454535109887985,0.4791666567325592,0.4375,0.3,0.4270833432674408,am,1842,5,0,1,0
1,0.05882352941170934,0.5625,0.5,0.5,0.5062500238418579,am,1843,5,1,1,1
0,0.045454535109887985,0.4791666567325592,0.4375,0.2,0.4749999940395355,am,1844,7,0,0,1
1,0.0,0.5,0.5,0.3,0.5,am,1846,7,1,0,0
1,-0.045454535109887985,0.4375,0.4791666567325592,0.8,0.4749999940395355,am,1847,4,1,1,1
1,0.0,0.4791666567325592,0.4791666567325592,0.5,0.4416666626930237,am,1848,6,1,0,0
0,-0.045454535109887985,0.4375,0.4791666567325592,0.6,0.4270833432674408,am,1849,9,0,0,1
1,-0.045454535109887985,0.4375,0.4791666567325592,0.8,0.4312500059604645,am,1850,5,1,1,1
1,0.0,0.375,0.375,0.9,0.3375000059604645,am,1851,2,1,1,1
0,0.0,0.4791666567325592,0.4791666567325592,0.2,0.4312500059604645,am,1852,9,0,1,0
1,0.0,0.3333333432674408,0.3333333432674408,0.4,0.30625003576278687,am,1853,1,1,1,1
0,0.05882351456208179,0.375,0.3333333432674408,0.5,0.3708333373069763,am,1854,10,0,0,1
1,0.0,0.0,0.0,0.8,0.0,am,1855,5,1,0,0
1,0.0,0.0,0.0,0.8,0.0,am,1856,7,1,0,0
0,0.045454535109887985,0.4791666567325592,0.4375,0.2,0.4312500059604645,am,1857,3,0,1,0
1,0.0,0.0,0.0,0.3,0.0,am,1858,2,1,0,0
0,-0.9999999999960001,0.0,0.25,0.6,0.23749999701976776,am,1859,10,0,0,1
1,-0.045454535109887985,0.4375,0.4791666567325592,0.8,0.4270833432674408,am,1860,10,1,1,1
1,0.0,0.0,0.0,0.2,0.0,am,1861,6,1,0,0
0,0.0,0.3125,0.3125,0.3,0.28125,am,1862,2,0,1,0
0,0.045454535109887985,0.4791666567325592,0.4375,0.2,0.4312500059604645,am,1863,3,0,1,0
0,0.0,0.0,0.0,0.2,0.0,am,1864,4,0,1,0
0,0.045454535109887985,0.4791666567325592,0.4375,0.2,0.4312500059604645,am,1865,4,0,1,0
1,-0.045454535109887985,0.4375,0.4791666567325592,0.8,0.4312500059604645,am,1866,9,1,1,1
1,0.0,0.3333333432674408,0.3333333432674408,0.8,0.29999998211860657,am,1867,10,1,1,1
0,0.045454535109887985,0.4791666567325592,0.4375,0.2,0.4312500059604645,am,1868,4,0,1,0
0,0.0,1.0,1.0,0.4,0.8999999761581421,am,1869,4,0,0,1
1,0.0,0.4895833432674408,0.4895833432674408,0.7,0.4427083134651184,am,1870,1,1,1,1
0,0.0,0.4791666567325592,0.4791666567325592,0.2,0.4312500059604645,am,1871,10,0,1,0
1,-0.045454535109887985,0.4375,0.4791666567325592,0.8,0.4749999940395355,am,1872,8,1,0,0
0,0.045454535109887985,0.4791666567325592,0.4375,0.2,0.4312500059604645,am,1873,10,0,1,0
1,-0.010752708681156995,0.4791666567325592,0.4895833432674408,0.4,0.4885416626930237,am,1874,1,1,1,1
1,0.0,0.25,0.25,0.4,0.22499999403953552,am,1875,2,1,0,0
1,0.0,0.0,0.0,0.8,0.0,am,1876,1,1,0,0
0,0.0526315670593948,0.4166666567325592,0.375,0.5,0.3760416507720947,am,1877,8,0,0,1
0,0.0,0.4791666567325592,0.4791666567325592,0.6,0.4416666626930237,am,1878,2,0,0,1
0,0.0,0.0,0.0,0.2,0.0,am,1879,10,0,0,1
1,0.0,0.3333333432674408,0.3333333432674408,0.6,0.29999998211860657,am,1880,5,1,1,1
1,-0.006289302140419694,0.4937500059604645,0.5,0.3,0.4675000309944153,am,1881,4,1,0,0
1,0.0,0.5,0.5,0.3,0.44999998807907104,am,1882,2,1,0,0
0,0.045454535109887985,0.4791666567325592,0.4375,0.3,0.4312500059604645,am,1883,9,0,1,0
1,-0.045454535109887985,0.4375,0.4791666567325592,0.8,0.4312500059604645,am,1884,8,1,0,0
0,0.045454535109887985,0.4791666567325592,0.4375,0.2,0.4312500059604645,am,1885,10,0,1,0
0,0.0,0.4791666567325592,0.4791666567325592,0.2,0.4312500059604645,am,1886,10,0,1,0
1,0.0,0.4895833432674408,0.4895833432674408,0.7,0.4427083134651184,am,1887,3,1,1,1
0,0.045454535109887985,0.4791666567325592,0.4375,0.2,0.4312500059604645,am,1888,1,0,1,0
1,0.0,0.0,0.0,0.2,0.0,am,1889,9,1,0,0
1,0.0,0.375,0.375,0.2,0.3375000059604645,am,1890,8,1,0,0
1,0.0,0.3333333432674408,0.3333333432674408,0.8,0.3333333134651184,am,1891,1,1,1,1
0,0.05882351456208179,0.375,0.3333333432674408,0.2,0.3125,am,1892,7,0,0,1
1,0.0,0.4791666567325592,0.4791666567325592,0.8,0.4312500059604645,am,1893,9,1,1,1
1,0.0,0.375,0.375,0.9,0.3375000059604645,am,1894,4,1,1,1
0,0.0,0.25,0.25,0.5,0.22499999403953552,am,1895,1,0,0,1
1,-0.045454535109887985,0.4375,0.4791666567325592,0.8,0.4312500059604645,am,1896,8,1,0,0
0,-0.030303001403764518,0.3333333432674408,0.3541666567325592,0.4,0.3270833492279053,am,1897,3,0,1,0
1,0.0,0.5,0.5,0.3,0.44999998807907104,am,1898,7,1,0,0
0,0.045454535109887985,0.4791666567325592,0.4375,0.2,0.4312500059604645,am,1899,9,0,1,0
1,0.0,0.0,0.0,0.3,0.0,am,1900,7,1,0,0
1,0.0,0.4895833432674408,0.4895833432674408,0.9,0.44062501192092896,am,1901,3,1,1,1
0,0.0,0.0,0.0,0.2,0.0,am,1902,9,0,0,1
0,0.0,0.5,0.5,0.5,0.44999998807907104,am,1903,3,0,0,1
1,0.0,0.4895833432674408,0.4895833432674408,0.9,0.44062501192092896,am,1904,7,1,1,1
1,0.0,0.3333333432674408,0.3333333432674408,0.4,0.30625003576278687,am,1905,3,1,1,1
0,0.010752708681156995,0.4895833432674408,0.4791666567325592,0.6,0.43958336114883423,am,1906,8,0,0,1
0,0.0,0.3333333432674408,0.3333333432674408,0.4,0.29999998211860657,am,1907,7,0,0,1
0,0.0,0.4791666567325592,0.4791666567325592,0.2,0.4791666567325592,am,1908,1,0,1,0
0,0.0,0.0,0.0,0.2,0.0,am,1909,10,0,0,1
0,0.045454535109887985,0.4791666567325592,0.4375,0.2,0.4312500059604645,am,1910,2,0,1,0
1,-0.045454535109887985,0.4375,0.4791666567325592,0.8,0.4312500059604645,am,1911,7,1,0,0
1,0.0,0.3333333432674408,0.3333333432674408,0.8,0.29999998211860657,am,1912,5,1,1,1
1,-0.045454535109887985,0.4375,0.4791666567325592,0.8,0.4312500059604645,am,1913,5,1,1,1
1,0.021276606105991774,0.5,0.4791666567325592,0.2,0.44999998807907104,am,1914,3,1,0,0
1,0.0,0.34375,0.34375,0.7,0.30937498807907104,am,1915,8,1,0,0
1,-0.045454535109887985,0.4375,0.4791666567325592,0.8,0.4749999940395355,am,1916,9,1,1,1
1,-0.045454535109887985,0.4375,0.4791666567325592,0.8,0.4749999940395355,am,1917,3,1,1,1
1,0.0,0.4895833432674408,0.4895833432674408,0.9,0.44062501192092896,am,1918,2,1,1,1
0,0.0,1.0,1.0,0.4,1.0,am,1919,7,0,0,1
0,0.045454535109887985,0.4791666567325592,0.4375,0.2,0.4749999940395355,am,1920,9,0,1,0
0,0.0,0.0,0.0,0.2,0.0,am,1921,4,0,1,0
1,0.0,0.3333333432674408,0.3333333432674408,0.6,0.29999998211860657,am,1922,2,1,1,1
1,0.0,0.375,0.375,0.6,0.36666667461395264,am,1923,6,1,1,1
1,0.0,0.25,0.25,0.4,0.22499999403953552,am,1924,8,1,0,0
1,-0.045454535109887985,0.4375,0.4791666567325592,0.8,0.4312500059604645,am,1925,4,1,1,1
0,-0.06930692059626534,0.4895833432674408,0.5625,0.7,0.5489583015441895,am,1926,1,0,0,1
1,0.0,0.4791666567325592,0.4791666567325592,0.5,0.4895833134651184,am,1927,7,1,0,0
1,0.0,0.4791666567325592,0.4791666567325592,0.8,0.4791666567325592,am,1928,5,1,1,1
1,0.0,0.4895833432674408,0.4895833432674408,0.6,0.4427083134651184,am,1929,8,1,0,0
0,0.0,0.4375,0.4375,0.4,0.4050000309944153,am,1930,10,0,0,1
0,-0.022222201029435933,0.4583333432674408,0.4791666567325592,0.7,0.4312500059604645,am,1931,3,0,0,1
0,0.0,0.0,0.0,0.8,0.0,am,1932,7,0,0,1
0,0.045454535109887985,0.4791666567325592,0.4375,0.2,0.4312500059604645,am,1933,10,0,1,0
1,0.0,0.4895833432674408,0.4895833432674408,0.9,0.44062501192092896,am,1934,8,1,0,0
1,0.0,0.4895833432674408,0.4895833432674408,0.9,0.44062501192092896,am,1935,2,1,1,1
0,0.0,0.0,0.0,0.4,0.0,am,1936,10,0,1,0
0,0.0,0.4791666567325592,0.4791666567325592,0.2,0.4791666567325592,am,1938,8,0,1,0
1,0.0,0.4791666567325592,0.4791666567325592,0.4,0.44166669249534607,am,1939,6,1,0,0
1,0.006289302140419694,0.5,0.4937500059604645,0.6,0.4906249940395355,am,1940,4,1,0,0
1,0.0,0.4791666567325592,0.4791666567325592,0.8,0.4791666567325592,am,1941,1,1,1,1
0,0.0,0.3333333432674408,0.3333333432674408,0.4,0.29999998211860657,am,1942,3,0,1,0
0,0.0,0.3333333432674408,0.3333333432674408,0.4,0.29999998211860657,am,1943,9,0,1,0
0,0.0,0.3333333432674408,0.3333333432674408,0.1,0.29999998211860657,am,1944,3,0,1,0
0,-0.021276606105991774,0.4791666567325592,0.5,0.8,0.44999998807907104,am,1945,9,0,0,1
1,-0.045454535109887985,0.4375,0.4791666567325592,0.8,0.4312500059604645,am,1946,10,1,1,1
1,-0.045454535109887985,0.4375,0.4791666567325592,0.8,0.4312500059604645,am,1947,10,1,1,1
1,0.0,0.375,0.375,0.5,0.3375000059604645,am,1948,6,1,1,1
0,0.045454535109887985,0.4791666567325592,0.4375,0.2,0.4312500059604645,am,1949,2,0,1,0
0,0.045454535109887985,0.4791666567325592,0.4375,0.3,0.4312500059604645,am,1950,10,0,1,0
0,0.0,0.4791666567325592,0.4791666567325592,0.2,0.4312500059604645,am,1951,9,0,1,0
0,0.0,0.4895833432674408,0.4895833432674408,0.1,0.44062501192092896,am,1952,2,0,1,0
1,-0.045454535109887985,0.4375,0.4791666567325592,0.7,0.4312500059604645,am,1954,9,1,1,1
0,0.045454535109887985,0.4791666567325592,0.4375,0.4,0.4312500059604645,am,1955,10,0,1,0
1,0.0,0.4791666567325592,0.4791666567325592,0.9,0.4312500059604645,am,1956,1,1,1,1
1,-0.045454535109887985,0.4375,0.4791666567325592,0.6,0.4312500059604645,am,1957,2,1,1,1
1,0.0,0.3333333432674408,0.3333333432674408,0.6,0.29999998211860657,am,1958,1,1,1,1
0,0.0,0.0,0.0,0.2,0.0,am,1959,9,0,0,1
0,0.0,0.375,0.375,0.7,0.3375000059604645,am,1960,7,0,0,1
0,0.045454535109887985,0.4791666567325592,0.4375,0.3,0.4312500059604645,am,1961,6,0,1,0
1,0.0,0.4895833432674408,0.4895833432674408,0.9,0.44062501192092896,am,1962,10,1,1,1
0,0.0,0.375,0.375,0.1,0.3375000059604645,am,1963,6,0,1,0
1,-0.045454535109887985,0.4375,0.4791666567325592,0.8,0.4312500059604645,am,1964,8,1,0,0
0,0.045454535109887985,0.4791666567325592,0.4375,0.4,0.4749999940395355,am,1965,9,0,1,0
0,0.0,0.4895833432674408,0.4895833432674408,0.1,0.44062501192092896,am,1966,7,0,1,0
1,0.0,0.3333333432674408,0.3333333432674408,0.6,0.29999998211860657,am,1967,5,1,1,1
0,0.014989309760122433,0.4937500059604645,0.4791666567325592,0.4,0.49541664123535156,am,1968,2,0,0,1
0,-0.021276606105991774,0.4791666567325592,0.5,0.8,0.44999998807907104,am,1969,3,0,0,1
0,0.0,0.3333333432674408,0.3333333432674408,0.4,0.29999998211860657,am,1970,10,0,1,0
0,0.0,0.0,0.0,0.4,0.0,am,1971,5,0,1,0
0,0.010752708681156995,0.4895833432674408,0.4791666567325592,0.8,0.4885416626930237,am,1972,1,0,1,0
1,-0.04347826086950473,0.34375,0.375,0.6,0.3343749940395355,am,1973,5,1,0,0
0,0.0,0.375,0.375,0.7,0.3375000059604645,am,1974,5,0,1,0
0,0.045454535109887985,0.4791666567325592,0.4375,0.3,0.4312500059604645,am,1975,6,0,1,0
1,0.0,0.4895833432674408,0.4895833432674408,0.8,0.44062501192092896,am,1976,5,1,1,1
1,0.0,0.0,0.0,0.8,0.0,am,1977,10,1,0,0
0,0.0,0.0,0.0,0.2,0.0,am,1978,2,0,0,1
1,0.0,0.4895833432674408,0.4895833432674408,0.7,0.44062501192092896,am,1979,4,1,1,1
0,0.0,0.0,0.0,0.2,0.0,am,1980,5,0,0,1
1,0.0,0.3333333432674408,0.3333333432674408,0.2,0.31458333134651184,am,1981,1,1,0,0
1,-0.045454535109887985,0.4375,0.4791666567325592,0.6,0.4312500059604645,am,1982,4,1,1,1
1,0.045454535109887985,0.4791666567325592,0.4375,0.2,0.43541663885116577,am,1983,9,1,0,0
0,0.045454535109887985,0.4791666567325592,0.4375,0.3,0.4312500059604645,am,1984,10,0,1,0
1,-0.045454535109887985,0.4375,0.4791666567325592,0.7,0.4312500059604645,am,1985,6,1,1,1
0,0.0,0.5,0.5,0.7,0.5,am,1986,3,0,0,1
0,0.0,0.0,0.0,0.8,0.0,am,1987,5,0,0,1
0,0.0,0.3333333432674408,0.3333333432674408,0.4,0.29999998211860657,am,1988,3,0,1,0
1,-0.045454535109887985,0.4375,0.4791666567325592,0.6,0.4312500059604645,am,1989,4,1,1,1
0,0.0,0.2916666567325592,0.2916666567325592,0.4,0.26249998807907104,am,1990,7,0,0,1
0,0.0,0.4895833432674408,0.4895833432674408,0.2,0.44062501192092896,am,1991,7,0,1,0
1,-0.045454535109887985,0.4375,0.4791666567325592,0.6,0.4312500059604645,am,1992,8,1,0,0
0,0.0,0.0,0.0,0.8,0.0,am,1993,1,0,0,1
1,-0.010752708681156995,0.4791666567325592,0.4895833432674408,0.2,0.43958330154418945,am,1994,3,1,0,0
1,0.0,0.0,0.0,0.2,0.0,am,1995,1,1,0,0
0,0.0,0.4895833432674408,0.4895833432674408,0.2,0.44062501192092896,am,1996,6,0,1,0
1,-0.045454535109887985,0.4375,0.4791666567325592,0.8,0.4312500059604645,am,1997,4,1,1,1
0,0.045454535109887985,0.4791666567325592,0.4375,0.2,0.4312500059604645,am,1998,5,0,1,0
1,0.0,0.0,0.0,0.2,0.0,am,1999,6,1,0,0
0,0.010752708681156995,0.4895833432674408,0.4791666567325592,0.5,0.43958330154418945,am,2000,6,0,0,1
1,0.0,0.4791666567325592,0.4791666567325592,0.8,0.4312500059604645,am,2001,4,1,1,1
0,0.0,0.3333333432674408,0.3333333432674408,0.4,0.29999998211860657,am,2002,2,0,1,0
0,0.010752708681156995,0.4895833432674408,0.4791666567325592,0.8,0.44062501192092896,am,2003,4,0,0,1
1,-0.045454535109887985,0.4375,0.4791666567325592,0.7,0.4312500059604645,am,2004,3,1,1,1
1,0.0,0.0,0.0,0.5,0.0,am,2005,2,1,0,0
1,0.0,0.3333333432674408,0.3333333432674408,0.5,0.29999998211860657,am,2006,9,1,1,1
0,0.0,0.4791666567325592,0.4791666567325592,0.2,0.4312500059604645,am,2007,6,0,1,0
1,0.0,0.5,0.5,0.4,0.44999998807907104,am,2008,1,1,0,0
0,0.0,0.3333333432674408,0.3333333432674408,0.2,0.29999998211860657,am,2009,7,0,1,0
1,0.0,0.4895833432674408,0.4895833432674408,0.8,0.44062501192092896,am,2010,7,1,1,1
1,-0.045454535109887985,0.4375,0.4791666567325592,0.7,0.4312500059604645,am,2012,8,1,0,0
1,0.0,0.5,0.5,0.3,0.44999998807907104,am,2013,5,1,0,0
1,-0.042735043431656315,0.3499999940395355,0.3812499940395355,0.8,0.37583330273628235,am,2014,10,1,1,1
1,0.0,0.0,0.0,0.8,0.0,am,2015,5,1,0,0
1,0.0,0.4791666567325592,0.4791666567325592,0.5,0.4416666626930237,am,2016,8,1,0,0
1,0.0,0.4791666567325592,0.4791666567325592,0.8,0.4312500059604645,am,2017,3,1,1,1
1,0.0,0.375,0.375,0.9,0.3375000059604645,am,2018,6,1,1,1
1,0.0,0.4791666567325592,0.4791666567325592,0.8,0.4791666567325592,am,2019,9,1,1,1
1,-0.045454535109887985,0.4375,0.4791666567325592,0.8,0.4312500059604645,am,2020,6,1,1,1
0,0.0,1.0,1.0,0.4,0.8999999761581421,am,2021,2,0,0,1
0,0.0,0.375,0.375,0.6,0.36250001192092896,am,2022,10,0,1,0
1,0.0,0.4895833432674408,0.4895833432674408,0.8,0.44062501192092896,am,2023,10,1,1,1
0,0.0,0.0,0.0,0.8,0.0,am,2024,1,0,0,1
0,0.0,0.375,0.375,0.7,0.3375000059604645,am,2025,10,0,0,1
1,-0.010752708681156995,0.4791666567325592,0.4895833432674408,0.4,0.43958330154418945,am,2026,7,1,0,0
0,0.045454535109887985,0.4791666567325592,0.4375,0.2,0.4312500059604645,am,2027,2,0,1,0
1,0.0,1.0,1.0,0.6,0.8999999761581421,am,2028,10,1,0,0
0,0.0,0.25,0.25,0.5,0.22499999403953552,am,2029,10,0,0,1
1,0.0,0.4895833432674408,0.4895833432674408,0.8,0.44062501192092896,am,2030,2,1,1,1
0,0.0,0.4895833432674408,0.4895833432674408,0.2,0.4895833432674408,am,2031,9,0,1,0
1,-0.045454535109887985,0.4375,0.4791666567325592,0.8,0.4312500059604645,am,2032,8,1,0,0
1,0.0,0.0,0.0,0.8,0.0,am,2033,10,1,0,0
0,0.045454535109887985,0.4791666567325592,0.4375,0.2,0.4312500059604645,am,2034,6,0,1,0
1,0.0,0.4895833432674408,0.4895833432674408,0.7,0.4427083134651184,am,2035,7,1,0,0
0,0.0,0.3333333432674408,0.3333333432674408,0.4,0.29999998211860657,am,2036,3,0,1,0
0,0.0,0.4895833432674408,0.4895833432674408,0.2,0.4895833432674408,am,2037,2,0,1,0
0,0.0,0.25,0.25,0.5,0.22499999403953552,am,2038,7,0,0,1
0,0.0,0.3333333432674408,0.3333333432674408,0.4,0.29999998211860657,am,2039,2,0,1,0
0,0.0,0.0,0.0,0.2,0.0,am,2040,6,0,0,1
0,0.0,0.0,0.0,0.8,0.0,am,2041,1,0,0,1
1,0.0,0.4791666567325592,0.4791666567325592,0.8,0.4312500059604645,am,2042,5,1,1,1
0,0.045454535109887985,0.4791666567325592,0.4375,0.2,0.4312500059604645,am,2043,9,0,1,0
0,0.045454535109887985,0.4791666567325592,0.4375,0.2,0.4312500059604645,am,2044,5,0,1,0
0,0.0,0.3333333432674408,0.3333333432674408,0.4,0.29999998211860657,am,2045,7,0,0,1
0,0.0,1.0,1.0,0.4,0.8999999761581421,am,2046,7,0,0,1
0,0.045454535109887985,0.4791666567325592,0.4375,0.2,0.4312500059604645,am,2047,9,0,1,0
0,0.0,0.25,0.25,0.5,0.22499999403953552,am,2048,6,0,0,1
1,0.0,0.4791666567325592,0.4791666567325592,0.8,0.4312500059604645,am,2049,7,1,1,1
0,-0.022222201029435933,0.4583333432674408,0.4791666567325592,0.8,0.42916664481163025,am,2050,7,0,0,1
0,0.0,0.3333333432674408,0.3333333432674408,0.4,0.29999998211860657,am,2051,3,0,1,0
1,0.0,0.4895833432674408,0.4895833432674408,0.9,0.44062501192092896,am,2052,5,1,1,1
1,0.0,0.0,0.0,0.8,0.0,am,2053,1,1,0,0
0,0.045454535109887985,0.4791666567325592,0.4375,0.2,0.4312500059604645,am,2054,9,0,1,0
1,0.0,0.0,0.0,0.8,0.0,am,2057,5,1,0,0
1,0.0,0.3333333432674408,0.3333333432674408,0.8,0.29999998211860657,am,2058,6,1,1,1
1,0.0,0.4791666567325592,0.4791666567325592,0.5,0.4416666626930237,am,2059,9,1,0,0
1,0.022222201029435933,0.4791666567325592,0.4583333432674408,0.2,0.429166704416275,am,2060,8,1,0,0
0,0.0,0.0,0.0,0.2,0.0,am,2061,3,0,1,0
0,0.010752708681156995,0.4895833432674408,0.4791666567325592,0.8,0.43958330154418945,am,2062,5,0,0,1
0,0.0,0.3333333432674408,0.3333333432674408,0.4,0.29999998211860657,am,2063,1,0,1,0
0,0.010752708681156995,0.4895833432674408,0.4791666567325592,0.7,0.4885416626930237,am,2064,1,0,1,0
1,0.01052630564511585,0.5,0.4895833432674408,0.5,0.4489583373069763,am,2065,3,1,0,0
1,0.0,0.25,0.25,0.1,0.22499999403953552,am,2066,1,1,0,0
1,0.0,0.4791666567325592,0.4791666567325592,0.4,0.4895833134651184,am,2067,4,1,0,0
0,0.0,0.5,0.5,0.6,0.44999998807907104,am,2068,8,0,0,1
0,0.045454535109887985,0.4791666567325592,0.4375,0.3,0.4749999940395355,am,2069,7,0,0,1
0,0.0,0.0,0.0,0.8,0.0,am,2070,2,0,0,1
1,-0.045454535109887985,0.4375,0.4791666567325592,0.8,0.4312500059604645,am,2071,5,1,1,1
1,0.0,0.375,0.375,0.9,0.3375000059604645,am,2072,3,1,1,1
0,0.0,0.4895833432674408,0.4895833432674408,0.1,0.44062501192092896,am,2073,6,0,1,0
0,0.0,0.4791666567325592,0.4791666567325592,0.6,0.4416666626930237,am,2074,5,0,0,1
1,0.0,0.4895833432674408,0.4895833432674408,0.9,0.4895833432674408,am,2075,10,1,1,1
1,-0.045454535109887985,0.4375,0.4791666567325592,0.8,0.4312500059604645,am,2076,4,1,1,1
0,0.045454535109887985,0.4791666567325592,0.4375,0.2,0.4312500059604645,am,2077,1,0,1,0
1,0.0,0.5,0.5,0.3,0.5,am,2078,8,1,0,0
1,-0.045454535109887985,0.4375,0.4791666567325592,0.8,0.4312500059604645,am,2079,4,1,1,1
1,-0.045454535109887985,0.4375,0.4791666567325592,0.8,0.4270833432674408,am,2080,8,1,0,0
1,0.0,0.3333333432674408,0.3333333432674408,0.8,0.29999998211860657,am,2081,2,1,0,0
1,0.0,0.25,0.25,0.5,0.22499999403953552,am,2082,9,1,0,0
1,0.01052630564511585,0.5,0.4895833432674408,0.5,0.4989582896232605,am,2084,1,1,0,0
0,0.0,0.0,0.0,0.2,0.0,am,2085,4,0,1,0
0,0.045454535109887985,0.4791666567325592,0.4375,0.2,0.4312500059604645,am,2086,9,0,1,0
1,-0.010752708681156995,0.4791666567325592,0.4895833432674408,0.3,0.4885416626930237,am,2087,4,1,0,0
1,-0.045454535109887985,0.4375,0.4791666567325592,0.8,0.4312500059604645,am,2088,5,1,1,1
1,0.0,0.4895833432674408,0.4895833432674408,0.7,0.4427083134651184,am,2089,2,1,0,0
1,0.0,0.4791666567325592,0.4791666567325592,0.8,0.4312500059604645,am,2090,9,1,1,1
