id,y,mu,d_plus,d_minus,knn_purity,knn_mean,view
1,1,0.0,0.0,0.0,0.3,0.0,naics
2,1,0.53846153846071,0.5,0.15,0.4,0.41500000000000004,naics
3,0,0.0,0.0,0.0,0.7,0.0,naics
4,0,0.0,0.0,0.0,0.6,0.045,naics
5,0,0.0,0.0,0.0,0.2,0.0,naics
6,0,0.0,0.0,0.0,0.5,0.0,naics
7,1,0.0,0.0,0.0,0.9,0.0,naics
8,1,0.0,0.0,0.0,0.4,0.0,naics
9,0,0.0,0.0,0.0,0.4,0.0,naics
10,1,0.0,0.15,0.15,0.6,0.165,naics
11,1,0.0,0.0,0.0,0.5,0.0,naics
12,0,0.0,0.0,0.0,0.6,0.0,naics
13,0,0.9999999999975001,0.4,0.0,0.0,0.30999999999999994,naics
14,1,0.0,0.0,0.0,0.5,0.0,naics
15,1,0.0,0.0,0.0,0.5,0.0,naics
16,1,0.0,0.0,0.0,0.9,0.0,naics
17,1,0.9999999999933333,0.15,0.0,0.2,0.03,naics
18,0,0.0,0.0,0.0,0.4,0.0,naics
19,1,0.0,0.0,0.0,0.5,0.0,naics
20,0,-0.9999999999933333,0.0,0.15,0.7,0.225,naics
21,0,0.0,0.0,0.0,0.2,0.0,naics
22,1,0.0,0.0,0.0,0.5,0.0,naics
23,0,0.0,0.0,0.0,0.4,0.0,naics
24,0,0.0,0.0,0.0,0.4,0.16999999999999998,naics
25,1,0.0,0.0,0.0,0.8,0.0,naics
26,0,0.0,0.0,0.0,0.6,0.0,naics
27,1,0.0,0.0,0.0,0.6,0.0,naics
28,0,-0.9999999999933333,0.0,0.15,0.6,0.10500000000000001,naics
29,0,0.0,0.0,0.0,0.4,0.015,naics
30,1,0.0,0.0,0.0,0.2,0.0,naics
31,1,0.0,0.0,0.0,0.4,0.015,naics
32,1,-0.33333333333259263,0.15,0.3,0.5,0.5349999999999999,naics
33,0,0.0,0.0,0.0,0.6,0.015,naics
34,1,0.0,0.0,0.0,0.9,0.0,naics
35,1,-0.9999999999933333,0.0,0.15,0.9,0.075,naics
36,1,0.0,0.0,0.0,0.9,0.0,naics
37,0,0.0,0.0,0.0,0.5,0.0,naics
38,1,0.0,0.0,0.0,0.8,0.0,naics
39,1,0.0,0.0,0.0,0.8,0.03,naics
40,0,0.0,0.0,0.0,0.7,0.06,naics
41,0,-0.4545454545446281,0.15,0.4,0.7,0.37,naics
42,0,0.0,0.0,0.0,0.1,0.0,naics
43,0,0.0,0.0,0.0,0.3,0.0,naics
44,1,0.0,0.0,0.0,0.8,0.0,naics
45,0,-0.9999999999933333,0.0,0.15,0.8,0.06,naics
46,0,0.0,0.0,0.0,0.6,0.10500000000000001,naics
47,0,-0.9999999999933333,0.0,0.15,0.8,0.06,naics
48,1,0.0,0.0,0.0,0.5,0.0,naics
49,0,0.0,0.0,0.0,0.4,0.0,naics
50,0,0.0,0.0,0.0,0.2,0.0,naics
51,1,0.0,0.0,0.0,0.6,0.0,naics
52,0,0.0,0.0,0.0,0.8,0.06,naics
53,1,0.0,0.0,0.0,0.4,0.045,naics
54,0,0.0,0.0,0.0,0.6,0.0,naics
55,1,-0.9999999999933333,0.0,0.15,0.7,0.18,naics
56,0,0.0,0.0,0.0,0.9,0.0,naics
57,1,0.0,0.0,0.0,0.5,0.0,naics
58,1,0.0,0.0,0.0,0.4,0.045,naics
59,1,0.0,0.0,0.0,0.5,0.0,naics
60,1,0.0,0.0,0.0,0.8,0.0,naics
61,1,0.0,0.0,0.0,0.5,0.0,naics
62,0,0.0,0.0,0.0,0.7,0.03,naics
63,1,0.0,0.0,0.0,0.7,0.045,naics
64,1,0.0,0.0,0.0,0.8,0.0,naics
65,0,0.0,0.0,0.0,0.4,0.0,naics
66,0,-0.9999999999933333,0.0,0.15,0.7,0.23500000000000001,naics
67,1,0.0,0.0,0.0,0.5,0.0,naics
68,1,0.0,0.0,0.0,0.3,0.0,naics
69,1,0.9999999999933333,0.15,0.0,0.2,0.135,naics
70,1,0.0,0.0,0.0,0.7,0.0,naics
71,0,0.0,0.0,0.0,0.5,0.0,naics
72,1,0.0,0.0,0.0,0.6,0.0,naics
73,0,0.0,0.0,0.0,0.6,0.0,naics
74,1,0.0,0.0,0.0,0.4,0.0,naics
75,0,-0.5999999999992,0.15,0.6,0.8,0.4749999999999999,naics
76,0,0.0,0.0,0.0,0.8,0.0,naics
77,1,0.0,0.0,0.0,0.3,0.18,naics
78,0,0.0,0.0,0.0,0.9,0.045,naics
79,1,0.0,0.0,0.0,0.5,0.0,naics
80,1,0.0,0.0,0.0,0.7,0.0,naics
81,1,0.0,0.0,0.0,0.9,0.0,naics
82,0,0.0,0.0,0.0,0.7,0.0,naics
83,0,0.0,0.0,0.0,0.5,0.015,naics
84,0,-0.9999999999966668,0.0,0.3,0.6,0.225,naics
85,0,0.0,0.0,0.0,0.3,0.0,naics
86,1,0.0,0.0,0.0,0.7,0.09,naics
87,1,0.0,0.0,0.0,0.6,0.0,naics
88,0,0.0,0.3,0.3,0.8,0.26999999999999996,naics
89,0,0.0,0.0,0.0,0.4,0.0,naics
90,0,0.0,0.0,0.0,0.5,0.0,naics
91,0,0.0,0.0,0.0,0.4,0.03,naics
92,0,0.0,0.0,0.0,0.7,0.045,naics
93,0,0.0,0.0,0.0,0.3,0.045,naics
94,1,0.0,0.0,0.0,0.3,0.09,naics
95,1,0.0,0.0,0.0,0.5,0.0,naics
96,1,0.0,0.0,0.0,0.7,0.0,naics
97,1,0.0,0.0,0.0,0.5,0.0,naics
98,1,0.0,0.0,0.0,0.5,0.03,naics
99,0,0.0,0.0,0.0,0.7,0.015,naics
100,0,-0.9999999999933333,0.0,0.15,0.8,0.135,naics
101,1,0.0,0.0,0.0,0.3,0.4116666666666666,naics
102,1,0.0,0.0,0.0,0.8,0.0,naics
103,0,0.0,0.0,0.0,0.5,0.0,naics
104,0,0.0,0.0,0.0,0.6,0.075,naics
105,1,0.0,0.0,0.0,0.6,0.0,naics
106,1,0.0,0.0,0.0,0.5,0.0,naics
107,1,0.0,0.0,0.0,0.6,0.09,naics
108,1,0.0,0.0,0.0,0.3,0.0,naics
109,0,-0.9999999999933333,0.0,0.15,0.9,0.12,naics
110,1,0.0,0.0,0.0,0.9,0.0,naics
111,0,0.0,0.0,0.0,0.7,0.0,naics
112,0,0.0,0.0,0.0,0.5,0.0,naics
113,1,0.0,0.0,0.0,0.5,0.0,naics
114,0,-0.9999999999933333,0.0,0.15,0.8,0.375,naics
115,0,0.9999999999975001,0.4,0.0,0.4,0.27999999999999997,naics
116,0,0.0,0.0,0.0,0.3,0.0,naics
117,1,0.0,0.0,0.0,0.6,0.0,naics
118,1,0.0,0.0,0.0,0.8,0.0,naics
119,1,0.0,0.0,0.0,0.5,0.0,naics
120,0,0.0,0.0,0.0,0.3,0.0,naics
121,1,0.0,0.0,0.0,0.4,0.0,naics
122,0,0.0,0.0,0.0,0.7,0.03,naics
123,0,0.0,0.0,0.0,0.8,0.0,naics
124,0,0.0,0.0,0.0,0.8,0.0,naics
125,0,0.0,0.0,0.0,0.5,0.0,naics
126,1,0.0,0.0,0.0,0.4,0.0,naics
127,0,0.0,0.0,0.0,0.6,0.0,naics
128,1,0.0,0.0,0.0,0.6,0.0,naics
129,0,0.0,0.0,0.0,0.5,0.06,naics
130,1,0.0,0.0,0.0,0.7,0.0,naics
131,0,0.0,0.0,0.0,0.4,0.0,naics
132,0,0.0,0.0,0.0,0.5,0.0,naics
133,1,0.0,0.0,0.0,0.4,0.0,naics
134,1,-0.9999999999933333,0.0,0.15,0.7,0.12,naics
135,1,0.0,0.0,0.0,0.4,0.0,naics
136,0,-0.9999999999933333,0.0,0.15,0.8,0.10500000000000001,naics
137,0,0.0,0.0,0.0,0.2,0.045,naics
138,0,0.0,0.0,0.0,0.7,0.015,naics
139,0,0.0,0.0,0.0,0.7,0.0,naics
140,0,0.0,0.0,0.0,0.6,0.0,naics
141,1,0.0,0.0,0.0,0.9,0.0,naics
142,1,0.0,0.0,0.0,0.8,0.0,naics
143,0,0.0,0.0,0.0,0.6,0.0,naics
144,0,0.0,0.0,0.0,0.5,0.045,naics
145,0,0.0,0.0,0.0,0.4,0.0,naics
146,0,0.0,0.0,0.0,0.5,0.0,naics
147,0,0.0,0.0,0.0,0.6,0.0,naics
148,0,0.0,0.0,0.0,0.5,0.0,naics
149,0,0.0,0.0,0.0,0.6,0.0,naics
150,0,0.0,0.0,0.0,0.4,0.0,naics
151,0,0.0,0.0,0.0,0.5,0.0,naics
152,0,0.0,0.0,0.0,0.8,0.0,naics
153,0,0.0,0.0,0.0,0.5,0.27999999999999997,naics
154,0,0.0,0.0,0.0,0.9,0.03,naics
155,0,0.0,0.0,0.0,0.7,0.0,naics
156,0,0.0,0.0,0.0,0.2,0.0,naics
157,0,0.0,0.0,0.0,0.5,0.0,naics
158,0,0.0,0.0,0.0,0.4,0.075,naics
159,0,0.0,0.0,0.0,0.1,0.0,naics
160,0,0.0,0.0,0.0,0.7,0.0,naics
161,0,0.0,0.0,0.0,0.4,0.0,naics
162,1,-0.9999999999966668,0.0,0.3,0.7,0.255,naics
163,0,0.0,0.0,0.0,0.6,0.0,naics
164,0,0.0,0.0,0.0,0.4,0.18,naics
165,0,0.0,0.0,0.0,0.8,0.015,naics
166,0,0.0,0.0,0.0,0.2,0.0,naics
167,1,0.0,0.0,0.0,0.7,0.21999999999999997,naics
168,1,0.0,0.0,0.0,0.8,0.0,naics
169,0,0.0,0.0,0.0,0.5,0.0,naics
170,0,0.0,0.0,0.0,0.6,0.0,naics
171,1,-0.9999999999933333,0.0,0.15,0.7,0.13499999999999998,naics
172,1,0.0,0.0,0.0,0.8,0.09,naics
173,0,0.0,0.0,0.0,0.7,0.0,naics
174,1,0.0,0.0,0.0,0.7,0.03,naics
175,1,-0.9999999999975001,0.0,0.4,0.9,0.225,naics
176,0,0.0,0.0,0.0,0.6,0.0,naics
177,1,0.0,0.0,0.0,0.4,0.0,naics
178,0,0.0,0.0,0.0,0.7,0.03,naics
179,0,0.0,0.0,0.0,0.5,0.0,naics
180,0,0.0,0.0,0.0,0.6,0.0,naics
181,1,0.0,0.0,0.0,0.8,0.0,naics
182,1,0.0,0.0,0.0,0.3,0.0,naics
183,1,0.0,0.0,0.0,0.5,0.0,naics
184,1,0.0,0.0,0.0,1.0,0.0,naics
185,0,-0.53846153846071,0.15,0.5,0.6,0.43,naics
186,0,0.0,0.0,0.0,0.7,0.06,naics
187,1,0.0,0.0,0.0,0.8,0.0,naics
188,0,-0.9999999999966668,0.0,0.3,0.6,0.22999999999999998,naics
189,1,0.0,0.0,0.0,0.3,0.0,naics
190,1,0.0,0.0,0.0,0.4,0.0,naics
191,1,0.0,0.0,0.0,1.0,0.0,naics
192,1,0.0,0.0,0.0,0.4,0.14500000000000002,naics
193,1,0.0,0.0,0.0,0.9,0.0,naics
194,0,0.0,0.0,0.0,0.6,0.0,naics
195,0,0.0,0.0,0.0,0.4,0.0,naics
196,1,-0.9999999999966668,0.0,0.3,0.7,0.165,naics
197,1,0.0,0.0,0.0,0.7,0.0,naics
198,0,-0.999999999998,0.0,0.5,0.7,0.41500000000000004,naics
199,0,0.0,0.0,0.0,0.5,0.0,naics
200,0,0.0,0.0,0.0,0.4,0.06,naics
201,0,0.0,0.15,0.15,0.8,0.15,naics
202,0,0.0,0.0,0.0,0.8,0.03,naics
203,1,0.0,0.0,0.0,0.6,0.0,naics
204,1,-0.9999999999966668,0.0,0.3,0.9,0.165,naics
205,1,0.0,0.0,0.0,0.2,0.0,naics
206,1,0.0,0.0,0.0,0.3,0.0,naics
207,1,0.0,0.0,0.0,0.4,0.165,naics
208,1,0.0,0.0,0.0,0.4,0.0,naics
209,1,0.0,0.0,0.0,0.3,0.0,naics
210,1,0.0,0.0,0.0,0.8,0.0,naics
211,0,0.0,0.0,0.0,0.5,0.0,naics
212,0,0.0,0.0,0.0,0.1,0.0,naics
213,0,0.0,0.0,0.0,0.3,0.0,naics
214,0,0.0,0.0,0.0,0.3,0.0,naics
215,1,0.0,0.0,0.0,0.4,0.0,naics
216,1,0.0,0.0,0.0,0.7,0.0,naics
217,1,0.0,0.0,0.0,0.4,0.33499999999999996,naics
218,0,0.0,0.0,0.0,0.6,0.03,naics
220,0,-0.999999999998,0.0,0.5,0.7,0.43166666666666664,naics
221,1,0.0,0.0,0.0,0.6,0.0,naics
222,0,0.0,0.0,0.0,0.4,0.015,naics
223,0,0.0,0.0,0.0,0.7,0.0,naics
224,1,0.0,0.0,0.0,0.3,0.0,naics
225,0,0.0,0.0,0.0,0.5,0.06,naics
226,0,0.0,0.0,0.0,0.2,0.0,naics
227,1,0.0,0.0,0.0,0.4,0.0,naics
228,1,0.0,0.0,0.0,0.8,0.0,naics
229,1,0.0,0.0,0.0,0.6,0.0,naics
230,0,0.0,0.0,0.0,0.3,0.0,naics
231,1,0.0,0.0,0.0,0.7,0.0,naics
232,1,0.0,0.0,0.0,0.6,0.0,naics
233,1,0.0,0.0,0.0,0.5,0.19,naics
234,1,0.0,0.0,0.0,0.7,0.0,naics
235,0,0.0,0.0,0.0,0.5,0.0,naics
236,1,0.0,0.0,0.0,0.3,0.0,naics
237,0,0.0,0.0,0.0,0.7,0.0,naics
238,0,0.0,0.0,0.0,0.4,0.015,naics
239,1,0.0,0.0,0.0,1.0,0.015,naics
240,0,0.0,0.0,0.0,0.6,0.15,naics
241,1,0.0,0.0,0.0,0.5,0.03,naics
242,1,0.0,0.0,0.0,0.9,0.015,naics
243,0,0.0,0.0,0.0,0.5,0.0,naics
244,0,0.0,0.0,0.0,0.4,0.0,naics
245,1,0.0,0.0,0.0,0.7,0.0,naics
246,0,0.0,0.0,0.0,0.5,0.0,naics
247,0,0.0,0.0,0.0,0.8,0.03,naics
248,1,0.0,0.7,0.7,0.4,0.7599999999999999,naics
249,1,0.0,0.0,0.0,0.5,0.0,naics
250,1,0.0,0.0,0.0,0.4,0.0,naics
251,1,0.0,0.0,0.0,0.4,0.06,naics
252,1,0.0,0.0,0.0,0.5,0.015,naics
253,0,0.0,0.0,0.0,0.7,0.0,naics
254,1,0.0,0.0,0.0,0.8,0.0,naics
255,1,0.0,0.3,0.3,0.4,0.26999999999999996,naics
256,0,0.0,0.0,0.0,0.1,0.0,naics
257,0,0.0,0.0,0.0,0.7,0.0,naics
258,0,0.0,0.0,0.0,0.5,0.0,naics
259,1,0.0,0.0,0.0,0.4,0.0,naics
260,0,0.0,0.0,0.0,0.8,0.0,naics
261,1,0.0,0.0,0.0,0.5,0.0,naics
262,1,0.0,0.0,0.0,0.8,0.0,naics
263,0,0.0,0.0,0.0,0.4,0.15,naics
264,1,0.0,0.0,0.0,0.6,0.0,naics
265,1,0.0,0.0,0.0,0.6,0.10500000000000001,naics
266,0,0.0,0.0,0.0,0.7,0.0,naics
267,1,0.0,0.0,0.0,0.7,0.0,naics
268,0,-0.33333333333259263,0.15,0.3,0.6,0.255,naics
269,1,0.0,0.0,0.0,0.6,0.0,naics
270,1,0.0,0.0,0.0,0.5,0.0,naics
271,0,0.0,0.0,0.0,0.7,0.0,naics
272,1,0.0,0.0,0.0,0.0,0.0,naics
273,0,0.0,0.0,0.0,0.5,0.0,naics
274,1,0.0,0.0,0.0,0.5,0.0,naics
275,1,0.0,0.0,0.0,0.6,0.0,naics
276,1,0.0,0.0,0.0,0.5,0.015,naics
277,1,0.0,0.0,0.0,0.8,0.03,naics
278,0,0.0,0.0,0.0,0.9,0.03,naics
279,0,0.0,0.0,0.0,0.8,0.06,naics
280,0,0.0,0.0,0.0,0.2,0.0,naics
281,0,0.0,0.0,0.0,0.3,0.0,naics
282,1,0.0,0.0,0.0,0.7,0.015,naics
283,0,0.0,0.0,0.0,0.8,0.0,naics
284,1,0.0,0.0,0.0,0.7,0.0,naics
285,1,0.0,0.0,0.0,0.5,0.0,naics
286,0,0.0,0.0,0.0,0.8,0.0,naics
287,0,0.0,0.0,0.0,0.8,0.09,naics
288,1,0.0,0.0,0.0,0.4,0.0,naics
289,0,0.0,0.0,0.0,0.2,0.0,naics
290,1,0.0,0.0,0.0,0.4,0.0,naics
291,1,0.0,0.0,0.0,0.6,0.0,naics
292,1,0.0,0.0,0.0,0.5,0.0,naics
293,1,0.0,0.0,0.0,1.0,0.0,naics
294,1,0.0,0.0,0.0,0.8,0.0,naics
295,0,0.0,0.0,0.0,0.7,0.06,naics
296,1,0.0,0.0,0.0,0.6,0.0,naics
297,1,0.0,0.0,0.0,0.8,0.015,naics
298,1,0.0,0.0,0.0,0.4,0.0,naics
299,1,0.0,0.0,0.0,0.3,0.195,naics
300,0,0.0,0.3,0.3,0.5,0.26999999999999996,naics
301,0,0.0,0.0,0.0,0.6,0.0,naics
302,0,-0.9999999999966668,0.0,0.3,0.7,0.24,naics
303,0,0.0,0.0,0.0,0.5,0.06,naics
304,1,0.0,0.0,0.0,0.7,0.0,naics
305,0,0.999999999998,0.5,0.0,0.8,0.42833333333333334,naics
306,0,0.0,0.0,0.0,0.5,0.12,naics
307,1,0.0,0.0,0.0,0.6,0.09,naics
308,0,0.0,0.0,0.0,0.8,0.06,naics
309,0,0.0,0.0,0.0,0.5,0.0,naics
310,0,-0.9999999999966668,0.0,0.3,0.6,0.22999999999999998,naics
311,1,0.0,0.0,0.0,0.8,0.0,naics
312,1,0.0,0.0,0.0,0.7,0.03,naics
313,1,0.0,0.0,0.0,0.2,0.0,naics
314,1,0.0,0.0,0.0,0.1,0.2816666666666666,naics
315,1,0.0,0.0,0.0,0.6,0.0,naics
316,0,0.0,0.0,0.0,0.4,0.06,naics
317,0,-0.999999999998,0.0,0.5,0.2,0.4,naics
318,1,-0.9999999999933333,0.0,0.15,0.6,0.36,naics
319,0,0.0,0.0,0.0,0.6,0.0,naics
320,1,0.0,0.0,0.0,0.8,0.0,naics
321,0,0.0,0.0,0.0,0.5,0.0,naics
322,1,0.0,0.0,0.0,0.5,0.15,naics
323,1,0.0,0.0,0.0,0.4,0.24,naics
324,1,0.0,0.0,0.0,0.5,0.0,naics
325,0,0.0,0.15,0.15,0.5,0.31,naics
326,1,0.0,0.0,0.0,0.6,0.03,naics
327,0,-0.42857142857112246,0.4,1.0,0.7,0.805,naics
328,1,0.0,0.0,0.0,0.5,0.075,naics
329,1,0.0,0.0,0.0,0.9,0.0,naics
330,0,0.0,0.0,0.0,0.7,0.0,naics
331,1,0.0,0.0,0.0,0.8,0.0,naics
332,1,-0.9999999999966668,0.0,0.3,0.7,0.16499999999999998,naics
333,1,0.0,0.0,0.0,0.8,0.0,naics
334,1,0.0,0.0,0.0,0.6,0.0,naics
335,0,0.9999999999933333,0.15,0.0,0.5,0.13499999999999998,naics
336,1,0.0,0.0,0.0,0.5,0.0,naics
337,1,0.0,0.0,0.0,1.0,0.0,naics
338,1,0.0,0.0,0.0,0.4,0.03,naics
339,1,0.0,0.0,0.0,0.6,0.0,naics
340,0,0.0,0.0,0.0,0.6,0.06,naics
341,0,0.0,0.4,0.4,0.5,0.41,naics
342,1,0.0,0.0,0.0,0.9,0.0,naics
343,1,0.0,0.0,0.0,0.5,0.165,naics
344,0,0.0,0.0,0.0,0.6,0.0,naics
345,0,0.0,0.15,0.15,0.6,0.16499999999999998,naics
346,1,0.0,0.0,0.0,1.0,0.0,naics
347,1,0.0,0.0,0.0,0.7,0.0,naics
348,0,0.0,0.0,0.0,0.4,0.06,naics
349,0,0.0,0.0,0.0,0.9,0.0,naics
350,1,0.0,0.0,0.0,0.8,0.015,naics
351,0,0.0,0.0,0.0,0.6,0.0,naics
352,1,0.0,0.0,0.0,0.5,0.0,naics
353,1,0.0,0.0,0.0,0.6,0.0,naics
354,1,0.0,0.0,0.0,0.3,0.0,naics
355,0,0.0,0.0,0.0,0.2,0.0,naics
356,0,0.0,0.4,0.4,0.7,0.38,naics
357,1,0.0,0.0,0.0,0.6,0.0,naics
358,1,0.0,0.0,0.0,0.5,0.0,naics
359,0,0.0,0.0,0.0,0.7,0.0,naics
360,1,0.0,0.0,0.0,0.6,0.0,naics
361,0,0.0,0.0,0.0,0.7,0.0,naics
362,0,0.0,0.0,0.0,0.5,0.0,naics
363,0,0.0,0.0,0.0,0.7,0.165,naics
364,1,0.0,0.0,0.0,0.7,0.0,naics
365,1,0.0,0.0,0.0,0.3,0.0,naics
366,1,0.0,0.0,0.0,0.5,0.0,naics
367,1,0.0,0.0,0.0,0.3,0.0,naics
368,0,0.0,0.0,0.0,0.6,0.0,naics
369,0,0.0,0.0,0.0,0.4,0.0,naics
370,1,0.0,0.0,0.0,0.8,0.0,naics
372,1,0.0,0.0,0.0,0.5,0.12,naics
373,0,0.0,0.0,0.0,0.5,0.015,naics
374,0,-0.9999999999933333,0.0,0.15,0.8,0.18,naics
375,0,0.0,0.0,0.0,0.3,0.03,naics
376,0,0.0,0.0,0.0,0.9,0.0,naics
377,1,0.0,0.0,0.0,0.5,0.0,naics
378,0,0.9999999999933333,0.15,0.0,0.6,0.20500000000000002,naics
379,1,0.0,0.0,0.0,0.8,0.0,naics
380,1,0.0,0.0,0.0,0.1,0.0,naics
381,1,0.0,0.0,0.0,0.7,0.045,naics
382,1,0.0,0.0,0.0,0.7,0.03,naics
383,1,0.0,0.0,0.0,0.4,0.0,naics
384,1,0.0,0.0,0.0,0.2,0.0,naics
385,0,0.0,0.0,0.0,0.8,0.0,naics
386,1,0.0,0.0,0.0,0.9,0.0,naics
387,1,0.0,0.0,0.0,0.3,0.0,naics
388,1,0.0,0.0,0.0,0.9,0.0,naics
389,0,0.9999999999966668,0.3,0.0,0.7,0.24,naics
390,1,0.0,0.0,0.0,0.5,0.0,naics
391,1,0.0,0.0,0.0,0.5,0.0,naics
392,0,0.0,0.0,0.0,0.3,0.0,naics
393,1,0.0,0.0,0.0,0.8,0.0,naics
394,1,0.0,0.0,0.0,0.5,0.045,naics
395,1,0.0,0.0,0.0,0.6,0.0,naics
396,0,0.0,0.0,0.0,0.0,0.0,naics
397,1,0.0,0.0,0.0,0.7,0.0,naics
399,1,0.0,0.0,0.0,0.3,0.10500000000000001,naics
400,1,0.0,0.0,0.0,0.5,0.29999999999999993,naics
401,0,0.0,0.0,0.0,0.7,0.0,naics
402,0,0.0,0.0,0.0,0.7,0.0,naics
403,0,0.0,0.0,0.0,0.5,0.0,naics
404,1,0.0,0.0,0.0,0.8,0.0,naics
405,1,0.0,0.0,0.0,0.5,0.0,naics
406,0,-0.9999999999975001,0.0,0.4,0.4,0.32,naics
407,1,0.0,0.0,0.0,0.7,0.0,naics
408,0,0.0,0.0,0.0,0.4,0.0,naics
409,1,0.0,0.0,0.0,0.4,0.0,naics
410,0,0.0,0.0,0.0,0.4,0.0,naics
411,1,0.0,0.0,0.0,0.7,0.015,naics
412,0,0.0,0.0,0.0,0.5,0.0,naics
413,0,0.0,0.0,0.0,0.6,0.09,naics
414,0,0.0,0.15,0.15,0.7,0.14999999999999997,naics
415,1,-0.9999999999933333,0.0,0.15,0.3,0.12,naics
416,1,0.0,0.0,0.0,0.6,0.0,naics
417,1,0.0,0.0,0.0,1.0,0.0,naics
418,0,0.0,0.0,0.0,0.6,0.0,naics
419,0,0.0,0.0,0.0,0.7,0.0,naics
420,0,0.0,0.0,0.0,0.8,0.03,naics
421,1,0.0,0.0,0.0,0.6,0.0,naics
422,0,0.0,0.0,0.0,0.4,0.03,naics
423,1,0.0,0.0,0.0,0.6,0.0,naics
424,0,0.0,0.0,0.0,0.7,0.0,naics
425,1,0.0,0.0,0.0,0.7,0.0,naics
426,1,0.0,0.0,0.0,0.3,0.21000000000000002,naics
427,0,0.0,0.0,0.0,0.6,0.27,naics
428,1,0.0,0.0,0.0,0.5,0.0,naics
429,0,0.0,0.0,0.0,0.7,0.0,naics
430,1,0.0,0.0,0.0,0.7,0.0,naics
431,1,-0.9999999999933333,0.0,0.15,0.7,0.09,naics
432,1,0.0,0.0,0.0,0.8,0.0,naics
433,1,0.0,0.0,0.0,0.8,0.0,naics
434,0,0.0,0.0,0.0,0.4,0.0,naics
435,0,0.0,0.0,0.0,0.8,0.0,naics
436,1,0.0,0.0,0.0,0.4,0.0,naics
437,1,0.0,0.0,0.0,0.8,0.0,naics
438,1,0.0,0.0,0.0,0.5,0.0,naics
439,0,-0.9999999999975001,0.0,0.4,0.8,0.26999999999999996,naics
440,0,0.0,0.0,0.0,0.3,0.0,naics
441,1,0.0,0.0,0.0,0.3,0.0,naics
442,1,0.0,0.0,0.0,0.5,0.0,naics
443,1,0.0,0.0,0.0,0.7,0.03,naics
444,1,0.0,0.0,0.0,0.0,0.0,naics
445,1,0.0,0.0,0.0,0.5,0.0,naics
446,1,0.0,0.0,0.0,0.1,0.0,naics
447,0,0.0,0.0,0.0,0.5,0.0,naics
448,0,0.0,0.0,0.0,0.7,0.0,naics
449,0,0.0,0.0,0.0,0.6,0.0,naics
450,0,-0.9999999999933333,0.0,0.15,0.6,0.19499999999999998,naics
451,0,0.0,0.0,0.0,0.7,0.03,naics
452,0,0.0,0.0,0.0,0.4,0.0,naics
453,1,0.0,0.0,0.0,0.4,0.0,naics
454,1,0.0,0.0,0.0,0.8,0.0,naics
455,1,0.0,0.0,0.0,0.5,0.03,naics
456,1,0.0,0.0,0.0,0.6,0.0,naics
457,1,0.0,0.0,0.0,0.9,0.0,naics
458,0,0.0,0.0,0.0,0.6,0.0,naics
459,1,0.0,0.0,0.0,0.6,0.0,naics
460,1,0.0,0.0,0.0,0.7,0.0,naics
461,0,0.0,0.0,0.0,0.3,0.03,naics
462,1,0.0,0.0,0.0,0.9,0.0,naics
463,0,0.0,0.0,0.0,0.8,0.0,naics
464,0,0.0,0.0,0.0,0.4,0.0,naics
465,0,-0.9999999999985001,0.0,0.6666666666666666,0.9,0.4866666666666667,naics
467,1,0.0,0.0,0.0,0.6,0.0,naics
468,0,0.0,0.0,0.0,0.4,0.0,naics
469,0,0.0,0.0,0.0,0.4,0.0,naics
470,1,0.0,0.0,0.0,0.7,0.0,naics
471,1,0.0,0.0,0.0,0.3,0.0,naics
472,1,0.0,0.0,0.0,0.6,0.0,naics
473,0,0.0,0.0,0.0,0.7,0.0,naics
474,0,0.0,0.0,0.0,0.1,0.0,naics
475,1,0.0,0.0,0.0,0.7,0.03,naics
476,0,0.0,0.0,0.0,0.3,0.0,naics
477,1,0.0,0.0,0.0,0.8,0.0,naics
478,1,0.0,0.0,0.0,0.5,0.075,naics
479,0,0.0,0.0,0.0,0.7,0.0,naics
480,1,0.0,0.0,0.0,0.9,0.0,naics
481,1,0.0,0.0,0.0,0.9,0.0,naics
482,0,-0.53846153846071,0.15,0.5,0.8,0.43,naics
483,0,-0.5999999999992,0.15,0.6,0.6,0.5399999999999999,naics
484,1,0.0,0.0,0.0,0.6,0.0,naics
485,1,0.0,0.0,0.0,0.7,0.0,naics
486,1,0.0,0.0,0.0,0.5,0.0,naics
487,0,0.0,0.0,0.0,0.6,0.03,naics
488,1,0.0,0.0,0.0,0.7,0.0,naics
489,0,0.0,0.0,0.0,0.4,0.0,naics
490,1,0.0,0.0,0.0,0.6,0.0,naics
491,0,0.0,0.0,0.0,0.2,0.0,naics
492,0,0.0,0.0,0.0,0.9,0.0,naics
493,1,0.0,0.0,0.0,0.5,0.10500000000000001,naics
494,1,0.0,0.0,0.0,0.6,0.0,naics
495,1,0.0,0.0,0.0,0.1,0.10500000000000001,naics
496,1,0.0,0.0,0.0,0.3,0.0,naics
498,1,0.0,0.0,0.0,0.5,0.265,naics
499,1,0.0,0.0,0.0,0.8,0.0,naics
500,1,0.0,0.0,0.0,0.4,0.0,naics
501,1,0.0,0.0,0.0,0.5,0.09,naics
502,1,0.9999999999933333,0.15,0.0,0.3,0.37,naics
503,1,0.0,0.0,0.0,0.8,0.0,naics
504,0,0.0,0.0,0.0,0.7,0.03,naics
505,0,0.0,0.0,0.0,0.5,0.0,naics
506,1,0.0,0.0,0.0,0.7,0.0,naics
507,0,0.0,0.0,0.0,0.6,0.0,naics
508,0,-0.9999999999966668,0.0,0.3,0.6,0.24,naics
510,0,0.0,0.0,0.0,0.6,0.0,naics
511,1,0.0,0.0,0.0,0.6,0.0,naics
512,0,0.0,0.0,0.0,0.6,0.0,naics
513,0,0.0,0.0,0.0,0.7,0.0,naics
514,0,0.0,0.0,0.0,0.5,0.0,naics
515,1,0.0,0.0,0.0,0.9,0.0,naics
516,1,0.9999999999933333,0.15,0.0,0.5,0.12,naics
517,0,0.0,0.0,0.0,0.5,0.0,naics
518,0,0.0,0.0,0.0,0.5,0.0,naics
519,1,0.0,0.0,0.0,0.4,0.0,naics
520,0,0.0,0.0,0.0,0.4,0.0,naics
521,1,0.0,0.0,0.0,0.3,0.06,naics
522,1,0.0,0.0,0.0,0.8,0.0,naics
523,0,0.0,0.0,0.0,0.5,0.0,naics
524,1,0.0,0.0,0.0,0.6,0.0,naics
525,0,0.0,0.0,0.0,0.4,0.0,naics
526,0,0.0,0.0,0.0,0.4,0.0,naics
527,1,0.0,0.0,0.0,0.3,0.0,naics
528,0,0.0,0.0,0.0,0.7,0.0,naics
529,0,0.0,0.0,0.0,0.4,0.015,naics
530,0,0.0,0.0,0.0,0.5,0.0,naics
531,1,0.9999999999933333,0.15,0.0,0.4,0.10500000000000001,naics
532,1,0.0,0.0,0.0,0.7,0.0,naics
533,1,0.0,0.0,0.0,0.3,0.075,naics
534,0,0.0,0.0,0.0,0.5,0.075,naics
536,0,-0.9999999999933333,0.0,0.15,0.6,0.32999999999999996,naics
537,1,0.0,0.0,0.0,0.3,0.0,naics
538,1,0.0,0.0,0.0,0.7,0.0,naics
539,1,0.0,0.0,0.0,0.3,0.0,naics
540,1,0.0,0.0,0.0,0.6,0.0,naics
541,0,0.0,0.0,0.0,0.3,0.0,naics
542,1,0.0,0.0,0.0,0.6,0.0,naics
543,1,0.0,0.0,0.0,0.6,0.0,naics
544,0,-0.9999999999933333,0.0,0.15,0.9,0.045,naics
545,0,0.0,0.0,0.0,0.4,0.0,naics
546,0,0.0,0.0,0.0,0.7,0.0,naics
547,0,0.0,0.0,0.0,0.7,0.015,naics
548,0,0.0,0.0,0.0,0.6,0.0,naics
549,1,0.0,0.0,0.0,0.8,0.0,naics
550,0,0.0,0.0,0.0,0.4,0.0,naics
551,1,0.0,0.0,0.0,0.1,0.0,naics
552,0,0.0,0.0,0.0,0.5,0.0,naics
553,0,0.0,0.0,0.0,0.3,0.39,naics
554,1,0.0,0.0,0.0,0.8,0.0,naics
555,0,0.0,0.0,0.0,0.6,0.15,naics
556,0,0.9999999999966668,0.3,0.0,0.4,0.20999999999999996,naics
557,0,0.0,0.0,0.0,0.2,0.0,naics
558,1,0.0,0.0,0.0,0.7,0.0,naics
559,1,-0.9999999999933333,0.0,0.15,0.9,0.13499999999999998,naics
560,1,0.0,0.3,0.3,0.4,0.26999999999999996,naics
561,0,0.0,0.0,0.0,0.5,0.0,naics
562,1,0.0,0.0,0.0,0.5,0.0,naics
563,1,0.0,0.0,0.0,0.7,0.0,naics
564,0,-0.999999999998,0.0,0.5,0.6,0.365,naics
565,0,0.0,0.0,0.0,0.8,0.0,naics
566,0,0.0,0.0,0.0,0.6,0.0,naics
567,0,0.0,0.0,0.0,0.6,0.0,naics
568,1,0.0,0.0,0.0,0.8,0.045,naics
569,1,-0.9999999999933333,0.0,0.15,0.7,0.225,naics
570,0,0.0,0.0,0.0,0.2,0.0,naics
571,0,0.0,0.0,0.0,0.7,0.045,naics
572,1,0.0,0.0,0.0,0.6,0.16999999999999998,naics
573,1,0.0,0.0,0.0,0.7,0.0,naics
575,0,0.0,0.0,0.0,0.6,0.0,naics
576,1,0.0,0.0,0.0,0.8,0.0,naics
577,1,0.0,0.0,0.0,0.6,0.0,naics
578,1,0.0,0.0,0.0,0.8,0.0,naics
579,1,0.0,0.0,0.0,0.5,0.0,naics
580,1,0.0,0.0,0.0,0.7,0.0,naics
581,1,0.0,0.0,0.0,0.7,0.0,naics
582,1,0.9999999999933333,0.15,0.0,0.5,0.18,naics
583,1,0.0,0.0,0.0,0.9,0.0,naics
584,0,-0.9999999999933333,0.0,0.15,0.8,0.06,naics
585,0,-0.9999999999933333,0.0,0.15,0.8,0.06,naics
586,0,-0.9999999999933333,0.0,0.15,0.8,0.06,naics
587,1,0.0,0.0,0.0,0.8,0.0,naics
588,1,0.0,0.0,0.0,0.3,0.0,naics
589,0,0.0,0.0,0.0,0.7,0.0,naics
590,0,0.0,0.0,0.0,0.2,0.0,naics
591,1,0.0,0.0,0.0,0.8,0.0,naics
592,1,0.0,0.0,0.0,0.7,0.03,naics
593,1,0.0,0.0,0.0,0.5,0.35,naics
594,0,-0.9999999999933333,0.0,0.15,0.8,0.06,naics
595,1,0.0,0.0,0.0,0.8,0.0,naics
596,0,0.0,0.0,0.0,0.4,0.0,naics
597,1,0.0,0.0,0.0,0.7,0.0,naics
598,1,0.0,0.0,0.0,0.5,0.0,naics
599,1,0.0,0.0,0.0,0.3,0.22000000000000003,naics
600,1,0.0,0.0,0.0,0.6,0.0,naics
601,1,0.0,0.0,0.0,0.6,0.0,naics
602,1,0.0,0.0,0.0,0.6,0.0,naics
603,0,0.0,0.0,0.0,0.6,0.0,naics
604,0,0.0,0.0,0.0,0.7,0.045,naics
605,0,0.0,0.0,0.0,0.4,0.12,naics
606,1,0.0,0.0,0.0,0.3,0.215,naics
607,1,0.0,0.0,0.0,0.6,0.0,naics
608,0,0.0,0.0,0.0,0.5,0.0,naics
609,1,0.0,0.0,0.0,0.5,0.0,naics
610,1,0.0,0.0,0.0,0.4,0.0,naics
611,0,0.0,0.0,0.0,0.7,0.06,naics
612,1,-0.9999999999933333,0.0,0.15,0.7,0.12,naics
613,1,0.0,0.0,0.0,0.7,0.03,naics
614,0,0.0,0.0,0.0,0.5,0.0,naics
616,1,0.0,0.0,0.0,0.8,0.0,naics
617,0,0.0,0.0,0.0,0.7,0.0,naics
618,0,0.0,0.0,0.0,0.7,0.0,naics
619,1,-0.9999999999966668,0.0,0.3,0.6,0.285,naics
620,0,0.0,0.0,0.0,0.2,0.0,naics
621,0,0.0,0.0,0.0,0.7,0.0,naics
622,0,0.0,0.0,0.0,0.7,0.0,naics
623,1,0.9999999999933333,0.15,0.0,0.5,0.15,naics
624,0,0.0,0.0,0.0,0.8,0.0,naics
625,0,-0.9999999999933333,0.0,0.15,0.6,0.315,naics
626,0,0.0,0.0,0.0,0.9,0.0,naics
627,1,0.0,0.0,0.0,0.4,0.0,naics
628,1,0.0,0.0,0.0,0.2,0.0,naics
629,0,0.0,0.0,0.0,0.3,0.0,naics
630,1,0.0,0.0,0.0,0.8,0.0,naics
631,1,0.0,0.0,0.0,0.6,0.0,naics
632,1,0.0,0.0,0.0,0.6,0.045,naics
633,1,0.0,0.0,0.0,0.6,0.0,naics
634,1,0.0,0.0,0.0,0.9,0.09,naics
635,0,0.0,0.0,0.0,0.6,0.03,naics
636,1,0.0,0.0,0.0,0.2,0.0,naics
637,0,0.0,0.0,0.0,0.6,0.0,naics
638,0,0.0,0.0,0.0,0.7,0.0,naics
639,0,0.0,0.0,0.0,0.7,0.0,naics
640,1,0.0,0.0,0.0,0.5,0.0,naics
641,0,0.0,0.0,0.0,0.6,0.03,naics
642,1,0.0,0.0,0.0,0.9,0.0,naics
643,1,0.0,0.3,0.3,0.1,0.5416666666666666,naics
644,0,0.0,0.0,0.0,0.5,0.19,naics
645,0,0.0,0.0,0.0,0.3,0.0,naics
646,1,0.0,0.0,0.0,0.4,0.0,naics
647,0,0.0,0.0,0.0,0.6,0.24,naics
648,1,0.0,0.0,0.0,0.6,0.16999999999999998,naics
649,1,0.0,0.0,0.0,0.8,0.0,naics
650,0,0.0,0.0,0.0,0.7,0.0,naics
651,0,0.0,0.0,0.0,0.5,0.0,naics
652,0,0.0,0.0,0.0,0.7,0.045,naics
653,1,0.0,0.0,0.0,0.7,0.0,naics
654,0,0.9999999999966668,0.3,0.0,0.8,0.26999999999999996,naics
655,1,0.0,0.0,0.0,0.7,0.0,naics
656,0,0.0,0.0,0.0,0.7,0.0,naics
657,1,0.0,0.0,0.0,0.9,0.0,naics
660,1,0.0,0.0,0.0,0.3,0.0,naics
661,0,0.0,0.0,0.0,0.7,0.0,naics
662,0,0.0,0.0,0.0,0.6,0.0,naics
663,0,0.0,0.0,0.0,0.2,0.0,naics
664,1,0.0,0.0,0.0,0.3,0.0,naics
665,0,0.0,0.0,0.0,0.4,0.03,naics
666,1,0.0,0.0,0.0,0.4,0.0,naics
667,1,0.0,0.0,0.0,0.3,0.0,naics
668,1,0.0,0.0,0.0,0.4,0.06,naics
669,0,0.0,0.0,0.0,0.3,0.0,naics
670,0,0.0,0.0,0.0,0.5,0.0,naics
671,0,0.0,0.0,0.0,0.8,0.03,naics
672,1,0.0,0.0,0.0,0.6,0.0,naics
673,0,-0.9999999999933333,0.0,0.15,0.8,0.045,naics
674,1,0.0,0.0,0.0,0.9,0.0,naics
675,0,0.0,0.0,0.0,0.8,0.06,naics
676,1,0.0,0.0,0.0,0.8,0.045,naics
677,1,0.0,0.0,0.0,0.5,0.0,naics
678,1,0.0,0.0,0.0,0.6,0.0,naics
679,0,-0.9999999999933333,0.0,0.15,0.7,0.44000000000000006,naics
680,0,0.0,0.0,0.0,0.7,0.03,naics
681,0,0.0,0.0,0.0,0.6,0.0,naics
682,0,0.0,0.0,0.0,0.5,0.0,naics
683,1,0.9999999999933333,0.15,0.0,0.4,0.165,naics
684,1,0.0,0.0,0.0,1.0,0.0,naics
685,0,0.0,0.0,0.0,0.6,0.045,naics
686,1,0.0,0.0,0.0,0.9,0.0,naics
688,0,0.0,0.0,0.0,0.5,0.0,naics
689,1,0.0,0.0,0.0,0.7,0.0,naics
690,1,0.0,0.0,0.0,0.6,0.0,naics
691,1,0.0,0.0,0.0,0.6,0.0,naics
692,0,0.0,0.0,0.0,0.5,0.135,naics
694,1,0.0,0.0,0.0,0.6,0.03,naics
695,0,0.0,0.0,0.0,0.3,0.0,naics
696,1,0.0,0.0,0.0,0.7,0.075,naics
697,0,0.0,0.0,0.0,0.2,0.0,naics
698,1,0.0,0.0,0.0,0.9,0.0,naics
699,1,0.0,0.0,0.0,0.5,0.06,naics
700,0,0.0,0.15,0.15,0.6,0.15,naics
701,1,0.0,0.0,0.0,0.5,0.0,naics
702,0,0.0,0.0,0.0,0.5,0.0,naics
703,0,0.0,0.0,0.0,0.5,0.075,naics
704,1,0.0,0.0,0.0,0.7,0.0,naics
705,0,0.0,0.0,0.0,0.6,0.0,naics
706,1,0.0,0.0,0.0,0.5,0.0,naics
707,0,0.0,0.0,0.0,1.0,0.0,naics
708,1,0.0,0.0,0.0,0.7,0.0,naics
709,0,0.0,0.0,0.0,0.8,0.0,naics
710,0,0.0,0.0,0.0,0.5,0.0,naics
711,1,0.0,0.0,0.0,0.6,0.0,naics
712,0,0.0,0.0,0.0,0.8,0.0,naics
713,1,0.9999999999966668,0.3,0.0,0.2,0.26999999999999996,naics
714,0,0.0,0.0,0.0,0.7,0.0,naics
715,1,0.0,0.0,0.0,0.6,0.015,naics
716,0,0.0,0.0,0.0,0.5,0.0,naics
717,1,0.0,0.0,0.0,0.4,0.0,naics
718,0,0.0,0.0,0.0,0.5,0.0,naics
719,1,0.0,0.0,0.0,0.7,0.03,naics
720,0,0.0,0.0,0.0,0.4,0.03,naics
721,0,0.0,0.0,0.0,0.4,0.045,naics
722,0,0.0,0.0,0.0,0.6,0.0,naics
723,1,0.0,0.0,0.0,0.7,0.0,naics
724,0,0.0,0.0,0.0,0.3,0.0,naics
725,0,0.0,0.0,0.0,0.7,0.0,naics
726,1,0.0,0.0,0.0,0.5,0.19,naics
727,0,0.0,0.0,0.0,0.6,0.0,naics
728,0,0.0,0.0,0.0,0.5,0.0,naics
729,1,0.0,0.0,0.0,0.5,0.0,naics
731,0,0.0,0.0,0.0,0.5,0.0,naics
732,1,0.0,0.0,0.0,0.3,0.0,naics
733,0,0.0,0.0,0.0,0.8,0.12,naics
735,0,0.0,0.0,0.0,0.3,0.0,naics
736,1,0.0,0.0,0.0,0.4,0.015,naics
737,0,0.0,0.0,0.0,0.6,0.015,naics
739,1,0.0,0.0,0.0,0.5,0.0,naics
740,1,0.0,0.0,0.0,0.4,0.015,naics
741,1,0.0,0.0,0.0,0.5,0.0,naics
742,0,0.0,0.0,0.0,0.2,0.12,naics
743,0,0.0,0.0,0.0,0.4,0.0,naics
744,0,0.0,0.0,0.0,0.5,0.0,naics
745,1,0.9999999999933333,0.15,0.0,0.8,0.10500000000000001,naics
746,1,0.0,0.0,0.0,0.5,0.0,naics
747,1,0.0,0.0,0.0,0.7,0.0,naics
748,1,0.0,0.0,0.0,0.3,0.06,naics
749,1,0.0,0.0,0.0,0.2,0.0,naics
750,1,0.0,0.0,0.0,0.6,0.0,naics
751,0,0.0,0.0,0.0,0.1,0.0,naics
752,0,-0.9999999999933333,0.0,0.15,1.0,0.12,naics
753,1,0.0,0.0,0.0,0.5,0.0,naics
754,1,0.0,0.0,0.0,0.5,0.0,naics
755,0,0.0,0.0,0.0,0.4,0.0,naics
756,0,0.9999999999933333,0.15,0.0,0.4,0.24499999999999997,naics
757,1,0.0,0.0,0.0,0.3,0.24,naics
758,1,0.0,0.0,0.0,0.4,0.015,naics
759,0,0.0,0.0,0.0,0.4,0.0,naics
760,0,0.0,0.0,0.0,0.5,0.0,naics
761,1,-0.9999999999933333,0.0,0.15,0.8,0.12,naics
762,0,0.0,0.0,0.0,0.4,0.0,naics
763,0,0.0,0.0,0.0,0.4,0.0,naics
764,1,0.0,0.0,0.0,0.8,0.09,naics
765,0,0.0,0.0,0.0,0.8,0.045,naics
766,0,0.0,0.0,0.0,0.6,0.015,naics
767,0,0.0,0.0,0.0,0.4,0.0,naics
768,0,0.0,0.0,0.0,0.8,0.0,naics
769,0,0.0,0.0,0.0,0.3,0.0,naics
770,0,0.0,0.0,0.0,0.9,0.0,naics
771,1,0.0,0.0,0.0,0.5,0.275,naics
772,0,0.0,0.0,0.0,0.5,0.0,naics
773,0,0.0,0.0,0.0,0.6,0.0,naics
774,0,0.0,0.0,0.0,0.6,0.0,naics
775,0,0.0,0.0,0.0,0.4,0.0,naics
776,1,0.0,0.0,0.0,0.7,0.0,naics
777,1,0.0,0.0,0.0,0.6,0.03,naics
778,0,0.0,0.0,0.0,0.2,0.0,naics
780,1,0.0,0.0,0.0,0.3,0.06,naics
781,0,0.0,0.0,0.0,0.9,0.03,naics
783,0,0.0,0.0,0.0,0.4,0.0,naics
784,1,0.0,0.0,0.0,0.4,0.0,naics
785,1,0.0,0.0,0.0,0.7,0.0,naics
786,1,0.0,0.0,0.0,0.5,0.0,naics
787,1,0.0,0.0,0.0,0.6,0.0,naics
788,1,0.0,0.0,0.0,0.7,0.0,naics
789,0,0.0,0.0,0.0,0.5,0.0,naics
790,0,0.0,0.0,0.0,0.3,0.0,naics
791,1,0.0,0.0,0.0,0.6,0.0,naics
792,1,0.0,0.0,0.0,0.8,0.015,naics
793,1,0.0,0.0,0.0,0.9,0.0,naics
794,0,0.0,0.0,0.0,0.5,0.0,naics
795,1,0.0,0.0,0.0,0.6,0.0,naics
796,0,0.0,0.0,0.0,0.7,0.0,naics
797,1,0.0,0.0,0.0,0.9,0.0,naics
798,1,0.0,0.0,0.0,0.4,0.0,naics
799,0,0.0,0.0,0.0,0.1,0.0,naics
800,1,0.9999999999933333,0.15,0.0,0.4,0.12,naics
801,1,0.0,0.0,0.0,0.5,0.045,naics
802,0,0.0,0.0,0.0,0.4,0.0,naics
803,0,0.0,0.0,0.0,0.2,0.0,naics
804,0,0.0,0.0,0.0,0.2,0.045,naics
805,1,0.9999999999933333,0.15,0.0,0.4,0.12,naics
806,1,0.0,0.0,0.0,0.8,0.0,naics
807,0,0.0,0.0,0.0,0.5,0.0,naics
808,0,0.0,0.0,0.0,0.6,0.0,naics
809,1,0.0,0.0,0.0,0.6,0.09,naics
810,0,0.0,0.0,0.0,0.4,0.075,naics
811,0,0.0,0.0,0.0,0.6,0.18,naics
812,1,0.0,0.0,0.0,0.7,0.0,naics
813,1,0.0,0.0,0.0,0.7,0.075,naics
814,0,0.0,0.0,0.0,0.2,0.0,naics
815,0,0.0,0.0,0.0,0.1,0.0,naics
816,1,0.0,0.0,0.0,0.2,0.0,naics
817,0,0.0,0.0,0.0,0.5,0.0,naics
818,0,0.9999999999933333,0.15,0.0,0.5,0.16499999999999998,naics
819,0,0.0,0.0,0.0,0.3,0.0,naics
820,1,0.0,0.0,0.0,0.4,0.0,naics
821,0,0.0,0.0,0.0,0.5,0.0,naics
822,0,0.0,0.0,0.0,0.7,0.135,naics
823,1,0.0,0.0,0.0,0.7,0.0,naics
824,0,0.0,0.0,0.0,0.5,0.0,naics
825,1,0.0,0.0,0.0,0.5,0.0,naics
826,1,-0.9999999999981819,0.0,0.55,0.9,0.4800000000000001,naics
827,1,-0.9999999999981819,0.0,0.55,0.9,0.4800000000000001,naics
828,0,0.0,0.0,0.0,0.7,0.0,naics
830,1,0.0,0.0,0.0,0.6,0.0,naics
831,1,0.0,0.0,0.0,0.7,0.03,naics
833,0,0.0,0.0,0.0,0.5,0.35,naics
834,0,0.0,0.0,0.0,0.1,0.0,naics
835,0,0.0,0.0,0.0,0.6,0.015,naics
836,0,0.0,0.0,0.0,0.3,0.0,naics
837,1,0.0,0.0,0.0,0.3,0.0,naics
838,0,0.0,0.5,0.5,0.6,0.45,naics
839,0,0.0,0.0,0.0,0.7,0.0,naics
840,0,0.0,0.0,0.0,0.7,0.045,naics
841,1,0.0,0.0,0.0,0.7,0.0,naics
843,0,0.0,0.0,0.0,0.9,0.03,naics
844,1,0.0,0.0,0.0,0.7,0.0,naics
845,1,0.0,0.0,0.0,0.5,0.0,naics
847,0,0.0,0.0,0.0,0.6,0.0,naics
848,1,0.0,0.0,0.0,0.5,0.0,naics
849,1,0.0,0.0,0.0,0.6,0.195,naics
850,0,0.0,0.0,0.0,0.8,0.0,naics
851,0,0.0,0.0,0.0,0.5,0.0,naics
852,1,0.0,0.0,0.0,0.4,0.03,naics
853,0,0.0,0.0,0.0,0.4,0.03,naics
854,1,0.0,0.0,0.0,0.9,0.0,naics
855,1,0.0,0.0,0.0,0.2,0.18,naics
856,0,0.0,0.0,0.0,0.5,0.0,naics
857,0,0.0,0.0,0.0,0.1,0.0,naics
858,1,0.0,0.0,0.0,0.6,0.0,naics
859,0,-0.9999999999933333,0.0,0.15,0.8,0.135,naics
860,1,0.0,0.0,0.0,0.6,0.0,naics
862,0,0.0,0.0,0.0,0.7,0.0,naics
863,0,0.0,0.0,0.0,0.7,0.03,naics
864,0,0.0,0.0,0.0,0.3,0.0,naics
865,0,0.0,0.15,0.15,0.3,0.16499999999999998,naics
866,1,0.0,0.0,0.0,0.4,0.0,naics
867,1,0.0,0.0,0.0,0.9,0.0,naics
868,0,0.0,0.0,0.0,0.5,0.06,naics
869,1,0.0,0.0,0.0,0.5,0.03,naics
870,0,0.0,0.0,0.0,0.4,0.0,naics
871,0,0.0,0.0,0.0,0.6,0.0,naics
872,0,0.0,0.0,0.0,0.6,0.0,naics
873,1,0.0,0.0,0.0,0.4,0.0,naics
874,1,0.0,0.0,0.0,0.6,0.0,naics
875,1,0.0,0.0,0.0,0.4,0.0,naics
876,1,0.0,0.0,0.0,0.4,0.0,naics
877,1,0.0,0.0,0.0,0.4,0.0,naics
878,0,0.0,0.0,0.0,0.6,0.0,naics
879,1,0.0,0.0,0.0,0.4,0.0,naics
880,1,0.0,0.0,0.0,0.4,0.0,naics
881,0,0.0,0.0,0.0,0.6,0.0,naics
882,1,0.0,0.0,0.0,0.6,0.0,naics
883,1,0.9999999999933333,0.15,0.0,0.4,0.075,naics
884,0,0.0,0.0,0.0,0.4,0.0,naics
885,1,0.0,0.0,0.0,0.4,0.0,naics
886,1,0.0,0.0,0.0,0.6,0.0,naics
887,0,0.0,0.0,0.0,0.6,0.0,naics
888,0,0.0,0.0,0.0,0.5,0.0,naics
889,0,0.0,0.0,0.0,0.4,0.0,naics
890,1,0.0,0.0,0.0,0.4,0.0,naics
891,0,0.4545454545446281,0.4,0.15,0.4,0.40499999999999997,naics
892,1,0.0,0.0,0.0,0.5,0.0,naics
893,1,0.0,0.0,0.0,0.8,0.0,naics
894,0,0.0,0.0,0.0,0.6,0.24,naics
895,0,-0.53846153846071,0.15,0.5,0.6,0.45999999999999996,naics
896,1,0.0,0.0,0.0,0.6,0.0,naics
897,1,0.0,0.0,0.0,0.8,0.0,naics
898,1,0.0,0.0,0.0,0.7,0.0,naics
900,1,0.0,0.0,0.0,0.8,0.0,naics
901,1,0.0,0.0,0.0,1.0,0.0,naics
902,0,0.0,0.0,0.0,0.2,0.0,naics
903,1,0.0,0.0,0.0,0.7,0.015,naics
904,0,0.0,0.0,0.0,0.7,0.0,naics
905,0,0.0,0.0,0.0,0.5,0.0,naics
906,0,0.0,0.0,0.0,0.4,0.0,naics
907,0,0.0,0.6666666666666666,0.6666666666666666,0.8,0.6,naics
908,1,0.0,0.0,0.0,0.8,0.0,naics
909,0,0.0,0.0,0.0,0.5,0.0,naics
910,1,0.0,0.0,0.0,0.5,0.0,naics
911,1,0.0,0.0,0.0,0.4,0.0,naics
912,0,0.0,0.0,0.0,0.7,0.0,naics
913,1,0.0,0.0,0.0,0.4,0.0,naics
915,0,0.0,0.0,0.0,0.3,0.0,naics
916,1,0.0,0.0,0.0,0.6,0.03,naics
917,0,0.0,0.0,0.0,0.7,0.0,naics
918,1,0.0,0.0,0.0,0.1,0.0,naics
919,1,0.0,0.0,0.0,0.8,0.0,naics
921,0,0.0,0.0,0.0,0.7,0.0,naics
922,0,0.0,0.0,0.0,0.7,0.015,naics
923,0,0.0,0.0,0.0,0.7,0.0,naics
924,0,0.0,0.0,0.0,0.7,0.0,naics
925,0,0.0,0.0,0.0,0.5,0.0,naics
926,1,0.0,0.0,0.0,0.5,0.0,naics
927,1,0.0,0.0,0.0,0.5,0.0,naics
928,0,0.0,0.0,0.0,0.6,0.03,naics
929,0,0.0,0.0,0.0,0.3,0.0,naics
930,0,0.0,0.0,0.0,0.5,0.0,naics
931,0,0.0,0.0,0.0,0.7,0.0,naics
932,0,0.0,0.0,0.0,0.7,0.0,naics
933,0,0.0,0.0,0.0,0.4,0.045,naics
934,0,0.0,0.0,0.0,0.3,0.165,naics
935,0,0.0,0.0,0.0,0.7,0.0,naics
936,0,0.0,0.0,0.0,0.8,0.0,naics
938,1,0.0,0.0,0.0,0.3,0.0,naics
939,0,0.0,0.0,0.0,0.6,0.015,naics
940,0,0.0,0.7,0.7,0.8,0.7816666666666666,naics
941,1,0.0,0.0,0.0,0.7,0.0,naics
942,0,0.0,0.0,0.0,0.2,0.0,naics
943,0,0.0,0.0,0.0,0.5,0.0,naics
944,1,0.0,0.0,0.0,0.5,0.0,naics
945,0,-0.9999999999933333,0.0,0.15,0.7,0.165,naics
946,0,0.9999999999933333,0.15,0.0,0.8,0.15,naics
947,1,0.0,0.0,0.0,0.3,0.0,naics
948,0,0.0,0.0,0.0,0.6,0.0,naics
949,0,0.0,0.0,0.0,0.7,0.015,naics
950,0,0.0,0.0,0.0,0.9,0.24666666666666667,naics
952,0,-0.999999999998,0.0,0.5,0.7,0.375,naics
953,0,0.0,0.0,0.0,0.8,0.18,naics
955,1,0.1428571428570204,0.6666666666666666,0.5,0.2,0.5833333333333334,naics
956,1,0.0,0.0,0.0,0.6,0.015,naics
957,1,0.0,0.0,0.0,0.6,0.0,naics
958,1,0.0,0.0,0.0,0.6,0.0,naics
959,1,0.0,0.0,0.0,0.9,0.0,naics
961,1,0.0,0.0,0.0,0.5,0.0,naics
962,0,0.0,0.0,0.0,0.3,0.0,naics
963,0,0.0,0.0,0.0,0.3,0.075,naics
964,1,0.0,0.0,0.0,0.8,0.0,naics
965,1,0.0,0.0,0.0,0.7,0.09,naics
967,0,0.0,0.0,0.0,0.8,0.0,naics
968,1,0.0,0.0,0.0,0.6,0.09,naics
969,1,0.0,0.0,0.0,0.5,0.0,naics
970,0,0.0,0.0,0.0,0.5,0.0,naics
971,1,0.0,0.0,0.0,0.5,0.0,naics
972,0,-0.2499999999996875,0.3,0.5,0.7,0.47000000000000003,naics
973,1,0.9999999999933333,0.15,0.0,0.7,0.185,naics
974,0,0.0,0.0,0.0,0.9,0.0,naics
977,1,0.09090909090903583,0.9,0.75,0.4,0.7900000000000001,naics
978,0,0.9999999999933333,0.15,0.0,0.4,0.10500000000000001,naics
979,0,0.0,0.0,0.0,0.6,0.075,naics
980,0,-0.9999999999933333,0.0,0.15,0.8,0.09,naics
981,0,0.0,0.0,0.0,0.6,0.045,naics
982,0,0.0,0.0,0.0,0.6,0.15,naics
983,0,0.0,0.0,0.0,0.7,0.0,naics
984,0,0.0,0.0,0.0,0.5,0.0,naics
985,0,0.0,0.0,0.0,0.4,0.0,naics
986,0,0.0,0.0,0.0,0.3,0.0,naics
987,0,0.0,0.0,0.0,0.8,0.0,naics
988,0,0.0,0.0,0.0,0.5,0.0,naics
989,0,0.0,0.0,0.0,0.5,0.0,naics
990,0,0.0,0.0,0.0,0.6,0.0,naics
991,1,0.0,0.0,0.0,0.6,0.0,naics
992,0,-0.9999999999933333,0.0,0.15,0.8,0.06,naics
993,0,0.0,0.0,0.0,0.7,0.0,naics
994,0,0.0,0.0,0.0,0.8,0.0,naics
995,0,0.0,0.0,0.0,0.7,0.0,naics
996,1,0.0,0.0,0.0,0.4,0.0,naics
997,0,0.0,0.0,0.0,0.7,0.10500000000000001,naics
998,1,0.0,0.0,0.0,0.4,0.03,naics
999,1,0.0,0.0,0.0,0.4,0.0,naics
1000,0,0.0,0.0,0.0,0.6,0.165,naics
1001,0,0.0,0.0,0.0,0.5,0.0,naics
1002,1,-0.6666666666659259,0.15,0.75,0.6,0.63,naics
1003,0,0.0,0.0,0.0,0.4,0.0,naics
1004,1,-0.14285714285693885,0.3,0.4,0.5,0.38,naics
1005,1,0.0,0.0,0.0,0.7,0.0,naics
1006,0,0.0,0.0,0.0,0.6,0.0,naics
1007,1,0.0,0.15,0.15,0.7,0.21000000000000002,naics
1008,1,0.0,0.0,0.0,0.8,0.0,naics
1009,1,0.0,0.0,0.0,0.8,0.0,naics
1010,0,0.0,0.0,0.0,0.8,0.045,naics
1011,0,-0.6249999999992187,0.15,0.65,0.5,0.5900000000000001,naics
1012,1,0.0,0.0,0.0,0.8,0.0,naics
1013,0,0.0,0.0,0.0,0.7,0.0,naics
1015,1,0.0,0.0,0.0,0.4,0.0,naics
1016,0,0.0,0.15,0.15,0.9,0.5050000000000001,naics
1017,0,0.0,0.0,0.0,0.4,0.0,naics
1018,0,-0.9999999999966668,0.0,0.3,0.5,0.34,naics
1019,0,0.0,0.0,0.0,0.6,0.0,naics
1020,0,0.0,0.0,0.0,0.8,0.0,naics
1021,0,0.0,0.0,0.0,0.9,0.24666666666666667,naics
1022,1,0.0,0.0,0.0,0.7,0.075,naics
1023,1,0.0,0.0,0.0,0.4,0.045,naics
1024,0,0.0,0.0,0.0,0.5,0.0,naics
1025,0,0.0,0.0,0.0,0.6,0.045,naics
1026,0,0.0,0.0,0.0,0.4,0.0,naics
1027,0,-0.9999999999966668,0.0,0.3,0.5,0.43666666666666665,naics
1028,0,-0.999999999998,0.0,0.5,0.8,0.38,naics
1029,0,0.0,0.0,0.0,0.4,0.0,naics
1030,0,0.0,0.0,0.0,0.5,0.0,naics
1031,1,0.9999999999933333,0.15,0.0,0.4,0.06,naics
1032,0,0.0,0.0,0.0,0.7,0.21000000000000002,naics
1033,1,0.0,0.0,0.0,0.7,0.075,naics
1034,1,0.0,0.0,0.0,0.5,0.0,naics
1035,1,0.0,0.0,0.0,0.4,0.0,naics
1036,1,0.0,0.0,0.0,0.7,0.0,naics
1037,1,0.0,0.0,0.0,0.6,0.0,naics
1038,1,0.0,0.0,0.0,0.8,0.045,naics
1040,0,0.0,0.0,0.0,0.6,0.0,naics
1041,1,0.0,0.0,0.0,0.7,0.0,naics
1042,1,0.0,0.0,0.0,0.6,0.0,naics
1043,1,0.0,0.0,0.0,0.5,0.0,naics
1044,1,0.0,0.0,0.0,0.6,0.0,naics
1045,0,0.0,0.0,0.0,0.5,0.0,naics
1046,0,-0.9999999999933333,0.0,0.15,0.6,0.10500000000000001,naics
1047,1,0.0,0.0,0.0,0.7,0.0,naics
1048,1,0.0,0.0,0.0,0.2,0.355,naics
1049,0,0.0,0.0,0.0,0.6,0.0,naics
1050,0,0.0,0.0,0.0,0.4,0.0,naics
1051,1,0.0,0.0,0.0,0.7,0.045,naics
1052,0,-0.999999999998,0.0,0.5,0.9,0.45,naics
1054,1,0.0,0.0,0.0,0.3,0.045,naics
1055,0,0.0,0.15,0.15,0.3,0.165,naics
1056,0,0.0,0.0,0.0,0.1,0.0,naics
1057,1,0.0,0.0,0.0,0.6,0.0,naics
1058,0,0.0,0.0,0.0,0.8,0.0,naics
1059,0,0.9999999999933333,0.15,0.0,0.7,0.13499999999999998,naics
1060,1,0.0,0.0,0.0,0.7,0.03,naics
1062,1,0.0,0.0,0.0,0.5,0.0,naics
1063,0,0.0,0.0,0.0,0.7,0.0,naics
1064,0,0.0,0.0,0.0,0.5,0.0,naics
1065,0,0.0,0.0,0.0,0.5,0.0,naics
1066,1,0.0,0.0,0.0,0.8,0.0,naics
1067,1,0.0,0.0,0.0,0.5,0.075,naics
1068,0,0.0,0.0,0.0,0.5,0.0,naics
1069,1,0.0,0.0,0.0,0.5,0.0,naics
1070,1,0.0,0.0,0.0,0.3,0.0,naics
1071,0,0.0,0.0,0.0,0.5,0.0,naics
1072,0,-0.9999999999933333,0.0,0.15,1.0,0.045,naics
1073,1,0.0,0.0,0.0,0.6,0.0,naics
1074,1,0.0,0.0,0.0,0.5,0.0,naics
1075,1,0.0,0.0,0.0,0.6,0.0,naics
1076,1,0.0,0.0,0.0,0.7,0.0,naics
1077,1,-0.9999999999966668,0.0,0.3,0.7,0.16499999999999998,naics
1078,1,0.0,0.0,0.0,0.7,0.0,naics
1080,1,0.0,0.0,0.0,0.4,0.0,naics
1081,1,0.0,0.0,0.0,0.2,0.0,naics
1082,0,0.0,0.0,0.0,0.3,0.045,naics
1083,1,0.0,0.0,0.0,0.7,0.03,naics
1084,0,0.0,0.0,0.0,0.5,0.0,naics
1085,1,0.0,0.0,0.0,0.8,0.0,naics
1086,1,0.9999999999933333,0.15,0.0,0.2,0.34500000000000003,naics
1087,1,0.0,0.0,0.0,0.4,0.03,naics
1088,0,0.0,0.0,0.0,0.3,0.0,naics
1089,0,0.0,0.0,0.0,0.9,0.03,naics
1090,1,0.0,0.0,0.0,0.7,0.0,naics
1091,0,0.0,0.0,0.0,0.5,0.0,naics
1092,1,0.0,0.0,0.0,0.3,0.0,naics
1093,1,0.0,0.0,0.0,0.8,0.0,naics
1094,1,0.0,0.0,0.0,0.8,0.0,naics
1095,0,-0.9999999999933333,0.0,0.15,0.6,0.13499999999999998,naics
1096,1,0.0,0.0,0.0,0.5,0.27999999999999997,naics
1098,1,0.0,0.0,0.0,0.6,0.0,naics
1099,1,0.0,0.0,0.0,0.8,0.0,naics
1100,1,0.0,0.0,0.0,0.2,0.075,naics
1102,0,0.0,0.0,0.0,0.6,0.0,naics
1103,0,0.0,0.0,0.0,0.5,0.0,naics
1104,1,0.0,0.0,0.0,0.5,0.0,naics
1105,1,0.0,0.0,0.0,0.8,0.0,naics
1106,1,0.9999999999933333,0.15,0.0,0.5,0.12,naics
1107,1,0.0,0.0,0.0,0.6,0.18,naics
1108,0,0.0,0.0,0.0,0.8,0.0,naics
1109,0,0.0,0.0,0.0,0.4,0.06,naics
1110,1,0.0,0.0,0.0,0.8,0.0,naics
1111,1,0.0,0.0,0.0,0.4,0.0,naics
1112,1,0.0,0.0,0.0,0.9,0.0,naics
1113,0,0.0,0.0,0.0,0.5,0.03,naics
1114,0,-0.9999999999933333,0.0,0.15,0.9,0.045,naics
1115,1,0.0,0.0,0.0,0.6,0.0,naics
1116,1,0.0,0.0,0.0,0.6,0.045,naics
1117,0,0.0,0.0,0.0,0.9,0.0,naics
1118,1,0.0,0.0,0.0,0.3,0.0,naics
1119,0,0.0,0.0,0.0,0.4,0.03,naics
1120,1,0.0,0.0,0.0,0.2,0.0,naics
1121,1,0.0,0.0,0.0,0.8,0.0,naics
1122,1,0.0,0.0,0.0,0.5,0.18166666666666667,naics
1123,1,0.0,0.0,0.0,0.8,0.0,naics
1124,1,0.0,0.0,0.0,0.5,0.0,naics
1125,1,-0.9999999999933333,0.0,0.15,0.9,0.175,naics
1126,1,0.0,0.0,0.0,0.7,0.0,naics
1127,1,0.0,0.0,0.0,0.7,0.0,naics
1128,1,0.0,0.0,0.0,0.6,0.0,naics
1129,1,0.9999999999933333,0.15,0.0,0.3,0.09,naics
1130,1,0.0,0.0,0.0,0.6,0.12,naics
1131,0,0.0,0.0,0.0,0.5,0.0,naics
1132,0,-0.9999999999933333,0.0,0.15,0.8,0.21000000000000002,naics
1133,0,0.0,0.0,0.0,0.5,0.0,naics
1134,1,0.0,0.0,0.0,0.9,0.0,naics
1135,1,0.0,0.0,0.0,0.6,0.0,naics
1136,1,0.0,0.0,0.0,0.5,0.0,naics
1137,1,0.0,0.0,0.0,0.6,0.0,naics
1138,0,0.0,0.0,0.0,0.6,0.0,naics
1139,0,0.0,0.0,0.0,0.3,0.0,naics
1140,0,0.0,0.0,0.0,0.5,0.0,naics
1141,1,0.9999999999933333,0.15,0.0,0.7,0.12,naics
1142,0,0.0,0.3,0.3,0.6,0.29999999999999993,naics
1143,0,0.0,0.0,0.0,0.3,0.0,naics
1144,0,0.0,0.0,0.0,0.7,0.0,naics
1145,0,0.0,0.0,0.0,0.6,0.0,naics
1146,0,0.0,0.0,0.0,0.5,0.0,naics
1147,0,0.0,0.0,0.0,0.4,0.0,naics
1148,1,0.0,0.0,0.0,0.3,0.03,naics
1149,0,0.0,0.0,0.0,0.5,0.0,naics
1150,0,0.0,0.0,0.0,0.3,0.0,naics
1151,0,0.0,0.0,0.0,0.5,0.09,naics
1152,0,0.0,0.0,0.0,0.2,0.0,naics
1153,0,0.0,0.0,0.0,0.7,0.0,naics
1154,1,0.0,0.0,0.0,0.5,0.0,naics
1155,0,0.0,0.4,0.4,0.6,0.41,naics
1156,0,0.0,0.0,0.0,0.5,0.045,naics
1157,0,0.0,0.0,0.0,0.4,0.03,naics
1158,1,0.0,0.0,0.0,0.4,0.0,naics
1159,1,-0.9999999999933333,0.0,0.15,0.6,0.13499999999999998,naics
1160,0,0.0,0.0,0.0,0.4,0.045,naics
1161,0,0.9999999999933333,0.15,0.0,0.7,0.22000000000000003,naics
1162,0,0.0,0.0,0.0,0.3,0.10500000000000001,naics
1163,0,0.0,0.0,0.0,0.7,0.015,naics
1164,1,0.0,0.0,0.0,0.5,0.0,naics
1165,0,0.0,0.0,0.0,0.2,0.0,naics
1166,0,0.9999999999975001,0.4,0.0,0.5,0.31999999999999995,naics
1167,0,0.0,0.0,0.0,0.5,0.075,naics
1168,0,0.0,0.0,0.0,0.5,0.0,naics
1169,1,0.0,0.0,0.0,0.6,0.0,naics
1170,0,0.0,0.0,0.0,0.7,0.0,naics
1171,1,0.0,0.0,0.0,0.7,0.0,naics
1172,1,0.0,0.0,0.0,0.6,0.0,naics
1173,1,0.0,0.0,0.0,0.8,0.015,naics
1174,1,0.0,0.0,0.0,0.2,0.045,naics
1175,1,0.0,0.0,0.0,0.6,0.075,naics
1176,1,0.9999999999933333,0.15,0.0,0.4,0.12,naics
1177,0,0.9999999999933333,0.15,0.0,0.1,0.015,naics
1178,1,0.0,0.0,0.0,0.4,0.0,naics
1180,1,0.0,0.0,0.0,0.8,0.0,naics
1181,0,0.0,0.0,0.0,0.4,0.0,naics
1182,0,-0.9999999999933333,0.0,0.15,1.0,0.045,naics
1183,1,0.0,0.0,0.0,0.7,0.03,naics
1184,0,0.0,0.0,0.0,0.5,0.18166666666666667,naics
1185,0,0.0,0.0,0.0,0.5,0.195,naics
1186,1,0.0,0.0,0.0,0.6,0.0,naics
1187,0,0.0,0.0,0.0,0.5,0.0,naics
1188,1,0.0,0.0,0.0,0.7,0.0,naics
1189,1,0.0,0.0,0.0,0.3,0.0,naics
1190,1,0.0,0.0,0.0,0.3,0.0,naics
1191,1,0.0,0.0,0.0,0.5,0.0,naics
1192,1,0.0,0.0,0.0,0.6,0.0,naics
1193,1,0.0,0.0,0.0,0.6,0.0,naics
1194,1,0.0,0.0,0.0,0.5,0.18166666666666667,naics
1195,0,0.0,0.0,0.0,0.3,0.0,naics
1196,0,0.0,0.0,0.0,0.6,0.0,naics
1197,1,0.0,0.0,0.0,0.6,0.0,naics
1198,0,0.0,0.0,0.0,0.6,0.0,naics
1199,0,0.0,0.0,0.0,0.7,0.0,naics
1200,1,0.0,0.0,0.0,0.7,0.03,naics
1201,1,0.0,0.0,0.0,0.5,0.18166666666666667,naics
1202,1,0.0,0.0,0.0,0.6,0.0,naics
1203,0,0.0,0.0,0.0,0.2,0.09,naics
1204,1,0.0,0.5,0.5,0.9,0.45,naics
1205,0,0.0,0.0,0.0,0.7,0.015,naics
1206,0,0.0,0.0,0.0,0.2,0.0,naics
1207,1,0.0,0.0,0.0,0.8,0.03,naics
1208,0,0.0,0.0,0.0,0.6,0.0,naics
1209,0,0.0,0.0,0.0,0.7,0.0,naics
1210,1,0.0,0.0,0.0,0.6,0.0,naics
1211,0,0.0,0.0,0.0,0.7,0.0,naics
1212,0,0.0,0.0,0.0,0.5,0.0,naics
1213,1,0.0,0.0,0.0,0.6,0.0,naics
1214,1,0.0,0.0,0.0,0.6,0.0,naics
1215,0,0.0,0.0,0.0,0.6,0.045,naics
1216,1,0.0,0.0,0.0,0.8,0.0,naics
1217,1,0.0,0.0,0.0,0.7,0.0,naics
1218,0,0.9999999999966668,0.3,0.0,0.2,0.165,naics
1219,0,0.0,0.0,0.0,0.5,0.0,naics
1220,0,0.0,0.0,0.0,0.7,0.0,naics
1221,1,0.0,0.0,0.0,0.4,0.0,naics
1222,0,0.0,0.0,0.0,0.2,0.0,naics
1223,1,0.11111111111098763,0.5,0.4,0.3,0.51,naics
1224,1,0.0,0.0,0.0,0.7,0.0,naics
1225,1,0.0,0.0,0.0,0.4,0.0,naics
1226,0,0.0,0.0,0.0,0.5,0.0,naics
1227,1,0.0,0.0,0.0,1.0,0.0,naics
1228,0,0.0,0.0,0.0,0.5,0.0,naics
1229,1,0.0,0.0,0.0,0.8,0.0,naics
1230,1,0.0,0.0,0.0,0.5,0.0,naics
1231,0,0.0,0.0,0.0,0.5,0.045,naics
1232,0,0.0,0.0,0.0,0.1,0.0,naics
1233,0,0.0,0.0,0.0,0.7,0.03,naics
1234,0,0.0,0.0,0.0,0.9,0.0,naics
1235,0,0.0,0.0,0.0,0.9,0.0,naics
1236,0,0.0,0.0,0.0,0.9,0.03,naics
1237,1,0.0,0.0,0.0,0.5,0.10500000000000001,naics
1238,1,0.0,0.0,0.0,0.7,0.0,naics
1239,1,0.0,0.0,0.0,0.6,0.0,naics
1240,1,0.0,0.0,0.0,0.7,0.0,naics
1241,0,0.0,0.0,0.0,0.7,0.15,naics
1243,0,0.0,0.15,0.15,0.5,0.13499999999999998,naics
1244,1,0.0,0.0,0.0,0.6,0.0,naics
1245,1,0.0,0.0,0.0,0.6,0.09,naics
1246,0,-0.9999999999975001,0.0,0.4,0.7,0.375,naics
1247,1,0.0,0.0,0.0,0.9,0.0,naics
1248,1,0.0,0.0,0.0,0.7,0.0,naics
1249,0,0.0,0.0,0.0,0.2,0.0,naics
1250,1,0.0,0.0,0.0,0.8,0.0,naics
1251,1,0.0,0.0,0.0,0.8,0.0,naics
1252,0,0.0,0.0,0.0,0.4,0.0,naics
1253,1,0.0,0.0,0.0,0.8,0.0,naics
1254,0,0.0,0.0,0.0,0.2,0.0,naics
1255,1,0.0,0.0,0.0,0.5,0.0,naics
1256,0,0.0,0.0,0.0,0.8,0.135,naics
1257,0,0.0,0.0,0.0,0.7,0.0,naics
1258,0,-0.9999999999966668,0.0,0.3,0.7,0.225,naics
1259,0,0.0,0.0,0.0,0.5,0.0,naics
1260,0,0.0,0.0,0.0,0.3,0.0,naics
1261,1,0.0,0.0,0.0,0.6,0.13,naics
1262,1,0.0,0.0,0.0,0.6,0.015,naics
1263,1,0.0,0.0,0.0,0.5,0.0,naics
1264,0,0.0,0.0,0.0,0.9,0.0,naics
1265,0,0.0,0.0,0.0,0.7,0.0,naics
1266,0,0.0,0.0,0.0,0.4,0.0,naics
1267,0,0.0,0.0,0.0,0.8,0.0,naics
1268,1,0.0,0.0,0.0,0.8,0.0,naics
1269,0,0.0,0.0,0.0,0.6,0.0,naics
1270,0,0.0,0.15,0.15,0.7,0.13499999999999998,naics
1271,1,0.0,0.0,0.0,0.3,0.0,naics
1272,0,0.0,0.0,0.0,0.7,0.045,naics
1273,0,0.0,0.0,0.0,0.6,0.0,naics
1274,1,0.0,0.0,0.0,0.5,0.0,naics
1275,1,0.0,0.0,0.0,0.3,0.0,naics
1276,1,0.0,0.0,0.0,0.5,0.0,naics
1277,0,0.0,0.0,0.0,0.5,0.0,naics
1278,0,0.0,0.0,0.0,0.8,0.0,naics
1279,1,0.0,0.0,0.0,0.9,0.0,naics
1280,0,0.0,0.0,0.0,0.4,0.0,naics
1281,0,0.0,0.0,0.0,0.5,0.075,naics
1282,1,0.0,0.0,0.0,0.7,0.0,naics
1283,1,0.0,0.0,0.0,0.8,0.0,naics
1284,1,0.0,0.0,0.0,0.6,0.0,naics
1285,1,0.0,0.0,0.0,0.9,0.0,naics
1286,1,0.0,0.0,0.0,0.5,0.0,naics
1287,0,0.0,0.0,0.0,0.4,0.15,naics
1288,1,0.0,0.0,0.0,0.3,0.03,naics
1289,1,0.0,0.0,0.0,0.5,0.0,naics
1290,0,0.0,0.0,0.0,0.3,0.03,naics
1291,0,0.0,0.0,0.0,0.1,0.0,naics
1292,1,0.4545454545446281,0.4,0.15,0.4,0.32499999999999996,naics
1293,1,0.0,0.0,0.0,0.8,0.0,naics
1294,0,0.0,0.0,0.0,0.6,0.0,naics
1295,0,0.0,0.0,0.0,0.8,0.0,naics
1297,0,0.0,0.0,0.0,0.6,0.0,naics
1298,0,0.0,0.15,0.15,0.7,0.28500000000000003,naics
1299,1,0.0,0.0,0.0,0.8,0.0,naics
1300,1,0.0,0.0,0.0,0.5,0.0,naics
1301,0,0.0,0.0,0.0,0.5,0.0,naics
1302,1,0.0,0.0,0.0,0.4,0.0,naics
1303,1,0.0,0.0,0.0,0.8,0.0,naics
1304,1,0.0,0.0,0.0,0.5,0.0,naics
1305,1,0.0,0.0,0.0,0.5,0.0,naics
1306,1,0.0,0.0,0.0,0.6,0.0,naics
1307,0,0.0,0.0,0.0,0.6,0.0,naics
1308,0,0.0,0.0,0.0,0.4,0.0,naics
1309,1,0.0,0.0,0.0,0.8,0.0,naics
1310,0,0.0,0.0,0.0,0.4,0.0,naics
1311,1,0.0,0.0,0.0,0.4,0.0,naics
1313,0,0.0,0.0,0.0,0.7,0.0,naics
1314,1,0.0,0.0,0.0,0.7,0.0,naics
1315,1,0.0,0.0,0.0,0.8,0.0,naics
1316,0,0.0,0.0,0.0,0.5,0.0,naics
1317,0,0.0,0.0,0.0,0.7,0.09,naics
1318,1,0.0,0.0,0.0,0.8,0.0,naics
1319,1,0.0,0.0,0.0,0.5,0.0,naics
1320,1,0.0,0.0,0.0,0.5,0.06,naics
1321,0,0.0,0.0,0.0,0.4,0.0,naics
1322,0,0.0,0.0,0.0,0.6,0.03,naics
1323,0,0.0,0.0,0.0,0.3,0.0,naics
1324,0,0.0,0.0,0.0,0.4,0.0,naics
1325,0,-0.999999999998,0.0,0.5,0.4,0.4,naics
1326,0,0.0,0.0,0.0,0.8,0.0,naics
1327,1,0.0,0.0,0.0,0.6,0.0,naics
1328,0,0.0,0.0,0.0,0.6,0.06,naics
1329,0,0.0,0.0,0.0,0.5,0.09,naics
1330,1,0.0,0.0,0.0,0.6,0.0,naics
1331,0,0.0,0.0,0.0,0.7,0.03,naics
1332,0,0.0,0.0,0.0,0.7,0.12,naics
1333,0,0.0,0.0,0.0,0.9,0.0,naics
1334,0,0.0,0.0,0.0,0.8,0.0,naics
1335,1,0.0,0.0,0.0,0.5,0.0,naics
1336,1,0.0,0.0,0.0,0.5,0.06,naics
1337,1,0.0,0.0,0.0,0.8,0.0,naics
1338,1,0.0,0.0,0.0,0.9,0.0,naics
1339,1,0.0,0.0,0.0,0.7,0.0,naics
1340,1,0.0,0.0,0.0,0.6,0.0,naics
1341,1,0.0,0.0,0.0,0.4,0.0,naics
1342,1,0.0,0.0,0.0,0.8,0.0,naics
1343,1,0.0,0.0,0.0,0.6,0.0,naics
1344,0,0.0,0.0,0.0,0.7,0.0,naics
1345,0,0.0,0.0,0.0,0.5,0.10500000000000001,naics
1346,0,0.0,0.0,0.0,0.4,0.0,naics
1347,1,0.0,0.0,0.0,0.9,0.0,naics
1348,1,0.0,0.0,0.0,0.6,0.0,naics
1349,1,0.0,0.0,0.0,0.6,0.0,naics
1350,0,0.0,0.0,0.0,0.4,0.03,naics
1351,1,0.0,0.0,0.0,0.5,0.0,naics
1352,0,0.0,0.0,0.0,0.2,0.0,naics
1353,0,0.0,0.0,0.0,0.4,0.135,naics
1354,1,0.0,0.0,0.0,0.8,0.0,naics
1355,1,0.0,0.0,0.0,0.5,0.0,naics
1356,1,0.0,0.15,0.15,0.3,0.44333333333333325,naics
1357,1,-0.9999999999933333,0.0,0.15,0.8,0.075,naics
1358,0,-0.999999999998,0.0,0.5,0.8,0.4,naics
1359,0,0.0,0.0,0.0,0.6,0.0,naics
1360,0,0.0,0.0,0.0,0.6,0.0,naics
1361,1,0.0,0.0,0.0,0.3,0.0,naics
1362,0,0.0,0.0,0.0,0.4,0.0,naics
1363,0,0.0,0.0,0.0,0.7,0.015,naics
1364,0,0.0,0.0,0.0,0.2,0.0,naics
1365,0,0.0,0.0,0.0,0.5,0.0,naics
1366,1,0.0,0.0,0.0,0.9,0.0,naics
1367,1,0.0,0.0,0.0,0.4,0.06,naics
1368,0,-0.33333333333259263,0.15,0.3,0.5,0.255,naics
1369,1,0.0,0.0,0.0,0.9,0.0,naics
1370,0,0.0,0.0,0.0,0.5,0.0,naics
1371,0,0.0,0.0,0.0,0.7,0.0,naics
1373,1,0.0,0.0,0.0,0.8,0.0,naics
1374,0,0.0,0.0,0.0,0.5,0.0,naics
1375,1,0.0,0.0,0.0,0.7,0.0,naics
1376,0,0.0,0.0,0.0,0.5,0.0,naics
1377,1,0.0,0.0,0.0,0.7,0.0,naics
1378,1,0.0,0.0,0.0,0.3,0.045,naics
1379,0,0.0,0.0,0.0,0.4,0.0,naics
1380,1,0.0,0.0,0.0,0.7,0.0,naics
1381,1,0.0,0.0,0.0,1.0,0.0,naics
1382,0,0.0,0.0,0.0,0.6,0.0,naics
1383,0,0.0,0.0,0.0,0.3,0.0,naics
1384,1,0.0,0.0,0.0,0.3,0.0,naics
1385,1,0.0,0.0,0.0,0.9,0.0,naics
1386,0,0.0,0.0,0.0,0.4,0.0,naics
1387,0,0.0,0.0,0.0,0.7,0.255,naics
1388,0,0.0,0.0,0.0,0.4,0.0,naics
1389,0,0.0,0.0,0.0,0.7,0.0,naics
1390,1,0.0,0.0,0.0,0.5,0.0,naics
1391,1,0.0,0.0,0.0,0.9,0.0,naics
1392,1,0.0,0.0,0.0,0.4,0.0,naics
1393,1,0.0,0.0,0.0,0.7,0.0,naics
1394,1,0.0,0.0,0.0,0.9,0.0,naics
1395,0,0.0,0.0,0.0,0.8,0.03,naics
1396,0,0.0,0.0,0.0,0.5,0.0,naics
1397,1,0.0,0.0,0.0,0.9,0.0,naics
1398,0,0.0,0.0,0.0,0.7,0.0,naics
1399,1,0.0,0.0,0.0,0.6,0.0,naics
1400,1,-0.9999999999933333,0.0,0.15,0.8,0.13999999999999999,naics
1401,0,0.0,0.0,0.0,0.7,0.03,naics
1403,1,0.0,0.0,0.0,0.3,0.0,naics
1404,0,0.0,0.0,0.0,0.3,0.03,naics
1405,1,0.0,0.0,0.0,0.7,0.0,naics
1406,0,0.0,0.0,0.0,0.2,0.0,naics
1407,1,0.0,0.0,0.0,0.6,0.0,naics
1408,0,0.0,0.0,0.0,0.8,0.0,naics
1409,0,0.0,0.0,0.0,0.7,0.0,naics
1410,1,0.0,0.0,0.0,0.5,0.0,naics
1411,1,0.0,0.0,0.0,0.4,0.165,naics
1412,0,0.9999999999933333,0.15,0.0,0.4,0.21999999999999997,naics
1413,1,0.0,0.0,0.0,0.6,0.045,naics
1414,0,0.9999999999933333,0.15,0.0,0.8,0.12,naics
1415,1,0.0,0.0,0.0,0.7,0.0,naics
1416,0,0.0,0.0,0.0,0.7,0.03,naics
1417,0,0.0,0.0,0.0,0.3,0.0,naics
1418,0,0.0,0.0,0.0,0.8,0.0,naics
1419,0,0.0,0.0,0.0,0.6,0.075,naics
1420,1,0.0,0.0,0.0,0.6,0.0,naics
1421,1,0.0,0.0,0.0,0.8,0.0,naics
1422,1,0.0,0.0,0.0,0.6,0.0,naics
1423,0,0.0,0.0,0.0,0.4,0.165,naics
1424,1,0.0,0.15,0.15,0.3,0.255,naics
1425,1,0.0,0.0,0.0,0.8,0.0,naics
1426,0,0.0,0.0,0.0,0.8,0.0,naics
1427,1,0.0,0.0,0.0,0.7,0.0,naics
1428,1,0.0,0.0,0.0,0.5,0.0,naics
1429,1,0.0,0.0,0.0,0.4,0.0,naics
1430,0,0.0,0.0,0.0,0.4,0.0,naics
1431,1,0.0,0.0,0.0,0.5,0.0,naics
1432,1,0.0,0.0,0.0,0.5,0.0,naics
1433,0,0.0,0.0,0.0,0.7,0.0,naics
1434,1,0.0,0.0,0.0,0.8,0.0,naics
1435,1,0.0,0.0,0.0,0.7,0.0,naics
1436,1,0.0,0.0,0.0,0.5,0.0,naics
1437,0,0.0,0.0,0.0,0.5,0.0,naics
1438,1,0.0,0.0,0.0,0.5,0.0,naics
1439,1,0.0,0.0,0.0,0.8,0.0,naics
1440,1,0.0,0.0,0.0,0.9,0.0,naics
1441,1,0.0,0.0,0.0,0.7,0.0,naics
1442,0,0.0,0.0,0.0,0.5,0.045,naics
1443,0,0.0,0.0,0.0,0.8,0.015,naics
1444,0,0.0,0.0,0.0,0.7,0.09,naics
1445,1,0.0,0.0,0.0,0.6,0.0,naics
1446,0,0.0,0.15,0.15,0.5,0.35,naics
1447,1,0.0,0.0,0.0,0.6,0.0,naics
1448,0,0.0,0.0,0.0,0.4,0.0,naics
1449,0,0.0,0.0,0.0,0.7,0.0,naics
1450,0,0.0,0.0,0.0,0.5,0.0,naics
1451,1,0.0,0.0,0.0,0.5,0.0,naics
1452,0,0.0,0.0,0.0,0.6,0.0,naics
1453,1,0.0,0.0,0.0,0.8,0.0,naics
1454,0,0.0,0.0,0.0,0.6,0.0,naics
1455,0,-0.9999999999933333,0.0,0.15,0.7,0.10500000000000001,naics
1456,1,0.0,0.0,0.0,0.6,0.0,naics
1457,0,0.0,0.0,0.0,0.4,0.0,naics
1458,0,0.0,0.0,0.0,0.6,0.0,naics
1459,1,0.0,0.0,0.0,0.6,0.045,naics
1460,1,0.0,0.0,0.0,0.7,0.03,naics
1461,1,0.0,0.0,0.0,0.3,0.0,naics
1462,0,0.0,0.0,0.0,0.7,0.045,naics
1463,1,0.0,0.0,0.0,0.7,0.0,naics
1464,1,0.0,0.0,0.0,0.5,0.0,naics
1465,0,0.0,0.0,0.0,0.2,0.03,naics
1466,1,0.0,0.0,0.0,0.9,0.0,naics
1467,0,-0.9999999999933333,0.0,0.15,0.5,0.15,naics
1468,0,0.0,0.0,0.0,0.4,0.0,naics
1469,1,0.0,0.0,0.0,0.4,0.0,naics
1470,1,0.0,0.0,0.0,0.6,0.0,naics
1471,1,0.0,0.0,0.0,0.6,0.0,naics
1472,1,0.999999999998,0.5,0.0,0.1,0.41,naics
1473,1,0.0,0.0,0.0,0.6,0.0,naics
1474,1,0.0,0.0,0.0,0.4,0.0,naics
1475,1,0.0,0.0,0.0,0.7,0.0,naics
1476,0,0.0,0.0,0.0,0.6,0.24,naics
1477,1,0.0,0.0,0.0,0.7,0.03,naics
1478,0,0.0,0.0,0.0,0.4,0.0,naics
1479,1,0.9999999999933333,0.15,0.0,0.8,0.315,naics
1480,1,0.0,0.0,0.0,0.8,0.0,naics
1481,1,0.0,0.0,0.0,0.7,0.0,naics
1482,0,0.0,0.0,0.0,0.5,0.0,naics
1483,0,0.0,0.0,0.0,0.4,0.0,naics
1484,1,0.0,0.0,0.0,0.6,0.0,naics
1485,0,0.0,0.0,0.0,0.4,0.075,naics
1486,1,0.0,0.0,0.0,0.7,0.0,naics
1487,1,0.0,0.0,0.0,0.7,0.0,naics
1488,1,0.0,0.0,0.0,0.5,0.0,naics
1489,0,0.0,0.0,0.0,0.6,0.0,naics
1490,1,0.0,0.0,0.0,0.7,0.0,naics
1491,1,0.0,0.0,0.0,0.7,0.0,naics
1492,1,0.9999999999966668,0.3,0.0,0.4,0.15,naics
1493,0,0.0,0.0,0.0,0.6,0.155,naics
1494,0,0.0,0.0,0.0,0.3,0.0,naics
1495,1,0.0,0.0,0.0,0.2,0.0,naics
1496,1,0.0,0.0,0.0,0.4,0.0,naics
1497,1,0.0,0.0,0.0,0.6,0.0,naics
1498,0,0.0,0.0,0.0,0.8,0.0,naics
1499,1,0.0,0.0,0.0,0.7,0.0,naics
1500,1,0.0,0.0,0.0,0.7,0.0,naics
1501,1,0.0,0.0,0.0,0.5,0.34,naics
1502,1,0.0,0.0,0.0,0.5,0.0,naics
1503,1,0.0,0.0,0.0,0.6,0.0,naics
1504,0,0.0,0.0,0.0,0.3,0.075,naics
1505,1,0.0,0.0,0.0,0.3,0.0,naics
1506,1,0.0,0.0,0.0,0.7,0.0,naics
1507,1,0.0,0.0,0.0,0.6,0.0,naics
1508,1,0.0,0.0,0.0,0.5,0.0,naics
1509,0,0.0,0.0,0.0,0.5,0.045,naics
1510,1,0.0,0.0,0.0,0.7,0.0,naics
1511,0,0.0,0.0,0.0,0.5,0.0,naics
1513,0,0.0,0.0,0.0,0.5,0.0,naics
1514,1,0.0,0.0,0.0,0.7,0.0,naics
1515,0,-0.9999999999933333,0.0,0.15,0.8,0.19166666666666665,naics
1516,1,0.0,0.0,0.0,0.8,0.165,naics
1517,1,-0.9999999999933333,0.0,0.15,0.9,0.12,naics
1518,1,0.0,0.0,0.0,0.5,0.03,naics
1519,0,0.0,0.0,0.0,0.6,0.0,naics
1520,0,0.0,0.3,0.3,0.3,0.26999999999999996,naics
1521,0,-0.9999999999975001,0.0,0.4,0.4,0.33499999999999996,naics
1522,0,0.0,0.0,0.0,0.7,0.0,naics
1523,1,0.0,0.0,0.0,0.7,0.0,naics
1524,1,0.0,0.0,0.0,0.6,0.06,naics
1525,0,-0.9999999999966668,0.0,0.3,0.6,0.21000000000000002,naics
1526,0,0.0,0.0,0.0,0.7,0.0,naics
1527,1,0.0,0.0,0.0,0.1,0.0,naics
1528,0,0.9999999999933333,0.15,0.0,0.3,0.21000000000000002,naics
1529,1,0.0,0.0,0.0,0.5,0.0,naics
1530,1,0.0,0.0,0.0,0.6,0.0,naics
1531,1,0.0,0.0,0.0,0.6,0.0,naics
1532,0,0.0,0.0,0.0,0.6,0.075,naics
1533,0,0.0,0.0,0.0,0.8,0.0,naics
1534,1,0.9999999999933333,0.15,0.0,0.4,0.15499999999999997,naics
1535,1,0.0,0.0,0.0,0.3,0.0,naics
1536,1,0.0,0.0,0.0,0.4,0.0,naics
1537,1,0.0,0.0,0.0,0.4,0.015,naics
1538,1,0.0,0.0,0.0,0.6,0.015,naics
1539,0,0.0,0.0,0.0,0.7,0.0,naics
1540,0,0.0,0.0,0.0,0.4,0.0,naics
1541,0,0.0,0.0,0.0,0.6,0.0,naics
1542,0,0.0,0.0,0.0,0.4,0.0,naics
1543,1,0.0,0.0,0.0,0.6,0.0,naics
1544,0,0.0,0.0,0.0,0.2,0.0,naics
1545,0,0.0,0.0,0.0,0.8,0.0,naics
1546,1,0.0,0.0,0.0,0.6,0.0,naics
1547,1,0.0,0.0,0.0,0.8,0.0,naics
1548,0,0.0,0.0,0.0,0.4,0.0,naics
1549,0,0.0,0.0,0.0,0.4,0.0,naics
1550,1,-0.9999999999933333,0.0,0.15,0.9,0.12,naics
1551,0,0.0,0.0,0.0,0.6,0.06,naics
1552,1,0.0,0.0,0.0,0.4,0.0,naics
1553,0,0.0,0.0,0.0,0.8,0.06,naics
1554,0,0.0,0.0,0.0,0.6,0.0,naics
1555,1,0.0,0.0,0.0,0.3,0.0,naics
1556,0,0.0,0.0,0.0,0.5,0.0,naics
1557,0,0.0,0.0,0.0,0.5,0.0,naics
1558,1,-0.9999999999933333,0.0,0.15,0.9,0.13499999999999998,naics
1559,0,0.0,0.0,0.0,0.7,0.0,naics
1560,0,0.0,0.0,0.0,0.5,0.0,naics
1561,1,0.0,0.0,0.0,0.5,0.0,naics
1562,0,0.0,0.0,0.0,0.3,0.0,naics
1563,1,-0.9999999999933333,0.0,0.15,0.7,0.225,naics
1564,1,0.0,0.0,0.0,0.5,0.0,naics
1565,1,0.0,0.0,0.0,0.6,0.0,naics
1566,1,0.0,0.0,0.0,0.7,0.0,naics
1567,0,0.0,0.0,0.0,0.7,0.0,naics
1568,0,0.0,0.0,0.0,0.2,0.0,naics
1569,0,0.0,0.0,0.0,0.9,0.015,naics
1570,1,0.0,0.0,0.0,0.5,0.0,naics
1571,1,0.0,0.0,0.0,0.5,0.10500000000000001,naics
1572,0,0.0,0.0,0.0,0.7,0.0,naics
1573,1,0.0,0.0,0.0,0.8,0.0,naics
1574,1,0.0,0.0,0.0,0.3,0.03,naics
1575,1,0.0,0.0,0.0,0.6,0.045,naics
1576,0,0.0,0.0,0.0,0.1,0.0,naics
1577,0,0.0,0.0,0.0,0.5,0.0,naics
1578,1,0.0,0.0,0.0,0.8,0.015,naics
1579,1,0.0,0.0,0.0,0.6,0.0,naics
1580,1,0.0,0.0,0.0,0.5,0.0,naics
1581,0,-0.9999999999933333,0.0,0.15,0.5,0.165,naics
1582,0,0.9999999999933333,0.15,0.0,0.6,0.21000000000000002,naics
1583,0,0.0,0.0,0.0,0.5,0.0,naics
1584,1,0.0,0.0,0.0,1.0,0.0,naics
1585,0,0.0,0.0,0.0,0.5,0.0,naics
1586,0,0.0,0.0,0.0,0.8,0.0,naics
1589,0,0.0,0.0,0.0,0.6,0.0,naics
1590,0,0.0,0.0,0.0,0.6,0.0,naics
1591,1,0.0,0.0,0.0,0.4,0.0,naics
1592,1,0.0,0.0,0.0,0.6,0.0,naics
1593,0,0.0,0.0,0.0,0.7,0.0,naics
1594,1,0.0,0.0,0.0,0.6,0.0,naics
1595,1,0.0,0.0,0.0,0.6,0.0,naics
1596,0,0.0,0.0,0.0,0.6,0.0,naics
1597,0,0.0,0.0,0.0,0.7,0.075,naics
1598,0,0.0,0.0,0.0,0.3,0.0,naics
1599,1,0.0,0.0,0.0,0.6,0.0,naics
1600,0,0.0,0.0,0.0,0.7,0.0,naics
1601,0,0.0,0.0,0.0,0.6,0.0,naics
1602,1,0.0,0.0,0.0,0.7,0.0,naics
1603,0,0.0,0.0,0.0,0.2,0.0,naics
1604,1,0.0,0.0,0.0,0.6,0.0,naics
1605,0,0.0,0.0,0.0,0.7,0.0,naics
1606,0,-0.9999999999933333,0.0,0.15,0.7,0.12,naics
1607,1,0.0,0.0,0.0,0.8,0.03,naics
1608,1,-0.9999999999933333,0.0,0.15,0.7,0.12,naics
1609,1,0.0,0.0,0.0,0.9,0.0,naics
1610,0,0.0,0.0,0.0,0.3,0.0,naics
1611,0,0.0,0.0,0.0,0.8,0.0,naics
1612,0,0.0,0.0,0.0,0.3,0.0,naics
1613,1,0.0,0.0,0.0,0.8,0.0,naics
1614,1,0.0,0.0,0.0,0.9,0.0,naics
1615,1,0.0,0.0,0.0,0.8,0.0,naics
1616,0,0.0,0.0,0.0,0.8,0.0,naics
1617,0,0.0,0.0,0.0,0.9,0.0,naics
1618,1,0.0,0.0,0.0,0.4,0.075,naics
1619,0,0.0,0.0,0.0,0.4,0.0,naics
1620,0,0.0,0.0,0.0,0.3,0.0,naics
1621,1,0.0,0.0,0.0,0.9,0.0,naics
1622,0,0.0,0.0,0.0,0.5,0.0,naics
1623,1,0.0,0.0,0.0,1.0,0.0,naics
1624,0,0.0,0.0,0.0,0.6,0.0,naics
1625,1,0.0,0.0,0.0,0.6,0.0,naics
1626,1,0.0,0.0,0.0,0.5,0.045,naics
1627,0,0.0,0.0,0.0,0.6,0.0,naics
1628,1,0.0,0.0,0.0,0.1,0.0,naics
1629,0,0.0,0.0,0.0,0.9,0.03,naics
1630,0,0.0,0.0,0.0,0.9,0.03,naics
1631,1,0.0,0.0,0.0,0.6,0.0,naics
1632,0,0.0,0.0,0.0,0.3,0.0,naics
1633,0,0.0,0.0,0.0,0.7,0.0,naics
1634,0,0.0,0.0,0.0,0.5,0.0,naics
1635,1,-0.9999999999933333,0.0,0.15,0.8,0.075,naics
1636,1,0.0,0.0,0.0,0.5,0.06,naics
1637,0,0.0,0.0,0.0,0.5,0.0,naics
1638,1,0.0,0.0,0.0,0.5,0.0,naics
1639,1,0.0,0.0,0.0,0.7,0.0,naics
1640,1,0.0,0.0,0.0,0.2,0.0,naics
1641,0,0.0,0.0,0.0,0.4,0.0,naics
1642,0,0.0,0.0,0.0,0.6,0.0,naics
1643,0,0.0,0.0,0.0,0.1,0.0,naics
1644,1,0.0,0.0,0.0,0.7,0.0,naics
1645,0,-0.9999999999966668,0.0,0.3,0.5,0.395,naics
1646,1,0.0,0.0,0.0,0.6,0.10500000000000001,naics
1647,1,0.0,0.0,0.0,0.7,0.03,naics
1648,0,0.0,0.0,0.0,0.7,0.21999999999999997,naics
1649,0,0.0,0.3,0.3,0.6,0.29999999999999993,naics
1650,1,0.0,0.0,0.0,0.3,0.015,naics
1651,0,0.0,0.0,0.0,0.7,0.0,naics
1652,1,0.0,0.0,0.0,0.6,0.0,naics
1653,1,0.0,0.0,0.0,0.7,0.0,naics
1654,1,0.0,0.0,0.0,0.7,0.045,naics
1655,1,0.0,0.0,0.0,0.7,0.0,naics
1656,1,0.0,0.0,0.0,0.8,0.0,naics
1657,0,0.0,0.0,0.0,0.4,0.0,naics
1658,0,0.0,0.0,0.0,0.7,0.24499999999999997,naics
1659,1,0.0,0.0,0.0,0.2,0.0,naics
1660,1,0.0,0.0,0.0,0.5,0.0,naics
1661,1,0.0,0.0,0.0,0.7,0.0,naics
1662,1,0.0,0.0,0.0,0.4,0.0,naics
1663,0,0.0,0.0,0.0,0.4,0.0,naics
1664,0,0.0,0.15,0.15,0.6,0.13499999999999998,naics
1665,0,0.0,0.0,0.0,0.9,0.0,naics
1666,1,0.0,0.0,0.0,0.1,0.0,naics
1667,1,0.0,0.0,0.0,0.3,0.015,naics
1668,1,0.0,0.0,0.0,0.5,0.0,naics
1670,1,0.0,0.0,0.0,0.6,0.13,naics
1671,0,0.0,0.0,0.0,0.6,0.0,naics
1672,1,0.0,0.0,0.0,0.9,0.0,naics
1673,1,0.0,0.0,0.0,0.7,0.0,naics
1674,1,0.0,0.0,0.0,0.5,0.0,naics
1675,0,0.0,0.0,0.0,0.9,0.03,naics
1676,1,0.0,0.0,0.0,0.5,0.0,naics
1678,0,0.0,0.0,0.0,0.6,0.0,naics
1679,1,0.0,0.0,0.0,0.5,0.0,naics
1680,1,0.0,0.0,0.0,0.3,0.09,naics
1681,0,0.0,0.0,0.0,0.7,0.0,naics
1682,0,0.0,0.0,0.0,0.5,0.0,naics
1683,0,0.0,0.0,0.0,0.1,0.0,naics
1684,0,0.0,0.0,0.0,0.3,0.06,naics
1685,1,0.0,0.0,0.0,0.6,0.18,naics
1686,1,0.0,0.3,0.3,0.4,0.26999999999999996,naics
1687,0,0.0,0.0,0.0,0.7,0.0,naics
1688,0,0.0,0.0,0.0,0.7,0.0,naics
1689,1,0.0,0.0,0.0,0.6,0.0,naics
1691,1,0.0,0.0,0.0,0.8,0.0,naics
1692,0,0.0,0.0,0.0,0.9,0.0,naics
1693,0,0.0,0.0,0.0,0.9,0.0,naics
1694,1,0.0,0.0,0.0,0.7,0.075,naics
1695,1,0.0,0.0,0.0,0.6,0.10500000000000001,naics
1696,0,0.0,0.0,0.0,0.6,0.0,naics
1697,1,0.0,0.0,0.0,0.7,0.0,naics
1698,1,0.0,0.0,0.0,0.6,0.015,naics
1699,0,0.0,0.0,0.0,0.4,0.075,naics
1700,1,0.0,0.0,0.0,0.5,0.0,naics
1701,0,0.0,0.0,0.0,0.5,0.0,naics
1702,1,0.0,0.0,0.0,0.5,0.0,naics
1703,0,0.0,0.0,0.0,0.6,0.075,naics
1704,1,0.0,0.0,0.0,0.2,0.0,naics
1705,1,0.0,0.0,0.0,0.6,0.0,naics
1706,1,0.0,0.0,0.0,0.7,0.0,naics
1707,1,0.0,0.0,0.0,0.6,0.0,naics
1708,0,0.0,0.0,0.0,0.2,0.0,naics
1709,1,0.0,0.0,0.0,0.9,0.0,naics
1710,0,0.0,0.0,0.0,0.3,0.0,naics
1711,1,0.0,0.0,0.0,0.3,0.0,naics
1712,1,0.0,0.0,0.0,1.0,0.0,naics
1713,1,0.0,0.0,0.0,0.5,0.0,naics
1714,1,0.0,0.0,0.0,0.4,0.0,naics
1715,1,0.0,0.0,0.0,0.6,0.0,naics
1717,0,0.0,0.0,0.0,0.9,0.03,naics
1718,1,0.0,0.0,0.0,0.5,0.0,naics
1719,0,0.0,0.0,0.0,0.6,0.0,naics
1720,0,0.0,0.0,0.0,0.1,0.0,naics
1721,0,0.0,0.0,0.0,0.7,0.045,naics
1722,0,0.0,0.0,0.0,0.4,0.0,naics
1723,1,0.0,0.0,0.0,0.9,0.0,naics
1724,0,0.0,0.0,0.0,0.8,0.03,naics
1725,0,0.0,0.0,0.0,0.3,0.03,naics
1726,1,0.0,0.0,0.0,0.6,0.24500000000000002,naics
1727,1,0.0,0.0,0.0,0.7,0.0,naics
1728,1,0.0,0.0,0.0,0.8,0.0,naics
1729,0,0.0,0.0,0.0,0.3,0.0,naics
1730,1,0.0,0.0,0.0,0.9,0.0,naics
1731,0,0.0,0.0,0.0,0.3,0.0,naics
1732,0,0.0,0.0,0.0,0.5,0.0,naics
1733,0,0.0,0.0,0.0,0.5,0.0,naics
1734,1,0.0,0.0,0.0,0.7,0.0,naics
1735,1,0.0,0.0,0.0,0.6,0.0,naics
1736,1,0.0,0.0,0.0,0.6,0.0,naics
1737,1,0.0,0.0,0.0,0.6,0.0,naics
1738,0,0.0,0.0,0.0,0.4,0.06,naics
1739,0,0.0,0.0,0.0,0.6,0.03,naics
1740,0,0.0,0.0,0.0,0.7,0.0,naics
1741,1,0.0,0.0,0.0,0.6,0.0,naics
1742,0,0.0,0.0,0.0,0.7,0.0,naics
1743,1,0.0,0.0,0.0,0.8,0.0,naics
1744,0,0.0,0.0,0.0,0.5,0.0,naics
1745,1,0.0,0.0,0.0,0.3,0.0,naics
1746,1,0.0,0.0,0.0,0.6,0.0,naics
1748,1,0.0,0.0,0.0,0.8,0.0,naics
1749,0,0.0,0.0,0.0,0.4,0.0,naics
1750,1,0.0,0.0,0.0,0.6,0.0,naics
1751,0,0.0,0.0,0.0,0.5,0.0,naics
1753,0,0.0,0.0,0.0,0.4,0.0,naics
1754,0,0.0,0.0,0.0,0.7,0.0,naics
1755,1,0.9999999999975001,0.4,0.0,0.2,0.14500000000000002,naics
1756,0,0.0,0.0,0.0,0.7,0.0,naics
1757,0,0.0,0.0,0.0,0.8,0.0,naics
1758,0,0.0,0.0,0.0,0.6,0.0,naics
1759,1,0.0,0.0,0.0,0.2,0.0,naics
1760,0,0.0,0.0,0.0,0.5,0.18,naics
1761,0,-0.9999999999933333,0.0,0.15,0.6,0.32999999999999996,naics
1762,1,0.0,0.0,0.0,0.5,0.0,naics
1763,0,0.0,0.0,0.0,0.6,0.06,naics
1764,1,0.0,0.0,0.0,0.5,0.0,naics
1765,0,0.0,0.0,0.0,0.6,0.0,naics
1766,0,-0.53846153846071,0.15,0.5,0.8,0.39499999999999996,naics
1767,0,0.0,0.0,0.0,0.6,0.0,naics
1768,1,-0.9999999999966668,0.0,0.3,0.8,0.225,naics
1769,1,0.0,0.0,0.0,0.7,0.045,naics
1771,1,0.0,0.0,0.0,0.4,0.19,naics
1772,1,0.0,0.0,0.0,0.7,0.03,naics
1773,0,0.0,0.0,0.0,0.8,0.0,naics
1774,0,0.0,0.0,0.0,0.7,0.0,naics
1775,1,0.9999999999975001,0.4,0.0,0.8,0.31999999999999995,naics
1776,1,0.0,0.0,0.0,0.5,0.3550000000000001,naics
1777,0,0.0,0.0,0.0,0.5,0.18166666666666667,naics
1778,0,0.0,0.0,0.0,0.8,0.0,naics
1779,1,0.0,0.0,0.0,0.9,0.0,naics
1780,1,0.0,0.0,0.0,0.6,0.0,naics
1781,0,0.0,0.0,0.0,0.7,0.0,naics
1782,0,0.0,0.0,0.0,0.6,0.0,naics
1783,1,0.0,0.0,0.0,0.4,0.0,naics
1784,1,0.0,0.0,0.0,0.5,0.0,naics
1785,0,0.0,0.0,0.0,0.7,0.045,naics
1786,1,0.0,0.0,0.0,0.6,0.0,naics
1787,1,0.0,0.0,0.0,0.5,0.16499999999999998,naics
1788,1,0.0,0.0,0.0,0.7,0.0,naics
1789,0,0.0,0.0,0.0,0.6,0.0,naics
1790,1,0.0,0.0,0.0,0.6,0.0,naics
1792,1,0.9999999999933333,0.15,0.0,0.1,0.03,naics
1793,1,0.0,0.0,0.0,0.4,0.0,naics
1794,1,0.0,0.0,0.0,0.2,0.0,naics
1795,1,0.0,0.0,0.0,0.3,0.0,naics
1796,1,0.0,0.0,0.0,0.4,0.09,naics
1797,0,0.0,0.0,0.0,0.8,0.015,naics
1798,0,0.0,0.0,0.0,0.7,0.0,naics
1799,0,0.0,0.0,0.0,0.7,0.03,naics
1800,0,0.0,0.0,0.0,0.4,0.0,naics
1801,0,0.0,0.0,0.0,0.4,0.0,naics
1802,1,0.0,0.0,0.0,0.9,0.0,naics
1803,0,0.0,0.0,0.0,0.6,0.0,naics
1804,0,0.0,0.0,0.0,0.6,0.0,naics
1805,1,0.0,0.0,0.0,0.6,0.0,naics
1806,0,0.0,0.0,0.0,0.6,0.075,naics
1807,0,0.0,0.0,0.0,0.7,0.0,naics
1808,0,0.0,0.0,0.0,0.7,0.0,naics
1809,0,0.9999999999933333,0.15,0.0,0.4,0.12,naics
1810,1,0.0,0.0,0.0,0.5,0.0,naics
1811,1,0.0,0.0,0.0,0.4,0.075,naics
1812,1,0.0,0.0,0.0,0.9,0.0,naics
1813,1,0.0,0.0,0.0,0.6,0.0,naics
1814,0,0.0,0.0,0.0,0.5,0.0,naics
1815,0,0.0,0.0,0.0,0.6,0.0,naics
1816,0,0.0,0.0,0.0,0.7,0.09,naics
1817,1,0.0,0.0,0.0,0.5,0.0,naics
1818,0,0.0,0.0,0.0,0.2,0.0,naics
1819,1,0.0,0.0,0.0,0.6,0.135,naics
1820,0,0.0,0.0,0.0,0.7,0.0,naics
1821,0,-0.9999999999933333,0.0,0.15,0.6,0.18,naics
1822,0,-0.9999999999933333,0.0,0.15,1.0,0.045,naics
1823,0,0.0,0.0,0.0,0.4,0.15,naics
1824,1,0.0,0.0,0.0,0.7,0.0,naics
1825,0,0.9999999999933333,0.15,0.0,0.5,0.15,naics
1826,1,0.0,0.0,0.0,0.6,0.0,naics
1828,1,0.0,0.0,0.0,0.6,0.0,naics
1829,0,0.0,0.0,0.0,0.7,0.03,naics
1830,1,0.0,0.0,0.0,0.5,0.0,naics
1831,0,0.0,0.0,0.0,0.6,0.075,naics
1832,0,0.0,0.0,0.0,0.7,0.0,naics
1833,0,0.0,0.0,0.0,0.6,0.06,naics
1834,1,0.0,0.0,0.0,0.4,0.0,naics
1835,1,0.0,0.0,0.0,0.6,0.0,naics
1836,1,0.0,0.0,0.0,0.4,0.0,naics
1837,0,0.0,0.0,0.0,0.6,0.0,naics
1838,1,0.0,0.0,0.0,0.9,0.015,naics
1839,0,0.0,0.0,0.0,0.5,0.0,naics
1840,1,0.0,0.0,0.0,0.5,0.0,naics
1841,0,0.0,0.0,0.0,0.4,0.0,naics
1842,0,0.0,0.0,0.0,0.5,0.03,naics
1843,1,0.0,0.0,0.0,0.7,0.0,naics
1844,0,0.0,0.0,0.0,0.4,0.18,naics
1846,1,0.0,0.0,0.0,0.6,0.0,naics
1847,1,0.0,0.0,0.0,0.4,0.0,naics
1848,1,0.0,0.0,0.0,0.6,0.03,naics
1849,0,0.0,0.0,0.0,0.7,0.0,naics
1850,1,-0.9999999999933333,0.0,0.15,0.8,0.075,naics
1851,1,0.0,0.0,0.0,0.6,0.12,naics
1852,0,0.0,0.0,0.0,0.1,0.0,naics
1853,1,0.0,0.0,0.0,0.4,0.0,naics
1854,0,-0.9999999999966668,0.0,0.3,0.6,0.26999999999999996,naics
1855,1,0.0,0.0,0.0,0.6,0.0,naics
1856,1,0.0,0.0,0.0,0.6,0.03,naics
1857,0,0.0,0.0,0.0,0.5,0.0,naics
1858,1,0.0,0.0,0.0,0.6,0.0,naics
1859,0,-0.9999999999966668,0.0,0.3,0.5,0.43666666666666665,naics
1860,1,0.0,0.0,0.0,0.5,0.19,naics
1861,1,0.0,0.3,0.3,0.6,0.35,naics
1862,0,0.0,0.0,0.0,0.6,0.0,naics
1863,0,0.0,0.0,0.0,0.2,0.0,naics
1864,0,-0.9999999999933333,0.0,0.15,0.4,0.225,naics
1865,0,0.0,0.0,0.0,0.9,0.03,naics
1866,1,0.0,0.0,0.0,0.7,0.0,naics
1867,1,0.0,0.0,0.0,0.9,0.0,naics
1868,0,0.0,0.0,0.0,0.7,0.03,naics
1869,0,0.0,0.0,0.0,0.9,0.0,naics
1870,1,0.0,0.0,0.0,0.7,0.0,naics
1871,0,0.0,0.0,0.0,0.5,0.0,naics
1872,1,0.33333333333259263,0.3,0.15,0.4,0.22000000000000003,naics
1873,0,0.0,0.3,0.3,0.4,0.31999999999999995,naics
1874,1,0.0,0.0,0.0,0.6,0.0,naics
1875,1,0.0,0.0,0.0,0.4,0.0,naics
1876,1,0.0,0.0,0.0,0.1,0.0,naics
1877,0,0.0,0.0,0.0,0.4,0.0,naics
1878,0,0.0,0.0,0.0,0.6,0.0,naics
1879,0,0.0,0.0,0.0,0.6,0.0,naics
1880,1,0.0,0.0,0.0,0.5,0.0,naics
1881,1,0.0,0.0,0.0,1.0,0.015,naics
1882,1,0.0,0.0,0.0,0.5,0.0,naics
1883,0,-0.04347826086952735,0.55,0.6,0.7,0.5650000000000001,naics
1884,1,0.0,0.0,0.0,0.6,0.0,naics
1885,0,0.0,0.0,0.0,0.7,0.045,naics
1886,0,0.0,0.0,0.0,0.5,0.045,naics
1887,1,0.6249999999992187,0.65,0.15,0.3,0.5883333333333333,naics
1888,0,0.0,0.0,0.0,0.2,0.0,naics
1889,1,0.0,0.0,0.0,0.3,0.0,naics
1890,1,0.0,0.0,0.0,0.6,0.0,naics
1891,1,0.0,0.0,0.0,0.5,0.0,naics
1892,0,0.0,0.0,0.0,0.5,0.0,naics
1893,1,0.0,0.0,0.0,0.5,0.0,naics
1894,1,0.0,0.0,0.0,0.5,0.045,naics
1895,0,0.0,0.0,0.0,0.6,0.0,naics
1896,1,0.0,0.0,0.0,0.4,0.0,naics
1897,0,0.0,0.0,0.0,0.7,0.0,naics
1898,1,0.0,0.0,0.0,0.5,0.0,naics
1899,0,0.0,0.0,0.0,0.4,0.0,naics
1900,1,0.0,0.0,0.0,0.5,0.0,naics
1901,1,0.0,0.0,0.0,0.8,0.0,naics
1902,0,0.0,0.0,0.0,0.9,0.0,naics
1903,0,0.0,0.0,0.0,0.3,0.0,naics
1904,1,0.0,0.0,0.0,0.7,0.03,naics
1905,1,0.0,0.0,0.0,0.9,0.0,naics
1906,0,0.0,0.0,0.0,0.4,0.0,naics
1907,0,0.9999999999933333,0.15,0.0,0.8,0.10500000000000001,naics
1908,0,0.0,0.0,0.0,0.6,0.0,naics
1909,0,0.0,0.0,0.0,0.7,0.0,naics
1910,0,0.0,0.0,0.0,0.7,0.0,naics
1911,1,0.0,0.0,0.0,0.5,0.0,naics
1912,1,0.0,0.0,0.0,0.5,0.0,naics
1913,1,0.0,0.0,0.0,0.6,0.0,naics
1914,1,0.0,0.0,0.0,0.7,0.015,naics
1915,1,0.0,0.0,0.0,0.7,0.0,naics
1916,1,0.0,0.0,0.0,0.3,0.0,naics
1917,1,0.0,0.0,0.0,0.5,0.0,naics
1918,1,0.0,0.0,0.0,0.9,0.0,naics
1919,0,0.0,0.0,0.0,0.9,0.03,naics
1920,0,0.0,0.0,0.0,0.6,0.045,naics
1921,0,0.0,0.0,0.0,0.9,0.0,naics
1922,1,0.0,0.0,0.0,0.5,0.0,naics
1923,1,0.0,0.0,0.0,0.7,0.0,naics
1924,1,0.0,0.0,0.0,0.2,0.0,naics
1925,1,-0.9999999999933333,0.0,0.15,0.7,0.075,naics
1926,0,0.0,0.0,0.0,0.7,0.0,naics
1927,1,0.0,0.0,0.0,0.3,0.0,naics
1928,1,0.0,0.0,0.0,0.8,0.0,naics
1929,1,0.0,0.0,0.0,0.7,0.0,naics
1930,0,0.0,0.0,0.0,0.6,0.0,naics
1931,0,0.0,0.0,0.0,0.5,0.0,naics
1932,0,0.0,0.0,0.0,0.8,0.0,naics
1933,0,0.0,0.0,0.0,0.8,0.0,naics
1934,1,0.0,0.0,0.0,0.5,0.0,naics
1935,1,-0.9999999999933333,0.0,0.15,0.8,0.075,naics
1936,0,0.0,0.0,0.0,0.5,0.0,naics
1938,0,0.0,0.0,0.0,0.5,0.0,naics
1939,1,0.0,0.0,0.0,0.7,0.0,naics
1940,1,0.0,0.0,0.0,0.6,0.0,naics
1941,1,0.0,0.0,0.0,0.6,0.0,naics
1942,0,0.0,0.0,0.0,0.4,0.0,naics
1943,0,0.0,0.0,0.0,0.6,0.18,naics
1944,0,0.0,0.0,0.0,0.1,0.0,naics
1945,0,0.0,0.0,0.0,0.7,0.18,naics
1946,1,0.0,0.0,0.0,0.3,0.0,naics
1947,1,-0.33333333333259263,0.15,0.3,0.7,0.24,naics
1948,1,0.0,0.0,0.0,0.5,0.0,naics
1949,0,0.0,0.0,0.0,0.4,0.0,naics
1950,0,-0.9999999999933333,0.0,0.15,0.9,0.09,naics
1951,0,0.0,0.0,0.0,0.5,0.0,naics
1952,0,0.0,0.0,0.0,0.5,0.0,naics
1954,1,0.0,0.0,0.0,0.4,0.0,naics
1955,0,-0.9999999999933333,0.0,0.15,1.0,0.045,naics
1956,1,0.0,0.0,0.0,0.5,0.0,naics
1957,1,0.0,0.0,0.0,0.4,0.0,naics
1958,1,0.0,0.0,0.0,0.1,0.0,naics
1959,0,0.0,0.0,0.0,0.2,0.03,naics
1960,0,0.0,0.0,0.0,0.6,0.03,naics
1961,0,0.0,0.15,0.15,0.6,0.13499999999999998,naics
1962,1,-0.9999999999933333,0.0,0.15,0.5,0.12,naics
1963,0,0.0,0.0,0.0,0.6,0.0,naics
1964,1,0.0,0.0,0.0,0.4,0.06,naics
1965,0,0.0,0.0,0.0,0.5,0.10500000000000001,naics
1966,0,0.0,0.0,0.0,0.1,0.0,naics
1967,1,0.0,0.0,0.0,0.4,0.0,naics
1968,0,0.0,0.0,0.0,0.6,0.0,naics
1969,0,0.0,0.0,0.0,0.9,0.0,naics
1970,0,0.0,0.0,0.0,0.6,0.03,naics
1971,0,-0.9999999999933333,0.0,0.15,0.7,0.09,naics
1972,0,0.0,0.0,0.0,0.7,0.0,naics
1973,1,0.0,0.0,0.0,0.6,0.0,naics
1974,0,0.0,0.0,0.0,0.6,0.03,naics
1975,0,0.0,0.0,0.0,0.5,0.15,naics
1976,1,0.0,0.0,0.0,0.7,0.0,naics
1977,1,0.0,0.0,0.0,0.5,0.0,naics
1978,0,0.0,0.0,0.0,0.7,0.015,naics
1979,1,-0.9999999999975001,0.0,0.4,1.0,0.15,naics
1980,0,0.0,0.0,0.0,0.4,0.0,naics
1981,1,0.0,0.0,0.0,0.7,0.0,naics
1982,1,0.0,0.0,0.0,0.5,0.0,naics
1983,1,-0.9999999999933333,0.0,0.15,0.4,0.13499999999999998,naics
1984,0,0.0,0.0,0.0,0.8,0.0,naics
1985,1,0.0,0.0,0.0,0.5,0.045,naics
1986,0,0.0,0.0,0.0,0.7,0.0,naics
1987,0,0.0,0.0,0.0,0.7,0.0,naics
1988,0,0.0,0.0,0.0,0.3,0.0,naics
1989,1,0.0,0.0,0.0,0.7,0.0,naics
1990,0,-0.33333333333259263,0.15,0.3,0.9,0.22499999999999995,naics
1991,0,0.0,0.0,0.0,0.4,0.0,naics
1992,1,0.0,0.0,0.0,0.3,0.12,naics
1993,0,0.0,0.0,0.0,0.7,0.015,naics
1994,1,-0.9999999999975001,0.0,0.4,0.6,0.215,naics
1995,1,0.0,0.0,0.0,0.6,0.0,naics
1996,0,0.0,0.0,0.0,0.5,0.0,naics
1997,1,0.0,0.0,0.0,0.3,0.0,naics
1998,0,0.0,0.0,0.0,0.6,0.0,naics
1999,1,0.0,0.0,0.0,0.2,0.045,naics
2000,0,0.0,0.15,0.15,0.4,0.13499999999999998,naics
2001,1,0.0,0.0,0.0,0.6,0.0,naics
2002,0,0.9999999999966668,0.3,0.0,0.5,0.24,naics
2003,0,0.0,0.0,0.0,0.6,0.0,naics
2004,1,0.0,0.0,0.0,0.6,0.0,naics
2005,1,0.0,0.0,0.0,0.5,0.045,naics
2006,1,0.0,0.0,0.0,0.8,0.0,naics
2007,0,0.0,0.0,0.0,0.5,0.015,naics
2008,1,0.0,0.0,0.0,0.1,0.0,naics
2009,0,0.0,0.0,0.0,0.5,0.0,naics
2010,1,-0.9999999999933333,0.0,0.15,0.6,0.12,naics
2012,1,0.0,0.0,0.0,0.4,0.0,naics
2013,1,0.0,0.0,0.0,0.6,0.03,naics
2014,1,0.0,0.0,0.0,1.0,0.0,naics
2015,1,0.0,0.0,0.0,0.4,0.0,naics
2016,1,0.0,0.0,0.0,0.2,0.0,naics
2017,1,0.0,0.0,0.0,0.3,0.0,naics
2018,1,0.0,0.0,0.0,0.3,0.03,naics
2019,1,0.0,0.0,0.0,0.9,0.0,naics
2020,1,0.0,0.0,0.0,0.5,0.0,naics
2021,0,0.0,0.0,0.0,0.8,0.0,naics
2022,0,0.0,0.0,0.0,0.5,0.0,naics
2023,1,0.0,0.0,0.0,0.5,0.0,naics
2024,0,0.0,0.0,0.0,0.4,0.0,naics
2025,0,0.0,0.0,0.0,0.7,0.0,naics
2026,1,0.0,0.0,0.0,0.5,0.0,naics
2027,0,-0.9999999999933333,0.0,0.15,0.7,0.25999999999999995,naics
2028,1,0.0,0.0,0.0,0.3,0.045,naics
2029,0,0.0,0.0,0.0,0.7,0.0,naics
2030,1,0.0,0.0,0.0,0.4,0.0,naics
2031,0,0.0,0.0,0.0,0.3,0.0,naics
2032,1,0.0,0.0,0.0,0.5,0.0,naics
2033,1,0.0,0.0,0.0,0.3,0.03,naics
2034,0,0.0,0.0,0.0,0.6,0.0,naics
2035,1,0.0,0.0,0.0,0.6,0.015,naics
2036,0,0.0,0.0,0.0,0.5,0.075,naics
2037,0,0.0,0.0,0.0,0.6,0.0,naics
2038,0,0.0,0.0,0.0,0.6,0.0,naics
2039,0,-0.9999999999933333,0.0,0.15,0.9,0.045,naics
2040,0,0.0,0.0,0.0,0.5,0.24,naics
2041,0,0.0,0.0,0.0,0.7,0.0,naics
2042,1,0.0,0.0,0.0,0.9,0.0,naics
2043,0,0.0,0.0,0.0,0.2,0.09,naics
2044,0,0.0,0.0,0.0,0.9,0.0,naics
2045,0,0.0,0.0,0.0,0.3,0.0,naics
2046,0,0.0,0.0,0.0,0.8,0.0,naics
2047,0,0.0,0.0,0.0,0.9,0.0,naics
2048,0,0.0,0.0,0.0,0.7,0.06999999999999999,naics
2049,1,0.0,0.0,0.0,0.6,0.0,naics
2050,0,0.0,0.0,0.0,0.7,0.0,naics
2051,0,0.0,0.0,0.0,0.4,0.0,naics
2052,1,0.0,0.0,0.0,0.4,0.06,naics
2053,1,0.0,0.0,0.0,0.6,0.0,naics
2054,0,0.0,0.0,0.0,0.6,0.0,naics
2057,1,0.0,0.0,0.0,0.4,0.0,naics
2058,1,0.0,0.0,0.0,0.8,0.0,naics
2059,1,0.0,0.0,0.0,0.3,0.03,naics
2060,1,0.0,0.0,0.0,0.4,0.0,naics
2061,0,0.0,0.0,0.0,0.9,0.0,naics
2062,0,0.0,0.0,0.0,0.7,0.06,naics
2063,0,0.0,0.0,0.0,0.3,0.0,naics
2064,0,0.0,0.0,0.0,0.6,0.075,naics
2065,1,0.0,0.0,0.0,0.8,0.0,naics
2066,1,0.0,0.0,0.0,0.5,0.29,naics
2067,1,0.0,0.0,0.0,0.5,0.0,naics
2068,0,0.0,0.0,0.0,0.5,0.0,naics
2069,0,0.0,0.0,0.0,0.4,0.045,naics
2070,0,0.0,0.0,0.0,0.6,0.06,naics
2071,1,0.0,0.0,0.0,0.4,0.045,naics
2072,1,0.0,0.0,0.0,0.6,0.0,naics
2073,0,0.0,0.0,0.0,0.7,0.03,naics
2074,0,0.0,0.0,0.0,0.4,0.015,naics
2075,1,0.0,0.0,0.0,0.5,0.0,naics
2076,1,0.0,0.0,0.0,0.6,0.045,naics
2077,0,0.0,0.0,0.0,0.6,0.0,naics
2078,1,0.0,0.0,0.0,0.6,0.21000000000000002,naics
2079,1,0.0,0.0,0.0,0.9,0.0,naics
2080,1,0.0,0.0,0.0,0.8,0.0,naics
2081,1,0.0,0.0,0.0,1.0,0.0,naics
2082,1,0.0,0.0,0.0,0.5,0.0,naics
2084,1,0.0,0.0,0.0,0.6,0.0,naics
2085,0,0.0,0.0,0.0,0.9,0.0,naics
2086,0,0.0,0.0,0.0,0.4,0.0,naics
2087,1,0.0,0.0,0.0,0.4,0.0,naics
2088,1,0.0,0.0,0.0,0.7,0.0,naics
2089,1,0.0,0.0,0.0,0.7,0.0,naics
2090,1,0.0,0.0,0.0,0.9,0.0,naics
1,1,0.0,0.5,0.5,0.5,0.5242708921432495,hs
2,1,0.0,0.5,0.5,0.3,0.6000000238418579,hs
3,0,0.05069122874628618,0.23749999701976776,0.21458333730697632,0.5,0.23885414004325867,hs
4,0,0.026052107483030846,0.35555556416511536,0.3375000059604645,0.6,0.3376389145851135,hs
5,0,0.04970667448210719,0.7083333134651184,0.6412500143051147,0.5,0.6351389288902283,hs
6,0,0.02621231803950843,0.4350000023841858,0.41277778148651123,0.3,0.4539920687675476,hs
7,1,0.02936254298624202,0.402738094329834,0.3797619044780731,0.5,0.380912721157074,hs
8,1,0.0,0.5333333611488342,0.5333333611488342,0.5,0.5333333611488342,hs
9,0,0.0,0.2750000059604645,0.2750000059604645,0.5,0.3633154630661011,hs
10,1,-0.012244886519846043,0.5041666626930237,0.5166666507720947,0.8,0.46687498688697815,hs
11,1,-0.9999999999963637,0.0,0.2750000059604645,0.8,0.2291666567325592,hs
12,0,0.039445135661921156,0.41631942987442017,0.3847222328186035,0.6,0.4364791810512543,hs
13,0,0.0,0.7666666507720947,0.7666666507720947,0.3,0.7419246435165405,hs
14,1,0.0,0.2750000059604645,0.2750000059604645,0.5,0.25979167222976685,hs
15,1,0.0,0.5166666507720947,0.5166666507720947,0.5,0.47041669487953186,hs
16,1,0.014164342972000137,0.596666693687439,0.5799999833106995,0.5,0.5500634908676147,hs
17,1,0.12087912001531008,0.8500000238418579,0.6666666865348816,0.1,0.8156110644340515,hs
18,0,0.0,0.0,0.0,0.4,0.17416666448116302,hs
19,1,0.006553111055846814,0.5333333611488342,0.5263888835906982,0.6,0.4814007878303528,hs
20,0,0.08869988060524157,0.746666669845581,0.625,0.7,0.6796666979789734,hs
21,0,0.010276681504621327,0.4437499940395355,0.4347222149372101,0.3,0.4039543569087982,hs
22,1,0.0,0.4895833432674408,0.4895833432674408,0.5,0.44062501192092896,hs
23,0,0.0,0.125,0.125,0.5,0.140625,hs
24,0,0.0,0.5364583134651184,0.5364583134651184,0.5,0.5210069417953491,hs
25,1,0.03875968831062793,0.4466666579246521,0.41333332657814026,0.8,0.4167916774749756,hs
26,0,-0.04287268204129034,0.4363095164299011,0.4753968119621277,0.6,0.4491964280605316,hs
27,1,0.0,0.125,0.125,0.7,0.11249999701976776,hs
28,0,-0.15084915363289683,0.3541666567325592,0.47999998927116394,0.6,0.4614931046962738,hs
29,0,-0.11872147218559484,0.3216666579246521,0.40833333134651184,0.4,0.391948401927948,hs
30,1,0.0,0.44404762983322144,0.44404762983322144,0.3,0.4605317711830139,hs
31,1,0.017709574862208574,0.5387499928474426,0.5199999809265137,0.2,0.547333300113678,hs
32,1,0.02127661355320763,0.800000011920929,0.7666666507720947,0.4,0.7824662923812866,hs
33,0,0.0,0.4633333384990692,0.4633333384990692,0.6,0.44627779722213745,hs
34,1,0.17241377949515818,0.1770833283662796,0.125,0.4,0.1547916680574417,hs
35,1,-0.20535715390444467,0.2966666519641876,0.44999998807907104,0.9,0.3760555386543274,hs
36,1,0.05258243425173435,0.402738094329834,0.36250001192092896,0.6,0.3826487958431244,hs
37,0,-0.07183363512353118,0.3507142961025238,0.4050000011920929,0.7,0.39925891160964966,hs
38,1,0.01639342724520831,0.25833332538604736,0.25,0.4,0.2316666543483734,hs
39,1,0.0,0.2750000059604645,0.2750000059604645,0.8,0.26500001549720764,hs
40,0,0.0,0.2750000059604645,0.2750000059604645,0.7,0.304583340883255,hs
41,0,0.0,0.1666666716337204,0.1666666716337204,0.5,0.17791667580604553,hs
42,0,-0.999999999992,0.0,0.125,0.1,0.20520833134651184,hs
43,0,0.0,0.4166666567325592,0.4166666567325592,0.6,0.38749998807907104,hs
44,1,0.0,0.0,0.0,0.7,0.03750000149011612,hs
45,0,0.0,0.4652777910232544,0.4652777910232544,0.7,0.4936944544315338,hs
46,0,0.001976844862906833,0.6159722208976746,0.6135416626930237,0.6,0.6576040983200073,hs
47,0,0.0,0.5770833492279053,0.5770833492279053,0.6,0.5719305872917175,hs
48,1,0.0,0.5,0.5,0.4,0.5,hs
49,0,0.0,0.5,0.5,0.5,0.44999998807907104,hs
50,0,0.0,0.3083333373069763,0.3083333373069763,0.4,0.39375990629196167,hs
51,1,-0.015118806912635936,0.4749999940395355,0.4895833432674408,0.6,0.4949999749660492,hs
52,0,-0.017543867574349614,0.1944444477558136,0.2013888955116272,0.5,0.20597223937511444,hs
53,1,0.0,0.0,0.0,0.6,0.17416666448116302,hs
54,0,-0.0059171542538165416,0.17499999701976776,0.1770833283662796,0.5,0.1805555522441864,hs
55,1,0.0,0.2750000059604645,0.2750000059604645,0.7,0.42385417222976685,hs
56,0,0.0,0.0,0.0,0.9,0.0,hs
57,1,0.0,0.375,0.375,0.6,0.3704861104488373,hs
58,1,0.044025174962454255,0.518750011920929,0.4749999940395355,0.2,0.5061249732971191,hs
59,1,-0.023895253038714426,0.5325000286102295,0.558571457862854,0.5,0.5127549767494202,hs
60,1,-0.01014201680682496,0.4357142746448517,0.4446428716182709,0.5,0.4246547818183899,hs
61,1,0.0,0.28833332657814026,0.28833332657814026,0.2,0.3336527943611145,hs
62,0,-0.12650599035282684,0.3020833432674408,0.3895833194255829,0.6,0.3828125,hs
63,1,-0.0727316957000373,0.7563492059707642,0.875,0.6,0.8134682774543762,hs
64,1,0.0,0.5,0.5,0.5,0.48124998807907104,hs
65,0,0.023999999267559715,0.6666666865348816,0.6354166865348816,0.6,0.6084781885147095,hs
66,0,-0.09210526769831773,0.4312500059604645,0.518750011920929,0.6,0.5016666650772095,hs
67,1,0.0,0.0,0.0,0.4,0.11183333396911621,hs
68,1,0.0,0.21458333730697632,0.21458333730697632,0.5,0.20926585793495178,hs
69,1,0.0,0.5,0.5,0.6,0.5404166579246521,hs
70,1,0.015211482060797653,0.4833333194255829,0.46884921193122864,0.7,0.4355039596557617,hs
71,0,-0.13157891764844545,0.2750000059604645,0.3583333194255829,0.4,0.33375000953674316,hs
72,1,0.0,0.5770833492279053,0.5770833492279053,0.6,0.5448957681655884,hs
73,0,-0.021635864998946562,0.4598214328289032,0.4801587164402008,0.5,0.5040653944015503,hs
74,1,0.08284714305988398,0.3222222328186035,0.27291667461395264,0.5,0.30354171991348267,hs
75,0,0.0,0.550000011920929,0.550000011920929,0.8,0.6412500143051147,hs
76,0,-0.16406251991774193,0.3566666543483734,0.49666666984558105,1.0,0.40611109137535095,hs
77,1,0.4915254319471155,0.550000011920929,0.1875,0.7,0.7506250143051147,hs
78,0,0.0,0.0,0.0,0.5,0.0625,hs
79,1,0.0,0.4350000023841858,0.4350000023841858,0.7,0.3967360854148865,hs
80,1,0.18518518191442285,0.4000000059604645,0.2750000059604645,0.5,0.36000004410743713,hs
81,1,0.015275113132804387,0.6791666746139526,0.658730149269104,0.9,0.6204077005386353,hs
82,0,-0.4002828876846269,0.23555555939674377,0.550000011920929,0.3,0.5185555815696716,hs
83,0,0.07920791868852144,0.605555534362793,0.5166666507720947,0.3,0.5177778005599976,hs
84,0,-0.9999999999981819,0.0,0.550000011920929,0.9,0.3827083110809326,hs
85,0,0.0,0.125,0.125,0.4,0.11874999850988388,hs
86,1,-0.048158626002873184,0.6666666865348816,0.7341269850730896,0.6,0.7865971326828003,hs
87,1,0.0,0.2666666805744171,0.2666666805744171,0.6,0.2660277783870697,hs
88,0,0.6296296361696728,0.550000011920929,0.125,0.5,0.45250001549720764,hs
89,0,-0.06802516673506745,0.3702380955219269,0.4242857098579407,0.5,0.45379361510276794,hs
90,0,0.0,0.4895833432674408,0.4895833432674408,0.3,0.5956944823265076,hs
91,0,0.32126698004058024,0.2433333396911621,0.125,0.4,0.26379165053367615,hs
92,0,0.021164001140591172,0.3216666579246521,0.3083333373069763,0.5,0.345878005027771,hs
93,0,0.0,0.0,0.0,0.4,0.27933329343795776,hs
94,1,0.2394366216098756,0.550000011920929,0.3375000059604645,0.4,0.4669792056083679,hs
95,1,0.0051282246907510005,0.612500011920929,0.606249988079071,0.2,0.7241944074630737,hs
96,1,0.0,0.375,0.375,0.6,0.3506944477558136,hs
97,1,0.0,0.0,0.0,0.5,0.0625,hs
98,1,0.13294797448858653,0.40833333134651184,0.3125,0.3,0.3829166889190674,hs
99,0,-0.05942271842642585,0.5770833492279053,0.6499999761581421,0.4,0.57865971326828,hs
100,0,-0.02941174131774006,0.6547619104385376,0.6944444179534912,0.7,0.6206547617912292,hs
101,1,0.0,0.5,0.5,0.6,0.48124998807907104,hs
102,1,0.0,0.2750000059604645,0.2750000059604645,0.8,0.26500001549720764,hs
103,0,0.0,0.2750000059604645,0.2750000059604645,0.7,0.24750001728534698,hs
104,0,-0.20858895362259663,0.3583333194255829,0.5472221970558167,0.6,0.47718748450279236,hs
105,1,-0.030303001403786552,0.6666666865348816,0.7083333134651184,0.6,0.6832500100135803,hs
106,1,0.0,0.0,0.0,0.5,0.11404166370630264,hs
107,1,-0.24871355186271527,0.36500000953674316,0.6066666841506958,0.6,0.558555543422699,hs
108,1,0.0,0.125,0.125,0.3,0.35948213934898376,hs
109,0,-0.1983002605555138,0.3930555582046509,0.5874999761581421,0.9,0.5093055963516235,hs
110,1,0.0,0.25833332538604736,0.25833332538604736,0.6,0.23249998688697815,hs
111,0,0.039301291712491505,0.7083333134651184,0.6547619104385376,0.6,0.7719284892082214,hs
112,0,0.0,0.25,0.25,0.5,0.273541659116745,hs
113,1,0.06158356024345068,0.7541666626930237,0.6666666865348816,0.3,0.6959663033485413,hs
114,0,-0.9999999999981819,0.0,0.550000011920929,0.9,0.3827083110809326,hs
115,0,0.5663157727349386,0.7749999761581421,0.21458333730697632,0.4,0.5852082967758179,hs
116,0,0.0,0.1666666716337204,0.1666666716337204,0.5,0.14999999105930328,hs
117,1,0.0,0.5,0.5,0.5,0.5242708921432495,hs
118,1,-0.10204081434037006,0.2750000059604645,0.3375000059604645,0.6,0.32458335161209106,hs
119,1,-0.19999999999936002,0.125,0.1875,0.3,0.19187499582767487,hs
120,0,0.08479140254503116,0.8395833373069763,0.7083333134651184,0.6,0.7500059604644775,hs
121,1,-0.007874019473081884,0.4375,0.4444444477558136,0.4,0.40902775526046753,hs
122,0,0.0,0.25,0.25,0.8,0.2620833218097687,hs
123,0,0.4146341599563064,0.3020833432674408,0.125,0.5,0.4178749918937683,hs
124,0,0.0,0.5,0.5,0.8,0.44999998807907104,hs
125,0,0.007862587627148244,0.385740727186203,0.3797222077846527,0.4,0.39701852202415466,hs
126,1,-0.015647251906051356,0.4119047522544861,0.42500001192092896,0.7,0.3986745774745941,hs
127,0,0.0,0.0,0.0,0.5,0.14166666567325592,hs
128,1,0.0,0.0,0.0,0.7,0.07500000298023224,hs
129,0,-0.07112971274765771,0.3083333373069763,0.35555556416511536,0.5,0.36050692200660706,hs
130,1,-0.9999999999963637,0.0,0.2750000059604645,0.8,0.2291666567325592,hs
131,0,-0.5833333291931496,0.125,0.4749999940395355,0.7,0.4208333492279053,hs
132,0,0.024221449587618807,0.5138888955116272,0.4895833432674408,0.5,0.5224167108535767,hs
133,1,0.0,0.5333333611488342,0.5333333611488342,0.4,0.48000001907348633,hs
134,1,0.0,0.36666667461395264,0.36666667461395264,0.3,0.4339166581630707,hs
135,1,0.0,0.5166666507720947,0.5166666507720947,0.6,0.49416667222976685,hs
136,0,-0.5128940011289888,0.1770833283662796,0.550000011920929,0.7,0.3946875035762787,hs
137,0,0.0,0.5166666507720947,0.5166666507720947,0.2,0.51666659116745,hs
138,0,-0.014326654258911936,0.47777777910232544,0.49166667461395264,0.6,0.46194449067115784,hs
139,0,-0.41176469488200307,0.1875,0.44999998807907104,0.5,0.4089999794960022,hs
140,0,-0.025110780118957645,0.6875,0.7229166626930237,0.6,0.6825000047683716,hs
141,1,-0.9999999999960001,0.0,0.25,0.8,0.09687499701976776,hs
142,1,0.032802285107301606,0.3826389014720917,0.3583333194255829,0.3,0.3668055534362793,hs
143,0,0.011627912198981172,0.3020833432674408,0.2951388955116272,0.5,0.31267857551574707,hs
144,0,-0.12443736313204325,0.41874998807907104,0.5377777814865112,0.5,0.48997220396995544,hs
145,0,0.024102324141348018,0.4337500035762787,0.41333332657814026,0.1,0.4003114700317383,hs
146,0,0.03999999570842978,0.5777778029441833,0.5333333611488342,0.5,0.6091943979263306,hs
147,0,0.04950491999439864,0.2944444417953491,0.2666666805744171,0.6,0.28763890266418457,hs
148,0,0.0,0.5166666507720947,0.5166666507720947,0.5,0.47041669487953186,hs
149,0,0.019550662947504075,0.6065972447395325,0.5833333134651184,0.3,0.573881983757019,hs
150,0,-0.19999998569440544,0.1666666716337204,0.25,0.4,0.27018749713897705,hs
151,0,0.0,0.0,0.0,0.6,0.0,hs
152,0,0.030303001403786552,0.7083333134651184,0.6666666865348816,0.8,0.6686111092567444,hs
153,0,0.10679610045887515,0.6785714030265808,0.5476190447807312,0.7,0.6654760837554932,hs
154,0,0.14285712917217389,0.35555556416511536,0.2666666805744171,0.3,0.2944444715976715,hs
155,0,-0.11262797401732824,0.5416666865348816,0.6791666746139526,1.0,0.5526667237281799,hs
156,0,0.19491525905284227,0.4699999988079071,0.3166666626930237,0.4,0.40281248092651367,hs
157,0,0.0,0.4895833432674408,0.4895833432674408,0.5,0.44062501192092896,hs
158,0,0.06354513754073074,0.4416666626930237,0.3888888955116272,0.4,0.3983055055141449,hs
159,0,0.039281716904014864,0.48229166865348816,0.44583332538604736,0.4,0.44777780771255493,hs
160,0,0.0,0.2750000059604645,0.2750000059604645,0.7,0.24750001728534698,hs
161,0,0.0,0.1666666716337204,0.1666666716337204,0.5,0.14999999105930328,hs
162,1,0.03999997596737854,0.7222222089767456,0.6666666865348816,0.4,0.6543055772781372,hs
163,0,0.019550662947504075,0.6065972447395325,0.5833333134651184,0.5,0.5704414248466492,hs
164,0,0.0,0.125,0.125,0.3,0.1458333432674408,hs
165,0,0.0,0.41333332657814026,0.41333332657814026,0.5,0.3912222385406494,hs
166,0,0.0,0.5770833492279053,0.5770833492279053,0.4,0.5940138697624207,hs
167,1,0.0,0.550000011920929,0.550000011920929,0.6,0.8187500238418579,hs
168,1,0.0,0.2708333432674408,0.2708333432674408,0.4,0.2717013955116272,hs
169,0,0.0156056502686001,0.4270833432674408,0.413958340883255,0.4,0.383062481880188,hs
170,0,0.03841675411453037,0.5575000047683716,0.5162500143051147,0.5,0.5625297427177429,hs
171,1,-0.1404011631614428,0.5,0.6633333563804626,0.6,0.6048809289932251,hs
172,1,-0.10204081434037006,0.2750000059604645,0.3375000059604645,0.6,0.3500000238418579,hs
173,0,0.0,0.125,0.125,0.2,0.15541668236255646,hs
174,1,0.04171934820575566,0.49047619104385376,0.4511904716491699,0.6,0.45491066575050354,hs
175,1,-0.6842105263152133,0.1875,1.0,1.0,0.6003125309944153,hs
176,0,-0.272226037138202,0.2750000059604645,0.4807291626930237,0.7,0.41457289457321167,hs
177,1,0.011235960474081616,0.3125,0.3055555522441864,0.5,0.29868054389953613,hs
178,0,0.0,0.125,0.125,0.4,0.11249999701976776,hs
179,0,-0.05359876703482522,0.21458333730697632,0.23888888955116272,0.5,0.25515276193618774,hs
180,0,0.0,0.5874999761581421,0.5874999761581421,0.3,0.5287500619888306,hs
181,1,0.0,0.4895833432674408,0.4895833432674408,0.7,0.4427083134651184,hs
182,1,0.1008303584745289,0.4833333194255829,0.3947916626930237,0.5,0.4370694160461426,hs
183,1,0.0,0.5166666507720947,0.5166666507720947,0.3,0.4649999737739563,hs
184,1,-0.9999999999960001,0.0,0.25,0.8,0.09687499701976776,hs
185,0,0.00414937359104936,0.8066666722297668,0.800000011920929,0.5,0.7713056206703186,hs
186,0,-0.009287916646969934,0.6666666865348816,0.6791666746139526,0.5,0.6324008107185364,hs
187,1,0.0,0.4166666567325592,0.4166666567325592,0.5,0.4208333492279053,hs
188,0,0.0,0.0,0.0,0.4,0.3962499797344208,hs
189,1,-0.9999999999984001,0.0,0.625,0.7,0.6489583253860474,hs
190,1,-0.014883371402897748,0.5837500095367432,0.6013888716697693,0.5,0.5664652585983276,hs
191,1,0.1428571574537087,0.1666666716337204,0.125,0.3,0.13854166865348816,hs
192,1,0.0,0.5625,0.5625,0.4,0.7003124952316284,hs
193,1,0.0,0.36666667461395264,0.36666667461395264,0.8,0.33000001311302185,hs
194,0,0.1187084446104551,0.4090277850627899,0.3222222328186035,0.2,0.3673611283302307,hs
195,0,0.0,0.4194444417953491,0.4194444417953491,0.3,0.41002678871154785,hs
196,1,0.08905502919985175,0.5562499761581421,0.4652777910232544,0.7,0.6550347208976746,hs
197,1,0.0,0.1666666716337204,0.1666666716337204,0.5,0.14999999105930328,hs
198,0,-0.4690265576343047,0.1875,0.518750011920929,0.8,0.3920833468437195,hs
199,0,-0.038759708834320526,0.5166666507720947,0.5583333373069763,0.4,0.5340138673782349,hs
200,0,0.0,0.4761904776096344,0.4761904776096344,0.8,0.4285714626312256,hs
201,0,-0.3045563368172444,0.3020833432674408,0.5666666626930237,0.9,0.42802080512046814,hs
202,0,-0.1408717643600416,0.5666666626930237,0.7524999976158142,0.9,0.5853750109672546,hs
203,1,0.002941184173815137,0.47361111640930176,0.47083333134651184,0.5,0.48129963874816895,hs
204,1,-0.012285017984628709,0.5583333373069763,0.5722222328186035,0.4,0.5252777934074402,hs
205,1,-0.024767778090881654,0.39375001192092896,0.4137499928474426,0.2,0.43797916173934937,hs
206,1,0.0,0.36666667461395264,0.36666667461395264,0.5,0.335416704416275,hs
207,1,0.0,0.5,0.5,0.7,0.4583333134651184,hs
208,1,0.0,0.0,0.0,0.6,0.12666666507720947,hs
209,1,0.22222223693908963,0.4124999940395355,0.26249998807907104,0.2,0.37026387453079224,hs
210,1,-0.03030300164260484,0.36666667461395264,0.3895833194255829,0.5,0.3506249785423279,hs
211,0,0.0,0.5166666507720947,0.5166666507720947,0.7,0.4649999737739563,hs
212,0,-0.03225808014602976,0.4166666567325592,0.4444444477558136,0.5,0.48318052291870117,hs
213,0,-0.016393441181278452,0.6666666865348816,0.6888889074325562,0.5,0.6640118956565857,hs
214,0,0.06332135486466413,0.5562499761581421,0.49000000953674316,0.4,0.505726158618927,hs
215,1,-0.9999999999953397,0.0,0.21458333730697632,0.5,0.24437499046325684,hs
216,1,-0.06637232360761486,0.3671296238899231,0.4193286895751953,0.5,0.42863327264785767,hs
217,1,0.022831050625981248,0.699999988079071,0.668749988079071,0.5,0.7655277848243713,hs
218,0,0.0,0.36666667461395264,0.36666667461395264,0.6,0.3452777862548828,hs
220,0,0.3333333333329293,0.550000011920929,0.2750000059604645,0.6,0.6056250333786011,hs
221,1,-0.0142700665941439,0.5345237851142883,0.550000011920929,0.6,0.49345239996910095,hs
222,0,0.0,0.5166666507720947,0.5166666507720947,0.5,0.4649999737739563,hs
223,0,0.0,0.6133333444595337,0.6133333444595337,0.7,0.5806805491447449,hs
224,1,0.0,0.44583332538604736,0.44583332538604736,0.4,0.4012499451637268,hs
225,0,0.021097044980907708,0.5377777814865112,0.5155555605888367,0.5,0.4884166717529297,hs
226,0,0.0,0.0,0.0,0.6,0.0,hs
227,1,0.0,0.125,0.125,0.5,0.125,hs
228,1,-0.040991394348532495,0.6986111402511597,0.7583333253860474,0.6,0.6733472347259521,hs
229,1,0.0,0.6666666865348816,0.6666666865348816,0.3,0.625,hs
230,0,0.01587303869966761,0.4000000059604645,0.38749998807907104,0.4,0.363819420337677,hs
231,1,0.0,0.0,0.0,0.4,0.11183333396911621,hs
232,1,0.0,0.2750000059604645,0.2750000059604645,0.4,0.35879164934158325,hs
233,1,0.0,0.1770833283662796,0.1770833283662796,0.4,0.3447916507720947,hs
234,1,0.0,0.36666667461395264,0.36666667461395264,0.6,0.3540555238723755,hs
235,0,0.0,0.2750000059604645,0.2750000059604645,0.4,0.25979167222976685,hs
236,1,-0.009345812384798672,0.5520833134651184,0.5625,0.7,0.5052083134651184,hs
237,0,-0.5652173822894297,0.125,0.44999998807907104,0.5,0.39941662549972534,hs
238,0,0.0,0.0,0.0,0.6,0.0,hs
239,1,0.0,0.375,0.375,0.4,0.35930556058883667,hs
240,0,-0.17106252049371456,0.4583333432674408,0.6474999785423279,0.7,0.569118082523346,hs
241,1,0.0,0.36666667461395264,0.36666667461395264,0.3,0.3452777862548828,hs
242,1,0.0,0.47333332896232605,0.47333332896232605,0.6,0.4425000250339508,hs
243,0,-0.45945946642467717,0.125,0.3375000059604645,0.5,0.2653958201408386,hs
244,0,0.0,0.0,0.0,0.6,0.0,hs
245,1,-0.025550306330816012,0.4918650686740875,0.5176587104797363,0.6,0.47342556715011597,hs
246,0,-0.03060217111643852,0.3507142961025238,0.37285715341567993,0.6,0.4242618978023529,hs
247,0,0.0,0.125,0.125,0.5,0.24166667461395264,hs
248,1,0.0,0.125,0.125,0.4,0.18333332240581512,hs
249,1,-0.018078003708284322,0.4300000071525574,0.44583332538604736,0.3,0.3996666371822357,hs
250,1,0.04875655565744625,0.4451389014720917,0.4037500023841858,0.5,0.40606945753097534,hs
251,1,0.07462690072531991,0.6000000238418579,0.5166666507720947,0.2,0.585254967212677,hs
252,1,-0.07246374858562425,0.2666666805744171,0.3083333373069763,0.7,0.31361114978790283,hs
253,0,0.06415093850727167,0.5874999761581421,0.5166666507720947,0.3,0.534166693687439,hs
254,1,0.3333333333329293,0.550000011920929,0.2750000059604645,0.3,0.5521875619888306,hs
255,1,-0.04761903748217496,0.800000011920929,0.8799999952316284,0.6,0.7918928861618042,hs
256,0,0.0,0.5,0.5,0.7,0.5,hs
257,0,-0.07692305999387572,0.5,0.5833333134651184,0.8,0.5195000171661377,hs
258,0,0.011320789007149456,0.6700000166893005,0.6549999713897705,0.5,0.6347162127494812,hs
259,1,0.04304635460959435,0.39375001192092896,0.36125001311302185,0.3,0.4002256989479065,hs
260,0,0.0,0.28833332657814026,0.28833332657814026,0.6,0.43182340264320374,hs
261,1,0.0,0.1666666716337204,0.1666666716337204,0.2,0.14999999105930328,hs
262,1,-0.1999999821183071,0.2666666805744171,0.4000000059604645,0.9,0.3478749990463257,hs
263,0,0.0,0.25,0.25,0.5,0.33461111783981323,hs
264,1,0.010752708681156995,0.4895833432674408,0.4791666567325592,0.5,0.5026805400848389,hs
265,1,-0.00859598008251434,0.3604166805744171,0.36666667461395264,0.7,0.3513472378253937,hs
266,0,-0.008008794956187067,0.40243056416511536,0.4089285731315613,0.3,0.3893650472164154,hs
267,1,0.03954803515559396,0.6133333444595337,0.5666666626930237,0.3,0.5653888583183289,hs
268,0,-0.2307692378226798,0.25,0.4000000059604645,0.6,0.42078572511672974,hs
269,1,0.0,0.5,0.5,0.4,0.48214584589004517,hs
270,1,0.0,0.0,0.0,0.3,0.03541667014360428,hs
271,0,0.03030300164260484,0.3895833194255829,0.36666667461395264,0.6,0.5156250596046448,hs
272,1,0.0,0.5476190447807312,0.5476190447807312,0.4,0.5334821939468384,hs
273,0,-0.06306302869631195,0.2708333432674408,0.3072916567325592,0.3,0.34218746423721313,hs
274,1,0.2215930113352434,0.4943452477455139,0.3149999976158142,0.5,0.485922634601593,hs
275,1,0.0,0.2750000059604645,0.2750000059604645,0.3,0.24750001728534698,hs
276,1,0.024029577793903613,0.3847222328186035,0.36666667461395264,0.5,0.38284724950790405,hs
277,1,0.0,0.2750000059604645,0.2750000059604645,0.4,0.27770835161209106,hs
278,0,-0.4401244184563848,0.1875,0.48229166865348816,0.9,0.36625000834465027,hs
279,0,0.0,0.3683333396911621,0.3683333396911621,0.5,0.33149999380111694,hs
280,0,0.045804607493697,0.3583333194255829,0.3269444406032562,0.4,0.3398125171661377,hs
281,0,0.0,0.125,0.125,0.5,0.18333332240581512,hs
282,1,-0.07246374858562425,0.2666666805744171,0.3083333373069763,0.7,0.31361109018325806,hs
283,0,-0.07336957166085055,0.3552083373069763,0.4114583432674408,0.6,0.4095069468021393,hs
284,1,0.9999999999960001,0.25,0.0,0.6,0.2722916603088379,hs
285,1,0.0,0.18333333730697632,0.18333333730697632,0.4,0.16500000655651093,hs
286,0,0.0,0.5,0.5,0.6,0.44999998807907104,hs
287,0,-0.018750027101473263,0.6541666388511658,0.6791666746139526,0.7,0.6266250610351562,hs
288,1,0.0,0.1666666716337204,0.1666666716337204,0.3,0.21250002086162567,hs
289,0,-0.028534385560152267,0.44583332538604736,0.4720238149166107,0.4,0.450126975774765,hs
290,1,0.08333335264956068,0.48750001192092896,0.4124999940395355,0.4,0.44255557656288147,hs
291,1,0.0,0.2708333432674408,0.2708333432674408,0.5,0.24375000596046448,hs
292,1,0.0,0.4166666567325592,0.4166666567325592,0.4,0.40034717321395874,hs
293,1,-0.022212646402777904,0.6297222375869751,0.6583333611488342,0.5,0.6785356998443604,hs
294,1,-0.07246374858562425,0.2666666805744171,0.3083333373069763,0.7,0.2874999940395355,hs
295,0,0.0,0.6133333444595337,0.6133333444595337,0.7,0.5519999265670776,hs
296,1,0.0,0.2750000059604645,0.2750000059604645,0.2,0.24750001728534698,hs
297,1,0.014925358794133238,0.28333333134651184,0.2750000059604645,0.7,0.34814587235450745,hs
298,1,0.0,0.1666666716337204,0.1666666716337204,0.3,0.21875,hs
299,1,-0.022004880853881786,0.625,0.653124988079071,0.5,0.7628472447395325,hs
300,0,0.0,0.25,0.25,0.7,0.44999998807907104,hs
301,0,-0.02325583329511453,0.17499999701976776,0.18333333730697632,0.5,0.18062500655651093,hs
302,0,0.0,0.5,0.5,0.4,0.5456250309944153,hs
303,0,0.02087284544474723,0.4483333230018616,0.4300000071525574,0.6,0.3998332917690277,hs
304,1,0.0,0.5,0.5,0.7,0.4749999940395355,hs
305,0,0.0,0.625,0.625,0.5,0.6554375290870667,hs
306,0,0.0,0.4933333396911621,0.4933333396911621,0.5,0.47511109709739685,hs
307,1,-0.1208791116658826,0.5,0.637499988079071,0.5,0.6054166555404663,hs
308,0,0.015691906766065543,0.6180555820465088,0.5989583134651184,0.4,0.5649744272232056,hs
309,0,0.0,0.0,0.0,0.6,0.0,hs
310,0,0.0,0.0,0.0,0.4,0.3962499797344208,hs
311,1,-0.03383326722973861,0.5770833492279053,0.6175000071525574,0.9,0.5487638711929321,hs
312,1,0.0,0.3683333396911621,0.3683333396911621,0.6,0.44365277886390686,hs
313,1,0.002169210825612284,0.550000011920929,0.5476190447807312,0.3,0.5164087414741516,hs
314,1,0.12350673530857251,0.8816964030265808,0.6878471970558167,0.3,0.7533888816833496,hs
315,1,0.0,0.125,0.125,0.7,0.11249999701976776,hs
316,0,0.10622596753061432,0.4997222125530243,0.4037500023841858,0.2,0.4500693678855896,hs
317,0,-0.2559899375691389,0.3072916567325592,0.518750011920929,0.7,0.43564480543136597,hs
318,1,0.0,0.44583332538604736,0.44583332538604736,0.2,0.4540625214576721,hs
319,0,-0.0052877310303794485,0.6662499904632568,0.6733333468437195,0.8,0.6877778172492981,hs
320,1,0.0526315701414376,0.375,0.3375000059604645,0.3,0.3449999988079071,hs
321,0,-0.04135120796126659,0.3810185194015503,0.4138889014720917,0.5,0.394444078207016,hs
322,1,-0.16253443849124127,0.3619047701358795,0.5023809671401978,0.5,0.4775853157043457,hs
323,1,0.3178807777619569,0.41458332538604736,0.21458333730697632,0.5,0.5849999785423279,hs
324,1,0.09090910273140075,0.5,0.4166666567325592,0.6,0.45684725046157837,hs
325,0,0.17531832470842063,1.0,0.7016666531562805,0.3,0.8448541760444641,hs
326,1,-0.06593405351782221,0.28333333134651184,0.3233333230018616,0.7,0.33884721994400024,hs
327,0,-0.11498258580711537,0.793749988079071,1.0,0.6,0.8686607480049133,hs
328,1,0.9999999999979731,0.4933333396911621,0.0,0.7,0.44162502884864807,hs
329,1,0.18918919963789232,0.18333333730697632,0.125,0.3,0.16833333671092987,hs
330,0,0.026824714001854006,0.3810185194015503,0.3611111044883728,0.5,0.35016101598739624,hs
331,1,0.0434782494967797,0.3566666543483734,0.3269444406032562,0.4,0.34442365169525146,hs
332,1,-0.06432746532228652,0.6666666865348816,0.7583333253860474,0.4,0.6960694789886475,hs
333,1,-0.014925359075323752,0.4675000011920929,0.4816666543483734,0.7,0.4562261700630188,hs
334,1,-0.05153345280820094,0.4735416769981384,0.5249999761581421,0.4,0.4846319258213043,hs
335,0,-0.040000018310469725,0.25,0.2708333432674408,0.5,0.3738124966621399,hs
336,1,0.0,0.1666666716337204,0.1666666716337204,0.4,0.2243611067533493,hs
337,1,-0.18518518191442285,0.2750000059604645,0.4000000059604645,0.8,0.3371875286102295,hs
338,1,0.26739924268637266,0.28833332657814026,0.1666666716337204,0.1,0.26455557346343994,hs
339,1,0.03867402686133931,0.3263888955116272,0.3020833432674408,0.3,0.29879164695739746,hs
340,0,-0.49101798343427144,0.1770833283662796,0.518750011920929,0.8,0.39625000953674316,hs
341,0,-0.13043476458071196,0.5,0.6499999761581421,0.7,0.5667708516120911,hs
342,1,0.0,0.5770833492279053,0.5770833492279053,0.4,0.5193750262260437,hs
343,1,-0.012658261083807795,0.32499998807907104,0.3333333432674408,0.4,0.30243057012557983,hs
344,0,-0.030615331120029208,0.6662499904632568,0.7083333134651184,0.7,0.6385694742202759,hs
345,0,0.0,0.3020833432674408,0.3020833432674408,0.7,0.2891666889190674,hs
346,1,-0.07313736987888236,0.5649999976158142,0.6541666388511658,0.8,0.5839652419090271,hs
347,1,0.0,0.0,0.0,0.4,0.0,hs
348,0,0.05882352941170934,0.5625,0.5,0.4,0.5184166431427002,hs
349,0,0.0,0.0,0.0,0.9,0.0,hs
350,1,-0.05376342762845218,0.36666667461395264,0.40833333134651184,0.3,0.38047221302986145,hs
351,0,0.0,0.0,0.0,0.3,0.07500000298023224,hs
352,1,-0.010101009462443356,0.46666666865348816,0.4761904776096344,0.6,0.4599152207374573,hs
353,1,0.10204081434037006,0.3375000059604645,0.2750000059604645,0.5,0.35088542103767395,hs
354,1,-0.01158300006741693,0.2666666805744171,0.27291667461395264,0.4,0.2981249690055847,hs
355,0,0.01838755578841766,0.75,0.7229166626930237,0.3,0.6881250143051147,hs
356,0,-0.23076921794397104,0.550000011920929,0.8799999952316284,0.4,0.831000030040741,hs
357,1,-0.010350916139255782,0.46666666865348816,0.4764285683631897,0.5,0.44502776861190796,hs
358,1,0.0,0.5,0.5,0.3,0.44999998807907104,hs
359,0,0.0,0.5,0.5,0.5,0.44999998807907104,hs
360,1,0.0,0.0,0.0,0.5,0.0625,hs
361,0,0.20253164318173988,0.4749999940395355,0.3149999976158142,0.6,0.44077080488204956,hs
362,0,0.10280370551915136,0.32777777314186096,0.2666666805744171,0.2,0.2893650531768799,hs
363,0,0.0,0.0,0.0,0.5,0.0625,hs
364,1,0.0,0.30595237016677856,0.30595237016677856,0.2,0.28484126925468445,hs
365,1,0.0,0.4166666567325592,0.4166666567325592,0.5,0.3750000298023224,hs
366,1,0.13514690636399718,0.5433333516120911,0.413958340883255,0.4,0.4824196398258209,hs
367,1,-0.999999999992,0.0,0.125,0.7,0.16583332419395447,hs
368,0,0.049382712233749376,0.4047619104385376,0.36666667461395264,0.4,0.3551270067691803,hs
369,0,0.0,0.7083333134651184,0.7083333134651184,0.6,0.6437499523162842,hs
370,1,-0.9999999999960001,0.0,0.25,0.8,0.09687499701976776,hs
372,1,0.999999999992,0.125,0.0,0.5,0.14166666567325592,hs
373,0,-0.03025068124859783,0.3895833194255829,0.4138889014720917,0.6,0.4169444441795349,hs
374,0,-0.060433279422690986,0.6866666674613953,0.7749999761581421,1.0,0.6750000715255737,hs
375,0,-0.9999999999957895,0.0,0.23749999701976776,0.1,0.3016666769981384,hs
376,0,0.0,0.0,0.0,0.9,0.0,hs
377,1,0.0,0.44583332538604736,0.44583332538604736,0.8,0.40839582681655884,hs
378,0,0.029574859657142155,0.4973214268684387,0.46875,0.4,0.45529666543006897,hs
379,1,0.0,0.25,0.25,0.7,0.22499999403953552,hs
380,1,0.0,0.5,0.5,0.7,0.44999998807907104,hs
381,1,0.0,0.5,0.5,0.9,0.48458331823349,hs
382,1,0.0,0.23749999701976776,0.23749999701976776,0.8,0.27291664481163025,hs
383,1,0.0,0.550000011920929,0.550000011920929,0.5,0.6018750071525574,hs
384,1,0.1891891996381991,0.36666667461395264,0.25,0.4,0.4402202069759369,hs
385,0,0.0,0.1770833283662796,0.1770833283662796,0.5,0.18486110866069794,hs
386,1,0.0,0.0,0.0,0.7,0.05000000074505806,hs
387,1,0.0,0.4833333194255829,0.4833333194255829,0.6,0.496011883020401,hs
388,1,0.0,0.4895833432674408,0.4895833432674408,0.6,0.44739580154418945,hs
389,0,0.31933467190844306,0.7766666412353516,0.40069442987442017,0.4,0.7375674247741699,hs
390,1,-0.024029577793903613,0.36666667461395264,0.3847222328186035,0.5,0.3831944465637207,hs
391,1,0.0,0.5583333373069763,0.5583333373069763,0.6,0.512541651725769,hs
392,0,0.0,0.3683333396911621,0.3683333396911621,0.6,0.39319443702697754,hs
393,1,0.047619070325524544,0.4583333432674408,0.4166666567325592,0.4,0.4029761850833893,hs
394,1,0.0,0.5333333611488342,0.5333333611488342,0.4,0.48000001907348633,hs
395,1,0.0,0.125,0.125,0.5,0.14633333683013916,hs
396,0,-0.0958904149854103,0.550000011920929,0.6666666865348816,0.3,0.7694166898727417,hs
397,1,0.999999999997757,0.44583332538604736,0.0,0.6,0.3962499797344208,hs
399,1,0.022736165567679836,0.603935182094574,0.5770833492279053,0.4,0.5638310313224792,hs
400,1,0.0,0.59375,0.59375,0.6,0.5442222356796265,hs
401,0,0.0,0.6133333444595337,0.6133333444595337,0.6,0.573125958442688,hs
402,0,0.0,0.5249999761581421,0.5249999761581421,0.4,0.4881250262260437,hs
403,0,0.0,0.6666666865348816,0.6666666865348816,0.5,0.5999999642372131,hs
404,1,0.03490756472392813,0.5249999761581421,0.4895833432674408,0.5,0.4695833623409271,hs
405,1,-0.008089609161646975,0.5534722208976746,0.5625,0.5,0.5053472518920898,hs
406,0,0.59999999999904,0.5,0.125,0.2,0.37833333015441895,hs
407,1,0.057052874899992764,0.6291666626930237,0.5612499713897705,0.4,0.5614079833030701,hs
408,0,0.0,0.1666666716337204,0.1666666716337204,0.5,0.1666666567325592,hs
409,1,0.0,0.25833332538604736,0.25833332538604736,0.3,0.258333295583725,hs
410,0,0.015873034795082997,0.190476194024086,0.184523805975914,0.6,0.17083331942558289,hs
411,1,0.13953487501697456,0.40833333134651184,0.3083333373069763,0.2,0.42481350898742676,hs
412,0,0.0,0.1666666716337204,0.1666666716337204,0.5,0.16819444298744202,hs
413,0,0.0,0.4958333373069763,0.4958333373069763,0.6,0.4664444029331207,hs
414,0,0.0,0.4166666567325592,0.4166666567325592,0.5,0.4166666865348816,hs
415,1,0.0,0.4166666567325592,0.4166666567325592,0.3,0.4067360758781433,hs
416,1,-0.03139011795982289,0.5625,0.5989583134651184,0.6,0.6003273725509644,hs
417,1,-0.03968253714828136,0.4033333361148834,0.43666666746139526,0.7,0.38788890838623047,hs
418,0,0.0,0.3583333194255829,0.3583333194255829,0.4,0.36941203474998474,hs
419,0,0.0,0.4933333396911621,0.4933333396911621,0.6,0.45772022008895874,hs
420,0,-0.0029673476762841107,0.6666666865348816,0.670634925365448,0.4,0.6929524540901184,hs
421,1,0.0,0.4166666567325592,0.4166666567325592,0.6,0.3750000298023224,hs
422,0,0.0,0.2750000059604645,0.2750000059604645,0.3,0.32041671872138977,hs
423,1,-0.017432641526846867,0.4305555522441864,0.44583332538604736,0.6,0.44430550932884216,hs
424,0,0.0,0.5,0.5,0.6,0.5792707800865173,hs
425,1,-0.023923445412712314,0.637499988079071,0.668749988079071,0.7,0.6039583086967468,hs
426,1,0.019620531020140535,0.6549999713897705,0.6297916769981384,0.4,0.7166181206703186,hs
427,0,0.19999998569440544,0.25,0.1666666716337204,0.7,0.4116666913032532,hs
428,1,0.0,0.27619048953056335,0.27619048953056335,0.5,0.30144447088241577,hs
429,0,-0.18518518191442285,0.2750000059604645,0.4000000059604645,0.7,0.3475000262260437,hs
430,1,0.0,0.21458333730697632,0.21458333730697632,0.8,0.20770832896232605,hs
431,1,0.0,0.3333333432674408,0.3333333432674408,0.5,0.3190416693687439,hs
432,1,0.0,0.0,0.0,0.7,0.08958333730697632,hs
433,1,0.012131719799420803,0.648888885974884,0.6333333253860474,0.6,0.6612777709960938,hs
434,0,-0.19512193845440096,0.2750000059604645,0.40833333134651184,0.5,0.39532437920570374,hs
435,0,0.0,0.4933333396911621,0.4933333396911621,0.6,0.4619768559932709,hs
436,1,0.0,0.125,0.125,0.5,0.11249999701976776,hs
437,1,0.022869001104742454,0.512499988079071,0.4895833432674408,0.9,0.4728125035762787,hs
438,1,0.0,0.44583332538604736,0.44583332538604736,0.1,0.4012499451637268,hs
439,0,-0.49101798343427144,0.1770833283662796,0.518750011920929,0.8,0.3843749761581421,hs
440,0,0.0,0.1666666716337204,0.1666666716337204,0.4,0.14999999105930328,hs
441,1,0.014925359112819385,0.7083333134651184,0.6875,0.6,0.6375000476837158,hs
442,1,0.029381976983973372,0.4703703820705414,0.4435185194015503,0.4,0.5049123764038086,hs
443,1,-0.334862361992595,0.3020833432674408,0.606249988079071,0.4,0.51520836353302,hs
444,1,0.0,0.6666666865348816,0.6666666865348816,0.4,0.7038888931274414,hs
445,1,0.0,0.5,0.5,0.4,0.45625001192092896,hs
446,1,0.07199156107975602,0.7083333134651184,0.613194465637207,0.0,0.589263916015625,hs
447,0,0.03954806506349995,0.5111111402511597,0.4722222089767456,0.4,0.4964444637298584,hs
448,0,0.0,0.3583333194255829,0.3583333194255829,0.6,0.48305749893188477,hs
449,0,0.047195031959715895,0.49000000953674316,0.44583332538604736,0.6,0.4476458430290222,hs
450,0,0.0,0.5,0.5,0.9,0.5571874976158142,hs
451,0,0.0,0.2750000059604645,0.2750000059604645,0.7,0.2866666913032532,hs
452,0,0.0,0.125,0.125,0.2,0.125,hs
453,1,-0.9999999999984001,0.0,0.625,0.7,0.6489583253860474,hs
454,1,0.0,0.125,0.125,0.6,0.15208333730697632,hs
455,1,0.0,0.4166666567325592,0.4166666567325592,0.8,0.3750000298023224,hs
456,1,0.0,0.3583333194255829,0.3583333194255829,0.6,0.37291663885116577,hs
457,1,0.0,0.3583333194255829,0.3583333194255829,0.8,0.37338191270828247,hs
458,0,0.19999999999936002,0.1875,0.125,0.2,0.19500000774860382,hs
459,1,-0.005235627033391335,0.6597222089767456,0.6666666865348816,0.4,0.5993055105209351,hs
460,1,0.0,0.4483333230018616,0.4483333230018616,0.4,0.4034999907016754,hs
461,0,0.0,0.1666666716337204,0.1666666716337204,0.7,0.18687498569488525,hs
462,1,0.0,0.25833332538604736,0.25833332538604736,0.7,0.258333295583725,hs
463,0,0.0,0.36666667461395264,0.36666667461395264,0.7,0.33000001311302185,hs
464,0,-0.1428571574537087,0.125,0.1666666716337204,0.7,0.1966666579246521,hs
465,0,-0.156771222040783,0.5266666412353516,0.7225000262260437,0.5,0.6992460489273071,hs
467,1,0.0,0.1666666716337204,0.1666666716337204,0.2,0.15238094329833984,hs
468,0,0.0,0.5,0.5,0.5,0.48124998807907104,hs
469,0,0.0,0.0,0.0,0.3,0.03750000149011612,hs
470,1,0.0,0.3430555462837219,0.3430555462837219,0.5,0.3108333647251129,hs
471,1,-0.26380368959543804,0.125,0.21458333730697632,0.6,0.26354166865348816,hs
472,1,0.0,0.0,0.0,0.7,0.03750000149011612,hs
473,0,0.013941689424860763,0.4761904776096344,0.4630952477455139,0.5,0.43802911043167114,hs
474,0,0.0,0.125,0.125,0.3,0.13958333432674408,hs
475,1,-0.09433961924630017,0.30000001192092896,0.36250001192092896,0.8,0.3431944251060486,hs
476,0,0.013802964677395998,0.3169642984867096,0.3083333373069763,0.6,0.29674404859542847,hs
477,1,-0.03752757775661494,0.6228571534156799,0.6714285612106323,0.6,0.6037142872810364,hs
478,1,0.0,0.25,0.25,0.3,0.33104169368743896,hs
479,0,0.0,0.21458333730697632,0.21458333730697632,0.7,0.24284720420837402,hs
480,1,-0.029866095950981403,0.28035715222358704,0.2976190447807312,0.6,0.2936786115169525,hs
481,1,0.0,0.3583333194255829,0.3583333194255829,0.6,0.42556247115135193,hs
482,0,0.05376342762845218,0.40833333134651184,0.36666667461395264,0.2,0.38749998807907104,hs
483,0,0.0,0.2750000059604645,0.2750000059604645,0.5,0.3447916507720947,hs
484,1,0.0,0.5770833492279053,0.5770833492279053,0.3,0.5502430200576782,hs
485,1,0.0,0.4166666567325592,0.4166666567325592,0.6,0.39000001549720764,hs
486,1,-0.03225808014602976,0.4166666567325592,0.4444444477558136,0.8,0.39350196719169617,hs
487,0,0.0,0.44999998807907104,0.44999998807907104,0.4,0.46638888120651245,hs
488,1,0.0,0.26249998807907104,0.26249998807907104,0.4,0.2543402910232544,hs
489,0,-0.02996776925233769,0.6627976298332214,0.7037500143051147,0.6,0.6323869824409485,hs
490,1,0.0,0.3020833432674408,0.3020833432674408,0.8,0.27911806106567383,hs
491,0,0.0,0.4166666567325592,0.4166666567325592,0.4,0.38333332538604736,hs
492,0,0.0,0.0,0.0,0.9,0.0,hs
493,1,0.0,0.23749999701976776,0.23749999701976776,0.3,0.3467361032962799,hs
494,1,0.012861709573583038,0.3499999940395355,0.34111112356185913,0.6,0.3372708261013031,hs
495,1,0.1477272825406697,0.6733333468437195,0.5,0.4,0.6474374532699585,hs
496,1,0.006922585970327543,0.3333333432674408,0.32875001430511475,0.2,0.2995416522026062,hs
498,1,0.006771983312803747,0.663690447807312,0.6547619104385376,0.4,0.6168402433395386,hs
499,1,0.0,0.75,0.75,0.6,0.6990277767181396,hs
500,1,0.024221449587618807,0.5138888955116272,0.4895833432674408,0.4,0.520520806312561,hs
501,1,0.0,0.5,0.5,0.6,0.5,hs
502,1,0.0,0.4166666567325592,0.4166666567325592,0.5,0.38055557012557983,hs
503,1,0.1031822793561451,0.6355555653572083,0.5166666507720947,0.3,0.5778610706329346,hs
504,0,-0.1185410070025068,0.3020833432674408,0.38333332538604736,0.7,0.3492361009120941,hs
505,0,0.0,0.2708333432674408,0.2708333432674408,0.7,0.24375000596046448,hs
506,1,-0.01847228063058334,0.3900793790817261,0.4047619104385376,0.7,0.36861902475357056,hs
507,0,0.0,0.5333333611488342,0.5333333611488342,0.5,0.48774999380111694,hs
508,0,0.0,0.5,0.5,0.3,0.559166669845581,hs
510,0,0.0,0.5770833492279053,0.5770833492279053,0.5,0.5493403077125549,hs
511,1,0.0,0.44583332538604736,0.44583332538604736,0.7,0.4181250035762787,hs
512,0,-0.05073647225469386,0.3020833432674408,0.3343749940395355,0.5,0.3296875059604645,hs
513,0,0.05882352941170934,0.5625,0.5,0.3,0.5099374651908875,hs
514,0,0.0,0.3683333396911621,0.3683333396911621,0.6,0.3581666946411133,hs
515,1,0.0,0.125,0.125,0.5,0.2175000011920929,hs
516,1,-0.11111111111101234,0.5,0.625,0.2,0.6515625715255737,hs
517,0,-0.03322259047393767,0.3233333230018616,0.34555554389953613,0.4,0.3238263726234436,hs
518,0,0.0,0.2750000059604645,0.2750000059604645,0.7,0.24750001728534698,hs
519,1,-0.005917154253829146,0.699999988079071,0.7083333134651184,0.4,0.6366667151451111,hs
520,0,0.9999999999974332,0.3895833194255829,0.0,0.3,0.44162502884864807,hs
521,1,0.0793650490895833,0.3541666567325592,0.3020833432674408,0.6,0.3390277922153473,hs
522,1,0.03225806895957106,0.4466666579246521,0.41874998807907104,0.4,0.40198612213134766,hs
523,0,0.0,0.0,0.0,0.7,0.03541667014360428,hs
524,1,-0.03571428457385243,0.44999998807907104,0.4833333194255829,0.7,0.4195833206176758,hs
525,0,0.0,0.2958333194255829,0.2958333194255829,0.4,0.3296007215976715,hs
526,0,0.00719427287382632,0.7333333492279053,0.7228571176528931,0.6,0.7317579984664917,hs
527,1,0.0,0.4119047522544861,0.4119047522544861,0.4,0.4119047522544861,hs
528,0,0.0,0.25,0.25,0.8,0.2750000059604645,hs
529,0,0.0,0.6333333253860474,0.6333333253860474,0.3,0.5699999332427979,hs
530,0,0.0,0.4166666567325592,0.4166666567325592,0.6,0.3750000298023224,hs
531,1,0.19999999999968002,0.375,0.25,0.4,0.3290952444076538,hs
532,1,0.0,0.2708333432674408,0.2708333432674408,0.2,0.2593750059604645,hs
533,1,0.0,0.3269444406032562,0.3269444406032562,0.4,0.3012777864933014,hs
534,0,0.0,0.0,0.0,0.5,0.14166666567325592,hs
536,0,-0.0482528956253479,0.6355555653572083,0.699999988079071,0.9,0.6775138974189758,hs
537,1,0.007633591287298925,0.4583333432674408,0.4513888955116272,0.4,0.42548608779907227,hs
538,1,-0.9999999999963637,0.0,0.2750000059604645,0.8,0.2291666567325592,hs
539,1,0.0,0.6133333444595337,0.6133333444595337,0.4,0.6178094744682312,hs
540,1,0.0,0.1666666716337204,0.1666666716337204,0.3,0.15937499701976776,hs
541,0,0.020746868263108686,0.512499988079071,0.49166667461395264,0.4,0.4907499849796295,hs
542,1,-0.02878392567705025,0.48972222208976746,0.518750011920929,0.7,0.46554961800575256,hs
543,1,0.011639520250119578,0.42250001430511475,0.41277778148651123,0.4,0.3815000057220459,hs
544,0,0.0,0.2666666805744171,0.2666666805744171,0.8,0.26604166626930237,hs
545,0,-0.09433961309272373,0.2666666805744171,0.3222222328186035,0.6,0.2968750298023224,hs
546,0,-0.01158300006741693,0.2666666805744171,0.27291667461395264,0.7,0.2973611056804657,hs
547,0,-0.04950491999439864,0.2666666805744171,0.2944444417953491,0.8,0.2948055863380432,hs
548,0,0.3239436710522037,0.4895833432674408,0.25,0.6,0.4622916579246521,hs
549,1,-0.058427661828805356,0.6412500143051147,0.7208333611488342,0.8,0.6634652614593506,hs
550,0,0.0,0.0,0.0,0.5,0.027499999850988388,hs
551,1,0.0,0.0,0.0,0.1,0.0,hs
552,0,0.04761904356424196,0.36666667461395264,0.3333333432674408,0.4,0.39899998903274536,hs
553,0,-0.008613923414435497,0.6028571724891663,0.6133333444595337,0.7,0.601805567741394,hs
554,1,0.0,0.75,0.75,0.2,0.6937500238418579,hs
555,0,0.009159049341848725,0.7214285731315613,0.7083333134651184,0.6,0.6573511958122253,hs
556,0,0.0,0.0,0.0,0.7,0.15666666626930237,hs
557,0,0.0,0.39722222089767456,0.39722222089767456,0.5,0.3632103204727173,hs
558,1,0.0,0.6666666865348816,0.6666666865348816,0.3,0.5999999642372131,hs
559,1,0.0,0.5333333611488342,0.5333333611488342,0.2,0.48000001907348633,hs
560,1,-0.999999999998,0.0,0.5,0.7,0.4233333170413971,hs
561,0,0.0,0.5,0.5,0.5,0.44999998807907104,hs
562,1,0.0,0.4000000059604645,0.4000000059604645,0.3,0.374895840883255,hs
563,1,0.0,0.125,0.125,0.6,0.1458333432674408,hs
564,0,0.0,0.3020833432674408,0.3020833432674408,0.4,0.37263888120651245,hs
565,0,0.0,0.125,0.125,0.7,0.11249999701976776,hs
566,0,0.0,0.25833332538604736,0.25833332538604736,0.8,0.23249998688697815,hs
567,0,0.0,0.2708333432674408,0.2708333432674408,0.4,0.2527083456516266,hs
568,1,-0.9999999999960001,0.0,0.25,0.8,0.2783333361148834,hs
569,1,-0.10711070765210044,0.41333332657814026,0.512499988079071,0.8,0.4622916579246521,hs
570,0,0.0,0.3375000059604645,0.3375000059604645,0.5,0.3231944739818573,hs
571,0,0.07563023021361108,0.6399999856948853,0.550000011920929,0.8,0.6427500247955322,hs
572,1,0.0,0.4483333230018616,0.4483333230018616,0.8,0.40905553102493286,hs
573,1,0.038759708834320526,0.5583333373069763,0.5166666507720947,0.6,0.49534720182418823,hs
575,0,-0.013449031239847158,0.4511904716491699,0.4634920656681061,0.6,0.4320436418056488,hs
576,1,0.0,0.1666666716337204,0.1666666716337204,0.5,0.14999999105930328,hs
577,1,0.0,0.5333333611488342,0.5333333611488342,0.5,0.48000001907348633,hs
578,1,0.0,0.44999998807907104,0.44999998807907104,0.4,0.4268750250339508,hs
579,1,0.0,0.28833332657814026,0.28833332657814026,0.3,0.28833335638046265,hs
580,1,0.0,0.4375,0.4375,0.5,0.42343252897262573,hs
581,1,0.05359876703482522,0.23888888955116272,0.21458333730697632,0.2,0.2328472137451172,hs
582,1,0.0,0.375,0.375,0.7,0.3375000059604645,hs
583,1,-0.053159455265170366,0.2809523940086365,0.3125,0.5,0.2757619023323059,hs
584,0,0.018315033670218094,0.4633333384990692,0.4466666579246521,0.6,0.48952779173851013,hs
585,0,-0.03793703713434905,0.5388888716697693,0.5813888907432556,0.7,0.5287222862243652,hs
586,0,-0.048793595603948976,0.4927777647972107,0.5433333516120911,0.7,0.49488887190818787,hs
587,1,-0.08571425360061642,0.2666666805744171,0.3166666626930237,0.9,0.3850416839122772,hs
588,1,0.0,0.2708333432674408,0.2708333432674408,0.4,0.25756943225860596,hs
589,0,-0.29219597700929956,0.2708333432674408,0.49444442987442017,0.9,0.38174307346343994,hs
590,0,0.13946586655354393,0.4000000059604645,0.3020833432674408,0.2,0.34187501668930054,hs
591,1,0.0,0.3020833432674408,0.3020833432674408,0.7,0.3192708492279053,hs
592,1,0.0,0.3895833194255829,0.3895833194255829,0.4,0.3579166531562805,hs
593,1,0.0,0.550000011920929,0.550000011920929,0.6,0.7586250305175781,hs
594,0,-0.01698749941406352,0.5425000190734863,0.5612499713897705,0.6,0.575374960899353,hs
595,1,0.0,0.1770833283662796,0.1770833283662796,0.3,0.15937501192092896,hs
596,0,-0.1428571574537087,0.125,0.1666666716337204,0.7,0.20864582061767578,hs
597,1,0.0381679581036331,0.28333333134651184,0.26249998807907104,0.5,0.32504165172576904,hs
598,1,0.03529411541958145,0.4888888895511627,0.4555555582046509,0.1,0.4530555307865143,hs
599,1,-0.0019569732941396006,0.3541666567325592,0.35555556416511536,0.5,0.4210972189903259,hs
600,1,0.0,0.41333332657814026,0.41333332657814026,0.5,0.3720000386238098,hs
601,1,-0.005235627033391335,0.6597222089767456,0.6666666865348816,0.3,0.5993055105209351,hs
602,1,0.036106742989029814,0.7333333492279053,0.6822222471237183,0.6,0.6548889875411987,hs
603,0,0.0,0.4895833432674408,0.4895833432674408,0.5,0.44062501192092896,hs
604,0,-0.010282783484037557,0.7333333492279053,0.7485714554786682,0.5,0.6848570704460144,hs
605,0,0.9999999999980645,0.5166666507720947,0.0,0.3,0.42624998092651367,hs
606,1,-0.18996925187256827,0.47555556893348694,0.6986111402511597,0.5,0.6200833916664124,hs
607,1,-0.07692307057444035,0.1666666716337204,0.1944444477558136,0.5,0.3249008059501648,hs
608,0,0.11945285554743726,0.5236607193946838,0.4119047522544861,0.8,0.5873264074325562,hs
609,1,0.0,0.5770833492279053,0.5770833492279053,0.2,0.5193750262260437,hs
610,1,0.012658272257894712,0.5333333611488342,0.5199999809265137,0.4,0.47866663336753845,hs
611,0,0.015909993418882398,0.519444465637207,0.5031746029853821,0.4,0.5397619009017944,hs
612,1,0.0,0.5333333611488342,0.5333333611488342,0.5,0.49666666984558105,hs
613,1,-0.18518518191442285,0.2750000059604645,0.4000000059604645,0.3,0.3875000476837158,hs
614,0,0.0,0.5770833492279053,0.5770833492279053,0.4,0.5193750262260437,hs
616,1,0.0,0.5,0.5,0.5,0.44999998807907104,hs
617,0,-0.0021977843703903143,0.6305555701255798,0.6333333253860474,0.6,0.5818333029747009,hs
618,0,0.0,0.2666666805744171,0.2666666805744171,0.4,0.24000000953674316,hs
619,1,-0.10663452126152205,0.3673610985279083,0.4550595283508301,0.5,0.4672420918941498,hs
620,0,0.0,0.2708333432674408,0.2708333432674408,0.7,0.24375000596046448,hs
621,0,0.0,0.5166666507720947,0.5166666507720947,0.3,0.4804629683494568,hs
622,0,-0.14056507772475793,0.3422222137451172,0.4541666805744171,0.9,0.3646944463253021,hs
623,1,0.04663212531239593,0.6733333468437195,0.6133333444595337,0.3,0.7555555701255798,hs
624,0,-0.2615384399534593,0.2666666805744171,0.4555555582046509,0.9,0.343916654586792,hs
625,0,0.06249998603011429,0.7083333134651184,0.625,0.4,0.7363333702087402,hs
626,0,-0.05372360165780979,0.7094444632530212,0.7900000214576721,0.6,0.7294166684150696,hs
627,1,-0.007633591287298925,0.4513888955116272,0.4583333432674408,0.3,0.41180554032325745,hs
628,1,0.0,0.25,0.25,0.3,0.22499999403953552,hs
629,0,-0.08713691960863477,0.36666667461395264,0.43666666746139526,0.6,0.3803194463253021,hs
630,1,-0.15789472198197274,0.2666666805744171,0.36666667461395264,0.8,0.2860416769981384,hs
631,1,0.0,0.4166666567325592,0.4166666567325592,0.4,0.3854166865348816,hs
632,1,-0.01705117281670352,0.40833333134651184,0.42250001430511475,0.7,0.3852708339691162,hs
633,1,-0.011295717744431711,0.5166666507720947,0.5284722447395325,0.7,0.4891567826271057,hs
634,1,0.0,0.44999998807907104,0.44999998807907104,0.9,0.42152777314186096,hs
635,0,0.0,0.36666667461395264,0.36666667461395264,0.7,0.3452777862548828,hs
636,1,0.0,0.5166666507720947,0.5166666507720947,0.4,0.4649999737739563,hs
637,0,0.0,0.6666666865348816,0.6666666865348816,0.6,0.5999999642372131,hs
638,0,0.06365504867442623,0.4625000059604645,0.40714284777641296,0.6,0.4412499964237213,hs
639,0,-0.005291025581376084,0.5874999761581421,0.59375,0.4,0.5335416793823242,hs
640,1,0.0,0.125,0.125,0.5,0.14633333683013916,hs
641,0,-0.007928012813598227,0.48229166865348816,0.49000000953674316,0.7,0.45736807584762573,hs
642,1,-0.032828288119135976,0.39895832538604736,0.4260416626930237,0.4,0.48606252670288086,hs
643,1,0.6780683949992612,0.8687499761581421,0.1666666716337204,0.3,0.6636250019073486,hs
644,0,0.0,0.21458333730697632,0.21458333730697632,0.5,0.3392360806465149,hs
645,0,0.0,0.125,0.125,0.5,0.140625,hs
646,1,0.09090910273140075,0.5,0.4166666567325592,0.2,0.4386805593967438,hs
647,0,0.5348837180282326,0.550000011920929,0.1666666716337204,0.7,0.41833335161209106,hs
648,1,0.0,0.36666667461395264,0.36666667461395264,0.7,0.3466666638851166,hs
649,1,-0.9999999999960001,0.0,0.25,0.8,0.09687499701976776,hs
650,0,0.0,0.0,0.0,0.6,0.0,hs
651,0,0.041916169203401445,0.36250001192092896,0.3333333432674408,0.3,0.34352773427963257,hs
652,0,-0.04121474936429386,0.3683333396911621,0.4000000059604645,0.4,0.40893054008483887,hs
653,1,-0.020870420795047757,0.41383928060531616,0.4314814805984497,0.5,0.4011140763759613,hs
654,0,-0.01910827873133837,0.7333333492279053,0.761904776096344,0.6,0.747041642665863,hs
655,1,0.0,0.0,0.0,0.4,0.11183333396911621,hs
656,0,0.14782609993643367,0.550000011920929,0.40833333134651184,0.4,0.87627774477005,hs
657,1,-0.9999999999962501,0.0,0.2666666805744171,0.6,0.18541666865348816,hs
660,1,0.0,0.2750000059604645,0.2750000059604645,0.3,0.24750001728534698,hs
661,0,-0.5639534805135472,0.125,0.4483333230018616,0.5,0.41483330726623535,hs
662,0,0.0,0.125,0.125,0.5,0.11249999701976776,hs
663,0,0.0,0.0,0.0,0.3,0.08958333730697632,hs
664,1,0.022942524353088446,0.44999998807907104,0.42981481552124023,0.6,0.41210049390792847,hs
665,0,0.0,0.4047619104385376,0.4047619104385376,0.5,0.3642856478691101,hs
666,1,-0.019607846521750835,0.3385416567325592,0.35208332538604736,0.5,0.33906251192092896,hs
667,1,-0.03975272035462535,0.5547618865966797,0.6006944179534912,0.4,0.6075099110603333,hs
668,1,0.0,0.4166666567325592,0.4166666567325592,0.5,0.3750000298023224,hs
669,0,0.0,0.5,0.5,0.4,0.44999998807907104,hs
670,0,0.04407086783817351,0.47874999046325684,0.43833333253860474,0.1,0.4354345202445984,hs
671,0,-0.1147540845206262,0.5625,0.7083333134651184,1.0,0.5887500047683716,hs
672,1,0.023668616514451016,0.5766666531562805,0.550000011920929,0.2,0.6267797350883484,hs
673,0,-0.062271052673940785,0.2666666805744171,0.3020833432674408,0.8,0.27552083134651184,hs
674,1,0.0,0.0,0.0,0.7,0.03750000149011612,hs
675,0,0.05860110579343721,0.5833333134651184,0.518750011920929,0.3,0.5127678513526917,hs
676,1,0.0,0.5,0.5,0.7,0.4625000059604645,hs
677,1,0.0,0.1666666716337204,0.1666666716337204,0.5,0.1666666567325592,hs
678,1,0.0,0.0,0.0,0.5,0.0625,hs
679,0,0.06497887720030336,0.6572916507720947,0.5770833492279053,0.5,0.6600555181503296,hs
680,0,-0.9999999999963637,0.0,0.2750000059604645,0.5,0.2238333523273468,hs
681,0,0.0,0.0,0.0,0.4,0.12666666507720947,hs
682,0,0.07829979461423477,0.2510416805744171,0.21458333730697632,0.5,0.2785416543483734,hs
683,1,-0.03000001654026667,0.6466666460037231,0.6866666674613953,0.3,0.655333399772644,hs
684,1,0.0,0.5166666507720947,0.5166666507720947,0.5,0.4649999737739563,hs
685,0,-0.14745974838437473,0.3583333194255829,0.48229166865348816,0.7,0.484687477350235,hs
686,1,-0.04814305784025253,0.28833332657814026,0.3174999952316284,0.6,0.3075277805328369,hs
688,0,0.0,0.4166666567325592,0.4166666567325592,0.8,0.3750000298023224,hs
689,1,0.0,0.125,0.125,0.5,0.11249999701976776,hs
690,1,0.02272218643169797,0.4735416769981384,0.45249998569488525,0.4,0.4406746029853821,hs
691,1,0.0,0.2666666805744171,0.2666666805744171,0.6,0.2824999988079071,hs
692,0,-0.004651158458153577,0.44583332538604736,0.44999998807907104,0.6,0.46645838022232056,hs
694,1,-0.021816724972449197,0.5871428847312927,0.6133333444595337,0.4,0.5662698149681091,hs
695,0,0.0,0.3583333194255829,0.3583333194255829,0.5,0.3343333601951599,hs
696,1,0.0,0.0,0.0,0.4,0.0,hs
697,0,0.0,0.3895833194255829,0.3895833194255829,0.6,0.3656249940395355,hs
698,1,-0.01124517389229757,0.7152777910232544,0.7315475940704346,0.7,0.6787450313568115,hs
699,1,-0.030303001403786552,0.6666666865348816,0.7083333134651184,0.4,0.7317222356796265,hs
700,0,0.0,0.5,0.5,0.5,0.44999998807907104,hs
701,1,0.0,0.125,0.125,0.5,0.11249999701976776,hs
702,0,-0.02126016502249486,0.43958333134651184,0.45868057012557983,0.7,0.41002780199050903,hs
703,0,-0.9999999999960001,0.0,0.25,0.2,0.29547619819641113,hs
704,1,0.0,0.125,0.125,0.5,0.11249999701976776,hs
705,0,0.3326381554684582,0.4437499940395355,0.2222222238779068,0.4,0.3913888931274414,hs
706,1,0.0,0.5,0.5,0.6,0.5375000238418579,hs
707,0,-0.1147540845206262,0.5625,0.7083333134651184,0.4,0.6302291750907898,hs
708,1,-0.9999999999963637,0.0,0.2750000059604645,0.8,0.2291666567325592,hs
709,0,0.0,0.44583332538604736,0.44583332538604736,0.7,0.4012499451637268,hs
710,0,0.0,0.0,0.0,0.7,0.03541667014360428,hs
711,1,0.0,0.25,0.25,0.4,0.24404165148735046,hs
712,0,-0.05617977768881292,0.5249999761581421,0.5874999761581421,0.6,0.5439444780349731,hs
713,1,0.0,0.7333333492279053,0.7333333492279053,0.3,0.6600000262260437,hs
714,0,-0.01000266024236564,0.5547618865966797,0.5659722089767456,0.4,0.5157076716423035,hs
715,1,0.0,0.2750000059604645,0.2750000059604645,0.2,0.33750003576278687,hs
716,0,-0.02996776925233769,0.6627976298332214,0.7037500143051147,0.6,0.6990535855293274,hs
717,1,0.0,0.4047619104385376,0.4047619104385376,0.4,0.3662697970867157,hs
718,0,0.0,0.1666666716337204,0.1666666716337204,0.5,0.14999999105930328,hs
719,1,-0.05600001785270248,0.32777777314186096,0.36666667461395264,0.7,0.3851805627346039,hs
720,0,0.19999999999936002,0.1875,0.125,0.7,0.20614583790302277,hs
721,0,0.03331452101647908,0.3812499940395355,0.3566666543483734,0.3,0.41362500190734863,hs
722,0,0.02246544763146714,0.4930555522441864,0.47138887643814087,0.5,0.4737003743648529,hs
723,1,0.021148058815835515,0.5868055820465088,0.5625,0.3,0.5218531489372253,hs
724,0,0.29648238659296866,0.3583333194255829,0.1944444477558136,0.4,0.300428569316864,hs
725,0,0.009463758555647357,0.6666666865348816,0.6541666388511658,0.5,0.605555534362793,hs
726,1,-0.01886793369493157,0.1805555522441864,0.1875,0.4,0.3430555462837219,hs
727,0,-0.05851773592265396,0.34375,0.38648149371147156,0.6,0.3642919957637787,hs
728,0,-0.1282653246040359,0.34375,0.44490739703178406,0.7,0.4144173264503479,hs
729,1,-0.0813975289243928,0.3619047701358795,0.4260416626930237,0.6,0.4304404854774475,hs
731,0,-0.018961235202427804,0.4958333373069763,0.5149999856948853,0.7,0.4742797315120697,hs
732,1,0.006229599378070965,0.47111111879348755,0.4652777910232544,0.2,0.4335297644138336,hs
733,0,0.0,0.36666667461395264,0.36666667461395264,0.6,0.33000001311302185,hs
735,0,0.1428571319089838,0.2222222238779068,0.1666666716337204,0.4,0.2762500047683716,hs
736,1,0.0,0.4927777647972107,0.4927777647972107,0.3,0.4729166626930237,hs
737,0,0.017709574862208574,0.5387499928474426,0.5199999809265137,0.7,0.49537497758865356,hs
739,1,0.1784338769429771,0.3187499940395355,0.2222222238779068,0.5,0.33763888478279114,hs
740,1,0.018315033670218094,0.4633333384990692,0.4466666579246521,0.3,0.48952779173851013,hs
741,1,0.019219469748940433,0.5485450029373169,0.5278571248054504,0.5,0.5653485059738159,hs
742,0,0.0,0.125,0.125,0.4,0.11249999701976776,hs
743,0,0.03958242007814214,0.49791666865348816,0.46000000834465027,0.3,0.5122847557067871,hs
744,0,0.0,0.36666667461395264,0.36666667461395264,0.4,0.3605555295944214,hs
745,1,0.0,0.44404762983322144,0.44404762983322144,0.8,0.44404762983322144,hs
746,1,-0.115999995279173,0.3683333396911621,0.4650000035762787,0.8,0.37137502431869507,hs
747,1,-0.06354513754073074,0.3888888955116272,0.4416666626930237,0.6,0.3983055055141449,hs
748,1,-0.02495200982149725,0.5644444227218628,0.5933333039283752,0.4,0.5490555167198181,hs
749,1,0.0015649661071750712,0.6666666865348816,0.6645833253860474,0.5,0.5997916460037231,hs
750,1,0.0,0.3020833432674408,0.3020833432674408,0.1,0.2928125262260437,hs
751,0,0.0,0.2433333396911621,0.2433333396911621,0.4,0.3104652762413025,hs
752,0,-0.03315880594382967,0.5770833492279053,0.6166666746139526,0.8,0.5528124570846558,hs
753,1,0.023999999267559715,0.6666666865348816,0.6354166865348816,0.5,0.596666693687439,hs
754,1,0.0,0.4933333396911621,0.4933333396911621,0.5,0.48633331060409546,hs
755,0,0.0,0.0,0.0,0.7,0.03541667014360428,hs
756,0,0.0009431212275930763,0.6633333563804626,0.6620833277702332,0.6,0.6440416574478149,hs
757,1,-0.06917952529131022,0.4017857015132904,0.4615079462528229,0.6,0.6960000395774841,hs
758,1,0.0,0.4633333384990692,0.4633333384990692,0.3,0.44777780771255493,hs
759,0,0.0,0.125,0.125,0.8,0.19833333790302277,hs
760,0,0.0,0.1666666716337204,0.1666666716337204,0.5,0.14999999105930328,hs
761,1,0.0,0.6572916507720947,0.6572916507720947,0.4,0.6761249899864197,hs
762,0,-0.015988398385617806,0.47013887763023376,0.4854166805744171,0.4,0.458270788192749,hs
763,0,0.0,0.2750000059604645,0.2750000059604645,0.7,0.24750001728534698,hs
764,1,0.01171875738508412,0.4625000059604645,0.45178571343421936,0.6,0.4298730492591858,hs
765,0,0.14840985255394926,0.3385416567325592,0.2510416805744171,0.5,0.3271458148956299,hs
766,0,0.012016009887133697,0.5263888835906982,0.5138888955116272,0.6,0.4927777647972107,hs
767,0,-0.05617977768881292,0.5249999761581421,0.5874999761581421,0.8,0.5236111283302307,hs
768,0,0.0,0.36666667461395264,0.36666667461395264,0.8,0.33000001311302185,hs
769,0,0.0,0.5333333611488342,0.5333333611488342,0.6,0.48000001907348633,hs
770,0,-0.13736793637533978,0.4677083194255829,0.6166666746139526,1.0,0.4969097077846527,hs
771,1,0.0,0.44583332538604736,0.44583332538604736,0.3,0.4713541567325592,hs
772,0,-0.0007794001799625967,0.4451389014720917,0.44583332538604736,0.6,0.4011805057525635,hs
773,0,0.0,0.6464285850524902,0.6464285850524902,0.7,0.5884881019592285,hs
774,0,0.06502887157722041,0.511805534362793,0.44930556416511536,0.1,0.46404632925987244,hs
775,0,0.0,0.6666666865348816,0.6666666865348816,0.6,0.5999999642372131,hs
776,1,0.0,0.1770833283662796,0.1770833283662796,0.5,0.15937501192092896,hs
777,1,0.0,0.2750000059604645,0.2750000059604645,0.2,0.27500003576278687,hs
778,0,-0.012131719799420803,0.6333333253860474,0.648888885974884,0.4,0.597944438457489,hs
780,1,0.0,0.7749999761581421,0.7749999761581421,0.1,0.6975000500679016,hs
781,0,0.0,0.5,0.5,0.8,0.44999998807907104,hs
783,0,0.0,0.44583332538604736,0.44583332538604736,0.2,0.40958333015441895,hs
784,1,0.04201680482856768,0.551111102104187,0.5066666603088379,0.4,0.4922778010368347,hs
785,1,0.0,0.2750000059604645,0.2750000059604645,0.6,0.3333333134651184,hs
786,1,0.014326675046957638,0.3687500059604645,0.3583333194255829,0.3,0.3545764088630676,hs
787,1,0.18518518191442285,0.4000000059604645,0.2750000059604645,0.5,0.35452085733413696,hs
788,1,0.0,0.5,0.5,0.7,0.5249999761581421,hs
789,0,-0.032802285107301606,0.3583333194255829,0.3826389014720917,0.6,0.36618056893348694,hs
790,0,0.017383143312283137,0.3878571391105652,0.37460318207740784,0.5,0.3512566089630127,hs
791,1,0.9999999999960001,0.25,0.0,0.7,0.20250001549720764,hs
792,1,0.0,0.2750000059604645,0.2750000059604645,0.6,0.2516666650772095,hs
793,1,0.07692306751792553,0.5249999761581421,0.44999998807907104,0.1,0.45548614859580994,hs
794,0,0.0,0.2750000059604645,0.2750000059604645,0.7,0.27500003576278687,hs
795,1,0.0,0.3233333230018616,0.3233333230018616,0.6,0.3288135230541229,hs
796,0,0.0,0.4895833432674408,0.4895833432674408,0.7,0.6088194847106934,hs
797,1,0.0,0.2133333384990692,0.2133333384990692,0.4,0.2133333384990692,hs
798,1,0.0,0.125,0.125,0.4,0.125,hs
799,0,0.0,0.0,0.0,0.3,0.05000000074505806,hs
800,1,0.0,0.6666666865348816,0.6666666865348816,0.4,0.6269444823265076,hs
801,1,0.0,0.7083333134651184,0.7083333134651184,0.4,0.6375000476837158,hs
802,0,0.0,0.0,0.0,0.5,0.027499999850988388,hs
803,0,0.0,0.0,0.0,0.6,0.0,hs
804,0,0.0,0.0,0.0,0.3,0.08958333730697632,hs
805,1,0.0,0.25833332538604736,0.25833332538604736,0.6,0.23249998688697815,hs
806,1,0.0,0.5,0.5,0.5,0.46875,hs
807,0,0.0,0.0,0.0,0.6,0.12433333694934845,hs
808,0,-0.030590644099843436,0.567460298538208,0.6032738089561462,0.6,0.6003432869911194,hs
809,1,0.0,0.5,0.5,0.5,0.5184166431427002,hs
810,0,0.02268039062988587,0.41333332657814026,0.39500001072883606,0.6,0.394159734249115,hs
811,0,0.0,0.4958333373069763,0.4958333373069763,0.5,0.4462500214576721,hs
812,1,0.0,0.1666666716337204,0.1666666716337204,0.3,0.14999999105930328,hs
813,1,0.0,0.518750011920929,0.518750011920929,0.2,0.5437500476837158,hs
814,0,0.0,0.125,0.125,0.4,0.1550000011920929,hs
815,0,0.0,0.5,0.5,0.7,0.44999998807907104,hs
816,1,-0.04631934004416178,0.4714285731315613,0.5172222256660461,0.5,0.5364623069763184,hs
817,0,-0.013909263263531143,0.5612499713897705,0.5770833492279053,0.4,0.5415922403335571,hs
818,0,-0.05668934555010175,0.4457142949104309,0.4992857277393341,0.5,0.45516666769981384,hs
819,0,0.0,0.38333332538604736,0.38333332538604736,0.5,0.3529603183269501,hs
820,1,0.008651939544810774,0.5019444227218628,0.4933333396911621,0.3,0.5415178537368774,hs
821,0,0.05477032929622949,0.4975000023841858,0.44583332538604736,0.0,0.43145832419395447,hs
822,0,0.0650887568597625,0.699999988079071,0.6144444346427917,0.4,0.6417440176010132,hs
823,1,0.0,0.5,0.5,0.4,0.47708335518836975,hs
824,0,0.0,0.5166666507720947,0.5166666507720947,0.2,0.4837222099304199,hs
825,1,0.0,0.375,0.375,0.3,0.34583330154418945,hs
826,1,-0.999999999998,0.0,0.5,0.7,0.4233333170413971,hs
827,1,-0.999999999998,0.0,0.5,0.7,0.4233333170413971,hs
828,0,0.0,0.21458333730697632,0.21458333730697632,0.6,0.2387152910232544,hs
830,1,-0.005010742659689371,0.4826388955116272,0.48750001192092896,0.4,0.4771825671195984,hs
831,1,0.0,0.4933333396911621,0.4933333396911621,0.4,0.5099999904632568,hs
833,0,0.49720670658872473,0.5583333373069763,0.1875,0.2,0.7176041603088379,hs
834,0,0.0,0.1666666716337204,0.1666666716337204,0.3,0.24243053793907166,hs
835,0,-0.018315033670218094,0.4466666579246521,0.4633333384990692,0.6,0.4540277421474457,hs
836,0,0.10280370551915136,0.32777777314186096,0.2666666805744171,0.3,0.2931250035762787,hs
837,1,-0.19999998266017607,0.2750000059604645,0.4124999940395355,0.4,0.4073333144187927,hs
838,0,0.011988442981290395,0.8500000238418579,0.8298611044883728,0.5,0.7892500162124634,hs
839,0,-0.13368982648146444,0.3375000059604645,0.4416666626930237,0.7,0.45644792914390564,hs
840,0,0.0,0.6547619104385376,0.6547619104385376,0.6,0.6147539615631104,hs
841,1,0.0,0.4166666567325592,0.4166666567325592,0.4,0.3750000298023224,hs
843,0,0.1891891996381991,0.36666667461395264,0.25,0.5,0.47441667318344116,hs
844,1,0.0,0.2750000059604645,0.2750000059604645,0.4,0.26077383756637573,hs
845,1,0.0,0.1666666716337204,0.1666666716337204,0.4,0.14999999105930328,hs
847,0,0.11111108461986159,0.2083333283662796,0.1666666716337204,0.4,0.26555556058883667,hs
848,1,0.0,0.2750000059604645,0.2750000059604645,0.8,0.3958333432674408,hs
849,1,0.5348837180282326,0.550000011920929,0.1666666716337204,0.2,0.4116666913032532,hs
850,0,-0.02439022120939111,0.5,0.5249999761581421,0.5,0.5577648282051086,hs
851,0,0.04878051439820581,0.4300000071525574,0.38999998569488525,0.3,0.40712499618530273,hs
852,1,0.07258750039330061,0.6541666388511658,0.565625011920929,0.4,0.6969236135482788,hs
853,0,0.0,0.5166666507720947,0.5166666507720947,0.6,0.4649999737739563,hs
854,1,0.0,0.1666666716337204,0.1666666716337204,0.5,0.15166667103767395,hs
855,1,0.0,0.1666666716337204,0.1666666716337204,0.2,0.41833335161209106,hs
856,0,0.0,0.5,0.5,0.6,0.48055559396743774,hs
857,0,0.0,0.5,0.5,0.6,0.44999998807907104,hs
858,1,0.012442215701084097,0.49444442987442017,0.48229166865348816,0.5,0.4857361316680908,hs
859,0,-0.2909535401010038,0.3020833432674408,0.550000011920929,0.7,0.4667559564113617,hs
860,1,0.0,0.0,0.0,0.6,0.2175000160932541,hs
862,0,0.0,0.5770833492279053,0.5770833492279053,0.4,0.5266666412353516,hs
863,0,0.0,0.0,0.0,0.5,0.027499999850988388,hs
864,0,0.0,0.5,0.5,0.6,0.47291669249534607,hs
865,0,-0.022801266788962764,0.6666666865348816,0.6977777481079102,0.6,0.664513885974884,hs
866,1,0.1428571574537087,0.1666666716337204,0.125,0.3,0.15729168057441711,hs
867,1,0.08557459624240407,0.4625000059604645,0.3895833194255829,0.7,0.41625696420669556,hs
868,0,0.0,0.23749999701976776,0.23749999701976776,0.6,0.23590275645256042,hs
869,1,0.0,0.125,0.125,0.4,0.19583332538604736,hs
870,0,-0.053757045996665434,0.4424999952316284,0.4927777647972107,0.8,0.43725696206092834,hs
871,0,-0.04844443367422814,0.4248015880584717,0.4680555462837219,0.6,0.42686009407043457,hs
872,0,-0.05206803643481476,0.47428572177886963,0.5263888835906982,0.4,0.4743115305900574,hs
873,1,0.2525693006635566,0.6982638835906982,0.4166666567325592,0.4,0.6619940996170044,hs
874,1,-0.0450450659436054,0.2944444417953491,0.3222222328186035,0.6,0.3477500081062317,hs
875,1,0.0006956979084628314,0.41620370745658875,0.4156250059604645,0.3,0.40640512108802795,hs
876,1,0.03154447037299413,0.49960318207740784,0.4690476059913635,0.4,0.4662579596042633,hs
877,1,0.03532628639005839,0.4254629611968994,0.39642858505249023,0.4,0.4546683430671692,hs
878,0,-0.053093034155834835,0.44999998807907104,0.5004629492759705,0.8,0.44929924607276917,hs
879,1,0.03702848103070626,0.41620370745658875,0.38648149371147156,0.3,0.38617461919784546,hs
880,1,0.0045557799487131075,0.5249999761581421,0.5202381014823914,0.5,0.48805055022239685,hs
881,0,-0.05033176742211093,0.4074999988079071,0.4506944417953491,0.6,0.4209335446357727,hs
882,1,0.0,0.3333333432674408,0.3333333432674408,0.3,0.33856943249702454,hs
883,1,0.0,0.6666666865348816,0.6666666865348816,0.3,0.5999999642372131,hs
884,0,-0.043512200428793814,0.36473214626312256,0.39791667461395264,0.6,0.3804444372653961,hs
885,1,0.015682541118299774,0.43101853132247925,0.4177083373069763,0.3,0.41067129373550415,hs
886,1,-0.0009941447547898784,0.6480158567428589,0.6493055820465088,0.7,0.602857232093811,hs
887,0,-0.041642241231416355,0.36473214626312256,0.39642858505249023,0.6,0.3857288360595703,hs
888,0,-0.01641083684011863,0.6451388597488403,0.6666666865348816,0.7,0.6049582958221436,hs
889,0,-0.05254380792245304,0.39444443583488464,0.4381944537162781,0.6,0.3982639014720917,hs
890,1,0.04156892694448419,0.5176587104797363,0.47633928060531616,0.4,0.4711332321166992,hs
891,0,0.9999999999960001,0.25,0.0,0.5,0.20000000298023224,hs
892,1,0.0,0.2750000059604645,0.2750000059604645,0.6,0.29750001430511475,hs
893,1,-0.9999999999960001,0.0,0.25,0.8,0.09687499701976776,hs
894,0,-0.042654043966040174,0.5049999952316284,0.550000011920929,0.5,0.4882500171661377,hs
895,0,0.07259756370497712,0.4437499940395355,0.3836805522441864,0.5,0.7206180691719055,hs
896,1,0.0,0.5,0.5,0.6,0.44999998807907104,hs
897,1,0.0,0.5,0.5,0.5,0.44999998807907104,hs
898,1,0.0,0.2864583432674408,0.2864583432674408,0.5,0.26517361402511597,hs
900,1,-0.046554938054595756,0.6222222447395325,0.6829861402511597,0.7,0.6166134476661682,hs
901,1,0.009287916646969934,0.6791666746139526,0.6666666865348816,0.6,0.6319266557693481,hs
902,0,0.010207223814879205,0.48601189255714417,0.4761904776096344,0.3,0.45276784896850586,hs
903,1,0.17808217869398135,0.23888888955116272,0.1666666716337204,0.2,0.20673608779907227,hs
904,0,0.0,0.4895833432674408,0.4895833432674408,0.5,0.541236162185669,hs
905,0,0.0,0.4166666567325592,0.4166666567325592,0.4,0.3927777409553528,hs
906,0,0.00751878971416412,0.5583333373069763,0.550000011920929,0.4,0.5118055939674377,hs
907,0,0.026737987923087382,0.7523809671401978,0.7131944298744202,0.4,0.7457897067070007,hs
908,1,0.0,0.125,0.125,0.7,0.15541668236255646,hs
909,0,0.0,0.4895833432674408,0.4895833432674408,0.6,0.4661458134651184,hs
910,1,-0.0405186566106188,0.4933333396911621,0.5350000262260437,0.7,0.4712499976158142,hs
911,1,0.0,0.5166666507720947,0.5166666507720947,0.4,0.4649999737739563,hs
912,0,0.12568305455589815,0.21458333730697632,0.1666666716337204,0.6,0.23541665077209473,hs
913,1,0.0,0.3333333432674408,0.3333333432674408,0.4,0.3127777874469757,hs
915,0,0.0,0.125,0.125,0.3,0.19843748211860657,hs
916,1,0.0,0.5770833492279053,0.5770833492279053,0.6,0.5684375166893005,hs
917,0,0.0,0.5770833492279053,0.5770833492279053,0.2,0.6278630495071411,hs
918,1,0.00977197786387332,0.5166666507720947,0.5066666603088379,0.7,0.47655755281448364,hs
919,1,0.017793592947284307,0.6355555653572083,0.6133333444595337,0.6,0.5846666097640991,hs
921,0,-0.33333333333244447,0.125,0.25,0.3,0.2938541769981384,hs
922,0,-0.006932998083279176,0.6266666650772095,0.6354166865348816,0.8,0.5797778367996216,hs
923,0,0.0,0.4933333396911621,0.4933333396911621,0.6,0.4440000057220459,hs
924,0,0.05069122874628618,0.23749999701976776,0.21458333730697632,0.5,0.2364235818386078,hs
925,0,0.0,0.0,0.0,0.7,0.03541667014360428,hs
926,1,0.0,0.0,0.0,0.6,0.17416666448116302,hs
927,1,0.45945946642467717,0.3375000059604645,0.125,0.6,0.3816666603088379,hs
928,0,-0.07692307057444035,0.1666666716337204,0.1944444477558136,0.6,0.16946430504322052,hs
929,0,-0.0226364817448735,0.38229167461395264,0.4000000059604645,0.5,0.3655208349227905,hs
930,0,0.2903225707210166,0.5,0.2750000059604645,0.5,0.5033333897590637,hs
931,0,0.0,0.0,0.0,0.6,0.12433333694934845,hs
932,0,-0.054361571751226995,0.3895833194255829,0.43437498807907104,0.7,0.4140624403953552,hs
933,0,0.1208791116658826,0.637499988079071,0.5,0.4,0.570062518119812,hs
934,0,0.0,0.5166666507720947,0.5166666507720947,0.4,0.5274959802627563,hs
935,0,-0.014061887477848447,0.4260416626930237,0.4381944537162781,0.4,0.4065903127193451,hs
936,0,0.25614592986562174,0.550000011920929,0.3256944417953491,0.5,0.47256946563720703,hs
938,1,0.0,0.3583333194255829,0.3583333194255829,0.3,0.38374996185302734,hs
939,0,-0.018315033670218094,0.4466666579246521,0.4633333384990692,0.6,0.49869441986083984,hs
940,0,0.0,0.7083333134651184,0.7083333134651184,0.8,0.6707985997200012,hs
941,1,0.0,0.25,0.25,0.5,0.22499999403953552,hs
942,0,0.0,0.2750000059604645,0.2750000059604645,0.7,0.24750001728534698,hs
943,0,-0.005578282015790481,0.6963541507720947,0.7041666507720947,0.7,0.6572906374931335,hs
944,1,0.01325993939819444,0.46875,0.4564814865589142,0.6,0.48434463143348694,hs
945,0,0.0,0.5249999761581421,0.5249999761581421,0.5,0.48500004410743713,hs
946,0,-0.04276987333618381,0.4895833432674408,0.5333333611488342,0.6,0.48604169487953186,hs
947,1,0.0,0.5166666507720947,0.5166666507720947,0.1,0.477388858795166,hs
948,0,0.0,0.375,0.375,0.5,0.3395833373069763,hs
949,0,0.0,0.125,0.125,0.5,0.16183333098888397,hs
950,0,-0.18986362845035604,0.5550264716148376,0.8151785731315613,0.8,0.6836276650428772,hs
952,0,-0.18562874409758942,0.5509259104728699,0.8020833134651184,0.8,0.7304457426071167,hs
953,0,-0.1255610035401797,0.6088888645172119,0.7837499976158142,0.8,0.7559424638748169,hs
955,1,0.08477219175112001,0.8453124761581421,0.7131944298744202,0.3,0.7858675718307495,hs
956,1,-0.04424778686368995,0.3375000059604645,0.3687500059604645,0.7,0.33125001192092896,hs
957,1,0.047619058431636115,0.550000011920929,0.5,0.4,0.5388094782829285,hs
958,1,0.0,0.0,0.0,0.4,0.0,hs
959,1,0.0,0.125,0.125,0.5,0.13124999403953552,hs
961,1,0.0,0.5,0.5,0.7,0.4583333134651184,hs
962,0,0.0,0.5770833492279053,0.5770833492279053,0.7,0.5193750262260437,hs
963,0,0.044699885445753054,0.4260416626930237,0.3895833194255829,0.7,0.4403124749660492,hs
964,1,-0.0043457018076064795,0.35798612236976624,0.3611111044883728,0.5,0.3774107098579407,hs
965,1,-0.0344827556439762,0.6666666865348816,0.7142857313156128,0.6,0.6541308760643005,hs
967,0,-0.02463055367450563,0.4124999940395355,0.4333333373069763,0.9,0.41705554723739624,hs
968,1,-0.01834862249864373,0.29722222685813904,0.3083333373069763,0.4,0.3466111123561859,hs
969,1,0.0,0.36666667461395264,0.36666667461395264,0.8,0.45944443345069885,hs
970,0,-0.12180350580589809,0.3452380895614624,0.44100528955459595,0.7,0.3992966115474701,hs
971,1,0.0,0.6666666865348816,0.6666666865348816,0.5,0.5999999642372131,hs
972,0,-0.02453223048769388,0.5236607193946838,0.550000011920929,0.8,0.6321874856948853,hs
973,1,0.020645537968814,0.731249988079071,0.7016666531562805,0.7,0.7415208220481873,hs
974,0,-0.1664212149186633,0.3930555582046509,0.550000011920929,0.9,0.47930559515953064,hs
977,1,0.0,0.5,0.5,0.5,0.4736666679382324,hs
978,0,-0.0018894661755176217,0.8384920358657837,0.8416666388511658,0.4,0.8495637774467468,hs
979,0,0.0,0.1666666716337204,0.1666666716337204,0.7,0.18687498569488525,hs
980,0,-0.18134712824060983,0.4937500059604645,0.7124999761581421,0.7,0.6200694441795349,hs
981,0,-0.0378912328144918,0.2433333396911621,0.26249998807907104,0.9,0.3891666531562805,hs
982,0,-0.07297829016854475,0.4895833432674408,0.5666666626930237,0.5,0.6085138916969299,hs
983,0,0.0,0.0,0.0,0.6,0.0,hs
984,0,0.05937811439918798,0.5885714292526245,0.5225926041603088,0.4,0.5890063047409058,hs
985,0,0.0,0.5166666507720947,0.5166666507720947,0.5,0.4649999737739563,hs
986,0,0.08631579592906682,0.4223214387893677,0.3552083373069763,0.4,0.43011990189552307,hs
987,0,-0.002304161819460756,0.5154761672019958,0.5178571343421936,0.6,0.5356923937797546,hs
988,0,0.0,0.2708333432674408,0.2708333432674408,0.5,0.2712499797344208,hs
989,0,0.0,0.5166666507720947,0.5166666507720947,0.6,0.4649999737739563,hs
990,0,0.0,0.3233333230018616,0.3233333230018616,0.4,0.363777756690979,hs
991,1,-0.47400991465658354,0.1770833283662796,0.4962500035762787,0.4,0.4467678666114807,hs
992,0,-0.04303463186910208,0.508055567741394,0.5537499785423279,0.7,0.550819456577301,hs
993,0,0.0,0.5770833492279053,0.5770833492279053,0.7,0.5193750262260437,hs
994,0,-0.01818180115753323,0.5625,0.5833333134651184,0.5,0.582652747631073,hs
995,0,-0.04146341846354854,0.43666666746139526,0.4744444489479065,0.9,0.4653611183166504,hs
996,1,0.15052886682009378,0.5049999952316284,0.37285715341567993,0.2,0.45834818482398987,hs
997,0,-0.10204081434037006,0.2750000059604645,0.3375000059604645,0.6,0.4101041853427887,hs
998,1,0.03922967628571432,0.5059027671813965,0.4677083194255829,0.1,0.4612291753292084,hs
999,1,0.0,0.125,0.125,0.7,0.15541668236255646,hs
1000,0,-0.07692305999387572,0.5,0.5833333134651184,0.8,0.5408540964126587,hs
1001,0,0.0,0.2750000059604645,0.2750000059604645,0.4,0.25979167222976685,hs
1002,1,0.06666665342113436,0.6399999856948853,0.5600000023841858,0.2,0.5539999604225159,hs
1003,0,-0.029024850825014034,0.4613095223903656,0.4888888895511627,0.6,0.43911710381507874,hs
1004,1,-0.007633580284007402,0.5416666865348816,0.550000011920929,0.2,0.49416667222976685,hs
1005,1,0.0,0.4933333396911621,0.4933333396911621,0.5,0.46399998664855957,hs
1006,0,0.04452055549501159,0.5648148059844971,0.5166666507720947,0.4,0.5637314915657043,hs
1007,1,-0.0034196423053118262,0.7083333134651184,0.7131944298744202,0.7,0.6589066982269287,hs
1008,1,0.0,0.36666667461395264,0.36666667461395264,0.3,0.38749998807907104,hs
1009,1,0.0,0.125,0.125,0.4,0.14374999701976776,hs
1010,0,-0.08061749697440135,0.5955555438995361,0.699999988079071,0.7,0.6726110577583313,hs
1011,0,0.05402059610875118,0.4437499940395355,0.3982639014720917,0.5,0.7389930486679077,hs
1012,1,0.0,0.4166666567325592,0.4166666567325592,0.5,0.5124961137771606,hs
1013,0,0.0,0.125,0.125,0.4,0.125,hs
1015,1,0.027216843130718822,0.609375,0.5770833492279053,0.4,0.5747569799423218,hs
1016,0,0.0769230705746001,0.7777777910232544,0.6666666865348816,0.5,0.7104623317718506,hs
1017,0,0.03797467819598756,0.512499988079071,0.4749999940395355,0.7,0.4604761004447937,hs
1018,0,-0.18182136023817677,0.5425925850868225,0.7837499976158142,0.8,0.7331501245498657,hs
1019,0,-0.01742815786721717,0.6208333373069763,0.6428571343421936,0.5,0.5796467661857605,hs
1020,0,0.018315001040379707,0.5791666507720947,0.5583333373069763,0.3,0.5315635204315186,hs
1021,0,-0.11805097175575341,0.5425925850868225,0.6878471970558167,0.7,0.660180926322937,hs
1022,1,0.0,0.36666667461395264,0.36666667461395264,0.3,0.33000001311302185,hs
1023,1,0.0,0.5166666507720947,0.5166666507720947,0.6,0.4649999737739563,hs
1024,0,0.0,0.6133333444595337,0.6133333444595337,0.6,0.5519999265670776,hs
1025,0,0.0,0.0,0.0,0.6,0.0,hs
1026,0,0.0,0.1875,0.1875,0.6,0.19447915256023407,hs
1027,0,-0.023890771652430327,0.7447916865348816,0.78125,0.4,0.7597569823265076,hs
1028,0,0.04761904356417393,0.18333333730697632,0.1666666716337204,0.6,0.6660555601119995,hs
1029,0,0.0,0.44583332538604736,0.44583332538604736,0.5,0.4012499451637268,hs
1030,0,0.004474970984490799,0.691428542137146,0.6852678656578064,0.7,0.6338121294975281,hs
1031,1,0.0,0.5,0.5,0.4,0.44999998807907104,hs
1032,0,-0.18182136023817677,0.5425925850868225,0.7837499976158142,0.8,0.7331501245498657,hs
1033,1,0.0,0.43611112236976624,0.43611112236976624,0.5,0.40134263038635254,hs
1034,1,0.0,0.0,0.0,0.4,0.0,hs
1035,1,0.0,0.375,0.375,0.4,0.3534027636051178,hs
1036,1,0.0,0.26249998807907104,0.26249998807907104,0.4,0.25826388597488403,hs
1037,1,-0.11479943494783078,0.35555556416511536,0.44777777791023254,0.1,0.46597224473953247,hs
1038,1,-0.02559308770863651,0.5433333516120911,0.5718749761581421,0.7,0.6169573664665222,hs
1040,0,-0.03392715238082365,0.4223214387893677,0.45198413729667664,0.4,0.4498802721500397,hs
1041,1,0.0,0.2666666805744171,0.2666666805744171,0.4,0.30248016119003296,hs
1042,1,0.0,0.5166666507720947,0.5166666507720947,0.5,0.49145835638046265,hs
1043,1,-0.015902694733406927,0.4870370328426361,0.5027777552604675,0.5,0.45359259843826294,hs
1044,1,0.02725370258800174,0.5104166865348816,0.4833333194255829,0.4,0.5143750905990601,hs
1045,0,0.0,0.5,0.5,0.5,0.5106874704360962,hs
1046,0,-0.07488150399220286,0.5809524059295654,0.675000011920929,0.7,0.6187915802001953,hs
1047,1,0.0,0.2708333432674408,0.2708333432674408,0.5,0.24375000596046448,hs
1048,1,-0.05161289935549617,0.612500011920929,0.6791666746139526,0.3,0.6936041712760925,hs
1049,0,-0.03387333147139175,0.4392857253551483,0.47008928656578064,0.7,0.477250337600708,hs
1050,0,0.0,0.4483333230018616,0.4483333230018616,0.5,0.41197219491004944,hs
1051,1,-0.9999999999960001,0.0,0.25,0.8,0.2783333361148834,hs
1052,0,0.0,0.550000011920929,0.550000011920929,0.7,0.6506547927856445,hs
1054,1,0.0,0.5,0.5,0.3,0.5512500405311584,hs
1055,0,-0.9999999999957895,0.0,0.23749999701976776,0.1,0.3016666769981384,hs
1056,0,0.0,0.0,0.0,0.3,0.05000000074505806,hs
1057,1,0.0,0.5166666507720947,0.5166666507720947,0.5,0.51666659116745,hs
1058,0,0.0,0.21458333730697632,0.21458333730697632,0.5,0.24729163944721222,hs
1059,0,0.05882352941170934,0.5625,0.5,0.5,0.5142187476158142,hs
1060,1,-0.09771310735847456,0.3013888895511627,0.36666667461395264,0.7,0.34013888239860535,hs
1062,1,0.0,0.30666667222976685,0.30666667222976685,0.5,0.29127779603004456,hs
1063,0,0.0,0.41333332657814026,0.41333332657814026,0.5,0.3720000386238098,hs
1064,0,0.07092907649686077,0.5955555438995361,0.5166666507720947,0.3,0.5181666612625122,hs
1065,0,0.0,0.7333333492279053,0.7333333492279053,0.7,0.6600000262260437,hs
1066,1,0.0415512617128155,0.4476190507411957,0.4119047522544861,0.4,0.43145832419395447,hs
1067,1,0.5463137963493384,0.4260416626930237,0.125,0.5,0.445666640996933,hs
1068,0,-0.9999999999980369,0.0,0.5093749761581421,0.6,0.4841041564941406,hs
1069,1,-0.007862587627148244,0.3797222077846527,0.385740727186203,0.5,0.3583518862724304,hs
1070,1,0.0,0.5770833492279053,0.5770833492279053,0.6,0.5415624380111694,hs
1071,0,0.11864404971468663,0.34375,0.2708333432674408,0.4,0.3902430534362793,hs
1072,0,-0.0709583100181186,0.4409722089767456,0.5083333253860474,0.6,0.5119027495384216,hs
1073,1,0.0,0.5,0.5,0.5,0.4675833284854889,hs
1074,1,-0.0016739427037745875,0.6212499737739563,0.6233333349227905,0.5,0.6437538862228394,hs
1075,1,-0.01052630564511585,0.4895833432674408,0.5,0.5,0.4846130907535553,hs
1076,1,0.013408592616431795,0.5128571391105652,0.4992857277393341,0.3,0.4618571400642395,hs
1077,1,-0.10714284193751382,0.625,0.7749999761581421,0.6,0.7560000419616699,hs
1078,1,0.025961353321885237,0.7300000190734863,0.6930555701255798,0.6,0.6552639603614807,hs
1080,1,0.007451536360776697,0.35208332538604736,0.34687501192092896,0.5,0.35851186513900757,hs
1081,1,0.3356401196532016,0.5361111164093018,0.2666666805744171,0.2,0.4456041753292084,hs
1082,0,0.012244886519846043,0.5166666507720947,0.5041666626930237,0.2,0.46687498688697815,hs
1083,1,0.0,0.2750000059604645,0.2750000059604645,0.4,0.24750001728534698,hs
1084,0,-0.03114928703828337,0.4697916805744171,0.5,0.6,0.49000000953674316,hs
1085,1,0.0,0.0,0.0,0.7,0.03750000149011612,hs
1086,1,0.32055747031801146,0.5263888835906982,0.2708333432674408,0.3,0.4300277829170227,hs
1087,1,-0.04329004010651533,0.3683333396911621,0.40166667103767395,0.3,0.371055543422699,hs
1088,0,0.0,0.2708333432674408,0.2708333432674408,0.7,0.2593750059604645,hs
1089,0,-0.1797556511630587,0.4895833432674408,0.7041666507720947,0.9,0.5721875429153442,hs
1090,1,0.0,0.2708333432674408,0.2708333432674408,0.6,0.24375000596046448,hs
1091,0,-0.24999998882337895,0.125,0.2083333283662796,0.5,0.23914583027362823,hs
1092,1,0.0,0.3583333194255829,0.3583333194255829,0.3,0.3531250059604645,hs
1093,1,-0.1000000238417579,0.44999998807907104,0.550000011920929,0.5,0.487000048160553,hs
1094,1,0.0,0.2666666805744171,0.2666666805744171,0.4,0.26597219705581665,hs
1095,0,0.0,0.5,0.5,0.7,0.44999998807907104,hs
1096,1,0.6296296361696728,0.550000011920929,0.125,0.6,0.8348214030265808,hs
1098,1,0.0,0.5,0.5,0.4,0.44999998807907104,hs
1099,1,0.0,0.7333333492279053,0.7333333492279053,0.3,0.6600000262260437,hs
1100,1,0.0,0.2750000059604645,0.2750000059604645,0.6,0.34552085399627686,hs
1102,0,-0.9999999999980369,0.0,0.5093749761581421,0.6,0.4841041564941406,hs
1103,0,0.0,0.5166666507720947,0.5166666507720947,0.8,0.4816666543483734,hs
1104,1,0.0,0.5,0.5,0.4,0.5062500238418579,hs
1105,1,-0.11758283759044413,0.28857141733169556,0.36547619104385376,0.5,0.40632539987564087,hs
1106,1,0.0,0.5166666507720947,0.5166666507720947,0.5,0.49416667222976685,hs
1107,1,0.0701001398994282,0.3895833194255829,0.3385416567325592,0.6,0.3739166855812073,hs
1108,0,0.0,0.5249999761581421,0.5249999761581421,0.6,0.49958333373069763,hs
1109,0,0.019618680733172376,0.512499988079071,0.4927777647972107,0.6,0.4811111092567444,hs
1110,1,0.0,0.2666666805744171,0.2666666805744171,0.8,0.24000000953674316,hs
1111,1,-0.01739131867996434,0.47083333134651184,0.48750001192092896,0.5,0.43967461585998535,hs
1112,1,-0.016886967536196913,0.5579166412353516,0.5770833492279053,0.6,0.518375039100647,hs
1113,0,0.0,0.125,0.125,0.6,0.11249999701976776,hs
1114,0,-0.062271052673940785,0.2666666805744171,0.3020833432674408,0.8,0.27552086114883423,hs
1115,1,0.0,0.0,0.0,0.5,0.11404166370630264,hs
1116,1,-0.012244886519846043,0.5041666626930237,0.5166666507720947,0.5,0.4649999737739563,hs
1117,0,0.0,0.5,0.5,0.8,0.44999998807907104,hs
1118,1,0.0,0.5770833492279053,0.5770833492279053,0.5,0.5444096922874451,hs
1119,0,0.0,0.5,0.5,0.6,0.44999998807907104,hs
1120,1,-0.05882351456212331,0.6666666865348816,0.75,0.7,0.703666627407074,hs
1121,1,0.17073172093248773,0.25,0.1770833283662796,0.6,0.26569443941116333,hs
1122,1,0.0,0.5166666507720947,0.5166666507720947,0.4,0.5178332924842834,hs
1123,1,0.0,0.5770833492279053,0.5770833492279053,0.6,0.5193750262260437,hs
1124,1,-0.015337430783357264,0.44583332538604736,0.45972222089767456,0.6,0.4781111180782318,hs
1125,1,0.9999999999963637,0.2750000059604645,0.0,0.7,0.42624998092651367,hs
1126,1,-0.09274195209930135,0.4166666567325592,0.5018518567085266,0.8,0.4295462965965271,hs
1127,1,0.0,0.28833332657814026,0.28833332657814026,0.4,0.261722207069397,hs
1128,1,0.07042251818462841,0.3166666626930237,0.2750000059604645,0.3,0.3004166781902313,hs
1129,1,0.04769605084466555,0.675000011920929,0.6135416626930237,0.1,0.6070208549499512,hs
1130,1,0.16030533739831387,0.4749999940395355,0.34375,0.5,0.4533286988735199,hs
1131,0,0.0,0.7083333134651184,0.7083333134651184,0.6,0.6402778029441833,hs
1132,0,0.036585330750334336,0.3541666567325592,0.3291666805744171,0.4,0.36938756704330444,hs
1133,0,-0.005181342349751961,0.6399999856948853,0.6466666460037231,0.5,0.586513876914978,hs
1134,1,0.04255318906087006,0.40833333134651184,0.375,0.6,0.3884027600288391,hs
1135,1,0.013157882353592516,0.5133333206176758,0.5,0.3,0.4829999804496765,hs
1136,1,0.18518518191442285,0.4000000059604645,0.2750000059604645,0.5,0.3592187166213989,hs
1137,1,-0.4882600843895697,0.1770833283662796,0.5149999856948853,0.4,0.5052797794342041,hs
1138,0,0.0,0.5,0.5,0.2,0.46875,hs
1139,0,0.0,0.4933333396911621,0.4933333396911621,0.6,0.5104444622993469,hs
1140,0,0.0,0.4166666567325592,0.4166666567325592,0.7,0.3750000298023224,hs
1141,1,0.061340908418819694,0.5535714030265808,0.4895833432674408,0.3,0.48739880323410034,hs
1142,0,0.04966139380820073,0.7749999761581421,0.7016666531562805,0.8,0.690166711807251,hs
1143,0,0.0,0.1666666716337204,0.1666666716337204,0.5,0.14999999105930328,hs
1144,0,0.0,0.5166666507720947,0.5166666507720947,0.7,0.4649999737739563,hs
1145,0,0.01052630564511585,0.5,0.4895833432674408,0.4,0.4846130907535553,hs
1146,0,-0.06281408015008709,0.44404762983322144,0.5035714507102966,0.4,0.5019841194152832,hs
1147,0,0.0,0.5,0.5,0.6,0.44999998807907104,hs
1148,1,0.0,0.2750000059604645,0.2750000059604645,0.4,0.3063125014305115,hs
1149,0,0.0,0.1666666716337204,0.1666666716337204,0.5,0.14999999105930328,hs
1150,0,0.008470044112604155,0.5291666388511658,0.5202777981758118,0.3,0.4883968234062195,hs
1151,0,-0.060718707410303475,0.3947916626930237,0.44583332538604736,0.7,0.42750000953674316,hs
1152,0,0.0,0.4166666567325592,0.4166666567325592,0.6,0.3750000298023224,hs
1153,0,0.0,0.4933333396911621,0.4933333396911621,0.5,0.5174583196640015,hs
1154,1,0.0,0.0,0.0,0.3,0.03541667014360428,hs
1155,0,-0.23076921794397104,0.550000011920929,0.8799999952316284,0.4,0.831000030040741,hs
1156,0,0.002967356279330005,0.7041666507720947,0.699999988079071,0.3,0.6320832371711731,hs
1157,0,0.01706482512091312,0.6898148059844971,0.6666666865348816,0.3,0.6256799101829529,hs
1158,1,-0.9999999999981819,0.0,0.550000011920929,0.8,0.4399999976158142,hs
1159,1,-0.1018633356183727,0.40166667103767395,0.4927777647972107,0.6,0.5155695080757141,hs
1160,0,-0.11111111111101234,0.5,0.625,0.3,0.6531190276145935,hs
1161,0,0.005988018309853204,0.3499999940395355,0.34583333134651184,0.5,0.405708372592926,hs
1162,0,0.0,0.125,0.125,0.5,0.12083332240581512,hs
1163,0,-0.04366811869035436,0.2433333396911621,0.26555556058883667,0.7,0.31727778911590576,hs
1164,1,0.1076922914401842,0.375,0.3020833432674408,0.3,0.3544444441795349,hs
1165,0,0.0,0.2708333432674408,0.2708333432674408,0.3,0.2708333134651184,hs
1166,0,0.0,0.637499988079071,0.637499988079071,0.6,0.5984225869178772,hs
1167,0,-0.044910195012543515,0.3797619044780731,0.4154762029647827,0.7,0.4152083396911621,hs
1168,0,0.0,0.5166666507720947,0.5166666507720947,0.2,0.5529762506484985,hs
1169,1,0.0,0.5,0.5,0.3,0.44999998807907104,hs
1170,0,0.14482757259897755,0.41499999165534973,0.3100000023841858,0.4,0.3989444375038147,hs
1171,1,0.040000018310469725,0.2708333432674408,0.25,0.4,0.4750000536441803,hs
1172,1,0.0,0.3583333194255829,0.3583333194255829,0.3,0.3462846875190735,hs
1173,1,0.0,0.4483333230018616,0.4483333230018616,0.4,0.4290972352027893,hs
1174,1,0.0,0.3895833194255829,0.3895833194255829,0.5,0.35656246542930603,hs
1175,1,0.18114143986629164,0.39666667580604553,0.2750000059604645,0.3,0.37050002813339233,hs
1176,1,0.0,0.4895833432674408,0.4895833432674408,0.5,0.5165277719497681,hs
1177,0,0.0,0.2708333432674408,0.2708333432674408,0.7,0.2593750059604645,hs
1178,1,-0.12078346008512303,0.28857141733169556,0.3678571283817291,0.5,0.44408732652664185,hs
1180,1,0.0,0.5,0.5,0.7,0.45333331823349,hs
1181,0,0.0,0.36666667461395264,0.36666667461395264,0.4,0.37352776527404785,hs
1182,0,-0.999999999992,0.0,0.125,0.5,0.125,hs
1183,1,-0.004968957278115622,0.5562499761581421,0.5618055462837219,0.7,0.5108888745307922,hs
1184,0,-0.05142857259629179,0.5533333420753479,0.6133333444595337,0.5,0.5459999442100525,hs
1185,0,-0.03896105856448447,0.4933333396911621,0.5333333611488342,0.4,0.4950833320617676,hs
1186,1,0.0,0.5166666507720947,0.5166666507720947,0.5,0.5220833420753479,hs
1187,0,0.0,0.3895833194255829,0.3895833194255829,0.7,0.3506249785423279,hs
1188,1,0.0,0.3281745910644531,0.3281745910644531,0.6,0.3324761986732483,hs
1189,1,0.12821900467639197,0.4335416555404663,0.33500000834465027,0.2,0.43287500739097595,hs
1190,1,-0.11864404971468663,0.2708333432674408,0.34375,0.4,0.5,hs
1191,1,0.0,0.4833333194255829,0.4833333194255829,0.7,0.4538492262363434,hs
1192,1,-0.09090909090902478,0.625,0.75,0.8,0.6159999966621399,hs
1193,1,0.0,0.125,0.125,0.4,0.15312500298023224,hs
1194,1,0.0,0.0,0.0,0.6,0.27933329343795776,hs
1195,0,-0.09428706470513057,0.3385416567325592,0.4090277850627899,0.9,0.3968055844306946,hs
1196,0,0.07492504819930572,0.5604166388511658,0.48229166865348816,0.5,0.5200208425521851,hs
1197,1,0.0,0.5770833492279053,0.5770833492279053,0.4,0.5193750262260437,hs
1198,0,-0.017268440974757073,0.4347222149372101,0.44999998807907104,0.5,0.4149305820465088,hs
1199,0,-0.022828316890447366,0.5722222328186035,0.5989583134651184,0.6,0.6304860711097717,hs
1200,1,-0.05600001785270248,0.32777777314186096,0.36666667461395264,0.7,0.3957063555717468,hs
1201,1,0.0676691648452579,0.5916666388511658,0.5166666507720947,0.5,0.519736111164093,hs
1202,1,0.0,0.6666666865348816,0.6666666865348816,0.4,0.5999999642372131,hs
1203,0,-0.19948185837187785,0.21458333730697632,0.32152777910232544,0.5,0.3426041305065155,hs
1204,1,-0.024390243902419985,0.625,0.65625,0.5,0.8056249618530273,hs
1205,0,0.0,0.2708333432674408,0.2708333432674408,0.5,0.265625,hs
1206,0,0.0,0.7083333134651184,0.7083333134651184,0.7,0.6375000476837158,hs
1207,1,-0.054945081720647375,0.3583333194255829,0.4000000059604645,0.8,0.43083328008651733,hs
1208,0,0.0,0.4933333396911621,0.4933333396911621,0.4,0.4478333592414856,hs
1209,0,-0.041398326955148855,0.6512500047683716,0.7074999809265137,0.8,0.6195972561836243,hs
1210,1,0.07277629009283472,0.41458332538604736,0.3583333194255829,0.7,0.5339533686637878,hs
1211,0,0.0,0.5874999761581421,0.5874999761581421,0.5,0.5287500619888306,hs
1212,0,-0.08363638718649244,0.3499999940395355,0.4138889014720917,0.4,0.3875417113304138,hs
1213,1,0.0,0.125,0.125,0.5,0.11249999701976776,hs
1214,1,0.0,0.5,0.5,0.3,0.46687498688697815,hs
1215,0,-0.16011502176419137,0.2433333396911621,0.3361110985279083,0.7,0.42956942319869995,hs
1216,1,0.0,0.4033333361148834,0.4033333361148834,0.5,0.3830000162124634,hs
1217,1,0.0,0.2708333432674408,0.2708333432674408,0.2,0.2593750059604645,hs
1218,0,0.05882351456212331,0.75,0.6666666865348816,0.3,0.6506944894790649,hs
1219,0,0.0,0.5,0.5,0.4,0.4749999940395355,hs
1220,0,0.0,0.2433333396911621,0.2433333396911621,0.5,0.21900001168251038,hs
1221,1,0.0,0.3333333432674408,0.3333333432674408,0.3,0.29999998211860657,hs
1222,0,0.0,0.4166666567325592,0.4166666567325592,0.4,0.3750000298023224,hs
1223,1,-0.0018148889433274645,0.859375,0.862500011920929,0.4,0.8474553823471069,hs
1224,1,-0.031061322118507304,0.41197916865348816,0.43839284777641296,0.3,0.3924850821495056,hs
1225,1,-0.03062115535962639,0.5770833492279053,0.6135416626930237,0.5,0.5829514265060425,hs
1226,0,0.0,0.0,0.0,0.7,0.15666666626930237,hs
1227,1,-0.005947317921683219,0.48750001192092896,0.4933333396911621,0.4,0.49581247568130493,hs
1228,0,0.0,0.0,0.0,0.7,0.03541667014360428,hs
1229,1,0.011402508168263062,0.4927777647972107,0.4816666543483734,0.6,0.504236102104187,hs
1230,1,-0.0041840964114410635,0.4958333373069763,0.5,0.6,0.44958335161209106,hs
1231,0,0.0,0.44999998807907104,0.44999998807907104,0.4,0.4195833206176758,hs
1232,0,0.0,0.0,0.0,0.5,0.027499999850988388,hs
1233,0,-0.11184211501482405,0.375,0.4694444537162781,0.6,0.4039236009120941,hs
1234,0,0.0,0.5,0.5,0.9,0.44999998807907104,hs
1235,0,0.0,0.5,0.5,0.8,0.44999998807907104,hs
1236,0,0.0,0.5,0.5,0.8,0.44999998807907104,hs
1237,1,0.0582524583659985,0.3633333444595337,0.3233333230018616,0.4,0.32216665148735046,hs
1238,1,0.14285714285681633,0.25,0.1875,0.5,0.2720833420753479,hs
1239,1,-0.03719909993980734,0.4888888895511627,0.5266666412353516,0.5,0.4894999861717224,hs
1240,1,0.0,0.4166666567325592,0.4166666567325592,0.6,0.3750000298023224,hs
1241,0,-0.03076651667409527,0.7569444179534912,0.8050000071525574,0.4,0.7552499771118164,hs
1243,0,-0.034106398906100004,0.3687500059604645,0.3947916626930237,0.6,0.3588889241218567,hs
1244,1,0.0,0.5770833492279053,0.5770833492279053,0.3,0.5193750262260437,hs
1245,1,0.05413685295849067,0.3583333194255829,0.32152777910232544,0.4,0.34416666626930237,hs
1246,0,-0.011235958926114589,0.6844444274902344,0.699999988079071,0.6,0.7012499570846558,hs
1247,1,0.0,0.5,0.5,0.6,0.5192261934280396,hs
1248,1,-0.18662949926836897,0.2433333396911621,0.35499998927116394,0.7,0.36772221326828003,hs
1249,0,-0.019021155916873228,0.637499988079071,0.6622222065925598,0.6,0.6034190058708191,hs
1250,1,0.0,0.4124999940395355,0.4124999940395355,0.5,0.475747674703598,hs
1251,1,0.0,0.3895833194255829,0.3895833194255829,0.5,0.3670833110809326,hs
1252,0,0.012947458249614328,0.4618055522441864,0.44999998807907104,0.4,0.4801388680934906,hs
1253,1,-0.08133972968610145,0.5,0.5885416865348816,0.7,0.5445208549499512,hs
1254,0,-0.08180299655594246,0.2864583432674408,0.3375000059604645,0.6,0.3694394826889038,hs
1255,1,0.0,0.125,0.125,0.3,0.11249999701976776,hs
1256,0,-0.06666668256114971,0.3499999940395355,0.4000000059604645,0.9,0.4286111295223236,hs
1257,0,-0.023999999267559715,0.6354166865348816,0.6666666865348816,0.4,0.596666693687439,hs
1258,0,-0.042149118493670104,0.5744444727897644,0.625,0.9,0.5574444532394409,hs
1259,0,0.03355704783895711,0.48124998807907104,0.44999998807907104,0.2,0.42093056440353394,hs
1260,0,0.07423581522533855,0.34166666865348816,0.2944444417953491,0.5,0.33581942319869995,hs
1261,1,-0.0024449854233836938,0.6800000071525574,0.6833333373069763,0.4,0.6463750600814819,hs
1262,1,0.05882351456212331,0.75,0.6666666865348816,0.5,0.7059444785118103,hs
1263,1,0.0,0.1666666716337204,0.1666666716337204,0.5,0.1666666567325592,hs
1264,0,0.0,0.0,0.0,0.9,0.0,hs
1265,0,0.395161280436619,0.28833332657814026,0.125,0.6,0.35948213934898376,hs
1266,0,0.0,0.1666666716337204,0.1666666716337204,0.4,0.14999999105930328,hs
1267,0,0.06511625837406715,0.3816666603088379,0.33500000834465027,0.7,0.3941250145435333,hs
1268,1,0.0,0.4166666567325592,0.4166666567325592,0.6,0.4311508238315582,hs
1269,0,-0.030927851205400893,0.6266666650772095,0.6666666865348816,0.6,0.6680001020431519,hs
1270,0,-0.061224504690835915,0.7666666507720947,0.8666666746139526,0.7,0.8607500791549683,hs
1271,1,-0.04615385800419468,0.5166666507720947,0.5666666626930237,0.6,0.534166693687439,hs
1272,0,-0.023255847479065034,0.5249999761581421,0.550000011920929,0.9,0.4925000071525574,hs
1273,0,0.0,0.5,0.5,0.7,0.44999998807907104,hs
1274,1,0.0,0.125,0.125,0.4,0.11249999701976776,hs
1275,1,0.0,0.550000011920929,0.550000011920929,0.2,0.49500003457069397,hs
1276,1,0.0,0.21458333730697632,0.21458333730697632,0.5,0.20926585793495178,hs
1277,0,0.05403404085833698,0.49444442987442017,0.4437499940395355,0.0,0.4300764203071594,hs
1278,0,-0.11578951383882106,0.5249999761581421,0.6625000238418579,0.8,0.5581110715866089,hs
1279,1,-0.020610050299731966,0.4124999940395355,0.4298610985279083,0.6,0.44234123826026917,hs
1280,0,0.0,0.5625,0.5625,0.5,0.5062500238418579,hs
1281,0,0.6296296361696728,0.550000011920929,0.125,0.4,0.445666640996933,hs
1282,1,0.0,0.3333333432674408,0.3333333432674408,0.4,0.3127777874469757,hs
1283,1,0.0,0.44583332538604736,0.44583332538604736,0.5,0.4102083146572113,hs
1284,1,-0.1504424434266322,0.2666666805744171,0.3611111044883728,0.7,0.2956944406032562,hs
1285,1,0.0,0.5166666507720947,0.5166666507720947,0.5,0.49816665053367615,hs
1286,1,0.10442477786471077,0.5199999809265137,0.4216666519641876,0.3,0.48129168152809143,hs
1287,0,0.0,0.3404761850833893,0.3404761850833893,0.3,0.33896827697753906,hs
1288,1,0.0582524583659985,0.3633333444595337,0.3233333230018616,0.4,0.33400002121925354,hs
1289,1,0.0,0.36666667461395264,0.36666667461395264,0.9,0.3591666519641876,hs
1290,0,0.0,0.36666667461395264,0.36666667461395264,0.6,0.33000001311302185,hs
1291,0,0.032504784298553406,0.44999998807907104,0.4216666519641876,0.4,0.4232291579246521,hs
1292,1,-0.10924371263147938,0.2944444417953491,0.36666667461395264,0.3,0.3535694479942322,hs
1293,1,0.0,0.2708333432674408,0.2708333432674408,0.6,0.24861112236976624,hs
1294,0,-0.008748962853356865,0.5451388955116272,0.5547618865966797,0.4,0.5980525612831116,hs
1295,0,0.0,0.41333332657814026,0.41333332657814026,0.7,0.47862499952316284,hs
1297,0,0.030303001403786552,0.7083333134651184,0.6666666865348816,0.4,0.6779028177261353,hs
1298,0,0.11253431275300833,0.7599999904632568,0.606249988079071,0.6,0.7559999823570251,hs
1299,1,0.0,0.3683333396911621,0.3683333396911621,0.2,0.3683333396911621,hs
1300,1,-0.29200653419326217,0.3013888895511627,0.550000011920929,0.6,0.4702083468437195,hs
1301,0,0.04437365546590206,0.5244791507720947,0.4799107015132904,0.3,0.46849551796913147,hs
1302,1,0.0,0.25,0.25,0.3,0.25,hs
1303,1,-0.02576114118630321,0.46222221851348877,0.4866666793823242,0.6,0.4667778015136719,hs
1304,1,0.0,0.4166666567325592,0.4166666567325592,0.6,0.3750000298023224,hs
1305,1,0.011333903958164825,0.4833333194255829,0.4724999964237213,0.4,0.4479583203792572,hs
1306,1,0.039281716904014864,0.48229166865348816,0.44583332538604736,0.8,0.4462003707885742,hs
1307,0,-0.14285716055039538,0.4124999940395355,0.550000011920929,0.9,0.45762506127357483,hs
1308,0,0.0,0.0,0.0,0.4,0.12666666507720947,hs
1309,1,0.0,0.375,0.375,0.6,0.38230156898498535,hs
1310,0,-0.37062936853009615,0.1875,0.40833333134651184,0.9,0.28337499499320984,hs
1311,1,0.0,0.6666666865348816,0.6666666865348816,0.5,0.6666666269302368,hs
1313,0,-0.5652173822894297,0.125,0.44999998807907104,0.5,0.39941662549972534,hs
1314,1,0.0,0.3583333194255829,0.3583333194255829,0.4,0.3619791567325592,hs
1315,1,0.0,0.125,0.125,0.7,0.11249999701976776,hs
1316,0,-0.15492959161794592,0.4761904776096344,0.6507936716079712,0.5,0.7198015451431274,hs
1317,0,0.0,0.0,0.0,0.9,0.0,hs
1318,1,0.0,0.0,0.0,0.7,0.03750000149011612,hs
1319,1,0.0,0.25,0.25,0.4,0.2835312485694885,hs
1320,1,0.1428571574537087,0.1666666716337204,0.125,0.3,0.20766668021678925,hs
1321,0,0.0,0.125,0.125,0.4,0.20000000298023224,hs
1322,0,0.0,0.5583333373069763,0.5583333373069763,0.5,0.5672916769981384,hs
1323,0,0.0,0.21458333730697632,0.21458333730697632,0.6,0.2176041603088379,hs
1324,0,0.0,0.5,0.5,0.5,0.48124998807907104,hs
1325,0,-0.11764705263609218,0.5,0.6333333253860474,0.7,0.5842361450195312,hs
1326,0,0.0,0.0,0.0,0.6,0.0,hs
1327,1,0.0,0.2864583432674408,0.2864583432674408,0.4,0.2578125,hs
1328,0,0.0,0.4166666567325592,0.4166666567325592,0.7,0.3791666626930237,hs
1329,0,0.26380368959543804,0.21458333730697632,0.125,0.5,0.3541666567325592,hs
1330,1,-0.0466830475465578,0.3233333230018616,0.35499998927116394,0.4,0.32244542241096497,hs
1331,0,0.03199532330105236,0.6159722208976746,0.5777778029441833,0.5,0.5787361264228821,hs
1332,0,-0.999999999992,0.0,0.125,0.5,0.125,hs
1333,0,0.0,0.0,0.0,0.9,0.0,hs
1334,0,0.03984063475379381,0.4350000023841858,0.40166667103767395,0.6,0.4617360532283783,hs
1335,1,0.0,0.2708333432674408,0.2708333432674408,0.5,0.24375000596046448,hs
1336,1,0.030303006395460973,0.5059523582458496,0.4761904776096344,0.7,0.5137976408004761,hs
1337,1,-0.9999999999960001,0.0,0.25,0.8,0.09687499701976776,hs
1338,1,0.0,0.0,0.0,0.7,0.05000000074505806,hs
1339,1,0.0,0.125,0.125,0.5,0.11249999701976776,hs
1340,1,-0.13053350576097072,0.39895832538604736,0.518750011920929,0.6,0.4694444239139557,hs
1341,1,0.0,0.6666666865348816,0.6666666865348816,0.6,0.6919721961021423,hs
1342,1,-0.19999998569440544,0.1666666716337204,0.25,0.9,0.16597221791744232,hs
1343,1,-0.03623529240692406,0.35555556416511536,0.38229167461395264,0.5,0.397775799036026,hs
1344,0,-0.014925359112819385,0.6875,0.7083333134651184,0.5,0.6354166865348816,hs
1345,0,0.12280702488190143,0.4000000059604645,0.3125,0.5,0.3631249666213989,hs
1346,0,-0.08713691960863477,0.36666667461395264,0.43666666746139526,0.6,0.3803194463253021,hs
1347,1,0.0,0.125,0.125,0.6,0.15208333730697632,hs
1348,1,-0.03030300164260484,0.36666667461395264,0.3895833194255829,0.5,0.38729166984558105,hs
1349,1,-0.3684210684811905,0.125,0.2708333432674408,0.9,0.21133334934711456,hs
1350,0,-0.14285714285681633,0.1875,0.25,0.6,0.2512499690055847,hs
1351,1,-0.059760966665469616,0.3511904776096344,0.3958333432674408,0.8,0.34530553221702576,hs
1352,0,0.0,0.4166666567325592,0.4166666567325592,0.5,0.3895833194255829,hs
1353,0,-0.00401606056544114,0.5166666507720947,0.5208333134651184,0.3,0.5285138487815857,hs
1354,1,0.0,0.2750000059604645,0.2750000059604645,0.9,0.27500003576278687,hs
1355,1,0.024752486991965073,0.4312500059604645,0.4104166626930237,0.3,0.38604170083999634,hs
1356,1,0.2392426890938555,0.625,0.3836805522441864,0.7,0.7107499837875366,hs
1357,1,-0.012442215701084097,0.48229166865348816,0.49444442987442017,0.4,0.4490625262260437,hs
1358,0,-0.12650599035282684,0.3020833432674408,0.3895833194255829,0.5,0.46140971779823303,hs
1359,0,0.02697492580770138,0.6662499904632568,0.6312500238418579,0.5,0.6134583353996277,hs
1360,0,0.0,0.125,0.125,0.4,0.12604168057441711,hs
1361,1,0.0,0.5,0.5,0.7,0.45333331823349,hs
1362,0,-0.17241377949515818,0.125,0.1770833283662796,0.5,0.1614583283662796,hs
1363,0,0.0,0.2750000059604645,0.2750000059604645,0.8,0.2744166851043701,hs
1364,0,-0.11719938520651153,0.3020833432674408,0.38229167461395264,0.7,0.36397916078567505,hs
1365,0,-0.04761904041056445,0.375,0.4124999940395355,0.7,0.4154563844203949,hs
1366,1,0.0,0.0,0.0,0.7,0.05000000074505806,hs
1367,1,0.07829979461423477,0.2510416805744171,0.21458333730697632,0.3,0.23732638359069824,hs
1368,0,-0.1707317351674205,0.3895833194255829,0.550000011920929,0.5,0.46395835280418396,hs
1369,1,0.0,0.4895833432674408,0.4895833432674408,0.7,0.4427083134651184,hs
1370,0,0.030303001403720442,0.1770833283662796,0.1666666716337204,0.5,0.17687499523162842,hs
1371,0,0.0,0.44999998807907104,0.44999998807907104,0.5,0.470073401927948,hs
1373,1,-0.18518518191442285,0.2750000059604645,0.4000000059604645,1.0,0.2834375202655792,hs
1374,0,-0.17241377949515818,0.125,0.1770833283662796,0.5,0.1614583283662796,hs
1375,1,0.0,0.5,0.5,0.4,0.44999998807907104,hs
1376,0,0.0,0.5166666507720947,0.5166666507720947,0.5,0.4649999737739563,hs
1377,1,-0.030042940413186343,0.5649999976158142,0.6000000238418579,0.5,0.5503581762313843,hs
1378,1,0.0,0.4033333361148834,0.4033333361148834,0.7,0.3726111054420471,hs
1379,0,0.0,0.5625,0.5625,0.6,0.6327083110809326,hs
1380,1,0.0,0.3375000059604645,0.3375000059604645,0.4,0.323888897895813,hs
1381,1,0.0,0.0,0.0,0.7,0.05000000074505806,hs
1382,0,0.040844413671440434,0.44999998807907104,0.414682537317276,0.3,0.4652182459831238,hs
1383,0,0.06403941886445767,0.75,0.6597222089767456,0.2,0.6718055009841919,hs
1384,1,0.019021155916873228,0.6622222065925598,0.637499988079071,0.4,0.6056534647941589,hs
1385,1,-0.0678810764348842,0.5649999976158142,0.6472916603088379,0.7,0.5945515632629395,hs
1386,0,0.0,0.5,0.5,0.8,0.4937500059604645,hs
1387,0,0.02857143918743384,0.4124999940395355,0.3895833194255829,0.7,0.3735833168029785,hs
1388,0,-0.9999999999960001,0.0,0.25,0.6,0.22499999403953552,hs
1389,0,0.05882352941170934,0.5625,0.5,0.7,0.5632291436195374,hs
1390,1,0.0,0.4895833432674408,0.4895833432674408,0.7,0.44062501192092896,hs
1391,1,-0.15104352296010196,0.4166666567325592,0.5649305582046509,0.6,0.5414136648178101,hs
1392,1,0.0,0.4895833432674408,0.4895833432674408,0.6,0.45658332109451294,hs
1393,1,-0.6842105263152133,0.1875,1.0,1.0,0.5922916531562805,hs
1394,1,0.0,0.125,0.125,0.6,0.13958333432674408,hs
1395,0,-0.022086857486299037,0.3566666543483734,0.3727777898311615,0.7,0.394569456577301,hs
1396,0,0.0,0.0,0.0,0.7,0.03541667014360428,hs
1397,1,0.19999999999936002,0.1875,0.125,0.5,0.27045831084251404,hs
1398,0,0.0,0.2750000059604645,0.2750000059604645,0.5,0.3447916805744171,hs
1399,1,-0.0529914269080094,0.5770833492279053,0.6416666507720947,0.9,0.5560346841812134,hs
1400,1,0.012777067507987317,0.6743055582046509,0.6572916507720947,0.9,0.6421180963516235,hs
1401,0,-0.2509090640481395,0.21458333730697632,0.3583333194255829,0.8,0.3537847399711609,hs
1403,1,0.9999999999960001,0.25,0.0,0.3,0.15666666626930237,hs
1404,0,-0.05548387411152365,0.3812499940395355,0.4260416626930237,0.4,0.4464791715145111,hs
1405,1,0.0036630211679506033,0.4756944477558136,0.4722222089767456,0.4,0.4753125309944153,hs
1406,0,0.0,0.30666667222976685,0.30666667222976685,0.4,0.3219444751739502,hs
1407,1,0.0,0.0,0.0,0.7,0.08958333730697632,hs
1408,0,-0.00924214872292322,0.7444444298744202,0.7583333253860474,0.3,0.7625555992126465,hs
1409,0,-0.01158300006741693,0.2666666805744171,0.27291667461395264,0.7,0.27069443464279175,hs
1410,1,0.0,0.3333333432674408,0.3333333432674408,0.7,0.29999998211860657,hs
1411,1,0.032258061725021915,0.35555556416511536,0.3333333432674408,0.4,0.36298614740371704,hs
1412,0,-0.07299273502737062,0.4409722089767456,0.5104166865348816,0.1,0.7070833444595337,hs
1413,1,-0.0187500380677928,0.5233333110809326,0.5433333516120911,0.3,0.5231665968894958,hs
1414,0,0.03971121846225363,0.4000000059604645,0.36944442987442017,0.5,0.384464293718338,hs
1415,1,0.015985799976274945,0.5958333611488342,0.5770833492279053,0.6,0.5443124771118164,hs
1416,0,-0.04761905843159077,0.25,0.2750000059604645,0.5,0.2994583547115326,hs
1417,0,0.038759708834320526,0.5583333373069763,0.5166666507720947,0.5,0.5126111507415771,hs
1418,0,-0.13368982648146444,0.3375000059604645,0.4416666626930237,0.7,0.42634376883506775,hs
1419,0,0.0,0.5166666507720947,0.5166666507720947,0.6,0.4649999737739563,hs
1420,1,-0.044699885445753054,0.3895833194255829,0.4260416626930237,0.5,0.38364583253860474,hs
1421,1,0.0,0.25,0.25,0.4,0.22499999403953552,hs
1422,1,0.9999999999977144,0.4375,0.0,0.7,0.40725699067115784,hs
1423,0,0.0,0.28833332657814026,0.28833332657814026,0.6,0.27224406599998474,hs
1424,1,0.45945946642467717,0.3375000059604645,0.125,0.4,0.45250001549720764,hs
1425,1,0.17241377949515818,0.1770833283662796,0.125,0.8,0.19479165971279144,hs
1426,0,0.0,0.5333333611488342,0.5333333611488342,0.6,0.4822222590446472,hs
1427,1,0.016503752015437405,0.3671296238899231,0.3552083373069763,0.5,0.4522189199924469,hs
1428,1,-0.10771581693739664,0.2433333396911621,0.3020833432674408,0.4,0.3956131041049957,hs
1429,1,0.0,0.2666666805744171,0.2666666805744171,0.6,0.25388890504837036,hs
1430,0,0.0,0.3375000059604645,0.3375000059604645,0.2,0.34421879053115845,hs
1431,1,0.0,0.6666666865348816,0.6666666865348816,0.3,0.625,hs
1432,1,0.0,0.0,0.0,0.3,0.03541667014360428,hs
1433,0,-0.03125001536677584,0.3229166567325592,0.34375,0.4,0.30937498807907104,hs
1434,1,0.0,0.0,0.0,0.7,0.03750000149011612,hs
1435,1,0.0,0.125,0.125,0.5,0.1550000011920929,hs
1436,1,0.9999999999962501,0.2666666805744171,0.0,0.5,0.2917500138282776,hs
1437,0,0.0,0.0,0.0,0.5,0.027499999850988388,hs
1438,1,0.032258090565993894,0.5333333611488342,0.5,0.5,0.5334374904632568,hs
1439,1,0.05882352941170934,0.5625,0.5,0.8,0.5401042103767395,hs
1440,1,-0.12499999161781565,0.1944444477558136,0.25,0.4,0.24137499928474426,hs
1441,1,0.0,0.5770833492279053,0.5770833492279053,0.5,0.5786805748939514,hs
1442,0,-0.05263157894732409,0.5625,0.625,0.8,0.5444999933242798,hs
1443,0,0.0,0.2750000059604645,0.2750000059604645,0.5,0.2565000057220459,hs
1444,0,0.9999999999960001,0.25,0.0,0.4,0.2722916603088379,hs
1445,1,0.0,0.5,0.5,0.7,0.45333331823349,hs
1446,0,-0.14709852541952534,0.5266666412353516,0.7083333134651184,0.6,0.7650774121284485,hs
1447,1,-0.07907744381489429,0.3105555474758148,0.3638888895511627,0.7,0.4205138683319092,hs
1448,0,0.038759708834320526,0.5583333373069763,0.5166666507720947,0.4,0.5233333110809326,hs
1449,0,-0.1428571574537087,0.125,0.1666666716337204,0.5,0.23529164493083954,hs
1450,0,-0.04494381887020876,0.7083333134651184,0.7749999761581421,0.4,0.7114583253860474,hs
1451,1,0.0,0.2666666805744171,0.2666666805744171,0.4,0.2455555498600006,hs
1452,0,0.0,0.4895833432674408,0.4895833432674408,0.7,0.44062501192092896,hs
1453,1,0.0,0.5625,0.5625,0.7,0.534583330154419,hs
1454,0,-0.044699885445753054,0.3895833194255829,0.4260416626930237,0.3,0.4065069556236267,hs
1455,0,-0.009901022269982332,0.7083333134651184,0.7225000262260437,0.8,0.6592499017715454,hs
1456,1,0.0,0.125,0.125,0.7,0.125,hs
1457,0,0.0,0.125,0.125,0.4,0.13124999403953552,hs
1458,0,0.0,0.2708333432674408,0.2708333432674408,0.6,0.2517361044883728,hs
1459,1,0.0,0.4166666567325592,0.4166666567325592,0.6,0.49636110663414,hs
1460,1,0.0,0.3583333194255829,0.3583333194255829,0.6,0.3297916352748871,hs
1461,1,0.018918200309927354,0.6638888716697693,0.6392360925674438,0.3,0.6825348138809204,hs
1462,0,0.0,0.6666666865348816,0.6666666865348816,0.4,0.6666666269302368,hs
1463,1,0.0,0.2666666805744171,0.2666666805744171,0.5,0.30688491463661194,hs
1464,1,-0.08620689057160229,0.23555555939674377,0.2800000011920929,0.4,0.2619999945163727,hs
1465,0,0.0,0.0,0.0,0.3,0.03750000149011612,hs
1466,1,0.0,0.1666666716337204,0.1666666716337204,0.4,0.2243611067533493,hs
1467,0,-0.4339622565113059,0.1666666716337204,0.42222222685813904,0.6,0.36871233582496643,hs
1468,0,0.0,0.0,0.0,0.5,0.11404166370630264,hs
1469,1,-0.030303001403720442,0.1666666716337204,0.1770833283662796,0.4,0.19215276837348938,hs
1470,1,-0.19999999999936002,0.125,0.1875,0.3,0.19187499582767487,hs
1471,1,0.0,0.3333333432674408,0.3333333432674408,0.6,0.3190416693687439,hs
1472,1,-0.001808342401429335,0.574999988079071,0.5770833492279053,0.4,0.5191667675971985,hs
1473,1,0.0,0.125,0.125,0.8,0.11249999701976776,hs
1474,1,-0.03399312266498641,0.5345237851142883,0.5721428394317627,0.7,0.5158981084823608,hs
1475,1,0.0,0.518750011920929,0.518750011920929,0.4,0.46960416436195374,hs
1476,0,-0.1046025299940993,0.44583332538604736,0.550000011920929,0.8,0.4912499785423279,hs
1477,1,0.0,0.0,0.0,0.5,0.027499999850988388,hs
1478,0,-0.030156790742912595,0.31904762983322144,0.33888888359069824,0.5,0.30811506509780884,hs
1479,1,0.1467429849153662,0.5562499761581421,0.4138889014720917,0.8,0.7228471636772156,hs
1480,1,0.0,0.4483333230018616,0.4483333230018616,0.7,0.4034999907016754,hs
1481,1,0.0,0.4166666567325592,0.4166666567325592,0.5,0.3750000298023224,hs
1482,0,0.0,0.1875,0.1875,0.7,0.1875,hs
1483,0,0.0,0.5,0.5,0.7,0.5,hs
1484,1,0.045780476065476965,0.4514285624027252,0.4119047522544861,0.7,0.4097856879234314,hs
1485,0,0.0,0.5,0.5,0.6,0.5,hs
1486,1,0.0,0.28833332657814026,0.28833332657814026,0.6,0.2707222104072571,hs
1487,1,0.0,0.30666667222976685,0.30666667222976685,0.5,0.29127779603004456,hs
1488,1,-0.042847277285425193,0.5770833492279053,0.6287500262260437,1.0,0.5490971803665161,hs
1489,0,0.03225808014602976,0.4444444477558136,0.4166666567325592,0.6,0.42750000953674316,hs
1490,1,0.0,0.2666666805744171,0.2666666805744171,0.6,0.2998611330986023,hs
1491,1,0.012165443996072688,0.37142857909202576,0.36250001192092896,0.4,0.3923929035663605,hs
1492,1,-0.029126185781580136,0.6666666865348816,0.7066666483879089,0.4,0.6747778058052063,hs
1493,0,0.008403353263111571,0.375,0.3687500059604645,0.5,0.40187495946884155,hs
1494,0,0.0,0.2864583432674408,0.2864583432674408,0.6,0.2772916555404663,hs
1495,1,0.0,0.6666666865348816,0.6666666865348816,0.5,0.6583333611488342,hs
1496,1,-0.278021979965098,0.36500000953674316,0.6461111307144165,0.6,0.5882777571678162,hs
1497,1,0.0,0.125,0.125,0.7,0.11249999701976776,hs
1498,0,-0.06696993366282643,0.6409721970558167,0.7329860925674438,0.8,0.6405439376831055,hs
1499,1,0.0,0.28833332657814026,0.28833332657814026,0.5,0.27072224020957947,hs
1500,1,0.0,0.4166666567325592,0.4166666567325592,0.6,0.3958333134651184,hs
1501,1,0.3333333333329293,0.550000011920929,0.2750000059604645,0.3,0.5918749570846558,hs
1502,1,0.0,0.4933333396911621,0.4933333396911621,0.3,0.46783334016799927,hs
1503,1,-0.08133972968610145,0.5,0.5885416865348816,0.7,0.5445208549499512,hs
1504,0,0.0,0.125,0.125,0.6,0.11249999701976776,hs
1505,1,0.07110360630294953,0.5722222328186035,0.4962500035762787,0.1,0.4826735854148865,hs
1506,1,0.0,0.3125,0.3125,0.6,0.28125,hs
1507,1,0.0,0.125,0.125,0.3,0.11249999701976776,hs
1508,1,0.0,0.4166666567325592,0.4166666567325592,0.6,0.3750000298023224,hs
1509,0,0.0,0.5625,0.5625,0.6,0.5625,hs
1510,1,0.0,0.125,0.125,0.8,0.11249999701976776,hs
1511,0,0.0,0.4000000059604645,0.4000000059604645,0.4,0.36000004410743713,hs
1513,0,0.0,0.2750000059604645,0.2750000059604645,0.6,0.2537500262260437,hs
1514,1,0.0,0.125,0.125,0.4,0.13750000298023224,hs
1515,0,-0.13043476458071196,0.5,0.6499999761581421,0.7,0.5667708516120911,hs
1516,1,-0.9999999999963637,0.0,0.2750000059604645,0.6,0.46416670083999634,hs
1517,1,-0.12149531710698183,0.4895833432674408,0.625,0.5,0.6311666369438171,hs
1518,1,0.0,0.4933333396911621,0.4933333396911621,0.4,0.4440000057220459,hs
1519,0,0.0,0.125,0.125,0.5,0.1547916680574417,hs
1520,0,0.0,0.18333333730697632,0.18333333730697632,0.6,0.6852916479110718,hs
1521,0,-0.05882352941170934,0.5,0.5625,0.3,0.6626666784286499,hs
1522,0,-0.051020432739894254,0.5166666507720947,0.5722222328186035,0.7,0.5193055868148804,hs
1523,1,0.0,0.4166666567325592,0.4166666567325592,0.4,0.4486111104488373,hs
1524,1,-0.9999999999962501,0.0,0.2666666805744171,0.6,0.18541666865348816,hs
1525,0,0.04494381887011787,0.19374999403953552,0.1770833283662796,0.6,0.6670972108840942,hs
1526,0,0.14275741149105392,0.48720237612724304,0.36547619104385376,0.3,0.4242539405822754,hs
1527,1,0.0,0.0,0.0,0.1,0.0,hs
1528,0,0.05956109979646324,0.7511110901832581,0.6666666865348816,0.4,0.7029027938842773,hs
1529,1,0.23887972947793387,0.4476190507411957,0.2750000059604645,0.1,0.3603244125843048,hs
1530,1,-0.040000018310508124,0.5,0.5416666865348816,0.5,0.5467361211776733,hs
1531,1,0.0,0.7083333134651184,0.7083333134651184,0.5,0.6375000476837158,hs
1532,0,0.0702239044287965,0.5014285445213318,0.43562498688697815,0.2,0.44947123527526855,hs
1533,0,-0.023923478816743362,0.5099999904632568,0.5350000262260437,0.7,0.5449582934379578,hs
1534,1,0.08323937892334461,0.5147321224212646,0.43562498688697815,0.6,0.47128573060035706,hs
1535,1,-0.030303001403720442,0.1666666716337204,0.1770833283662796,0.4,0.19562502205371857,hs
1536,1,0.004545450112045113,0.3683333396911621,0.36500000953674316,0.6,0.3366388976573944,hs
1537,1,0.020408161031044245,0.5555555820465088,0.5333333611488342,0.4,0.520027756690979,hs
1538,1,0.0,0.3333333432674408,0.3333333432674408,0.4,0.31700000166893005,hs
1539,0,0.0,0.2708333432674408,0.2708333432674408,0.7,0.2509920597076416,hs
1540,0,0.062033106156308145,0.5885714292526245,0.5198147892951965,0.3,0.542234480381012,hs
1541,0,0.9999999999960001,0.25,0.0,0.3,0.20250001549720764,hs
1542,0,0.9999999999960001,0.25,0.0,0.5,0.2917500138282776,hs
1543,1,-0.1477272681090323,0.5625,0.7574999928474426,0.3,0.7313898801803589,hs
1544,0,0.0,0.5,0.5,0.7,0.48874998092651367,hs
1545,0,0.0,0.44583332538604736,0.44583332538604736,0.6,0.4012499451637268,hs
1546,1,0.0,0.125,0.125,0.7,0.1679166853427887,hs
1547,1,-0.33333333333244447,0.125,0.25,0.9,0.140625,hs
1548,0,0.0,0.5166666507720947,0.5166666507720947,0.2,0.4752778112888336,hs
1549,0,0.0,0.125,0.125,0.5,0.11249999701976776,hs
1550,1,0.0,0.0,0.0,0.6,0.27933329343795776,hs
1551,0,0.0,0.44999998807907104,0.44999998807907104,0.7,0.4050000309944153,hs
1552,1,0.0,0.2976190447807312,0.2976190447807312,0.5,0.267857164144516,hs
1553,0,-0.0743550759494668,0.6354166865348816,0.737500011920929,0.9,0.6481944918632507,hs
1554,0,0.0,0.44583332538604736,0.44583332538604736,0.6,0.42750000953674316,hs
1555,1,0.0,0.4166666567325592,0.4166666567325592,0.2,0.40805554389953613,hs
1556,0,0.0,0.3895833194255829,0.3895833194255829,0.5,0.46687498688697815,hs
1557,0,0.0,0.5,0.5,0.6,0.5529166460037231,hs
1558,1,0.0,0.5833333134651184,0.5833333134651184,0.5,0.536309540271759,hs
1559,0,0.0,0.5,0.5,0.5,0.542138934135437,hs
1560,0,0.0,0.125,0.125,0.5,0.13750000298023224,hs
1561,1,0.0,0.4895833432674408,0.4895833432674408,0.6,0.4506666660308838,hs
1562,0,0.0,0.125,0.125,0.5,0.140625,hs
1563,1,-0.37500000931275684,0.25,0.550000011920929,0.5,0.5120000243186951,hs
1564,1,-0.0031890694796045563,0.37986111640930176,0.38229167461395264,0.3,0.4308541715145111,hs
1565,1,0.33333333333244447,0.25,0.125,0.7,0.23770833015441895,hs
1566,1,0.0,0.4033333361148834,0.4033333361148834,0.7,0.38636112213134766,hs
1567,0,0.0,0.2750000059604645,0.2750000059604645,0.7,0.269097238779068,hs
1568,0,0.0,0.1770833283662796,0.1770833283662796,0.4,0.15937501192092896,hs
1569,0,-0.010810800779452366,0.3812499940395355,0.3895833194255829,0.4,0.3607291579246521,hs
1570,1,-0.01594534739803324,0.75,0.7743055820465088,0.6,0.7159721851348877,hs
1571,1,-0.05691053809180332,0.3020833432674408,0.3385416567325592,0.6,0.32694441080093384,hs
1572,0,0.0,0.5166666507720947,0.5166666507720947,0.7,0.5108333826065063,hs
1573,1,0.0,0.2666666805744171,0.2666666805744171,0.8,0.24763889610767365,hs
1574,1,0.1432791422338416,0.40312498807907104,0.3020833432674408,0.1,0.3489583134651184,hs
1575,1,-0.026262636771402097,0.40166667103767395,0.4233333468437195,0.6,0.4480000138282776,hs
1576,0,0.0,0.3895833194255829,0.3895833194255829,0.5,0.3649791479110718,hs
1577,0,0.0,0.0,0.0,0.3,0.07500000298023224,hs
1578,1,0.0,0.2666666805744171,0.2666666805744171,0.3,0.27291667461395264,hs
1579,1,0.0,0.5166666507720947,0.5166666507720947,0.6,0.5289514064788818,hs
1580,1,0.0015455825467852091,0.44999998807907104,0.4486111104488373,0.6,0.41346627473831177,hs
1581,0,-0.9999999999981819,0.0,0.550000011920929,0.9,0.3827083110809326,hs
1582,0,0.0,0.6666666865348816,0.6666666865348816,0.4,0.5999999642372131,hs
1583,0,0.0,0.1666666716337204,0.1666666716337204,0.5,0.14999999105930328,hs
1584,1,-0.05376342762845218,0.36666667461395264,0.40833333134651184,0.6,0.35916668176651,hs
1585,0,0.0,0.0,0.0,0.4,0.12666666507720947,hs
1586,0,-0.08456659507548721,0.5154761672019958,0.6107142567634583,0.7,0.5397956371307373,hs
1589,0,0.0,0.1770833283662796,0.1770833283662796,0.4,0.17675000429153442,hs
1590,0,0.0,0.6133333444595337,0.6133333444595337,0.4,0.5920416116714478,hs
1591,1,0.0,0.36666667461395264,0.36666667461395264,0.4,0.33000001311302185,hs
1592,1,-0.10447763010439973,0.4166666567325592,0.5138888955116272,0.9,0.47450000047683716,hs
1593,0,-0.22448980187607448,0.3166666626930237,0.5,1.0,0.3609791398048401,hs
1594,1,-0.0069323868928310595,0.4092857241630554,0.41499999165534973,0.8,0.42070236802101135,hs
1595,1,0.0,0.4583333432674408,0.4583333432674408,0.3,0.43111109733581543,hs
1596,0,0.03936313957849385,0.4895833432674408,0.45249998569488525,0.6,0.43691664934158325,hs
1597,0,-0.018090435355675328,0.6784722208976746,0.7034721970558167,0.4,0.6333432793617249,hs
1598,0,-0.999999999992,0.0,0.125,0.5,0.125,hs
1599,1,0.0,0.0,0.0,0.5,0.0625,hs
1600,0,0.0,0.5770833492279053,0.5770833492279053,0.2,0.5536457896232605,hs
1601,0,0.0,0.7333333492279053,0.7333333492279053,0.8,0.73333340883255,hs
1602,1,0.013669800868188024,0.2869047522544861,0.27916666865348816,0.5,0.26430952548980713,hs
1603,0,-0.0115858221811425,0.3791666626930237,0.38805556297302246,0.4,0.359083354473114,hs
1604,1,-0.06223479753734186,0.3683333396911621,0.4172222316265106,0.9,0.3580416738986969,hs
1605,0,0.0,0.4166666567325592,0.4166666567325592,0.3,0.3750000298023224,hs
1606,0,-0.0973451036154511,0.42500001192092896,0.5166666507720947,0.8,0.46531254053115845,hs
1607,1,0.4827586058052131,0.3583333194255829,0.125,0.5,0.36516666412353516,hs
1608,1,0.0,0.4166666567325592,0.4166666567325592,0.4,0.4194444715976715,hs
1609,1,0.0,0.0,0.0,0.5,0.027499999850988388,hs
1610,0,0.0,0.125,0.125,0.5,0.140625,hs
1611,0,-0.10204081434037006,0.2750000059604645,0.3375000059604645,0.5,0.31049999594688416,hs
1612,0,0.0,0.30666667222976685,0.30666667222976685,0.4,0.29127779603004456,hs
1613,1,-0.06241297778281627,0.3673610985279083,0.41626983880996704,0.8,0.42996034026145935,hs
1614,1,-0.024691363475480295,0.4937500059604645,0.518750011920929,0.6,0.5103472471237183,hs
1615,1,0.0,0.4166666567325592,0.4166666567325592,0.6,0.3750000298023224,hs
1616,0,0.0,0.36666667461395264,0.36666667461395264,0.7,0.33000001311302185,hs
1617,0,0.0,0.0,0.0,0.9,0.0,hs
1618,1,0.0,0.1666666716337204,0.1666666716337204,0.6,0.14999999105930328,hs
1619,0,-0.003745310392395602,0.4749999940395355,0.47857141494750977,0.4,0.4942946434020996,hs
1620,0,-0.037147088250176416,0.3375000059604645,0.3635416626930237,0.3,0.38815629482269287,hs
1621,1,0.0,0.4166666567325592,0.4166666567325592,0.5,0.3750000298023224,hs
1622,0,0.024761881147083865,0.4483333230018616,0.4266666769981384,0.4,0.4224126935005188,hs
1623,1,0.0,0.4166666567325592,0.4166666567325592,0.5,0.3750000298023224,hs
1624,0,0.0,0.4416666626930237,0.4416666626930237,0.6,0.40499502420425415,hs
1625,1,-0.04605263312677916,0.3020833432674408,0.33125001192092896,0.6,0.30781251192092896,hs
1626,1,0.07692305999387572,0.5833333134651184,0.5,0.3,0.5206249952316284,hs
1627,0,0.0,0.5770833492279053,0.5770833492279053,0.4,0.5638243556022644,hs
1628,1,-0.0056074713877583195,0.44333332777023315,0.4483333230018616,0.7,0.40558329224586487,hs
1629,0,0.07514447855846197,0.7749999761581421,0.6666666865348816,0.8,0.68666672706604,hs
1630,0,-0.0089638060768278,0.5484126806259155,0.5583333373069763,0.6,0.5120139122009277,hs
1631,1,-0.03791604779963723,0.5770833492279053,0.6225694417953491,0.7,0.632479190826416,hs
1632,0,0.0,0.2708333432674408,0.2708333432674408,0.7,0.2593750059604645,hs
1633,0,0.0,0.0,0.0,0.5,0.027499999850988388,hs
1634,0,-0.047748989693892706,0.3635416626930237,0.4000000059604645,0.5,0.39635422825813293,hs
1635,1,-0.04686777732768299,0.7131944298744202,0.7833333611488342,0.7,0.7112500667572021,hs
1636,1,-0.052991426907987665,0.3847222328186035,0.4277777671813965,0.3,0.3920833468437195,hs
1637,0,0.0,0.25,0.25,0.5,0.30328574776649475,hs
1638,1,-0.08333330435871406,0.2750000059604645,0.32499998807907104,0.5,0.30041664838790894,hs
1639,1,0.19999998569440544,0.25,0.1666666716337204,0.5,0.27250000834465027,hs
1640,1,0.0,0.5166666507720947,0.5166666507720947,0.5,0.4649999737739563,hs
1641,0,0.008230444801489815,0.40833333134651184,0.40166667103767395,0.3,0.4571250081062317,hs
1642,0,0.0,0.5166666507720947,0.5166666507720947,0.7,0.4649999737739563,hs
1643,0,0.0,0.6666666865348816,0.6666666865348816,0.6,0.5999999642372131,hs
1644,1,-0.14285714285692022,0.2750000059604645,0.36666667461395264,0.5,0.4710000157356262,hs
1645,0,-0.08474576134192144,0.3375000059604645,0.4000000059604645,0.8,0.3881250023841858,hs
1646,1,0.04267822984959664,0.7083333134651184,0.6503472328186035,0.2,0.6304166913032532,hs
1647,1,0.0,0.3499999940395355,0.3499999940395355,0.8,0.35583335161209106,hs
1648,0,-0.22828786744990076,0.34555554389953613,0.550000011920929,0.7,0.7535356879234314,hs
1649,0,-0.04504504349696569,0.6625000238418579,0.7250000238418579,0.5,0.6521666646003723,hs
1650,1,0.0,0.3333333432674408,0.3333333432674408,0.5,0.3100000023841858,hs
1651,0,-0.0496486069052204,0.43666666746139526,0.48229166865348816,0.8,0.4700624942779541,hs
1652,1,-0.05691053809180332,0.3020833432674408,0.3385416567325592,0.4,0.30954861640930176,hs
1653,1,0.0,0.4166666567325592,0.4166666567325592,0.4,0.3750000298023224,hs
1654,1,0.0,0.6666666865348816,0.6666666865348816,0.9,0.6897222995758057,hs
1655,1,0.0,0.125,0.125,0.5,0.11249999701976776,hs
1656,1,0.0,0.4166666567325592,0.4166666567325592,0.4,0.3878472149372101,hs
1657,0,0.05263156705932832,0.2083333283662796,0.1875,0.4,0.26500001549720764,hs
1658,0,-0.22828786744990076,0.34555554389953613,0.550000011920929,0.6,0.7687579393386841,hs
1659,1,0.0,0.5,0.5,0.3,0.49958333373069763,hs
1660,1,0.0,0.21458333730697632,0.21458333730697632,0.6,0.19312503933906555,hs
1661,1,0.10181996810561865,0.5833333134651184,0.4755208194255829,0.4,0.5041353702545166,hs
1662,1,-0.010554079750815652,0.46875,0.47874999046325684,0.8,0.4355902671813965,hs
1663,0,0.0,0.125,0.125,0.2,0.15541668236255646,hs
1664,0,0.07920791868852144,0.605555534362793,0.5166666507720947,0.3,0.5219444036483765,hs
1665,0,0.0,0.0,0.0,0.9,0.0,hs
1666,1,0.33333333333244447,0.25,0.125,0.2,0.20354166626930237,hs
1667,1,0.0,0.125,0.125,0.4,0.13750000298023224,hs
1668,1,-0.11111110040751619,0.2750000059604645,0.34375,0.5,0.37833333015441895,hs
1670,1,0.0,0.0,0.0,0.6,0.27933329343795776,hs
1671,0,0.0,0.125,0.125,0.5,0.11249999701976776,hs
1672,1,0.0,0.125,0.125,0.7,0.16583332419395447,hs
1673,1,0.999999999992,0.125,0.0,0.4,0.12433333694934845,hs
1674,1,0.09660575573010337,0.5,0.4119047522544861,0.1,0.5432440042495728,hs
1675,0,0.0,0.4895833432674408,0.4895833432674408,0.4,0.44062501192092896,hs
1676,1,-0.08326964879678042,0.5,0.590833306312561,0.2,0.5584583282470703,hs
1678,0,0.0,0.125,0.125,0.4,0.11249999701976776,hs
1679,1,0.0,0.2708333432674408,0.2708333432674408,0.4,0.24861112236976624,hs
1680,1,-0.06093189155543742,0.27291667461395264,0.3083333373069763,0.4,0.37452778220176697,hs
1681,0,-0.005235627033391335,0.6597222089767456,0.6666666865348816,0.7,0.6144722700119019,hs
1682,0,0.999999999992,0.125,0.0,0.6,0.11183333396911621,hs
1683,0,0.05617977768876242,0.29374998807907104,0.26249998807907104,0.5,0.29767856001853943,hs
1684,0,-0.01878109676418662,0.5333333611488342,0.5537499785423279,0.3,0.5025516152381897,hs
1685,1,0.04775900861196505,0.49513888359069824,0.44999998807907104,0.7,0.4589027762413025,hs
1686,1,-0.9999999999963637,0.0,0.2750000059604645,0.6,0.46416670083999634,hs
1687,0,0.0,0.0,0.0,0.4,0.17416666448116302,hs
1688,0,-0.11164180240206964,0.41333332657814026,0.5172222256660461,0.6,0.49024996161460876,hs
1689,1,0.0,0.28833332657814026,0.28833332657814026,0.4,0.3265139162540436,hs
1691,1,0.0,0.5,0.5,0.6,0.48750001192092896,hs
1692,0,0.0,0.0,0.0,0.9,0.0,hs
1693,0,0.0,0.0,0.0,0.9,0.0,hs
1694,1,0.0,0.44999998807907104,0.44999998807907104,0.4,0.4706481397151947,hs
1695,1,0.0,0.5,0.5,0.5,0.5087499618530273,hs
1696,0,0.0,0.4166666567325592,0.4166666567325592,0.6,0.3750000298023224,hs
1697,1,0.0,0.5166666507720947,0.5166666507720947,0.2,0.4649999737739563,hs
1698,1,-0.017045487241790513,0.6006944179534912,0.6215277910232544,0.6,0.6269662976264954,hs
1699,0,0.0,0.2666666805744171,0.2666666805744171,0.4,0.24000000953674316,hs
1700,1,0.13157891764844545,0.3583333194255829,0.2750000059604645,0.4,0.3269583582878113,hs
1701,0,0.0,0.4074999988079071,0.4074999988079071,0.6,0.4302639067173004,hs
1702,1,0.0,0.6666666865348816,0.6666666865348816,0.4,0.5999999642372131,hs
1703,0,0.0,0.6666666865348816,0.6666666865348816,0.7,0.6152777671813965,hs
1704,1,0.0,0.6666666865348816,0.6666666865348816,0.3,0.5999999642372131,hs
1705,1,0.05785125798918377,0.35555556416511536,0.3166666626930237,0.5,0.382111132144928,hs
1706,1,-0.0009910368035285291,0.30000001192092896,0.300595223903656,0.5,0.28196829557418823,hs
1707,1,-0.08417510986319962,0.4722222089767456,0.5590277910232544,0.6,0.507111132144928,hs
1708,0,0.03448277563031032,0.625,0.5833333134651184,0.4,0.5583332777023315,hs
1709,1,0.0,0.5333333611488342,0.5333333611488342,0.6,0.5,hs
1710,0,0.0,0.5625,0.5625,0.5,0.5062500238418579,hs
1711,1,0.012048191680904628,0.6666666865348816,0.6507936716079712,0.3,0.5984126925468445,hs
1712,1,-0.02645500142575996,0.6133333444595337,0.6466666460037231,0.6,0.584476113319397,hs
1713,1,0.0,0.3375000059604645,0.3375000059604645,0.5,0.3231249749660492,hs
1714,1,0.0,0.125,0.125,0.5,0.11249999701976776,hs
1715,1,0.0,0.5,0.5,0.4,0.5321458578109741,hs
1717,0,0.0,0.550000011920929,0.550000011920929,0.7,0.5500000715255737,hs
1718,1,-0.04238179715932649,0.3797222077846527,0.41333332657814026,0.4,0.41163888573646545,hs
1719,0,0.10204081434037006,0.3375000059604645,0.2750000059604645,0.8,0.3642708659172058,hs
1720,0,-0.011884562826336076,0.40416666865348816,0.4138889014720917,0.6,0.38333335518836975,hs
1721,0,-0.09565214389656558,0.5777778029441833,0.699999988079071,0.9,0.65520840883255,hs
1722,0,0.06223479753734186,0.4172222316265106,0.3683333396911621,0.3,0.3664920926094055,hs
1723,1,0.0,0.3583333194255829,0.3583333194255829,0.6,0.42027777433395386,hs
1724,0,0.06666668001803255,0.4761904776096344,0.4166666567325592,0.7,0.6523898839950562,hs
1725,0,0.0,0.5166666507720947,0.5166666507720947,0.6,0.4649999737739563,hs
1726,1,0.0,0.7083333134651184,0.7083333134651184,0.3,0.6507291793823242,hs
1727,1,0.0,0.3683333396911621,0.3683333396911621,0.3,0.3563610911369324,hs
1728,1,0.0,0.6666666865348816,0.6666666865348816,0.6,0.6267361640930176,hs
1729,0,-0.0009267898219503208,0.32083332538604736,0.3214285671710968,0.5,0.3495595157146454,hs
1730,1,0.0,0.0,0.0,0.6,0.2175000160932541,hs
1731,0,0.0,0.5,0.5,0.6,0.44999998807907104,hs
1732,0,0.0,0.5166666507720947,0.5166666507720947,0.6,0.4649999737739563,hs
1733,0,-0.523809529214843,0.125,0.4000000059604645,0.6,0.419952392578125,hs
1734,1,-0.047619058431636115,0.5,0.550000011920929,0.6,0.5319643020629883,hs
1735,1,0.024390241900096556,0.7437499761581421,0.7083333134651184,0.3,0.6817896962165833,hs
1736,1,-0.005025120661204997,0.33000001311302185,0.3333333432674408,0.5,0.30355554819107056,hs
1737,1,-0.10204081434037006,0.2750000059604645,0.3375000059604645,0.6,0.2941666543483734,hs
1738,0,0.0,0.5166666507720947,0.5166666507720947,0.6,0.4858333170413971,hs
1739,0,0.0,0.3233333230018616,0.3233333230018616,0.5,0.31344443559646606,hs
1740,0,0.03267970800732621,0.5266666412353516,0.4933333396911621,0.6,0.47841668128967285,hs
1741,1,0.04854367853317751,0.44999998807907104,0.40833333134651184,0.3,0.4466667175292969,hs
1742,0,0.0,0.1666666716337204,0.1666666716337204,0.5,0.14999999105930328,hs
1743,1,0.0,0.3083333373069763,0.3083333373069763,0.5,0.2941666543483734,hs
1744,0,0.0,0.0,0.0,0.7,0.15666666626930237,hs
1745,1,-0.10065362967684213,0.3583333194255829,0.4385416805744171,0.5,0.48451390862464905,hs
1746,1,-0.3684210684811905,0.125,0.2708333432674408,0.9,0.21133334934711456,hs
1748,1,0.0,0.2750000059604645,0.2750000059604645,0.6,0.3437499701976776,hs
1749,0,0.0,0.125,0.125,0.5,0.12083332240581512,hs
1750,1,0.0,0.2708333432674408,0.2708333432674408,0.3,0.29600000381469727,hs
1751,0,-0.15789473684183933,0.25,0.34375,0.6,0.359333336353302,hs
1753,0,0.0,0.5,0.5,0.7,0.5,hs
1754,0,-0.1428571574537087,0.125,0.1666666716337204,0.6,0.18958333134651184,hs
1755,1,0.23478259210984856,0.887499988079071,0.550000011920929,0.2,0.7233928442001343,hs
1756,0,-0.33333333333244447,0.125,0.25,0.3,0.30635419487953186,hs
1757,0,0.0,0.3895833194255829,0.3895833194255829,0.7,0.38343751430511475,hs
1758,0,-0.139862662626854,0.4958333373069763,0.6570833325386047,0.6,0.5836041569709778,hs
1759,1,-0.009548414848390046,0.5330555438995361,0.5433333516120911,0.1,0.5662916302680969,hs
1760,0,-0.1642778544711034,0.3947916626930237,0.550000011920929,0.9,0.4703125059604645,hs
1761,0,-0.21323532094530268,0.3566666543483734,0.550000011920929,0.7,0.7535356879234314,hs
1762,1,0.0,0.2750000059604645,0.2750000059604645,0.8,0.3958333432674408,hs
1763,0,0.1428571574537087,0.1666666716337204,0.125,0.7,0.1743750125169754,hs
1764,1,0.0,0.0,0.0,0.4,0.0,hs
1765,0,0.0,0.5,0.5,0.8,0.5483333468437195,hs
1766,0,-0.08571427209026895,0.4000000059604645,0.4749999940395355,0.7,0.4429166913032532,hs
1767,0,-0.15044247048174084,0.1666666716337204,0.2256944477558136,0.3,0.27063193917274475,hs
1768,1,0.037593972304445444,0.6612499952316284,0.6133333444595337,0.3,0.5892592668533325,hs
1769,1,0.0,0.4483333230018616,0.4483333230018616,0.4,0.4583333134651184,hs
1771,1,0.08761765827521086,0.7822916507720947,0.65625,0.4,0.722322940826416,hs
1772,1,-0.017341065316757956,0.3541666567325592,0.36666667461395264,0.6,0.3412500023841858,hs
1773,0,0.0,0.6666666865348816,0.6666666865348816,0.6,0.5999999642372131,hs
1774,0,0.0,0.6666666865348816,0.6666666865348816,0.6,0.6219445466995239,hs
1775,1,0.4201183451984153,1.0,0.40833333134651184,0.5,0.8356666564941406,hs
1776,1,0.3333333333329293,0.550000011920929,0.2750000059604645,0.3,0.674375057220459,hs
1777,0,0.0,0.0,0.0,0.4,0.27933329343795776,hs
1778,0,0.0,0.1666666716337204,0.1666666716337204,0.4,0.14999999105930328,hs
1779,1,0.01923075071451141,0.4416666626930237,0.42500001192092896,0.3,0.4070833623409271,hs
1780,1,-0.9999999999981819,0.0,0.550000011920929,0.8,0.4399999976158142,hs
1781,0,0.03813834287176729,0.5576388835906982,0.5166666507720947,0.2,0.4940555989742279,hs
1782,0,0.0,0.125,0.125,0.4,0.11249999701976776,hs
1783,1,0.0,0.125,0.125,0.5,0.125,hs
1784,1,-0.1202046355814437,0.3583333194255829,0.45625001192092896,0.9,0.3607291877269745,hs
1785,0,-0.021406707226390112,0.6666666865348816,0.6958333253860474,0.6,0.632847249507904,hs
1786,1,-0.10067506014136626,0.425555557012558,0.5208333134651184,0.6,0.5265933275222778,hs
1787,1,0.0,0.6666666865348816,0.6666666865348816,0.4,0.5999999642372131,hs
1788,1,0.0,0.3683333396911621,0.3683333396911621,0.4,0.33149999380111694,hs
1789,0,0.14473684024754924,0.36250001192092896,0.2708333432674408,0.2,0.3230694830417633,hs
1790,1,0.0,0.125,0.125,0.3,0.35948213934898376,hs
1792,1,0.0,0.2750000059604645,0.2750000059604645,0.4,0.27250000834465027,hs
1793,1,-0.033419027957495455,0.5222222208976746,0.5583333373069763,0.7,0.5268749594688416,hs
1794,1,0.020678226911166185,0.5141666531562805,0.4933333396911621,0.5,0.4762023389339447,hs
1795,1,-0.003575965235118155,0.5141666531562805,0.5178571343421936,0.3,0.4915357232093811,hs
1796,1,-0.034106398906100004,0.3687500059604645,0.3947916626930237,0.5,0.409951388835907,hs
1797,0,0.0,0.2433333396911621,0.2433333396911621,0.5,0.22122223675251007,hs
1798,0,0.0358422926433285,0.4816666543483734,0.4483333230018616,0.7,0.4510832726955414,hs
1799,0,-0.9999999999963637,0.0,0.2750000059604645,0.5,0.2238333523273468,hs
1800,0,0.0,0.5,0.5,0.6,0.44999998807907104,hs
1801,0,0.0,0.5,0.5,0.2,0.503333330154419,hs
1802,1,0.0,0.2708333432674408,0.2708333432674408,0.6,0.24375000596046448,hs
1803,0,0.0,0.4166666567325592,0.4166666567325592,0.6,0.3750000298023224,hs
1804,0,-0.0731707487269776,0.3166666626930237,0.36666667461395264,0.7,0.33395832777023315,hs
1805,1,0.0,0.4466666579246521,0.4466666579246521,0.5,0.4599999785423279,hs
1806,0,-0.05397983616876578,0.5744444727897644,0.6399999856948853,0.8,0.6334443688392639,hs
1807,0,0.0,0.0,0.0,0.6,0.0,hs
1808,0,-0.24210525206220934,0.30000001192092896,0.49166667461395264,0.9,0.40768057107925415,hs
1809,0,-0.005444666829980812,0.5708333253860474,0.5770833492279053,0.8,0.5199107527732849,hs
1810,1,0.0,0.36666667461395264,0.36666667461395264,0.8,0.4227777421474457,hs
1811,1,-0.04627007513096565,0.3506944477558136,0.3847222328186035,0.6,0.4305000305175781,hs
1812,1,0.0,0.125,0.125,0.7,0.11249999701976776,hs
1813,1,0.0,0.5166666507720947,0.5166666507720947,0.6,0.4949999749660492,hs
1814,0,0.15746656335265327,0.41499999165534973,0.3020833432674408,0.2,0.3606041371822357,hs
1815,0,-0.0059171542538165416,0.17499999701976776,0.1770833283662796,0.5,0.1805555522441864,hs
1816,0,-0.05982904889663066,0.7447916865348816,0.8395833373069763,1.0,0.7176557779312134,hs
1817,1,-0.023255833295163203,0.699999988079071,0.7333333492279053,0.5,0.6566667556762695,hs
1818,0,0.0,0.3895833194255829,0.3895833194255829,0.3,0.3603472113609314,hs
1819,1,0.0,0.3683333396911621,0.3683333396911621,0.7,0.3686111271381378,hs
1820,0,-0.09624793876824632,0.5770833492279053,0.699999988079071,1.0,0.5720416307449341,hs
1821,0,-0.08092481988257505,0.33125001192092896,0.3895833194255829,0.7,0.35135418176651,hs
1822,0,-0.25358849277375384,0.2708333432674408,0.4548611044883728,0.7,0.42274999618530273,hs
1823,0,0.0,0.4166666567325592,0.4166666567325592,0.3,0.3913888931274414,hs
1824,1,-0.07692307057444035,0.1666666716337204,0.1944444477558136,0.5,0.3082341253757477,hs
1825,0,0.05882352941170934,0.5625,0.5,0.4,0.5975832939147949,hs
1826,1,0.0,0.3125,0.3125,0.3,0.2898809313774109,hs
1828,1,0.0,0.4166666567325592,0.4166666567325592,0.5,0.38482141494750977,hs
1829,0,0.025641046802418067,0.6666666865348816,0.6333333253860474,0.5,0.5964583158493042,hs
1830,1,0.03225808014602976,0.4444444477558136,0.4166666567325592,0.5,0.40041667222976685,hs
1831,0,0.04693141353526295,0.3020833432674408,0.2750000059604645,0.3,0.3244345188140869,hs
1832,0,0.035608317800347254,0.3635416626930237,0.3385416567325592,0.6,0.3490178883075714,hs
1833,0,-0.999999999994,0.0,0.1666666716337204,0.8,0.2279583215713501,hs
1834,1,0.0,0.5,0.5,0.4,0.44999998807907104,hs
1835,1,0.037105750098866276,0.3105555474758148,0.28833332657814026,0.5,0.30372223258018494,hs
1836,1,0.11111108461986159,0.2083333283662796,0.1666666716337204,0.4,0.1879861056804657,hs
1837,0,0.0,0.125,0.125,0.5,0.11249999701976776,hs
1838,1,0.007518776370591572,0.3722222149372101,0.36666667461395264,0.7,0.42925000190734863,hs
1839,0,-0.04070795127016582,0.6452381014823914,0.699999988079071,0.8,0.6967784762382507,hs
1840,1,-0.001112335405713662,0.40089285373687744,0.4017857015132904,0.6,0.36984124779701233,hs
1841,0,-0.1428571574537087,0.125,0.1666666716337204,0.7,0.20864582061767578,hs
1842,0,0.0,0.0,0.0,0.5,0.14166666567325592,hs
1843,1,0.0,0.5770833492279053,0.5770833492279053,0.3,0.5193750262260437,hs
1844,0,0.23798361140291768,0.550000011920929,0.3385416567325592,0.2,0.4387499690055847,hs
1846,1,0.0,0.5,0.5,0.4,0.44999998807907104,hs
1847,1,0.0,0.0,0.0,0.4,0.0,hs
1848,1,0.0754716718013812,0.7124999761581421,0.612500011920929,0.6,0.6465000510215759,hs
1849,0,0.0,0.78125,0.78125,0.7,0.7384226322174072,hs
1850,1,-0.07843138457986858,0.4699999988079071,0.550000011920929,0.8,0.4802291989326477,hs
1851,1,0.0724637671143097,0.4625000059604645,0.4000000059604645,0.4,0.4165624976158142,hs
1852,0,0.0,0.30000001192092896,0.30000001192092896,0.6,0.2886805534362793,hs
1853,1,0.0,0.4166666567325592,0.4166666567325592,0.5,0.3750000298023224,hs
1854,0,-0.1039426589455067,0.5208333134651184,0.6416666507720947,0.9,0.6109374761581421,hs
1855,1,0.0,0.3895833194255829,0.3895833194255829,0.7,0.367499977350235,hs
1856,1,0.05063291927151602,0.5533333420753479,0.5,0.4,0.5155521035194397,hs
1857,0,0.05122950622563517,0.40714284777641296,0.36746031045913696,0.5,0.3569900691509247,hs
1858,1,0.14782609993643367,0.550000011920929,0.40833333134651184,0.0,0.41750001907348633,hs
1859,0,-0.20079522218253323,0.5583333373069763,0.8388888835906982,0.5,0.7595803141593933,hs
1860,1,0.17241377949515818,0.1770833283662796,0.125,0.4,0.34166663885116577,hs
1861,1,-0.0036900573526623486,0.824999988079071,0.8311111330986023,0.2,0.7602380514144897,hs
1862,0,0.0,0.2750000059604645,0.2750000059604645,0.3,0.2516666650772095,hs
1863,0,-0.999999999992,0.0,0.125,0.1,0.20520833134651184,hs
1864,0,-0.12899667546701116,0.4937500059604645,0.6399999856948853,0.9,0.6172916293144226,hs
1865,0,-0.12650599035282684,0.3020833432674408,0.3895833194255829,0.6,0.34111112356185913,hs
1866,1,0.0,0.2750000059604645,0.2750000059604645,0.4,0.28927081823349,hs
1867,1,-0.03846153713890578,0.4166666567325592,0.44999998807907104,0.5,0.4677380919456482,hs
1868,0,0.0,0.3083333373069763,0.3083333373069763,0.5,0.33556246757507324,hs
1869,0,-0.01923075104516648,0.6800000071525574,0.7066666483879089,0.8,0.6457778215408325,hs
1870,1,-0.13946586655354393,0.3020833432674408,0.4000000059604645,0.9,0.31427082419395447,hs
1871,0,0.009009000494737789,0.3499999940395355,0.34375,0.5,0.41632145643234253,hs
1872,1,0.09433962819695693,0.44305557012557983,0.36666667461395264,0.2,0.4119841456413269,hs
1873,0,0.054874824148779706,0.550000011920929,0.4927777647972107,0.4,0.48927778005599976,hs
1874,1,0.0,0.18333333730697632,0.18333333730697632,0.5,0.16500000655651093,hs
1875,1,-0.039281716904014864,0.44583332538604736,0.48229166865348816,0.6,0.48298612236976624,hs
1876,1,0.0,0.5166666507720947,0.5166666507720947,0.2,0.51666659116745,hs
1877,0,0.0,0.3895833194255829,0.3895833194255829,0.5,0.3639930486679077,hs
1878,0,-0.0025813014236354,0.6708333492279053,0.6743055582046509,0.6,0.6935415863990784,hs
1879,0,-0.09479306238212316,0.3766666650772095,0.4555555582046509,0.9,0.40563884377479553,hs
1880,1,-0.3684210684811905,0.125,0.2708333432674408,0.7,0.22300001978874207,hs
1881,1,0.0,0.3583333194255829,0.3583333194255829,0.7,0.3660833239555359,hs
1882,1,0.031206598791258786,0.4858333468437195,0.45642855763435364,0.4,0.5049352049827576,hs
1883,0,0.05479449915666942,0.6844444274902344,0.6133333444595337,0.3,0.6588888764381409,hs
1884,1,0.0,0.125,0.125,0.4,0.140625,hs
1885,0,0.0,0.125,0.125,0.4,0.11249999701976776,hs
1886,0,-0.28097731343612103,0.21458333730697632,0.38229167461395264,0.5,0.30010420083999634,hs
1887,1,0.12202852054411452,0.737500011920929,0.5770833492279053,0.2,0.6477083563804626,hs
1888,0,-0.03295131452447578,0.4017857015132904,0.42916667461395264,0.6,0.47566670179367065,hs
1889,1,0.0,0.125,0.125,0.5,0.1550000011920929,hs
1890,1,0.09433961309272373,0.3222222328186035,0.2666666805744171,0.5,0.2993749976158142,hs
1891,1,-0.05376342762845218,0.36666667461395264,0.40833333134651184,0.7,0.36722221970558167,hs
1892,0,0.0,0.2708333432674408,0.2708333432674408,0.4,0.28541669249534607,hs
1893,1,0.08587255621306854,0.4355555474758148,0.36666667461395264,0.4,0.41669243574142456,hs
1894,1,-0.12631576470701156,0.27666667103767395,0.3566666543483734,0.5,0.4269166588783264,hs
1895,0,0.0,0.5166666507720947,0.5166666507720947,0.6,0.49634724855422974,hs
1896,1,0.0,0.125,0.125,0.5,0.11249999701976776,hs
1897,0,0.06432746532228652,0.7583333253860474,0.6666666865348816,0.5,0.7789861559867859,hs
1898,1,0.0,0.125,0.125,0.4,0.11249999701976776,hs
1899,0,0.03062115535962639,0.6135416626930237,0.5770833492279053,0.3,0.5522916316986084,hs
1900,1,0.0,0.1666666716337204,0.1666666716337204,0.3,0.2197916954755783,hs
1901,1,0.19999999999936002,0.1875,0.125,0.5,0.27410414814949036,hs
1902,0,0.0,0.0,0.0,0.9,0.0,hs
1903,0,0.0,0.5,0.5,0.6,0.44999998807907104,hs
1904,1,0.0676691648452579,0.5916666388511658,0.5166666507720947,0.2,0.5367361307144165,hs
1905,1,0.0,0.7083333134651184,0.7083333134651184,0.4,0.6375000476837158,hs
1906,0,0.0,0.125,0.125,0.5,0.12083332240581512,hs
1907,0,-0.03407984698676775,0.41333332657814026,0.4424999952316284,0.4,0.4422569274902344,hs
1908,0,-0.999999999992,0.0,0.125,0.5,0.11249999701976776,hs
1909,0,-0.1103840391275428,0.35874998569488525,0.44777777791023254,0.9,0.41402778029441833,hs
1910,0,-0.9999999999960001,0.0,0.25,0.6,0.22499999403953552,hs
1911,1,0.0,0.4895833432674408,0.4895833432674408,0.4,0.4697917103767395,hs
1912,1,0.0,0.375,0.375,0.4,0.3437499701976776,hs
1913,1,0.011857731534611296,0.4266666769981384,0.4166666567325592,0.4,0.3938194513320923,hs
1914,1,-0.999999999992,0.0,0.125,0.7,0.16583332419395447,hs
1915,1,0.0,0.0,0.0,0.5,0.027499999850988388,hs
1916,1,0.0,0.34761905670166016,0.34761905670166016,0.4,0.31682538986206055,hs
1917,1,-0.010528847296509278,0.648888885974884,0.6626983880996704,0.5,0.5978254079818726,hs
1918,1,0.0,0.4483333230018616,0.4483333230018616,0.5,0.4099305272102356,hs
1919,0,-0.999999999994,0.0,0.1666666716337204,0.8,0.2279583215713501,hs
1920,0,-0.030303001403786552,0.6666666865348816,0.7083333134651184,0.7,0.6393055319786072,hs
1921,0,-0.05817176908180556,0.7083333134651184,0.7958333492279053,0.8,0.731583297252655,hs
1922,1,0.009507368385903063,0.4866666793823242,0.47749999165534973,0.8,0.49044838547706604,hs
1923,1,0.0,0.5770833492279053,0.5770833492279053,0.6,0.5916666388511658,hs
1924,1,-0.0489510629420327,0.7083333134651184,0.78125,0.7,0.722083330154419,hs
1925,1,-0.12107622359503399,0.49000000953674316,0.625,0.8,0.5415545701980591,hs
1926,0,-0.10908553041968151,0.5260416865348816,0.6548610925674438,1.0,0.5328819155693054,hs
1927,1,0.06403941886445767,0.75,0.6597222089767456,0.2,0.6551944613456726,hs
1928,1,0.04105090959967806,0.37738096714019775,0.34761905670166016,0.4,0.35240572690963745,hs
1929,1,-0.01516471776833562,0.5885416865348816,0.6066666841506958,0.4,0.5592917203903198,hs
1930,0,-0.023911410692355944,0.5770833492279053,0.6053571701049805,0.6,0.6110565662384033,hs
1931,0,-0.049132928111281324,0.6266666650772095,0.691428542137146,0.8,0.6555148959159851,hs
1932,0,-0.07843138457986858,0.4699999988079071,0.550000011920929,0.9,0.4832499921321869,hs
1933,0,-0.41176469488200307,0.1875,0.44999998807907104,1.0,0.2971458435058594,hs
1934,1,0.0,0.4166666567325592,0.4166666567325592,0.7,0.3963888883590698,hs
1935,1,-0.11111111111097643,0.36666667461395264,0.4583333432674408,0.9,0.37183332443237305,hs
1936,0,0.047619058431636115,0.550000011920929,0.5,0.2,0.6392499804496765,hs
1938,0,-0.523809529214843,0.125,0.4000000059604645,0.6,0.41411906480789185,hs
1939,1,0.0,0.0,0.0,0.4,0.0,hs
1940,1,0.0,0.125,0.125,0.5,0.11249999701976776,hs
1941,1,-0.1422845799099862,0.3566666543483734,0.4749999940395355,0.9,0.4274999499320984,hs
1942,0,0.0,0.3020833432674408,0.3020833432674408,0.6,0.31302085518836975,hs
1943,0,0.02534115234712512,0.6575000286102295,0.625,0.5,0.6107112765312195,hs
1944,0,0.116377475732076,0.45798611640930176,0.36250001192092896,0.4,0.4230863153934479,hs
1945,0,-0.035971239310176324,0.5583333373069763,0.6000000238418579,0.4,0.7159305810928345,hs
1946,1,0.0,0.0,0.0,0.6,0.12666666507720947,hs
1947,1,-0.02092812926094322,0.4483333230018616,0.4675000011920929,0.6,0.4234999716281891,hs
1948,1,0.01077569830762166,0.7314285635948181,0.715833306312561,0.6,0.6584762334823608,hs
1949,0,-0.004975162335291422,0.5208333134651184,0.5260416865348816,0.6,0.4822222590446472,hs
1950,0,0.00810081502970158,0.6666666865348816,0.6559523940086365,0.4,0.5989285707473755,hs
1951,0,0.10204081434037006,0.3375000059604645,0.2750000059604645,0.3,0.3489583134651184,hs
1952,0,0.0,0.5,0.5,0.5,0.47154170274734497,hs
1954,1,0.0,0.0,0.0,0.7,0.07500000298023224,hs
1955,0,-0.22272045646327218,0.2708333432674408,0.4260416626930237,0.7,0.4154375195503235,hs
1956,1,-0.025006603783510755,0.36746031045913696,0.38630953431129456,0.4,0.392130970954895,hs
1957,1,0.0,0.7083333134651184,0.7083333134651184,0.5,0.7083333730697632,hs
1958,1,-0.9999999999953397,0.0,0.21458333730697632,0.5,0.24437499046325684,hs
1959,0,-0.9999999999960001,0.0,0.25,0.2,0.29547619819641113,hs
1960,0,0.0,0.44404762983322144,0.44404762983322144,0.6,0.4319503903388977,hs
1961,0,-0.09243696603492549,0.3375000059604645,0.40625,0.9,0.429541677236557,hs
1962,1,0.0,0.2750000059604645,0.2750000059604645,0.5,0.3087916970252991,hs
1963,0,0.9999999999963637,0.2750000059604645,0.0,0.3,0.40725699067115784,hs
1964,1,0.07220010310411831,0.6548610925674438,0.5666666626930237,0.5,0.5947500467300415,hs
1965,0,-0.4915254319467823,0.125,0.36666667461395264,0.7,0.35130956768989563,hs
1966,0,0.33333333333244447,0.25,0.125,0.3,0.15416666865348816,hs
1967,1,-0.04554862975487418,0.5122222304344177,0.5611110925674438,0.7,0.5231666564941406,hs
1968,0,0.0,0.2750000059604645,0.2750000059604645,0.5,0.2537500262260437,hs
1969,0,0.0,0.0,0.0,0.9,0.0,hs
1970,0,0.054871216801662064,0.4906249940395355,0.43958333134651184,0.7,0.441694438457489,hs
1971,0,-0.5312499982527741,0.125,0.40833333134651184,0.6,0.3738511800765991,hs
1972,0,-0.06334841951133063,0.4312500059604645,0.4895833432674408,0.6,0.5114067792892456,hs
1973,1,-0.0041840964114410635,0.4958333373069763,0.5,0.6,0.44958335161209106,hs
1974,0,0.0,0.1770833283662796,0.1770833283662796,0.8,0.2883402705192566,hs
1975,0,0.06631297744410382,0.47857141494750977,0.41904762387275696,0.2,0.4089418053627014,hs
1976,1,0.06852020820409395,0.5909722447395325,0.5151785612106323,0.4,0.5351477861404419,hs
1977,1,-0.06656512976997724,0.425555557012558,0.48625001311302185,0.6,0.4397638738155365,hs
1978,0,0.0,0.125,0.125,0.5,0.13750000298023224,hs
1979,1,-0.18348627051398153,0.2966666519641876,0.4300000071525574,0.9,0.3967222571372986,hs
1980,0,0.0,0.23749999701976776,0.23749999701976776,0.5,0.26338890194892883,hs
1981,1,-0.1503906176328816,0.3020833432674408,0.4090277850627899,0.8,0.332152783870697,hs
1982,1,0.026683613875534494,0.5049999952316284,0.47874999046325684,0.3,0.5432172417640686,hs
1983,1,0.0010810955262156997,0.48229166865348816,0.48124998807907104,0.5,0.446200430393219,hs
1984,0,-0.09497205587740874,0.3375000059604645,0.40833333134651184,0.9,0.359604150056839,hs
1985,1,-0.13089006411956716,0.27666667103767395,0.36000001430511475,0.7,0.44879165291786194,hs
1986,0,0.026175489623644032,0.42003968358039856,0.3986110985279083,0.5,0.39921924471855164,hs
1987,0,-0.1428571778899294,0.4166666567325592,0.5555555820465088,0.7,0.4969722330570221,hs
1988,0,0.0,0.5770833492279053,0.5770833492279053,0.6,0.5193750262260437,hs
1989,1,0.0,0.4166666567325592,0.4166666567325592,0.4,0.3750000298023224,hs
1990,0,0.0,0.35208332538604736,0.35208332538604736,0.7,0.33850693702697754,hs
1991,0,-0.051020432739894254,0.5166666507720947,0.5722222328186035,0.5,0.5118135213851929,hs
1992,1,0.0338658291345909,0.5618055462837219,0.5249999761581421,0.3,0.5012599229812622,hs
1993,0,0.0,0.25,0.25,0.7,0.30410414934158325,hs
1994,1,0.0969899694352983,0.6833333373069763,0.5625,0.5,0.6160625219345093,hs
1995,1,-0.23809524721814257,0.35555556416511536,0.5777778029441833,0.5,0.5137708783149719,hs
1996,0,0.0,0.5433333516120911,0.5433333516120911,0.3,0.5804741978645325,hs
1997,1,0.0,0.4761904776096344,0.4761904776096344,0.4,0.4954087734222412,hs
1998,0,0.10817121519215658,0.7911111116409302,0.6366666555404663,0.2,0.6795417070388794,hs
1999,1,0.026253006173769064,0.7465277910232544,0.7083333134651184,0.1,0.6629166603088379,hs
2000,0,-0.09795916371410969,0.3683333396911621,0.4483333230018616,0.5,0.4209443926811218,hs
2001,1,0.0,0.1666666716337204,0.1666666716337204,0.8,0.14999999105930328,hs
2002,0,0.03168152951817214,0.4409722089767456,0.4138889014720917,0.2,0.6657083630561829,hs
2003,0,0.0,0.37261903285980225,0.37261903285980225,0.5,0.38375991582870483,hs
2004,1,0.0,0.0,0.0,0.5,0.11404166370630264,hs
2005,1,0.05389220531017799,0.36666667461395264,0.3291666805744171,0.4,0.3586110770702362,hs
2006,1,-0.0392156842120192,0.40833333134651184,0.4416666626930237,0.6,0.39222222566604614,hs
2007,0,-0.030303001403720442,0.1666666716337204,0.1770833283662796,0.2,0.25712499022483826,hs
2008,1,0.0,0.2750000059604645,0.2750000059604645,0.3,0.24750001728534698,hs
2009,0,0.07112971274765771,0.35555556416511536,0.3083333373069763,0.2,0.32261109352111816,hs
2010,1,0.19999998569440544,0.25,0.1666666716337204,0.5,0.2750000059604645,hs
2012,1,0.0,0.4895833432674408,0.4895833432674408,0.4,0.44062501192092896,hs
2013,1,0.9999999999960001,0.25,0.0,0.5,0.20000000298023224,hs
2014,1,0.0,0.25,0.25,0.6,0.22499999403953552,hs
2015,1,-0.08823530861911233,0.41333332657814026,0.4933333396911621,0.6,0.510084331035614,hs
2016,1,0.05917754744956368,0.36666667461395264,0.3256944417953491,0.2,0.36395835876464844,hs
2017,1,0.049539664495177355,0.4749999940395355,0.43015873432159424,0.4,0.4430158734321594,hs
2018,1,0.0487804811860159,0.40312498807907104,0.3656249940395355,0.3,0.38260418176651,hs
2019,1,-0.017730542998932397,0.5129629373550415,0.5314815044403076,0.5,0.49800461530685425,hs
2020,1,0.0,0.2750000059604645,0.2750000059604645,0.4,0.2564999759197235,hs
2021,0,0.11724136230050242,0.3375000059604645,0.2666666805744171,0.8,0.4454166293144226,hs
2022,0,0.0,0.3499999940395355,0.3499999940395355,0.5,0.32770833373069763,hs
2023,1,0.0,0.5,0.5,0.4,0.44999998807907104,hs
2024,0,-0.13361463959487238,0.3422222137451172,0.44777777791023254,0.9,0.3966805636882782,hs
2025,0,0.0,0.5,0.5,0.6,0.44999998807907104,hs
2026,1,0.33333333333244447,0.25,0.125,0.2,0.24583332240581512,hs
2027,0,0.0,0.550000011920929,0.550000011920929,0.4,0.843000054359436,hs
2028,1,-0.047619058431636115,0.5,0.550000011920929,0.1,0.6152499914169312,hs
2029,0,0.0,0.0,0.0,0.5,0.11404166370630264,hs
2030,1,-0.022311125682537434,0.4412499964237213,0.46138888597488403,0.6,0.4113551676273346,hs
2031,0,-0.021148016146338232,0.3375000059604645,0.35208332538604736,0.5,0.32540276646614075,hs
2032,1,-0.023999999267559715,0.6354166865348816,0.6666666865348816,0.4,0.5961805582046509,hs
2033,1,0.0,0.2750000059604645,0.2750000059604645,0.3,0.3111250400543213,hs
2034,0,-0.999999999992,0.0,0.125,0.5,0.11249999701976776,hs
2035,1,-0.02721257845672591,0.551111102104187,0.581944465637207,0.6,0.5872579216957092,hs
2036,0,0.0,0.4833333194255829,0.4833333194255829,0.6,0.4389285445213318,hs
2037,0,0.0,0.2750000059604645,0.2750000059604645,0.5,0.35452380776405334,hs
2038,0,-0.019920335187025774,0.20499999821186066,0.2133333384990692,0.4,0.2045000046491623,hs
2039,0,-0.07692305999387572,0.5,0.5833333134651184,0.8,0.5496041178703308,hs
2040,0,0.7254901909444396,0.7857142686843872,0.125,0.3,0.8223214149475098,hs
2041,0,-0.05802904789831448,0.4483333230018616,0.5035714507102966,0.8,0.46889883279800415,hs
2042,1,0.0037243913133545785,0.4491666555404663,0.44583332538604736,0.6,0.4357143044471741,hs
2043,0,-0.23985238177215626,0.21458333730697632,0.3499999940395355,0.5,0.4714583456516266,hs
2044,0,0.0,0.0,0.0,0.9,0.0,hs
2045,0,0.0,0.5,0.5,0.6,0.47291669249534607,hs
2046,0,-0.2369942010120847,0.2750000059604645,0.44583332538604736,0.8,0.36529165506362915,hs
2047,0,0.0,0.0,0.0,0.9,0.0,hs
2048,0,-0.03222283765724967,0.6152777671813965,0.65625,0.5,0.6209722757339478,hs
2049,1,-0.027216900160590238,0.5129629373550415,0.5416666865348816,0.4,0.5025780200958252,hs
2050,0,-0.3364632207650118,0.23555555939674377,0.4744444489479065,0.7,0.43402379751205444,hs
2051,0,0.0,0.3125,0.3125,0.7,0.28125,hs
2052,1,-0.003289482391169971,0.4208333194255829,0.4236111044883728,0.5,0.4130902886390686,hs
2053,1,0.03808487672710508,0.39750000834465027,0.3683333396911621,0.6,0.38677775859832764,hs
2054,0,0.0,0.25833332538604736,0.25833332538604736,0.7,0.23249998688697815,hs
2057,1,-0.015522007565726016,0.48229166865348816,0.4975000023841858,0.8,0.46071523427963257,hs
2058,1,0.0,0.36666667461395264,0.36666667461395264,0.3,0.35083332657814026,hs
2059,1,0.0,0.5,0.5,0.5,0.5021800398826599,hs
2060,1,0.022935807208217845,0.26547619700431824,0.25357142090797424,0.5,0.23997023701667786,hs
2061,0,0.0,0.0,0.0,0.9,0.0,hs
2062,0,-0.0188679061949234,0.5416666865348816,0.5625,0.5,0.527958333492279,hs
2063,0,0.999999999992,0.125,0.0,0.4,0.2175000160932541,hs
2064,0,-0.5604395558320091,0.125,0.4437499940395355,0.8,0.4051041603088379,hs
2065,1,0.0,0.18333333730697632,0.18333333730697632,0.5,0.16500000655651093,hs
2066,1,0.0,0.1666666716337204,0.1666666716337204,0.2,0.41833335161209106,hs
2067,1,0.0,0.125,0.125,0.5,0.12604168057441711,hs
2068,0,0.0,0.5,0.5,0.7,0.47291669249534607,hs
2069,0,-0.0019267805033483878,0.6474999785423279,0.6499999761581421,0.6,0.628166675567627,hs
2070,0,0.0,0.5,0.5,0.3,0.4827083647251129,hs
2071,1,0.3314037507085452,0.5476190447807312,0.2750000059604645,0.3,0.48851194977760315,hs
2072,1,-0.01052630564511585,0.4895833432674408,0.5,0.5,0.4846130907535553,hs
2073,0,-0.16935484568700038,0.21458333730697632,0.3020833432674408,0.8,0.2998958230018616,hs
2074,0,-0.03626946922388331,0.5166666507720947,0.5555555820465088,0.8,0.49159717559814453,hs
2075,1,0.044521455783893875,0.46642857789993286,0.4266666769981384,0.5,0.422412633895874,hs
2076,1,-0.36170215032452685,0.25,0.5333333611488342,0.5,0.4803333282470703,hs
2077,0,0.0,0.5770833492279053,0.5770833492279053,0.5,0.5403819680213928,hs
2078,1,0.001359873716725881,0.4017857015132904,0.40069442987442017,0.6,0.7748938202857971,hs
2079,1,0.041749489864761166,0.27291667461395264,0.2510416805744171,0.4,0.32093748450279236,hs
2080,1,0.0,0.1770833283662796,0.1770833283662796,0.8,0.15937501192092896,hs
2081,1,-0.05376342762845218,0.36666667461395264,0.40833333134651184,0.6,0.35916668176651,hs
2082,1,0.0635209018172027,0.4069444537162781,0.3583333194255829,0.7,0.41371527314186096,hs
2084,1,0.0,0.2976190447807312,0.2976190447807312,0.4,0.2795634865760803,hs
2085,0,0.0,0.0,0.0,0.9,0.0,hs
2086,0,-0.07692305999387572,0.5,0.5833333134651184,0.8,0.5166458487510681,hs
2087,1,0.0,0.375,0.375,0.5,0.3449166715145111,hs
2088,1,0.0,0.0,0.0,0.5,0.027499999850988388,hs
2089,1,-0.02249040663722335,0.4124999940395355,0.4314814805984497,0.6,0.39040607213974,hs
2090,1,0.0,0.5166666507720947,0.5166666507720947,0.8,0.47611111402511597,hs
1,1,0.0,0.0,0.0,0.8,0.0,am
2,1,0.0,0.4791666567325592,0.4791666567325592,0.8,0.4791666567325592,am
3,0,0.0,0.5,0.5,0.6,0.44999998807907104,am
4,0,0.0,0.4791666567325592,0.4791666567325592,0.2,0.4312500059604645,am
5,0,-0.9999999999960001,0.0,0.25,0.6,0.23749999701976776,am
6,0,0.0,0.3333333432674408,0.3333333432674408,0.2,0.29999998211860657,am
7,1,0.0,0.4791666567325592,0.4791666567325592,0.8,0.4312500059604645,am
8,1,-0.045454535109887985,0.4375,0.4791666567325592,0.8,0.4312500059604645,am
9,0,0.0,0.375,0.375,0.4,0.3375000059604645,am
10,1,0.0,0.0,0.0,0.8,0.0,am
11,1,0.0,0.4895833432674408,0.4895833432674408,0.6,0.44062501192092896,am
12,0,0.0,0.4791666567325592,0.4791666567325592,0.1,0.4312500059604645,am
13,0,0.0,1.0,1.0,0.5,0.8999999761581421,am
14,1,0.0,0.4791666567325592,0.4791666567325592,0.4,0.4416666626930237,am
15,1,0.0,0.0,0.0,0.2,0.0,am
16,1,0.0,0.4895833432674408,0.4895833432674408,0.9,0.44062501192092896,am
17,1,0.0,0.4375,0.4375,0.8,0.4412499964237213,am
18,0,0.0,0.3333333432674408,0.3333333432674408,0.4,0.29999998211860657,am
19,1,-0.045454535109887985,0.4375,0.4791666567325592,0.8,0.4312500059604645,am
20,0,0.0,0.375,0.375,0.6,0.3375000059604645,am
21,0,0.045454535109887985,0.4791666567325592,0.4375,0.2,0.4312500059604645,am
22,1,0.0,0.4895833432674408,0.4895833432674408,0.7,0.4427083134651184,am
23,0,0.0,0.4791666567325592,0.4791666567325592,0.1,0.4312500059604645,am
24,0,0.0,0.4791666567325592,0.4791666567325592,0.1,0.4312500059604645,am
25,1,-0.045454535109887985,0.4375,0.4791666567325592,0.8,0.4312500059604645,am
26,0,0.0,0.4895833432674408,0.4895833432674408,0.4,0.444791704416275,am
27,1,0.0,0.25,0.25,0.5,0.22499999403953552,am
28,0,0.0,0.4791666567325592,0.4791666567325592,0.5,0.4416666626930237,am
29,0,0.010752708681156995,0.4895833432674408,0.4791666567325592,0.8,0.43958330154418945,am
30,1,0.0,0.0,0.0,0.2,0.0,am
31,1,0.0,1.0,1.0,0.5,1.0,am
32,1,0.0,1.0,1.0,0.5,0.8999999761581421,am
33,0,0.0,0.0,0.0,0.5,0.0,am
34,1,0.0,0.3333333432674408,0.3333333432674408,0.4,0.3395833373069763,am
35,1,0.0,0.4000000059604645,0.4000000059604645,0.7,0.3866666853427887,am
36,1,0.0,0.3333333432674408,0.3333333432674408,0.8,0.3333333134651184,am
37,0,0.0,0.375,0.375,0.7,0.3375000059604645,am
38,1,0.021276606105991774,0.5,0.4791666567325592,0.3,0.44999998807907104,am
39,1,0.0,0.375,0.375,0.5,0.3375000059604645,am
40,0,0.0,0.0,0.0,0.8,0.0,am
41,0,0.045454535109887985,0.4791666567325592,0.4375,0.2,0.4312500059604645,am
42,0,-0.01052630564511585,0.4895833432674408,0.5,0.4,0.4489583373069763,am
43,0,0.0,0.4895833432674408,0.4895833432674408,0.2,0.4895833432674408,am
44,1,-0.042735043431656315,0.3499999940395355,0.3812499940395355,0.8,0.34083330631256104,am
45,0,0.0,1.0,1.0,0.5,0.8999999761581421,am
46,0,0.0,0.4895833432674408,0.4895833432674408,0.4,0.44062501192092896,am
47,0,0.0,0.0,0.0,0.5,0.0,am
48,1,0.0,0.5,0.5,0.3,0.44999998807907104,am
49,0,0.0,0.4895833432674408,0.4895833432674408,0.3,0.44062501192092896,am
50,0,0.0,0.4791666567325592,0.4791666567325592,0.2,0.4312500059604645,am
51,1,0.0,0.3499999940395355,0.3499999940395355,0.7,0.3695833086967468,am
52,0,0.045454535109887985,0.4791666567325592,0.4375,0.2,0.4749999940395355,am
53,1,0.0,0.5,0.5,0.3,0.44999998807907104,am
54,0,0.0,0.0,0.0,0.7,0.0,am
55,1,0.0,0.4791666567325592,0.4791666567325592,0.8,0.4791666567325592,am
56,0,0.0,0.5,0.5,0.7,0.44999998807907104,am
57,1,0.0,0.4895833432674408,0.4895833432674408,0.8,0.44062501192092896,am
58,1,0.0,0.4791666567325592,0.4791666567325592,0.4,0.4416666626930237,am
59,1,0.0,0.5,0.5,0.3,0.44999998807907104,am
60,1,-0.014989309760122433,0.4791666567325592,0.4937500059604645,0.5,0.46916666626930237,am
61,1,0.0,0.375,0.375,0.2,0.3375000059604645,am
62,0,0.0,0.4895833432674408,0.4895833432674408,0.2,0.44062501192092896,am
63,1,0.0,0.0,0.0,0.8,0.0,am
64,1,0.0,0.3125,0.3125,0.6,0.28125,am
65,0,0.045454535109887985,0.4791666567325592,0.4375,0.2,0.4312500059604645,am
66,0,0.0,0.4895833432674408,0.4895833432674408,0.2,0.44062501192092896,am
67,1,0.0,0.3333333432674408,0.3333333432674408,0.6,0.3333333134651184,am
68,1,0.022222201029435933,0.4791666567325592,0.4583333432674408,0.2,0.429166704416275,am
69,1,0.0,0.25,0.25,0.5,0.22499999403953552,am
70,1,0.0,0.4895833432674408,0.4895833432674408,0.7,0.4427083134651184,am
71,0,0.0,0.3333333432674408,0.3333333432674408,0.3,0.29999998211860657,am
72,1,-0.045454535109887985,0.4375,0.4791666567325592,0.8,0.4312500059604645,am
73,0,0.0,0.4895833432674408,0.4895833432674408,0.2,0.44062501192092896,am
74,1,0.0,0.3333333432674408,0.3333333432674408,0.8,0.29999998211860657,am
75,0,0.0,0.25,0.25,0.5,0.22499999403953552,am
76,0,0.0,1.0,1.0,0.5,0.8999999761581421,am
77,1,0.9999999999960001,0.25,0.0,0.3,0.15000000596046448,am
78,0,0.010752708681156995,0.4895833432674408,0.4791666567325592,0.7,0.43958336114883423,am
79,1,0.0,0.3333333432674408,0.3333333432674408,0.6,0.29999998211860657,am
80,1,0.0,0.25,0.25,0.5,0.22499999403953552,am
81,1,0.0,0.3333333432674408,0.3333333432674408,0.6,0.3333333134651184,am
82,0,-0.022222201029435933,0.4583333432674408,0.4791666567325592,0.8,0.429166704416275,am
83,0,0.0,0.4791666567325592,0.4791666567325592,0.2,0.4312500059604645,am
84,0,0.0,0.0,0.0,0.2,0.0,am
85,0,0.045454535109887985,0.4791666567325592,0.4375,0.2,0.4312500059604645,am
86,1,0.0,1.0,1.0,0.5,0.8999999761581421,am
87,1,0.0,0.3333333432674408,0.3333333432674408,0.6,0.3333333134651184,am
88,0,0.0,0.0,0.0,0.8,0.0,am
89,0,0.0,0.4895833432674408,0.4895833432674408,0.2,0.44062501192092896,am
90,0,0.0,1.0,1.0,0.5,0.8999999761581421,am
91,0,0.0,0.4791666567325592,0.4791666567325592,0.5,0.4416666626930237,am
92,0,0.0,0.5,0.5,0.6,0.44999998807907104,am
93,0,0.0,0.0,0.0,0.5,0.0,am
94,1,-0.045454535109887985,0.4375,0.4791666567325592,0.8,0.4312500059604645,am
95,1,0.0,0.3333333432674408,0.3333333432674408,0.6,0.29999998211860657,am
96,1,0.0,0.0,0.0,0.8,0.0,am
97,1,0.0,0.4895833432674408,0.4895833432674408,0.9,0.44062501192092896,am
98,1,0.0,0.3333333432674408,0.3333333432674408,0.6,0.29999998211860657,am
99,0,0.0,0.3125,0.3125,0.4,0.28125,am
100,0,-0.04347826086950473,0.34375,0.375,0.7,0.3343749940395355,am
101,1,0.0,0.4791666567325592,0.4791666567325592,0.5,0.4416666626930237,am
102,1,0.0,0.3333333432674408,0.3333333432674408,0.7,0.3125,am
103,0,0.0,0.4791666567325592,0.4791666567325592,0.5,0.4416666626930237,am
104,0,0.0,0.0,0.0,0.8,0.0,am
105,1,0.0,0.4895833432674408,0.4895833432674408,0.9,0.44062501192092896,am
106,1,0.0,0.4791666567325592,0.4791666567325592,0.8,0.4312500059604645,am
107,1,-0.045454535109887985,0.4375,0.4791666567325592,0.8,0.4312500059604645,am
108,1,0.0,0.25,0.25,0.0,0.22499999403953552,am
109,0,0.0,0.0,0.0,0.7,0.15000000596046448,am
110,1,0.0,0.375,0.375,0.2,0.3375000059604645,am
111,0,0.0,0.0,0.0,0.5,0.0,am
112,0,0.0,0.0,0.0,0.8,0.0,am
113,1,0.0,0.3333333432674408,0.3333333432674408,0.8,0.29999998211860657,am
114,0,-0.06666666666659556,0.4375,0.5,0.6,0.445833295583725,am
115,0,0.0,0.0,0.0,0.8,0.0,am
116,0,0.014989309760122433,0.4937500059604645,0.4791666567325592,0.4,0.46916666626930237,am
117,1,-0.03743315753464521,0.375,0.40416666865348816,0.6,0.3722916543483734,am
118,1,0.0,0.3333333432674408,0.3333333432674408,0.6,0.3333333134651184,am
119,1,-0.045454535109887985,0.4375,0.4791666567325592,0.8,0.4312500059604645,am
120,0,0.0,1.0,1.0,0.4,0.8999999761581421,am
121,1,-0.045454535109887985,0.4375,0.4791666567325592,0.8,0.4312500059604645,am
122,0,0.0,0.375,0.375,0.1,0.3375000059604645,am
123,0,0.0,0.4895833432674408,0.4895833432674408,0.4,0.44062501192092896,am
124,0,-0.021276606105991774,0.4791666567325592,0.5,0.9,0.44999998807907104,am
125,0,0.01052630564511585,0.5,0.4895833432674408,0.5,0.45645833015441895,am
126,1,0.0,0.25,0.25,0.5,0.22499999403953552,am
127,0,0.0,0.4791666567325592,0.4791666567325592,0.8,0.4416666626930237,am
128,1,-0.010752708681156995,0.4791666567325592,0.4895833432674408,0.3,0.4885416626930237,am
129,0,0.0,0.0,0.0,0.8,0.0,am
130,1,0.0,0.0,0.0,0.5,0.0,am
131,0,-0.045454535109887985,0.4375,0.4791666567325592,0.5,0.4270833432674408,am
132,0,0.045454535109887985,0.4791666567325592,0.4375,0.2,0.4312500059604645,am
133,1,-0.045454535109887985,0.4375,0.4791666567325592,0.8,0.4312500059604645,am
134,1,0.045454535109887985,0.4791666567325592,0.4375,0.5,0.4749999940395355,am
135,1,-0.045454535109887985,0.4375,0.4791666567325592,0.8,0.4312500059604645,am
136,0,0.0,1.0,1.0,0.4,1.0,am
137,0,0.0,0.0,0.0,0.2,0.0,am
138,0,0.0,0.0,0.0,0.2,0.0,am
139,0,0.0,0.5,0.5,0.4,0.44999998807907104,am
140,0,0.0,0.3333333432674408,0.3333333432674408,0.2,0.29999998211860657,am
141,1,0.0,0.4895833432674408,0.4895833432674408,0.9,0.44062501192092896,am
142,1,0.0,0.3333333432674408,0.3333333432674408,0.5,0.29999998211860657,am
143,0,0.0,0.0,0.0,0.2,0.0,am
144,0,0.045454535109887985,0.4791666567325592,0.4375,0.2,0.4312500059604645,am
145,0,0.0,0.4895833432674408,0.4895833432674408,0.1,0.44062501192092896,am
146,0,0.0,0.4791666567325592,0.4791666567325592,0.5,0.4416666626930237,am
147,0,0.0,0.0,0.0,0.8,0.0,am
148,0,0.0,0.4895833432674408,0.4895833432674408,0.5,0.45479169487953186,am
149,0,0.045454535109887985,0.4791666567325592,0.4375,0.2,0.4312500059604645,am
150,0,0.0,0.0,0.0,0.5,0.0,am
151,0,0.0,0.5,0.5,0.7,0.44999998807907104,am
152,0,0.0,0.4895833432674408,0.4895833432674408,0.4,0.4427083134651184,am
153,0,0.0,0.3333333432674408,0.3333333432674408,0.4,0.3333333134651184,am
154,0,0.045454535109887985,0.4791666567325592,0.4375,0.2,0.4312500059604645,am
155,0,0.0,0.0,0.0,0.2,0.0,am
156,0,0.0,0.5,0.5,0.7,0.44999998807907104,am
157,0,0.0,0.375,0.375,0.7,0.3375000059604645,am
158,0,0.0,0.4791666567325592,0.4791666567325592,0.6,0.4895833134651184,am
159,0,0.045454535109887985,0.4791666567325592,0.4375,0.3,0.4312500059604645,am
160,0,0.0,0.5,0.5,0.7,0.44999998807907104,am
161,0,-0.021276606105991774,0.4791666567325592,0.5,0.7,0.44999998807907104,am
162,1,0.0,0.4895833432674408,0.4895833432674408,0.9,0.44062501192092896,am
163,0,0.045454535109887985,0.4791666567325592,0.4375,0.3,0.4312500059604645,am
164,0,0.0,0.4791666567325592,0.4791666567325592,0.1,0.4312500059604645,am
165,0,0.045454535109887985,0.4791666567325592,0.4375,0.3,0.4312500059604645,am
166,0,0.0,0.5,0.5,0.7,0.44999998807907104,am
167,1,-0.045454535109887985,0.4375,0.4791666567325592,0.7,0.4312500059604645,am
168,1,0.0,0.3333333432674408,0.3333333432674408,0.8,0.29999998211860657,am
169,0,0.045454535109887985,0.4791666567325592,0.4375,0.3,0.4312500059604645,am
170,0,0.045454535109887985,0.4791666567325592,0.4375,0.3,0.4312500059604645,am
171,1,0.0,0.375,0.375,0.3,0.36250001192092896,am
172,1,0.0,0.3333333432674408,0.3333333432674408,0.6,0.3333333134651184,am
173,0,0.045454535109887985,0.4791666567325592,0.4375,0.3,0.4312500059604645,am
174,1,0.0,0.5,0.5,0.3,0.44999998807907104,am
175,1,0.0,0.4791666567325592,0.4791666567325592,0.5,0.44166669249534607,am
176,0,0.0,1.0,1.0,0.5,0.8999999761581421,am
177,1,0.0,1.0,1.0,0.5,0.8999999761581421,am
178,0,-0.024390255816247996,0.4166666567325592,0.4375,0.6,0.3916666507720947,am
179,0,0.0,0.25,0.25,0.6,0.25,am
180,0,0.0,0.4166666567325592,0.4166666567325592,0.4,0.38749998807907104,am
181,1,0.0,0.3333333432674408,0.3333333432674408,0.7,0.29999998211860657,am
182,1,0.0,0.4895833432674408,0.4895833432674408,0.6,0.49166664481163025,am
183,1,0.0,0.5,0.5,0.3,0.44999998807907104,am
184,1,0.0,0.4937500059604645,0.4937500059604645,0.6,0.5118750333786011,am
185,0,0.045454535109887985,0.4791666567325592,0.4375,0.3,0.4312500059604645,am
186,0,0.010752708681156995,0.4895833432674408,0.4791666567325592,0.8,0.44062501192092896,am
187,1,-0.045454535109887985,0.4375,0.4791666567325592,0.7,0.4312500059604645,am
188,0,0.0,0.375,0.375,0.1,0.3375000059604645,am
189,1,0.0,0.5,0.5,0.2,0.44999998807907104,am
190,1,0.0,0.4895833432674408,0.4895833432674408,0.8,0.44062501192092896,am
191,1,-0.045454535109887985,0.4375,0.4791666567325592,0.8,0.4312500059604645,am
192,1,0.0,0.0,0.0,0.2,0.0,am
193,1,0.0,0.4791666567325592,0.4791666567325592,0.5,0.4895833134651184,am
194,0,0.045454535109887985,0.4791666567325592,0.4375,0.2,0.4312500059604645,am
195,0,0.0,0.0,0.0,0.2,0.0,am
196,1,0.0,0.3333333432674408,0.3333333432674408,0.8,0.29999998211860657,am
197,1,0.0,0.0,0.0,0.8,0.0,am
198,0,0.0,0.0,0.0,0.8,0.0,am
199,0,0.0,0.4791666567325592,0.4791666567325592,0.6,0.44166669249534607,am
200,0,0.0,0.3333333432674408,0.3333333432674408,0.1,0.29999998211860657,am
201,0,-0.04347826086950473,0.34375,0.375,0.7,0.3343749940395355,am
202,0,0.0,0.4895833432674408,0.4895833432674408,0.4,0.44062501192092896,am
203,1,-0.045454535109887985,0.4375,0.4791666567325592,0.7,0.4312500059604645,am
204,1,0.0,0.4895833432674408,0.4895833432674408,0.4,0.4547916352748871,am
205,1,0.0,0.0,0.0,0.2,0.0,am
206,1,0.0,0.0,0.0,0.2,0.0,am
207,1,0.0,0.3333333432674408,0.3333333432674408,0.7,0.3125,am
208,1,0.0,0.3333333432674408,0.3333333432674408,0.6,0.29999998211860657,am
209,1,0.0,0.4000000059604645,0.4000000059604645,0.7,0.42666664719581604,am
210,1,0.0,0.5,0.5,0.3,0.44999998807907104,am
211,0,0.0,0.4791666567325592,0.4791666567325592,0.5,0.4895833134651184,am
212,0,0.0,0.0,0.0,0.2,0.0,am
213,0,0.0,1.0,1.0,0.5,0.8999999761581421,am
214,0,0.0,0.4791666567325592,0.4791666567325592,0.2,0.4312500059604645,am
215,1,0.0,0.4791666567325592,0.4791666567325592,0.5,0.44166669249534607,am
216,1,0.0,0.4895833432674408,0.4895833432674408,0.7,0.4427083134651184,am
217,1,0.021276606105991774,0.5,0.4791666567325592,0.2,0.44999998807907104,am
218,0,0.045454535109887985,0.4791666567325592,0.4375,0.3,0.4270833432674408,am
220,0,0.0,1.0,1.0,0.5,0.8999999761581421,am
221,1,-0.045454535109887985,0.4375,0.4791666567325592,0.6,0.4312500059604645,am
222,0,0.0,0.0,0.0,0.8,0.0,am
223,0,-0.045454535109887985,0.4375,0.4791666567325592,0.6,0.4270833432674408,am
224,1,0.0,0.4791666567325592,0.4791666567325592,0.4,0.4895833134651184,am
225,0,0.0,0.4895833432674408,0.4895833432674408,0.2,0.44062501192092896,am
226,0,0.0,0.4895833432674408,0.4895833432674408,0.4,0.4427083134651184,am
227,1,-0.045454535109887985,0.4375,0.4791666567325592,0.7,0.4312500059604645,am
228,1,0.0,0.0,0.0,0.5,0.0,am
229,1,-0.045454535109887985,0.4375,0.4791666567325592,0.6,0.4312500059604645,am
230,0,0.0,0.4895833432674408,0.4895833432674408,0.4,0.4427083134651184,am
231,1,0.0,0.375,0.375,0.9,0.375,am
232,1,0.0,0.3499999940395355,0.3499999940395355,0.7,0.3345833122730255,am
233,1,0.045454535109887985,0.4791666567325592,0.4375,0.4,0.4270833432674408,am
234,1,0.0,0.4895833432674408,0.4895833432674408,0.7,0.4427083134651184,am
235,0,0.014989309760122433,0.4937500059604645,0.4791666567325592,0.4,0.46916666626930237,am
236,1,-0.045454535109887985,0.4375,0.4791666567325592,0.7,0.4312500059604645,am
237,0,0.0,0.5,0.5,0.7,0.44999998807907104,am
238,0,0.0,0.5,0.5,0.8,0.44999998807907104,am
239,1,0.0,0.4895833432674408,0.4895833432674408,0.7,0.49166664481163025,am
240,0,0.0,0.4895833432674408,0.4895833432674408,0.2,0.44062501192092896,am
241,1,-0.045454535109887985,0.4375,0.4791666567325592,0.7,0.4270833432674408,am
242,1,0.0,0.5,0.5,0.3,0.5,am
243,0,0.0,1.0,1.0,0.5,0.8999999761581421,am
244,0,0.0,0.4791666567325592,0.4791666567325592,0.6,0.4416666626930237,am
245,1,-0.045454535109887985,0.4375,0.4791666567325592,0.7,0.4312500059604645,am
246,0,0.045454535109887985,0.4791666567325592,0.4375,0.3,0.4312500059604645,am
247,0,0.045454535109887985,0.4791666567325592,0.4375,0.4,0.4312500059604645,am
248,1,0.0,0.4895833432674408,0.4895833432674408,0.6,0.44062501192092896,am
249,1,0.0,0.0,0.0,0.5,0.0,am
250,1,0.0,0.0,0.0,0.6,0.0,am
251,1,0.0,0.5,0.5,0.3,0.44999998807907104,am
252,1,-0.045454535109887985,0.4375,0.4791666567325592,0.7,0.4312500059604645,am
253,0,0.0,0.5,0.5,0.7,0.44999998807907104,am
254,1,0.0,0.0,0.0,0.5,0.0,am
255,1,0.0,0.0,0.0,0.5,0.0,am
256,0,0.0,0.4791666567325592,0.4791666567325592,0.3,0.4312500059604645,am
257,0,0.0,0.4791666567325592,0.4791666567325592,0.8,0.4895833134651184,am
258,0,0.0,0.0,0.0,0.8,0.0,am
259,1,0.0,0.0,0.0,0.2,0.0,am
260,0,0.0,0.3333333432674408,0.3333333432674408,0.7,0.32499998807907104,am
261,1,-0.045454535109887985,0.4375,0.4791666567325592,0.8,0.4312500059604645,am
262,1,-0.045454535109887985,0.4375,0.4791666567325592,0.6,0.4312500059604645,am
263,0,0.0,0.0,0.0,0.5,0.0,am
264,1,0.0,0.25,0.25,0.5,0.22499999403953552,am
265,1,0.0,0.3333333432674408,0.3333333432674408,0.6,0.29999998211860657,am
266,0,0.0,0.0,0.0,0.8,0.0,am
267,1,0.0,0.0,0.0,0.8,0.0,am
268,0,0.01538460048695859,0.34375,0.3333333432674408,0.6,0.33020836114883423,am
269,1,-0.045454535109887985,0.4375,0.4791666567325592,0.8,0.4312500059604645,am
270,1,0.0,0.3333333432674408,0.3333333432674408,0.6,0.29999998211860657,am
271,0,0.0,0.4791666567325592,0.4791666567325592,0.5,0.44166669249534607,am
272,1,0.0,0.0,0.0,0.5,0.0,am
273,0,0.0,0.4791666567325592,0.4791666567325592,0.6,0.4416666626930237,am
274,1,0.0,0.4791666567325592,0.4791666567325592,0.4,0.4416666626930237,am
275,1,0.022222201029435933,0.4791666567325592,0.4583333432674408,0.2,0.4312500059604645,am
276,1,0.0,0.4791666567325592,0.4791666567325592,0.4,0.4416666626930237,am
277,1,0.0,0.3333333432674408,0.3333333432674408,0.8,0.3333333134651184,am
278,0,0.0,0.5,0.5,0.3,0.4937500059604645,am
279,0,0.0,0.0,0.0,0.8,0.0,am
280,0,0.045454535109887985,0.4791666567325592,0.4375,0.4,0.4312500059604645,am
281,0,0.0,0.0,0.0,0.5,0.0,am
282,1,0.0,0.4895833432674408,0.4895833432674408,0.8,0.44062501192092896,am
283,0,-0.021276606105991774,0.4791666567325592,0.5,0.7,0.49791669845581055,am
284,1,0.0,0.4895833432674408,0.4895833432674408,0.8,0.44062501192092896,am
285,1,0.0,0.5,0.5,0.4,0.44999998807907104,am
286,0,0.0,0.4895833432674408,0.4895833432674408,0.2,0.44062501192092896,am
287,0,0.021276606105991774,0.5,0.4791666567325592,0.4,0.4479166865348816,am
288,1,0.0,0.4791666567325592,0.4791666567325592,0.5,0.44166669249534607,am
289,0,0.0,0.4895833432674408,0.4895833432674408,0.3,0.44062501192092896,am
290,1,0.01052630564511585,0.5,0.4895833432674408,0.4,0.4647916853427887,am
291,1,0.0,0.4791666567325592,0.4791666567325592,0.4,0.44166669249534607,am
292,1,0.0,0.4791666567325592,0.4791666567325592,0.5,0.44166669249534607,am
293,1,-0.045454535109887985,0.4375,0.4791666567325592,0.8,0.4749999940395355,am
294,1,0.0,0.0,0.0,0.8,0.0,am
295,0,0.0,0.0,0.0,0.5,0.0,am
296,1,0.0,0.5,0.5,0.3,0.44999998807907104,am
297,1,0.0,0.4791666567325592,0.4791666567325592,0.8,0.4312500059604645,am
298,1,0.0,0.5,0.5,0.3,0.44999998807907104,am
299,1,0.0,0.4791666567325592,0.4791666567325592,0.5,0.4416666626930237,am
300,0,-0.045454535109887985,0.4375,0.4791666567325592,0.8,0.43541669845581055,am
301,0,0.0,0.0,0.0,0.2,0.0,am
302,0,0.021276606105991774,0.5,0.4791666567325592,0.5,0.49791663885116577,am
303,0,0.0,0.5,0.5,0.5,0.44999998807907104,am
304,1,0.0,0.4791666567325592,0.4791666567325592,0.4,0.4416666626930237,am
305,0,0.0,0.4791666567325592,0.4791666567325592,0.6,0.4895833134651184,am
306,0,0.045454535109887985,0.4791666567325592,0.4375,0.4,0.4312500059604645,am
307,1,0.0,0.4895833432674408,0.4895833432674408,0.7,0.4427083134651184,am
308,0,0.045454535109887985,0.4791666567325592,0.4375,0.2,0.4312500059604645,am
309,0,0.0,0.0,0.0,0.7,0.0,am
310,0,0.0,0.4895833432674408,0.4895833432674408,0.4,0.4937500059604645,am
311,1,0.0,0.4895833432674408,0.4895833432674408,0.7,0.4895833432674408,am
312,1,0.0,0.3333333432674408,0.3333333432674408,0.7,0.29999998211860657,am
313,1,0.0,0.375,0.375,0.7,0.3708333373069763,am
314,1,0.0,0.0,0.0,0.5,0.0,am
315,1,0.0,0.4791666567325592,0.4791666567325592,0.9,0.4312500059604645,am
316,0,0.0,0.4791666567325592,0.4791666567325592,0.5,0.4416666626930237,am
317,0,0.0,1.0,1.0,0.5,0.8999999761581421,am
318,1,0.0,0.5,0.5,0.6,0.4937500059604645,am
319,0,0.047619058431636115,0.550000011920929,0.5,0.1,0.4918749928474426,am
320,1,-0.045454535109887985,0.4375,0.4791666567325592,0.8,0.4312500059604645,am
321,0,0.0,0.4895833432674408,0.4895833432674408,0.4,0.4937500059604645,am
322,1,0.0,0.0,0.0,0.5,0.0,am
323,1,-0.045454535109887985,0.4375,0.4791666567325592,0.8,0.4312500059604645,am
324,1,0.0,0.3333333432674408,0.3333333432674408,0.2,0.32499998807907104,am
325,0,0.0,0.0,0.0,0.2,0.0,am
326,1,0.0,0.0,0.0,0.5,0.0,am
327,0,0.0,0.0,0.0,0.5,0.0,am
328,1,0.0,0.4791666567325592,0.4791666567325592,0.3,0.4895833134651184,am
329,1,0.0,0.3125,0.3125,0.6,0.3125,am
330,0,0.0,0.4895833432674408,0.4895833432674408,0.5,0.5047916173934937,am
331,1,0.0,0.375,0.375,0.3,0.3375000059604645,am
332,1,0.0,0.375,0.375,0.5,0.3375000059604645,am
333,1,0.0,0.3333333432674408,0.3333333432674408,0.8,0.29999998211860657,am
334,1,-0.045454535109887985,0.4375,0.4791666567325592,0.8,0.4312500059604645,am
335,0,0.045454535109887985,0.4791666567325592,0.4375,0.2,0.4312500059604645,am
336,1,0.0,0.4791666567325592,0.4791666567325592,0.9,0.4312500059604645,am
337,1,0.0,0.4895833432674408,0.4895833432674408,0.7,0.44062501192092896,am
338,1,0.0,0.4895833432674408,0.4895833432674408,0.7,0.44062501192092896,am
339,1,0.0,0.4791666567325592,0.4791666567325592,0.9,0.4312500059604645,am
340,0,0.05882351456208179,0.375,0.3333333432674408,0.4,0.3708333373069763,am
341,0,-0.9999999999960001,0.0,0.25,0.6,0.23749999701976776,am
342,1,0.0,0.0,0.0,0.5,0.0,am
343,1,0.0,0.0,0.0,0.8,0.0,am
344,0,0.0,0.0,0.0,0.8,0.0,am
345,0,0.045454535109887985,0.4791666567325592,0.4375,0.2,0.4749999940395355,am
346,1,0.0,0.4791666567325592,0.4791666567325592,0.9,0.4312500059604645,am
347,1,0.0,0.0,0.0,0.6,0.0,am
348,0,0.0,0.0,0.0,0.8,0.0,am
349,0,0.0,0.0,0.0,0.7,0.15000000596046448,am
350,1,0.0,0.5,0.5,0.3,0.44999998807907104,am
351,0,0.045454535109887985,0.4791666567325592,0.4375,0.2,0.4312500059604645,am
352,1,0.0,0.3125,0.3125,0.6,0.28125,am
353,1,-0.014989309760122433,0.4791666567325592,0.4937500059604645,0.6,0.4454166293144226,am
354,1,0.0,0.4791666567325592,0.4791666567325592,0.5,0.44166669249534607,am
355,0,0.0,0.0,0.0,0.8,0.0,am
356,0,0.0,0.0,0.0,0.8,0.0,am
357,1,-0.045454535109887985,0.4375,0.4791666567325592,0.8,0.4312500059604645,am
358,1,0.0,0.5,0.5,0.4,0.44999998807907104,am
359,0,0.0,0.5,0.5,0.6,0.44999998807907104,am
360,1,0.006289302140419694,0.5,0.4937500059604645,0.6,0.4906249940395355,am
361,0,0.010752708681156995,0.4895833432674408,0.4791666567325592,0.7,0.43958336114883423,am
362,0,0.045454535109887985,0.4791666567325592,0.4375,0.2,0.4312500059604645,am
363,0,-0.021276606105991774,0.4791666567325592,0.5,0.8,0.44999998807907104,am
364,1,0.0,0.4895833432674408,0.4895833432674408,0.7,0.44062501192092896,am
365,1,0.0,0.4791666567325592,0.4791666567325592,0.4,0.4895833134651184,am
366,1,-0.010752708681156995,0.4791666567325592,0.4895833432674408,0.3,0.43958336114883423,am
367,1,-0.045454535109887985,0.4375,0.4791666567325592,0.8,0.4312500059604645,am
368,0,0.045454535109887985,0.4791666567325592,0.4375,0.2,0.4312500059604645,am
369,0,0.045454535109887985,0.4791666567325592,0.4375,0.2,0.4312500059604645,am
370,1,-0.045454535109887985,0.4375,0.4791666567325592,0.8,0.4312500059604645,am
372,1,-0.045454535109887985,0.4375,0.4791666567325592,0.6,0.4270833432674408,am
373,0,0.0,0.4791666567325592,0.4791666567325592,0.5,0.4895833134651184,am
374,0,0.0,0.0,0.0,0.8,0.0,am
375,0,0.0,0.375,0.375,0.1,0.3375000059604645,am
376,0,0.045454535109887985,0.4791666567325592,0.4375,0.2,0.4312500059604645,am
377,1,0.0,0.4895833432674408,0.4895833432674408,0.7,0.49166664481163025,am
378,0,-0.045454535109887985,0.4375,0.4791666567325592,0.6,0.4416666626930237,am
379,1,0.0,0.4791666567325592,0.4791666567325592,1.0,0.4312500059604645,am
380,1,0.0,0.4791666567325592,0.4791666567325592,0.5,0.4416666626930237,am
381,1,0.0,0.4791666567325592,0.4791666567325592,0.9,0.4312500059604645,am
382,1,0.0,0.375,0.375,0.5,0.375,am
383,1,0.0,1.0,1.0,0.5,1.0,am
384,1,0.0,0.25,0.25,0.6,0.22499999403953552,am
385,0,0.0,0.4895833432674408,0.4895833432674408,0.3,0.44062501192092896,am
386,1,-0.045454535109887985,0.4375,0.4791666567325592,0.8,0.4749999940395355,am
387,1,0.0,0.375,0.375,0.9,0.3375000059604645,am
388,1,0.0,0.3333333432674408,0.3333333432674408,0.6,0.29999998211860657,am
389,0,0.0,0.0,0.0,0.5,0.0,am
390,1,0.0,0.0,0.0,0.2,0.0,am
391,1,0.0,0.3333333432674408,0.3333333432674408,0.6,0.29999998211860657,am
392,0,0.0,0.4895833432674408,0.4895833432674408,0.3,0.44062501192092896,am
393,1,-0.045454535109887985,0.4375,0.4791666567325592,0.8,0.4312500059604645,am
394,1,0.0,0.4791666567325592,0.4791666567325592,0.5,0.4416666626930237,am
395,1,0.0,0.25,0.25,0.6,0.22499999403953552,am
396,0,0.0,0.5,0.5,0.7,0.44999998807907104,am
397,1,0.0,0.4895833432674408,0.4895833432674408,0.7,0.44062501192092896,am
399,1,0.0,0.5,0.5,0.3,0.5,am
400,1,0.0,0.0,0.0,0.8,0.0,am
401,0,0.010752708681156995,0.4895833432674408,0.4791666567325592,0.6,0.43958330154418945,am
402,0,0.010752708681156995,0.4895833432674408,0.4791666567325592,0.8,0.4885416626930237,am
403,0,0.0,0.4791666567325592,0.4791666567325592,0.6,0.44166669249534607,am
404,1,-0.045454535109887985,0.4375,0.4791666567325592,0.8,0.4312500059604645,am
405,1,0.0,0.4895833432674408,0.4895833432674408,0.7,0.44062501192092896,am
406,0,0.0,0.0,0.0,0.5,0.0,am
407,1,0.0,0.4791666567325592,0.4791666567325592,0.5,0.4416666626930237,am
408,0,-0.045454535109887985,0.4375,0.4791666567325592,0.6,0.4270833432674408,am
409,1,-0.045454535109887985,0.4375,0.4791666567325592,0.8,0.4312500059604645,am
410,0,0.0,0.25,0.25,0.4,0.22499999403953552,am
411,1,0.0,0.5,0.5,0.4,0.44999998807907104,am
412,0,0.0,0.3333333432674408,0.3333333432674408,0.3,0.29999998211860657,am
413,0,0.0,0.4895833432674408,0.4895833432674408,0.3,0.44062501192092896,am
414,0,-0.05882351456208179,0.3333333432674408,0.375,0.6,0.3291666805744171,am
415,1,0.0,0.0,0.0,0.2,0.0,am
416,1,0.0,0.3125,0.3125,0.7,0.28125,am
417,1,0.0,0.4895833432674408,0.4895833432674408,0.7,0.44062501192092896,am
418,0,0.0,0.4895833432674408,0.4895833432674408,0.3,0.4427083134651184,am
419,0,0.045454535109887985,0.4791666567325592,0.4375,0.2,0.4312500059604645,am
420,0,0.0,0.0,0.0,0.8,0.0,am
421,1,0.0,0.4791666567325592,0.4791666567325592,0.4,0.4416666626930237,am
422,0,0.0,0.4895833432674408,0.4895833432674408,0.3,0.44062501192092896,am
423,1,0.0,0.5,0.5,0.3,0.44999998807907104,am
424,0,0.0,0.5,0.5,0.7,0.44999998807907104,am
425,1,0.0,0.4791666567325592,0.4791666567325592,0.9,0.4312500059604645,am
426,1,0.0,0.0,0.0,0.5,0.0,am
427,0,0.0,0.4895833432674408,0.4895833432674408,0.3,0.44062501192092896,am
428,1,0.0,0.4791666567325592,0.4791666567325592,0.9,0.4312500059604645,am
429,0,0.010752708681156995,0.4895833432674408,0.4791666567325592,0.6,0.43958330154418945,am
430,1,0.0,0.3333333432674408,0.3333333432674408,0.6,0.29999998211860657,am
431,1,0.0,0.3333333432674408,0.3333333432674408,0.6,0.29999998211860657,am
432,1,0.0,0.375,0.375,0.5,0.3375000059604645,am
433,1,-0.045454535109887985,0.4375,0.4791666567325592,0.8,0.4312500059604645,am
434,0,0.0,1.0,1.0,0.4,0.8999999761581421,am
435,0,0.0,0.5,0.5,0.5,0.5,am
436,1,-0.045454535109887985,0.4375,0.4791666567325592,0.8,0.4312500059604645,am
437,1,-0.045454535109887985,0.4375,0.4791666567325592,0.8,0.4312500059604645,am
438,1,0.0,0.5,0.5,0.3,0.44999998807907104,am
439,0,0.0,0.5,0.5,0.5,0.46812501549720764,am
440,0,0.045454535109887985,0.4791666567325592,0.4375,0.2,0.4312500059604645,am
441,1,0.0,0.0,0.0,0.8,0.0,am
442,1,0.0,0.4895833432674408,0.4895833432674408,0.7,0.44062501192092896,am
443,1,0.0,0.375,0.375,0.6,0.36666667461395264,am
444,1,0.0,0.0,0.0,0.5,0.0,am
445,1,0.0,0.0,0.0,0.2,0.0,am
446,1,0.0,0.0,0.0,0.8,0.0,am
447,0,0.045454535109887985,0.4791666567325592,0.4375,0.2,0.4312500059604645,am
448,0,0.0,0.3333333432674408,0.3333333432674408,0.7,0.32499998807907104,am
449,0,0.0,0.5,0.5,0.7,0.44999998807907104,am
450,0,-0.9999999999960001,0.0,0.25,0.6,0.23749999701976776,am
451,0,0.0,0.4895833432674408,0.4895833432674408,0.4,0.4937500059604645,am
452,0,0.0,0.375,0.375,0.4,0.3375000059604645,am
453,1,0.0,0.0,0.0,0.3,0.0,am
454,1,0.0,0.25,0.25,0.5,0.22499999403953552,am
455,1,0.0,0.4895833432674408,0.4895833432674408,0.7,0.4895833432674408,am
456,1,-0.045454535109887985,0.4375,0.4791666567325592,0.8,0.4312500059604645,am
457,1,0.0,0.4895833432674408,0.4895833432674408,0.8,0.4895833432674408,am
458,0,0.0,0.4895833432674408,0.4895833432674408,0.2,0.4895833432674408,am
459,1,-0.04347826086950473,0.34375,0.375,0.7,0.3343749940395355,am
460,1,-0.045454535109887985,0.4375,0.4791666567325592,0.8,0.4312500059604645,am
461,0,0.0,0.4791666567325592,0.4791666567325592,0.1,0.4312500059604645,am
462,1,-0.010752708681156995,0.4791666567325592,0.4895833432674408,0.5,0.43958336114883423,am
463,0,0.0,0.4895833432674408,0.4895833432674408,0.3,0.4895833432674408,am
464,0,0.0,0.25,0.25,0.5,0.22499999403953552,am
465,0,0.0,1.0,1.0,0.4,0.8999999761581421,am
467,1,-0.010752708681156995,0.4791666567325592,0.4895833432674408,0.2,0.44062501192092896,am
468,0,0.0,0.375,0.375,0.5,0.3375000059604645,am
469,0,0.0,0.375,0.375,0.5,0.3375000059604645,am
470,1,0.0,0.4791666567325592,0.4791666567325592,0.9,0.4312500059604645,am
471,1,0.0,0.5,0.5,0.4,0.44999998807907104,am
472,1,0.0,0.3333333432674408,0.3333333432674408,0.7,0.3125,am
473,0,-0.045454535109887985,0.4375,0.4791666567325592,0.6,0.4270833432674408,am
474,0,0.0,0.375,0.375,0.5,0.3375000059604645,am
475,1,0.0,0.25,0.25,0.4,0.25,am
476,0,0.0,0.4895833432674408,0.4895833432674408,0.3,0.44062501192092896,am
477,1,-0.045454535109887985,0.4375,0.4791666567325592,0.7,0.4312500059604645,am
478,1,0.0,0.4895833432674408,0.4895833432674408,0.7,0.44062501192092896,am
479,0,0.0,0.375,0.375,0.0,0.3375000059604645,am
480,1,0.0,0.375,0.375,0.5,0.3375000059604645,am
481,1,0.0,0.4895833432674408,0.4895833432674408,0.7,0.44062501192092896,am
482,0,0.0,0.4791666567325592,0.4791666567325592,0.5,0.4416666626930237,am
483,0,0.0,0.0,0.0,0.8,0.0,am
484,1,-0.010752708681156995,0.4791666567325592,0.4895833432674408,0.5,0.43958336114883423,am
485,1,0.0,0.375,0.375,0.5,0.3375000059604645,am
486,1,0.0,0.3333333432674408,0.3333333432674408,0.6,0.29999998211860657,am
487,0,0.0,0.3333333432674408,0.3333333432674408,0.4,0.29999998211860657,am
488,1,0.0,0.4895833432674408,0.4895833432674408,0.7,0.44062501192092896,am
489,0,-0.014925359112808694,0.34375,0.3541666567325592,0.8,0.3218750059604645,am
490,1,0.0,0.4895833432674408,0.4895833432674408,0.7,0.44062501192092896,am
491,0,0.0,0.25,0.25,0.5,0.22499999403953552,am
492,0,0.0,0.0,0.0,0.8,0.0,am
493,1,0.0,0.0,0.0,0.2,0.0,am
494,1,0.0,0.4791666567325592,0.4791666567325592,0.8,0.4312500059604645,am
495,1,0.0,0.0,0.0,0.6,0.0,am
496,1,-0.045454535109887985,0.4375,0.4791666567325592,0.8,0.4312500059604645,am
498,1,0.0,0.3333333432674408,0.3333333432674408,0.7,0.29999998211860657,am
499,1,0.0,0.4791666567325592,0.4791666567325592,0.8,0.4312500059604645,am
500,1,-0.010752708681156995,0.4791666567325592,0.4895833432674408,0.2,0.44062501192092896,am
501,1,0.0,0.0,0.0,0.5,0.0,am
502,1,-0.045454535109887985,0.4375,0.4791666567325592,0.8,0.4312500059604645,am
503,1,-0.045454535109887985,0.4375,0.4791666567325592,0.8,0.4312500059604645,am
504,0,0.04477611196728874,0.4375,0.4000000059604645,0.2,0.3866666853427887,am
505,0,0.0,0.375,0.375,0.4,0.3375000059604645,am
506,1,0.0,0.3333333432674408,0.3333333432674408,0.4,0.30625003576278687,am
507,0,0.0,0.25,0.25,0.5,0.22499999403953552,am
508,0,0.0,0.0,0.0,0.5,0.0,am
510,0,0.0,0.4895833432674408,0.4895833432674408,0.4,0.44062501192092896,am
511,1,0.0,0.25,0.25,0.4,0.22499999403953552,am
512,0,0.0,0.4895833432674408,0.4895833432674408,0.2,0.44062501192092896,am
513,0,0.0,0.375,0.375,0.4,0.3375000059604645,am
514,0,0.045454535109887985,0.4791666567325592,0.4375,0.2,0.4312500059604645,am
515,1,-0.045454535109887985,0.4375,0.4791666567325592,0.8,0.4312500059604645,am
516,1,0.0,0.0,0.0,0.2,0.0,am
517,0,0.0,0.4895833432674408,0.4895833432674408,0.2,0.44062501192092896,am
518,0,0.0,0.4791666567325592,0.4791666567325592,0.5,0.4416666626930237,am
519,1,0.0,0.3333333432674408,0.3333333432674408,0.6,0.29999998211860657,am
520,0,0.0,0.4895833432674408,0.4895833432674408,0.4,0.4427083134651184,am
521,1,0.024390255816247996,0.4375,0.4166666567325592,0.4,0.3895833194255829,am
522,1,0.0,0.4791666567325592,0.4791666567325592,0.5,0.4895833134651184,am
523,0,0.045454535109887985,0.4791666567325592,0.4375,0.2,0.4312500059604645,am
524,1,0.0,0.4791666567325592,0.4791666567325592,0.8,0.4312500059604645,am
525,0,0.0,0.3333333432674408,0.3333333432674408,0.4,0.3333333134651184,am
526,0,0.045454535109887985,0.4791666567325592,0.4375,0.2,0.4312500059604645,am
527,1,0.0,0.4791666567325592,0.4791666567325592,0.4,0.44166669249534607,am
528,0,0.010752708681156995,0.4895833432674408,0.4791666567325592,0.6,0.4885416626930237,am
529,0,0.0,0.4895833432674408,0.4895833432674408,0.2,0.44062501192092896,am
530,0,0.0,0.3333333432674408,0.3333333432674408,0.4,0.29999998211860657,am
531,1,0.0,0.4895833432674408,0.4895833432674408,0.8,0.44062501192092896,am
532,1,-0.021276606105991774,0.4791666567325592,0.5,0.6,0.44999998807907104,am
533,1,0.01052630564511585,0.5,0.4895833432674408,0.5,0.4489583373069763,am
534,0,0.0,0.4791666567325592,0.4791666567325592,0.8,0.44166669249534607,am
536,0,0.0,0.0,0.0,0.2,0.0,am
537,1,0.0,0.0,0.0,0.8,0.0,am
538,1,0.0,0.0,0.0,0.2,0.0,am
539,1,-0.010752708681156995,0.4791666567325592,0.4895833432674408,0.5,0.43958330154418945,am
540,1,0.01052630564511585,0.5,0.4895833432674408,0.5,0.4489583373069763,am
541,0,0.0,0.0,0.0,0.8,0.0,am
542,1,0.0,0.4895833432674408,0.4895833432674408,0.7,0.49166664481163025,am
543,1,0.0,0.4791666567325592,0.4791666567325592,0.8,0.4312500059604645,am
544,0,0.0,0.0,0.0,0.8,0.0,am
545,0,0.045454535109887985,0.4791666567325592,0.4375,0.2,0.4312500059604645,am
546,0,0.0,0.3333333432674408,0.3333333432674408,0.4,0.29999998211860657,am
547,0,0.010752708681156995,0.4895833432674408,0.4791666567325592,0.8,0.44062501192092896,am
548,0,0.0,0.3333333432674408,0.3333333432674408,0.5,0.30625003576278687,am
549,1,0.0,0.0,0.0,0.2,0.0,am
550,0,0.0,0.3333333432674408,0.3333333432674408,0.4,0.3333333134651184,am
551,1,0.0,0.0,0.0,0.8,0.0,am
552,0,0.0,0.4895833432674408,0.4895833432674408,0.4,0.44062501192092896,am
553,0,0.045454535109887985,0.4791666567325592,0.4375,0.2,0.4270833432674408,am
554,1,0.030303030303000914,0.53125,0.5,0.4,0.46812501549720764,am
555,0,0.045454535109887985,0.4791666567325592,0.4375,0.3,0.4270833432674408,am
556,0,0.0,0.4791666567325592,0.4791666567325592,0.5,0.44166669249534607,am
557,0,0.006289302140419694,0.5,0.4937500059604645,0.6,0.4675000309944153,am
558,1,-0.045454535109887985,0.4375,0.4791666567325592,0.8,0.4270833432674408,am
559,1,-0.045454535109887985,0.4375,0.4791666567325592,0.8,0.4270833432674408,am
560,1,0.0,0.4791666567325592,0.4791666567325592,0.5,0.44166669249534607,am
561,0,0.0,1.0,1.0,0.5,0.8999999761581421,am
562,1,0.0,0.4895833432674408,0.4895833432674408,0.8,0.44062501192092896,am
563,1,0.0,0.3333333432674408,0.3333333432674408,0.6,0.29999998211860657,am
564,0,0.0526315670593948,0.4166666567325592,0.375,0.3,0.36666667461395264,am
565,0,0.0,0.4895833432674408,0.4895833432674408,0.4,0.44062501192092896,am
566,0,0.045454535109887985,0.4791666567325592,0.4375,0.2,0.4312500059604645,am
567,0,0.0,0.4895833432674408,0.4895833432674408,0.2,0.44062501192092896,am
568,1,0.0,0.4895833432674408,0.4895833432674408,0.8,0.44062501192092896,am
569,1,-0.014989309760122433,0.4791666567325592,0.4937500059604645,0.6,0.4454166293144226,am
570,0,0.0,0.4895833432674408,0.4895833432674408,0.2,0.44062501192092896,am
571,0,0.0,0.0,0.0,0.8,0.0,am
572,1,0.0,0.375,0.375,0.3,0.4000000059604645,am
573,1,0.0,0.4895833432674408,0.4895833432674408,0.8,0.44062501192092896,am
575,0,0.0,0.0,0.0,0.2,0.0,am
576,1,-0.045454535109887985,0.4375,0.4791666567325592,0.8,0.4312500059604645,am
577,1,0.0,0.375,0.375,0.6,0.375,am
578,1,0.0,0.3333333432674408,0.3333333432674408,0.6,0.29999998211860657,am
579,1,0.0,0.5,0.5,0.3,0.44999998807907104,am
580,1,0.0,0.4791666567325592,0.4791666567325592,0.9,0.4312500059604645,am
581,1,0.0,0.3333333432674408,0.3333333432674408,0.6,0.29999998211860657,am
582,1,0.0,0.25,0.25,0.4,0.22499999403953552,am
583,1,0.0,0.3499999940395355,0.3499999940395355,0.7,0.3345833122730255,am
584,0,0.0,1.0,1.0,0.5,0.8999999761581421,am
585,0,0.0,0.4791666567325592,0.4791666567325592,0.1,0.4312500059604645,am
586,0,0.0,0.4791666567325592,0.4791666567325592,0.1,0.4312500059604645,am
587,1,-0.045454535109887985,0.4375,0.4791666567325592,0.8,0.4312500059604645,am
588,1,-0.045454535109887985,0.4375,0.4791666567325592,0.8,0.4312500059604645,am
589,0,0.0,0.0,0.0,0.2,0.0,am
590,0,0.0,0.4895833432674408,0.4895833432674408,0.2,0.44062501192092896,am
591,1,0.0,0.4895833432674408,0.4895833432674408,0.8,0.44062501192092896,am
592,1,0.0,0.3333333432674408,0.3333333432674408,0.8,0.29999998211860657,am
593,1,-0.010752708681156995,0.4791666567325592,0.4895833432674408,0.4,0.43958330154418945,am
594,0,0.0,0.0,0.0,0.5,0.0,am
595,1,0.0,0.4895833432674408,0.4895833432674408,0.8,0.44062501192092896,am
596,0,0.0,0.3333333432674408,0.3333333432674408,0.4,0.29999998211860657,am
597,1,0.0,0.25,0.25,0.5,0.22499999403953552,am
598,1,-0.045454535109887985,0.4375,0.4791666567325592,0.8,0.4312500059604645,am
599,1,0.0,0.0,0.0,0.8,0.0,am
600,1,0.0,0.4895833432674408,0.4895833432674408,0.8,0.44062501192092896,am
601,1,-0.045454535109887985,0.4375,0.4791666567325592,0.8,0.4312500059604645,am
602,1,0.0,0.3333333432674408,0.3333333432674408,0.6,0.29999998211860657,am
603,0,0.045454535109887985,0.4791666567325592,0.4375,0.2,0.4312500059604645,am
604,0,0.0,0.0,0.0,0.4,0.0,am
605,0,0.045454535109887985,0.4791666567325592,0.4375,0.2,0.4312500059604645,am
606,1,0.0,0.0,0.0,0.8,0.0,am
607,1,0.0,0.4791666567325592,0.4791666567325592,0.9,0.4312500059604645,am
608,0,0.0,0.34375,0.34375,0.6,0.3531250059604645,am
609,1,0.0,0.375,0.375,0.9,0.3375000059604645,am
610,1,-0.045454535109887985,0.4375,0.4791666567325592,0.8,0.4312500059604645,am
611,0,0.0,1.0,1.0,0.4,1.0,am
612,1,-0.0526315670593948,0.375,0.4166666567325592,0.6,0.4124999940395355,am
613,1,0.0,0.25,0.25,0.5,0.22499999403953552,am
614,0,0.0,0.3333333432674408,0.3333333432674408,0.4,0.29999998211860657,am
616,1,0.0,0.4791666567325592,0.4791666567325592,0.9,0.4312500059604645,am
617,0,0.010752708681156995,0.4895833432674408,0.4791666567325592,0.6,0.43958336114883423,am
618,0,0.0,0.4791666567325592,0.4791666567325592,0.5,0.4416666626930237,am
619,1,-0.045454535109887985,0.4375,0.4791666567325592,0.8,0.4312500059604645,am
620,0,0.045454535109887985,0.4791666567325592,0.4375,0.2,0.4312500059604645,am
621,0,0.0,0.3333333432674408,0.3333333432674408,0.6,0.31458336114883423,am
622,0,0.0,0.0,0.0,0.8,0.0,am
623,1,0.0,0.0,0.0,0.6,0.0,am
624,0,0.0,0.0,0.0,0.2,0.0,am
625,0,0.0,0.0,0.0,0.8,0.0,am
626,0,0.0,0.0,0.0,0.8,0.0,am
627,1,-0.045454535109887985,0.4375,0.4791666567325592,0.8,0.4312500059604645,am
628,1,0.0,0.3333333432674408,0.3333333432674408,0.6,0.29999998211860657,am
629,0,0.0,0.5,0.5,0.7,0.44999998807907104,am
630,1,0.0,0.375,0.375,0.9,0.3375000059604645,am
631,1,0.0,0.3333333432674408,0.3333333432674408,0.6,0.29999998211860657,am
632,1,0.0,0.4895833432674408,0.4895833432674408,0.8,0.44062501192092896,am
633,1,0.0,0.25,0.25,0.5,0.22499999403953552,am
634,1,0.0,0.0,0.0,0.2,0.0,am
635,0,0.045454535109887985,0.4791666567325592,0.4375,0.3,0.4270833432674408,am
636,1,0.0,0.5,0.5,0.6,0.543749988079071,am
637,0,0.0,0.3333333432674408,0.3333333432674408,0.4,0.29999998211860657,am
638,0,0.010752708681156995,0.4895833432674408,0.4791666567325592,0.7,0.44062501192092896,am
639,0,0.0,0.4895833432674408,0.4895833432674408,0.2,0.44062501192092896,am
640,1,0.0,0.0,0.0,0.8,0.0,am
641,0,0.0,0.5,0.5,0.5,0.46812501549720764,am
642,1,-0.045454535109887985,0.4375,0.4791666567325592,0.8,0.4312500059604645,am
643,1,0.0,0.4895833432674408,0.4895833432674408,0.8,0.44062501192092896,am
644,0,0.06666666666659556,0.5,0.4375,0.3,0.43958330154418945,am
645,0,0.045454535109887985,0.4791666567325592,0.4375,0.2,0.4312500059604645,am
646,1,0.022222201029435933,0.4791666567325592,0.4583333432674408,0.2,0.4312500059604645,am
647,0,0.0,0.5,0.5,0.7,0.5,am
648,1,0.0,0.3333333432674408,0.3333333432674408,0.8,0.29999998211860657,am
649,1,0.0,0.4895833432674408,0.4895833432674408,0.8,0.44062501192092896,am
650,0,0.0,0.4791666567325592,0.4791666567325592,0.5,0.4895833134651184,am
651,0,0.0,0.4895833432674408,0.4895833432674408,0.2,0.44062501192092896,am
652,0,0.045454535109887985,0.4791666567325592,0.4375,0.2,0.4312500059604645,am
653,1,0.0,0.5,0.5,0.3,0.44999998807907104,am
654,0,0.045454535109887985,0.4791666567325592,0.4375,0.2,0.4312500059604645,am
655,1,-0.045454535109887985,0.4375,0.4791666567325592,0.8,0.4312500059604645,am
656,0,0.045454535109887985,0.4791666567325592,0.4375,0.2,0.4312500059604645,am
657,1,-0.045454535109887985,0.4375,0.4791666567325592,0.8,0.4312500059604645,am
660,1,0.0,0.4895833432674408,0.4895833432674408,0.5,0.4437499940395355,am
661,0,0.014989309760122433,0.4937500059604645,0.4791666567325592,0.4,0.49541664123535156,am
662,0,0.045454535109887985,0.4791666567325592,0.4375,0.2,0.4312500059604645,am
663,0,0.0,0.375,0.375,0.5,0.3375000059604645,am
664,1,0.0,0.5,0.5,0.3,0.5,am
665,0,0.0,0.3333333432674408,0.3333333432674408,0.4,0.29999998211860657,am
666,1,-0.045454535109887985,0.4375,0.4791666567325592,0.8,0.4312500059604645,am
667,1,-0.045454535109887985,0.4375,0.4791666567325592,0.8,0.4312500059604645,am
668,1,0.0,0.4791666567325592,0.4791666567325592,0.9,0.4312500059604645,am
669,0,0.0,0.5,0.5,0.7,0.5,am
670,0,0.0,0.4895833432674408,0.4895833432674408,0.2,0.44062501192092896,am
671,0,0.0,0.5,0.5,0.5,0.46812501549720764,am
672,1,0.05882351456208179,0.375,0.3333333432674408,0.5,0.3375000059604645,am
673,0,0.0,0.0,0.0,0.8,0.0,am
674,1,0.0,0.25,0.25,0.5,0.22499999403953552,am
675,0,0.045454535109887985,0.4791666567325592,0.4375,0.2,0.4312500059604645,am
676,1,0.0,0.0,0.0,0.8,0.0,am
677,1,0.0,0.5,0.5,0.3,0.5,am
678,1,0.01052630564511585,0.5,0.4895833432674408,0.4,0.4647916853427887,am
679,0,0.0,0.0,0.0,0.8,0.0,am
680,0,0.0,0.0,0.0,0.2,0.0,am
681,0,0.045454535109887985,0.4791666567325592,0.4375,0.2,0.4312500059604645,am
682,0,0.0,0.4895833432674408,0.4895833432674408,0.3,0.4427083134651184,am
683,1,0.0,1.0,1.0,0.6,0.8999999761581421,am
684,1,0.0,0.4895833432674408,0.4895833432674408,0.8,0.44062501192092896,am
685,0,0.0,0.0,0.0,0.8,0.0,am
686,1,-0.010752708681156995,0.4791666567325592,0.4895833432674408,0.2,0.44062501192092896,am
688,0,0.0,0.4791666567325592,0.4791666567325592,0.6,0.44166669249534607,am
689,1,0.0,0.375,0.375,0.9,0.3375000059604645,am
690,1,0.0,0.3333333432674408,0.3333333432674408,0.6,0.29999998211860657,am
691,1,0.0,0.3333333432674408,0.3333333432674408,0.6,0.29999998211860657,am
692,0,0.0,0.4791666567325592,0.4791666567325592,0.7,0.4416666626930237,am
694,1,0.0,0.0,0.0,0.6,0.0,am
695,0,0.0,0.0,0.0,0.2,0.0,am
696,1,0.0,0.0,0.0,0.3,0.0,am
697,0,0.0,0.0,0.0,0.2,0.0,am
698,1,-0.045454535109887985,0.4375,0.4791666567325592,0.8,0.4312500059604645,am
699,1,0.0,0.4791666567325592,0.4791666567325592,0.4,0.4416666626930237,am
700,0,0.0,0.0,0.0,0.8,0.0,am
701,1,0.006289302140419694,0.5,0.4937500059604645,0.6,0.5406249761581421,am
702,0,0.0,0.3333333432674408,0.3333333432674408,0.2,0.29999998211860657,am
703,0,-0.030303001403764518,0.3333333432674408,0.3541666567325592,0.4,0.3270833492279053,am
704,1,0.0,0.4791666567325592,0.4791666567325592,0.8,0.4791666567325592,am
705,0,0.0,0.4895833432674408,0.4895833432674408,0.2,0.44062501192092896,am
706,1,-0.045454535109887985,0.4375,0.4791666567325592,0.8,0.4312500059604645,am
707,0,0.0,0.0,0.0,0.8,0.0,am
708,1,0.0,0.5,0.5,0.8,0.5418750047683716,am
709,0,0.0,0.4791666567325592,0.4791666567325592,0.6,0.4416666626930237,am
710,0,0.010752708681156995,0.4895833432674408,0.4791666567325592,0.5,0.43958330154418945,am
711,1,0.0,0.3125,0.3125,0.6,0.28125,am
712,0,0.0,0.0,0.0,0.8,0.0,am
713,1,0.0,0.0,0.0,0.2,0.0,am
714,0,0.0,0.0,0.0,0.2,0.0,am
715,1,0.0,0.25,0.25,0.4,0.25,am
716,0,0.045454535109887985,0.4791666567325592,0.4375,0.2,0.4312500059604645,am
717,1,-0.045454535109887985,0.4375,0.4791666567325592,0.8,0.4312500059604645,am
718,0,0.014989309760122433,0.4937500059604645,0.4791666567325592,0.2,0.49541664123535156,am
719,1,-0.045454535109887985,0.4375,0.4791666567325592,0.8,0.4312500059604645,am
720,0,0.0526315670593948,0.4166666567325592,0.375,0.2,0.3708333373069763,am
721,0,0.0,0.3333333432674408,0.3333333432674408,0.4,0.3333333134651184,am
722,0,0.045454535109887985,0.4791666567325592,0.4375,0.2,0.4312500059604645,am
723,1,0.0,0.3583333194255829,0.3583333194255829,0.6,0.3322916626930237,am
724,0,0.0,0.4791666567325592,0.4791666567325592,0.2,0.4791666567325592,am
725,0,-0.01052630564511585,0.4895833432674408,0.5,0.4,0.4489583373069763,am
726,1,0.045454535109887985,0.4791666567325592,0.4375,0.4,0.4749999940395355,am
727,0,0.0,0.0,0.0,0.5,0.0,am
728,0,0.0,1.0,1.0,0.4,0.8999999761581421,am
729,1,-0.014989309760122433,0.4791666567325592,0.4937500059604645,0.6,0.44604167342185974,am
731,0,0.0,0.0,0.0,0.2,0.0,am
732,1,-0.045454535109887985,0.4375,0.4791666567325592,0.6,0.4270833432674408,am
733,0,0.0,0.5,0.5,0.7,0.5,am
735,0,0.0,0.4791666567325592,0.4791666567325592,0.2,0.4791666567325592,am
736,1,0.0,0.0,0.0,0.8,0.0,am
737,0,0.0,0.0,0.0,0.5,0.0,am
739,1,0.0,0.4791666567325592,0.4791666567325592,0.8,0.4791666567325592,am
740,1,0.0,1.0,1.0,0.6,0.8999999761581421,am
741,1,0.0,0.4895833432674408,0.4895833432674408,0.8,0.44062501192092896,am
742,0,0.0,0.4791666567325592,0.4791666567325592,0.6,0.4895833134651184,am
743,0,0.045454535109887985,0.4791666567325592,0.4375,0.2,0.4312500059604645,am
744,0,0.0,0.4895833432674408,0.4895833432674408,0.3,0.4427083134651184,am
745,1,-0.014989309760122433,0.4791666567325592,0.4937500059604645,0.5,0.44604167342185974,am
746,1,-0.014989309760122433,0.4791666567325592,0.4937500059604645,0.6,0.49541664123535156,am
747,1,0.0,0.5,0.5,0.3,0.44999998807907104,am
748,1,0.0,1.0,1.0,0.5,0.8999999761581421,am
749,1,0.0,0.0,0.0,0.8,0.0,am
750,1,0.021276606105991774,0.5,0.4791666567325592,0.2,0.44999998807907104,am
751,0,0.045454535109887985,0.4791666567325592,0.4375,0.2,0.4312500059604645,am
752,0,0.010752708681156995,0.4895833432674408,0.4791666567325592,0.8,0.44062501192092896,am
753,1,0.0,0.0,0.0,0.8,0.0,am
754,1,0.0,0.4791666567325592,0.4791666567325592,0.5,0.4416666626930237,am
755,0,0.045454535109887985,0.4791666567325592,0.4375,0.2,0.4312500059604645,am
756,0,0.045454535109887985,0.4791666567325592,0.4375,0.2,0.4312500059604645,am
757,1,0.0,0.5,0.5,0.3,0.44999998807907104,am
758,1,0.0,0.0,0.0,0.5,0.0,am
759,0,0.0,0.4895833432674408,0.4895833432674408,0.2,0.4895833432674408,am
760,0,0.0,0.375,0.375,0.4,0.3375000059604645,am
761,1,0.0,0.4895833432674408,0.4895833432674408,0.7,0.4427083134651184,am
762,0,0.0,0.4895833432674408,0.4895833432674408,0.2,0.4895833432674408,am
763,0,-0.01052630564511585,0.4895833432674408,0.5,0.4,0.4489583373069763,am
764,1,0.0,0.4895833432674408,0.4895833432674408,0.8,0.44062501192092896,am
765,0,0.045454535109887985,0.4791666567325592,0.4375,0.2,0.4312500059604645,am
766,0,0.0,1.0,1.0,0.5,0.8999999761581421,am
767,0,-0.022222201029435933,0.4583333432674408,0.4791666567325592,0.8,0.429166704416275,am
768,0,0.0,0.4895833432674408,0.4895833432674408,0.4,0.444791704416275,am
769,0,0.0,0.0,0.0,0.2,0.0,am
770,0,0.0,0.0,0.0,0.2,0.0,am
771,1,0.0,0.4791666567325592,0.4791666567325592,0.1,0.4416666626930237,am
772,0,0.0,0.5,0.5,0.7,0.44999998807907104,am
773,0,-0.030303001403764518,0.3333333432674408,0.3541666567325592,0.4,0.3270833492279053,am
774,0,0.0,0.0,0.0,0.2,0.0,am
775,0,0.010752708681156995,0.4895833432674408,0.4791666567325592,0.6,0.43958330154418945,am
776,1,0.0,0.4937500059604645,0.4937500059604645,0.6,0.5118750333786011,am
777,1,0.0,0.5,0.5,0.3,0.44999998807907104,am
778,0,0.0,0.4937500059604645,0.4937500059604645,0.3,0.5118750333786011,am
780,1,0.0,0.0,0.0,0.5,0.0,am
781,0,0.0,0.0,0.0,0.8,0.0,am
783,0,0.0,0.0,0.0,0.2,0.0,am
784,1,-0.045454535109887985,0.4375,0.4791666567325592,0.8,0.4312500059604645,am
785,1,0.0,0.4895833432674408,0.4895833432674408,0.8,0.44062501192092896,am
786,1,0.0,0.3333333432674408,0.3333333432674408,0.6,0.29999998211860657,am
787,1,0.0,0.4791666567325592,0.4791666567325592,0.8,0.4791666567325592,am
788,1,0.0,0.375,0.375,0.9,0.3375000059604645,am
789,0,0.0,0.4895833432674408,0.4895833432674408,0.2,0.44062501192092896,am
790,0,0.0,0.0,0.0,0.5,0.0,am
791,1,0.0,0.375,0.375,0.9,0.3375000059604645,am
792,1,0.022222201029435933,0.4791666567325592,0.4583333432674408,0.2,0.4312500059604645,am
793,1,0.0,0.0,0.0,0.2,0.0,am
794,0,0.0,0.5,0.5,0.6,0.44999998807907104,am
795,1,0.0,0.4895833432674408,0.4895833432674408,0.8,0.44062501192092896,am
796,0,0.0,0.4791666567325592,0.4791666567325592,0.2,0.4791666567325592,am
797,1,0.0,0.4895833432674408,0.4895833432674408,0.8,0.44062501192092896,am
798,1,0.0,0.5,0.5,0.3,0.44999998807907104,am
799,0,0.045454535109887985,0.4791666567325592,0.4375,0.3,0.4749999940395355,am
800,1,0.0,0.4791666567325592,0.4791666567325592,0.8,0.4791666567325592,am
801,1,-0.045454535109887985,0.4375,0.4791666567325592,0.8,0.4312500059604645,am
802,0,0.0,0.3125,0.3125,0.3,0.28125,am
803,0,0.0,0.5,0.5,0.7,0.44999998807907104,am
804,0,0.0,0.4895833432674408,0.4895833432674408,0.2,0.44062501192092896,am
805,1,0.0,0.3333333432674408,0.3333333432674408,0.6,0.29999998211860657,am
806,1,0.0,0.25,0.25,0.4,0.22499999403953552,am
807,0,0.045454535109887985,0.4791666567325592,0.4375,0.2,0.4312500059604645,am
808,0,0.045454535109887985,0.4791666567325592,0.4375,0.2,0.4312500059604645,am
809,1,-0.014989309760122433,0.4791666567325592,0.4937500059604645,0.6,0.4454166293144226,am
810,0,0.010752708681156995,0.4895833432674408,0.4791666567325592,0.7,0.44062501192092896,am
811,0,0.045454535109887985,0.4791666567325592,0.4375,0.2,0.4312500059604645,am
812,1,0.021276606105991774,0.5,0.4791666567325592,0.3,0.49791669845581055,am
813,1,0.0,0.4895833432674408,0.4895833432674408,0.5,0.4437499940395355,am
814,0,0.0,0.3333333432674408,0.3333333432674408,0.4,0.3333333134651184,am
815,0,0.0,0.4895833432674408,0.4895833432674408,0.3,0.4427083134651184,am
816,1,0.0,0.0,0.0,0.2,0.0,am
817,0,0.0,0.3333333432674408,0.3333333432674408,0.4,0.29999998211860657,am
818,0,0.0,0.4791666567325592,0.4791666567325592,0.2,0.4791666567325592,am
819,0,0.021276606105991774,0.5,0.4791666567325592,0.5,0.49791663885116577,am
820,1,0.0,0.0,0.0,0.8,0.0,am
821,0,0.014989309760122433,0.4937500059604645,0.4791666567325592,0.4,0.4454166293144226,am
822,0,0.0,0.0,0.0,0.8,0.0,am
823,1,0.0,0.5,0.5,0.3,0.5,am
824,0,0.0,0.3333333432674408,0.3333333432674408,0.4,0.29999998211860657,am
825,1,-0.045454535109887985,0.4375,0.4791666567325592,0.8,0.4312500059604645,am
826,1,0.0,0.0,0.0,0.5,0.0,am
827,1,0.0,0.0,0.0,0.5,0.0,am
828,0,0.0,0.4895833432674408,0.4895833432674408,0.4,0.4427083134651184,am
830,1,0.0,0.5,0.5,0.2,0.44999998807907104,am
831,1,0.0,0.375,0.375,0.7,0.3708333373069763,am
833,0,0.0,0.0,0.0,0.2,0.0,am
834,0,0.0,0.3333333432674408,0.3333333432674408,0.4,0.29999998211860657,am
835,0,0.0,1.0,1.0,0.4,1.0,am
836,0,0.0,0.4895833432674408,0.4895833432674408,0.2,0.44062501192092896,am
837,1,0.0,0.4895833432674408,0.4895833432674408,0.8,0.44062501192092896,am
838,0,0.0,0.4791666567325592,0.4791666567325592,0.1,0.4791666567325592,am
839,0,0.0,0.0,0.0,0.8,0.0,am
840,0,0.045454535109887985,0.4791666567325592,0.4375,0.2,0.4312500059604645,am
841,1,0.0,0.4895833432674408,0.4895833432674408,0.8,0.4895833432674408,am
843,0,0.0,0.0,0.0,0.8,0.0,am
844,1,0.0,0.4895833432674408,0.4895833432674408,0.7,0.49166664481163025,am
845,1,0.0,0.0,0.0,0.2,0.0,am
847,0,0.0,0.25,0.25,0.5,0.25,am
848,1,0.0,0.4895833432674408,0.4895833432674408,0.7,0.49166664481163025,am
849,1,0.0,0.4895833432674408,0.4895833432674408,0.8,0.44062501192092896,am
850,0,0.0,0.0,0.0,0.8,0.0,am
851,0,0.014989309760122433,0.4937500059604645,0.4791666567325592,0.2,0.44604167342185974,am
852,1,0.021276606105991774,0.5,0.4791666567325592,0.3,0.44999998807907104,am
853,0,0.0,0.5,0.5,0.7,0.44999998807907104,am
854,1,0.0,0.375,0.375,0.2,0.3375000059604645,am
855,1,0.0,0.25,0.25,0.2,0.22499999403953552,am
856,0,0.006289302140419694,0.5,0.4937500059604645,0.6,0.5175000429153442,am
857,0,0.0,0.3333333432674408,0.3333333432674408,0.5,0.30625003576278687,am
858,1,0.0,0.4791666567325592,0.4791666567325592,0.4,0.4416666626930237,am
859,0,0.010752708681156995,0.4895833432674408,0.4791666567325592,0.3,0.43958330154418945,am
860,1,0.0,0.3333333432674408,0.3333333432674408,0.6,0.29999998211860657,am
862,0,0.010752708681156995,0.4895833432674408,0.4791666567325592,0.5,0.43958330154418945,am
863,0,0.0,0.25,0.25,1.0,0.22499999403953552,am
864,0,0.0,0.3333333432674408,0.3333333432674408,0.4,0.29999998211860657,am
865,0,0.0,0.0,0.0,0.2,0.0,am
866,1,0.0,0.4895833432674408,0.4895833432674408,0.8,0.44062501192092896,am
867,1,0.0,0.4937500059604645,0.4937500059604645,0.6,0.5118750333786011,am
868,0,0.0,0.0,0.0,0.2,0.0,am
869,1,0.0,0.4895833432674408,0.4895833432674408,0.6,0.44062501192092896,am
870,0,0.0,0.0,0.0,0.5,0.0,am
871,0,0.0,0.4791666567325592,0.4791666567325592,0.6,0.44166669249534607,am
872,0,0.0,0.0,0.0,0.5,0.0,am
873,1,0.0,0.0,0.0,0.5,0.0,am
874,1,0.0,0.0,0.0,0.8,0.0,am
875,1,0.0,0.0,0.0,0.5,0.0,am
876,1,0.0,0.0,0.0,0.5,0.0,am
877,1,0.0,0.0,0.0,0.5,0.0,am
878,0,0.0,0.0,0.0,0.5,0.0,am
879,1,0.0,0.4791666567325592,0.4791666567325592,0.4,0.4895833134651184,am
880,1,0.0,0.0,0.0,0.5,0.0,am
881,0,0.0,0.0,0.0,0.5,0.0,am
882,1,0.0,0.4791666567325592,0.4791666567325592,0.8,0.4791666567325592,am
883,1,-0.021276606105991774,0.4791666567325592,0.5,0.5,0.49791669845581055,am
884,0,0.0,0.0,0.0,0.5,0.0,am
885,1,0.0,0.0,0.0,0.5,0.0,am
886,1,-0.045454535109887985,0.4375,0.4791666567325592,0.8,0.4749999940395355,am
887,0,0.0,0.0,0.0,0.5,0.0,am
888,0,0.0,0.375,0.375,0.1,0.3375000059604645,am
889,0,0.0,0.4895833432674408,0.4895833432674408,0.2,0.44062501192092896,am
890,1,0.0,0.4791666567325592,0.4791666567325592,0.5,0.4895833134651184,am
891,0,0.0,0.4791666567325592,0.4791666567325592,0.5,0.4895833134651184,am
892,1,0.0,0.25,0.25,0.5,0.22499999403953552,am
893,1,0.0,0.3333333432674408,0.3333333432674408,0.6,0.29999998211860657,am
894,0,-0.022222201029435933,0.4583333432674408,0.4791666567325592,0.8,0.4312500059604645,am
895,0,0.0,0.0,0.0,0.5,0.0,am
896,1,0.0,0.0,0.0,0.8,0.0,am
897,1,0.0,0.4791666567325592,0.4791666567325592,0.9,0.4791666567325592,am
898,1,0.0,0.4895833432674408,0.4895833432674408,0.8,0.44062501192092896,am
900,1,0.0,0.3333333432674408,0.3333333432674408,0.5,0.29999998211860657,am
901,1,0.0,0.375,0.375,0.6,0.3375000059604645,am
902,0,0.0,0.0,0.0,0.2,0.0,am
903,1,0.0,0.4791666567325592,0.4791666567325592,0.2,0.4895833432674408,am
904,0,0.045454535109887985,0.4791666567325592,0.4375,0.2,0.4270833432674408,am
905,0,0.045454535109887985,0.4791666567325592,0.4375,0.2,0.4270833432674408,am
906,0,0.045454535109887985,0.4791666567325592,0.4375,0.2,0.4270833432674408,am
907,0,0.0,0.0,0.0,0.8,0.0,am
908,1,0.0,0.0,0.0,0.8,0.0,am
909,0,0.0,0.3333333432674408,0.3333333432674408,0.4,0.3333333134651184,am
910,1,0.0,0.4895833432674408,0.4895833432674408,0.7,0.4895833432674408,am
911,1,0.0,0.4791666567325592,0.4791666567325592,0.3,0.4416666626930237,am
912,0,0.0,0.4895833432674408,0.4895833432674408,0.4,0.4427083134651184,am
913,1,0.0,0.3125,0.3125,0.6,0.28125,am
915,0,0.0,0.4791666567325592,0.4791666567325592,0.2,0.4791666567325592,am
916,1,0.0,0.5,0.5,0.3,0.44999998807907104,am
917,0,0.0,0.3333333432674408,0.3333333432674408,0.4,0.29999998211860657,am
918,1,-0.045454535109887985,0.4375,0.4791666567325592,0.8,0.4270833432674408,am
919,1,-0.045454535109887985,0.4375,0.4791666567325592,0.7,0.4749999940395355,am
921,0,0.0,0.5,0.5,0.5,0.44999998807907104,am
922,0,0.0,0.0,0.0,0.5,0.0,am
923,0,0.0,0.0,0.0,0.8,0.0,am
924,0,0.0,0.5,0.5,0.6,0.44999998807907104,am
925,0,0.0,0.4895833432674408,0.4895833432674408,0.2,0.44062501192092896,am
926,1,0.0,0.4895833432674408,0.4895833432674408,0.8,0.44062501192092896,am
927,1,0.0,0.375,0.375,0.9,0.375,am
928,0,0.0,0.0,0.0,0.8,0.0,am
929,0,0.0,0.4895833432674408,0.4895833432674408,0.4,0.4427083134651184,am
930,0,0.01052630564511585,0.5,0.4895833432674408,0.4,0.5064583420753479,am
931,0,0.0,0.0,0.0,0.2,0.0,am
932,0,-0.021276606105991774,0.4791666567325592,0.5,0.7,0.44999998807907104,am
933,0,0.0,0.5,0.5,0.7,0.5,am
934,0,0.0,0.4791666567325592,0.4791666567325592,0.1,0.4791666567325592,am
935,0,0.0,0.4895833432674408,0.4895833432674408,0.4,0.4437499940395355,am
936,0,0.0,0.4791666567325592,0.4791666567325592,0.1,0.4791666567325592,am
938,1,-0.045454535109887985,0.4375,0.4791666567325592,0.7,0.4270833432674408,am
939,0,0.0,0.0,0.0,0.2,0.0,am
940,0,0.0,0.0,0.0,0.7,0.15000000596046448,am
941,1,-0.010752708681156995,0.4791666567325592,0.4895833432674408,0.4,0.43958336114883423,am
942,0,-0.01052630564511585,0.4895833432674408,0.5,0.5,0.44999998807907104,am
943,0,0.0,1.0,1.0,0.4,0.8999999761581421,am
944,1,0.022222201029435933,0.4791666567325592,0.4583333432674408,0.2,0.4312500059604645,am
945,0,0.045454535109887985,0.4791666567325592,0.4375,0.2,0.4270833432674408,am
946,0,0.045454535109887985,0.4791666567325592,0.4375,0.2,0.4270833432674408,am
947,1,0.045454535109887985,0.4791666567325592,0.4375,0.5,0.4270833432674408,am
948,0,0.0,0.0,0.0,0.2,0.0,am
949,0,0.0,0.3333333432674408,0.3333333432674408,0.4,0.3333333134651184,am
950,0,0.0,0.4791666567325592,0.4791666567325592,0.6,0.4416666626930237,am
952,0,0.0,0.0,0.0,0.5,0.0,am
953,0,0.0,0.0,0.0,0.5,0.0,am
955,1,0.0,0.0,0.0,0.5,0.0,am
956,1,0.0,0.4895833432674408,0.4895833432674408,0.8,0.44062501192092896,am
957,1,0.0,0.0,0.0,0.5,0.0,am
958,1,0.0,0.5,0.5,0.4,0.44999998807907104,am
959,1,0.0,0.3125,0.3125,0.6,0.3125,am
961,1,0.01052630564511585,0.5,0.4895833432674408,0.5,0.4489583373069763,am
962,0,0.0,0.4895833432674408,0.4895833432674408,0.2,0.44062501192092896,am
963,0,0.045454535109887985,0.4791666567325592,0.4375,0.2,0.4270833432674408,am
964,1,-0.045454535109887985,0.4375,0.4791666567325592,0.8,0.4270833432674408,am
965,1,0.0,1.0,1.0,0.5,0.8999999761581421,am
967,0,0.0,0.4791666567325592,0.4791666567325592,0.5,0.4895833134651184,am
968,1,-0.045454535109887985,0.4375,0.4791666567325592,0.8,0.4270833432674408,am
969,1,0.0,0.4895833432674408,0.4895833432674408,0.8,0.4895833432674408,am
970,0,0.0,1.0,1.0,0.5,0.8999999761581421,am
971,1,0.0,0.3333333432674408,0.3333333432674408,0.6,0.29999998211860657,am
972,0,0.0,0.375,0.375,0.7,0.3375000059604645,am
973,1,0.0,0.3333333432674408,0.3333333432674408,0.6,0.29999998211860657,am
974,0,0.0,0.0,0.0,0.2,0.0,am
977,1,0.0,0.0,0.0,0.6,0.0,am
978,0,0.0,0.4791666567325592,0.4791666567325592,0.5,0.4895833134651184,am
979,0,0.0,0.4791666567325592,0.4791666567325592,0.1,0.4791666567325592,am
980,0,0.0,0.0,0.0,0.7,0.0,am
981,0,0.010752708681156995,0.4895833432674408,0.4791666567325592,0.8,0.44062501192092896,am
982,0,0.010752708681156995,0.4895833432674408,0.4791666567325592,0.7,0.43958336114883423,am
983,0,0.0,0.4895833432674408,0.4895833432674408,0.3,0.4427083134651184,am
984,0,0.0,0.4895833432674408,0.4895833432674408,0.2,0.44062501192092896,am
985,0,0.0,0.4895833432674408,0.4895833432674408,0.3,0.4427083134651184,am
986,0,0.014989309760122433,0.4937500059604645,0.4791666567325592,0.2,0.44604167342185974,am
987,0,-0.01052630564511585,0.4895833432674408,0.5,0.5,0.4647916853427887,am
988,0,0.0,0.4791666567325592,0.4791666567325592,0.6,0.4416666626930237,am
989,0,0.0,0.4895833432674408,0.4895833432674408,0.2,0.44062501192092896,am
990,0,0.0,0.4895833432674408,0.4895833432674408,0.3,0.44062501192092896,am
991,1,-0.045454535109887985,0.4375,0.4791666567325592,0.8,0.4270833432674408,am
992,0,0.0,0.0,0.0,0.5,0.0,am
993,0,0.0,0.4895833432674408,0.4895833432674408,0.6,0.4833332896232605,am
994,0,0.0,0.0,0.0,0.5,0.0,am
995,0,0.0,0.0,0.0,0.8,0.0,am
996,1,-0.045454535109887985,0.4375,0.4791666567325592,0.8,0.4270833432674408,am
997,0,0.0,0.25,0.25,0.8,0.25,am
998,1,-0.010752708681156995,0.4791666567325592,0.4895833432674408,0.2,0.4885416626930237,am
999,1,-0.045454535109887985,0.4375,0.4791666567325592,0.8,0.4270833432674408,am
1000,0,0.045454535109887985,0.4791666567325592,0.4375,0.2,0.4270833432674408,am
1001,0,0.0,0.4791666567325592,0.4791666567325592,0.5,0.44166669249534607,am
1002,1,0.02857144258456321,0.375,0.3541666567325592,0.3,0.3333333134651184,am
1003,0,0.006289302140419694,0.5,0.4937500059604645,0.6,0.4675000309944153,am
1004,1,0.0,0.3333333432674408,0.3333333432674408,0.6,0.29999998211860657,am
1005,1,-0.045454535109887985,0.4375,0.4791666567325592,0.8,0.4270833432674408,am
1006,0,0.0,0.4895833432674408,0.4895833432674408,0.2,0.44062501192092896,am
1007,1,0.0,0.5,0.5,0.3,0.44999998807907104,am
1008,1,0.0,0.4895833432674408,0.4895833432674408,0.8,0.44062501192092896,am
1009,1,-0.045454535109887985,0.4375,0.4791666567325592,0.8,0.4270833432674408,am
1010,0,0.0,0.3333333432674408,0.3333333432674408,0.7,0.31458336114883423,am
1011,0,0.0,1.0,1.0,0.5,0.8999999761581421,am
1012,1,0.0,0.4791666567325592,0.4791666567325592,0.9,0.4791666567325592,am
1013,0,0.045454535109887985,0.4791666567325592,0.4375,0.2,0.4270833432674408,am
1015,1,-0.045454535109887985,0.4375,0.4791666567325592,0.8,0.4270833432674408,am
1016,0,0.0,0.0,0.0,0.7,0.0,am
1017,0,0.0,0.5,0.5,0.6,0.44999998807907104,am
1018,0,0.0,0.0,0.0,0.5,0.0,am
1019,0,0.045454535109887985,0.4791666567325592,0.4375,0.2,0.4270833432674408,am
1020,0,0.0,0.0,0.0,0.8,0.0,am
1021,0,0.0,0.0,0.0,0.5,0.0,am
1022,1,0.0,0.4791666567325592,0.4791666567325592,0.5,0.4416666626930237,am
1023,1,0.0,0.4895833432674408,0.4895833432674408,0.6,0.44062501192092896,am
1024,0,0.045454535109887985,0.4791666567325592,0.4375,0.2,0.4270833432674408,am
1025,0,0.045454535109887985,0.4791666567325592,0.4375,0.2,0.4270833432674408,am
1026,0,0.0,0.4791666567325592,0.4791666567325592,0.6,0.4416666626930237,am
1027,0,0.0,0.0,0.0,0.2,0.0,am
1028,0,0.0,0.0,0.0,0.5,0.0,am
1029,0,0.0,0.4895833432674408,0.4895833432674408,0.2,0.44062501192092896,am
1030,0,0.0,1.0,1.0,0.5,0.8999999761581421,am
1031,1,-0.045454535109887985,0.4375,0.4791666567325592,0.8,0.4270833432674408,am
1032,0,0.0,0.0,0.0,0.5,0.0,am
1033,1,-0.021276606105991774,0.4791666567325592,0.5,0.5,0.4479166865348816,am
1034,1,-0.010752708681156995,0.4791666567325592,0.4895833432674408,0.2,0.43958330154418945,am
1035,1,0.0,0.3125,0.3125,0.6,0.28125,am
1036,1,0.0,0.5,0.5,0.4,0.44999998807907104,am
1037,1,0.0,0.0,0.0,0.2,0.0,am
1038,1,-0.021276606105991774,0.4791666567325592,0.5,0.5,0.44999998807907104,am
1040,0,0.045454535109887985,0.4791666567325592,0.4375,0.2,0.4270833432674408,am
1041,1,-0.045454535109887985,0.4375,0.4791666567325592,0.8,0.4270833432674408,am
1042,1,-0.010752708681156995,0.4791666567325592,0.4895833432674408,0.2,0.44062501192092896,am
1043,1,-0.014989309760122433,0.4791666567325592,0.4937500059604645,0.5,0.4454166293144226,am
1044,1,-0.045454535109887985,0.4375,0.4791666567325592,0.8,0.4270833432674408,am
1045,0,0.045454535109887985,0.4791666567325592,0.4375,0.2,0.4270833432674408,am
1046,0,0.0,0.4895833432674408,0.4895833432674408,0.2,0.44062501192092896,am
1047,1,-0.045454535109887985,0.4375,0.4791666567325592,0.8,0.4270833432674408,am
1048,1,0.0,1.0,1.0,0.6,1.0,am
1049,0,0.0,0.0,0.0,0.5,0.0,am
1050,0,0.045454535109887985,0.4791666567325592,0.4375,0.2,0.4270833432674408,am
1051,1,0.0,0.0,0.0,0.8,0.0,am
1052,0,0.0,0.0,0.0,0.8,0.0,am
1054,1,0.0,1.0,1.0,0.5,0.8999999761581421,am
1055,0,0.0,0.0,0.0,0.2,0.0,am
1056,0,0.0,0.375,0.375,0.1,0.3375000059604645,am
1057,1,0.0,0.0,0.0,0.2,0.0,am
1058,0,0.0,0.0,0.0,0.8,0.0,am
1059,0,0.0,0.0,0.0,0.7,0.0,am
1060,1,-0.045454535109887985,0.4375,0.4791666567325592,0.8,0.4270833432674408,am
1062,1,0.0,0.4791666567325592,0.4791666567325592,0.9,0.4791666567325592,am
1063,0,0.045454535109887985,0.4791666567325592,0.4375,0.2,0.4270833432674408,am
1064,0,0.0,0.4895833432674408,0.4895833432674408,0.2,0.44062501192092896,am
1065,0,0.045454535109887985,0.4791666567325592,0.4375,0.2,0.4270833432674408,am
1066,1,-0.04276987333618381,0.4895833432674408,0.5333333611488342,0.7,0.4868749976158142,am
1067,1,0.0,0.375,0.375,0.9,0.3375000059604645,am
1068,0,0.0,0.0,0.0,0.2,0.0,am
1069,1,0.0,0.5,0.5,0.4,0.44999998807907104,am
1070,1,0.0,0.4791666567325592,0.4791666567325592,0.8,0.4791666567325592,am
1071,0,0.0,0.5,0.5,0.6,0.5,am
1072,0,0.0,0.0,0.0,0.2,0.0,am
1073,1,0.0,0.3333333432674408,0.3333333432674408,0.6,0.29999998211860657,am
1074,1,0.0,0.3333333432674408,0.3333333432674408,0.8,0.29999998211860657,am
1075,1,0.0,0.25,0.25,0.5,0.25,am
1076,1,0.022222201029435933,0.4791666567325592,0.4583333432674408,0.2,0.429166704416275,am
1077,1,-0.0526315670593948,0.375,0.4166666567325592,0.6,0.3750000298023224,am
1078,1,0.0,0.4791666567325592,0.4791666567325592,0.8,0.4312500059604645,am
1080,1,0.0,1.0,1.0,0.5,0.8999999761581421,am
1081,1,0.0,1.0,1.0,0.6,0.8999999761581421,am
1082,0,0.0,0.4791666567325592,0.4791666567325592,0.2,0.4312500059604645,am
1083,1,0.0,0.3333333432674408,0.3333333432674408,0.6,0.29999998211860657,am
1084,0,0.0,0.3333333432674408,0.3333333432674408,0.6,0.31458336114883423,am
1085,1,0.0,0.375,0.375,0.5,0.3375000059604645,am
1086,1,-0.045454535109887985,0.4375,0.4791666567325592,0.8,0.4270833432674408,am
1087,1,0.0,0.4791666567325592,0.4791666567325592,0.4,0.44166669249534607,am
1088,0,0.0,0.4895833432674408,0.4895833432674408,0.4,0.4427083134651184,am
1089,0,0.045454535109887985,0.4791666567325592,0.4375,0.2,0.4270833432674408,am
1090,1,-0.045454535109887985,0.4375,0.4791666567325592,0.8,0.4270833432674408,am
1091,0,0.0,0.3333333432674408,0.3333333432674408,0.4,0.3333333134651184,am
1092,1,0.045454535109887985,0.4791666567325592,0.4375,0.4,0.4270833432674408,am
1093,1,0.0,0.3125,0.3125,0.6,0.28125,am
1094,1,0.0,0.25,0.25,0.5,0.25,am
1095,0,0.0,0.4791666567325592,0.4791666567325592,0.6,0.4895833134651184,am
1096,1,0.0,0.0,0.0,0.8,0.0,am
1098,1,0.0,0.3333333432674408,0.3333333432674408,0.6,0.29999998211860657,am
1099,1,-0.045454535109887985,0.4375,0.4791666567325592,0.8,0.4270833432674408,am
1100,1,0.0,0.4895833432674408,0.4895833432674408,0.7,0.4427083134651184,am
1102,0,0.045454535109887985,0.4791666567325592,0.4375,0.2,0.4270833432674408,am
1103,0,0.0,0.0,0.0,0.2,0.0,am
1104,1,0.0,0.4895833432674408,0.4895833432674408,0.8,0.44062501192092896,am
1105,1,0.0,0.4895833432674408,0.4895833432674408,0.7,0.44062501192092896,am
1106,1,-0.045454535109887985,0.4375,0.4791666567325592,0.8,0.4270833432674408,am
1107,1,0.0,0.4895833432674408,0.4895833432674408,0.8,0.4895833432674408,am
1108,0,0.010752708681156995,0.4895833432674408,0.4791666567325592,0.3,0.43958330154418945,am
1109,0,0.0,0.4791666567325592,0.4791666567325592,0.1,0.4312500059604645,am
1110,1,0.0,0.4895833432674408,0.4895833432674408,0.8,0.4895833432674408,am
1111,1,0.0,0.0,0.0,0.8,0.0,am
1112,1,0.0,0.4895833432674408,0.4895833432674408,0.8,0.4895833432674408,am
1113,0,0.0,0.0,0.0,0.2,0.0,am
1114,0,0.0,0.0,0.0,0.8,0.0,am
1115,1,0.0,0.0,0.0,0.8,0.0,am
1116,1,0.0,0.375,0.375,0.9,0.3375000059604645,am
1117,0,0.0,0.0,0.0,0.2,0.0,am
1118,1,0.0,0.375,0.375,0.9,0.3375000059604645,am
1119,0,0.0,0.5,0.5,0.9,0.44999998807907104,am
1120,1,0.0,0.0,0.0,0.5,0.0,am
1121,1,0.0,0.3333333432674408,0.3333333432674408,0.6,0.29999998211860657,am
1122,1,0.0,0.0,0.0,0.8,0.0,am
1123,1,0.0,0.4895833432674408,0.4895833432674408,0.6,0.4427083134651184,am
1124,1,0.0,0.0,0.0,0.8,0.0,am
1125,1,0.0,0.3333333432674408,0.3333333432674408,0.6,0.29999998211860657,am
1126,1,-0.045454535109887985,0.4375,0.4791666567325592,0.8,0.4270833432674408,am
1127,1,-0.010752708681156995,0.4791666567325592,0.4895833432674408,0.4,0.4885416626930237,am
1128,1,0.0,0.4791666567325592,0.4791666567325592,1.0,0.4312500059604645,am
1129,1,-0.045454535109887985,0.4375,0.4791666567325592,0.8,0.4270833432674408,am
1130,1,0.0,0.4791666567325592,0.4791666567325592,0.9,0.4312500059604645,am
1131,0,0.045454535109887985,0.4791666567325592,0.4375,0.2,0.4270833432674408,am
1132,0,0.0,0.5,0.5,0.5,0.46812501549720764,am
1133,0,0.0,0.0,0.0,0.2,0.0,am
1134,1,0.0,0.4791666567325592,0.4791666567325592,0.9,0.4312500059604645,am
1135,1,-0.045454535109887985,0.4375,0.4791666567325592,0.8,0.4270833432674408,am
1136,1,0.0,0.4895833432674408,0.4895833432674408,0.8,0.44062501192092896,am
1137,1,0.0,0.0,0.0,0.8,0.0,am
1138,0,-0.021276606105991774,0.4791666567325592,0.5,0.7,0.44999998807907104,am
1139,0,0.0,0.4791666567325592,0.4791666567325592,0.2,0.4312500059604645,am
1140,0,0.0,0.4895833432674408,0.4895833432674408,0.3,0.49166664481163025,am
1141,1,0.0,0.3333333432674408,0.3333333432674408,0.6,0.3333333134651184,am
1142,0,0.010752708681156995,0.4895833432674408,0.4791666567325592,0.8,0.44062501192092896,am
1143,0,-0.021276606105991774,0.4791666567325592,0.5,0.7,0.44999998807907104,am
1144,0,0.0,0.5,0.5,0.5,0.44999998807907104,am
1145,0,0.0,0.25,0.25,0.5,0.22499999403953552,am
1146,0,0.0,0.4895833432674408,0.4895833432674408,0.2,0.44062501192092896,am
1147,0,-0.01052630564511585,0.4895833432674408,0.5,0.5,0.4647916853427887,am
1148,1,-0.045454535109887985,0.4375,0.4791666567325592,0.8,0.4270833432674408,am
1149,0,0.0,0.5,0.5,0.7,0.44999998807907104,am
1150,0,0.045454535109887985,0.4791666567325592,0.4375,0.2,0.4270833432674408,am
1151,0,0.010752708681156995,0.4895833432674408,0.4791666567325592,0.8,0.44062501192092896,am
1152,0,0.0,0.4791666567325592,0.4791666567325592,0.5,0.4416666626930237,am
1153,0,0.0,0.375,0.375,0.5,0.3375000059604645,am
1154,1,-0.045454535109887985,0.4375,0.4791666567325592,0.8,0.4270833432674408,am
1155,0,0.0,1.0,1.0,0.4,0.8999999761581421,am
1156,0,0.0,0.0,0.0,0.8,0.0,am
1157,0,0.045454535109887985,0.4791666567325592,0.4375,0.3,0.4749999940395355,am
1158,1,0.0,0.4895833432674408,0.4895833432674408,0.6,0.4427083134651184,am
1159,1,0.0,0.3333333432674408,0.3333333432674408,0.6,0.3333333134651184,am
1160,0,0.0,0.3333333432674408,0.3333333432674408,0.3,0.29999998211860657,am
1161,0,0.045454535109887985,0.4791666567325592,0.4375,0.2,0.4270833432674408,am
1162,0,-0.01052630564511585,0.4895833432674408,0.5,0.5,0.4647916853427887,am
1163,0,-0.022222201029435933,0.4583333432674408,0.4791666567325592,0.8,0.4312500059604645,am
1164,1,0.0,0.4895833432674408,0.4895833432674408,0.8,0.44062501192092896,am
1165,0,0.0,0.375,0.375,0.4,0.375,am
1166,0,0.0,0.4895833432674408,0.4895833432674408,0.2,0.44062501192092896,am
1167,0,0.0,0.3333333432674408,0.3333333432674408,0.4,0.3333333134651184,am
1168,0,0.0,0.4895833432674408,0.4895833432674408,0.2,0.44062501192092896,am
1169,1,0.0,0.25,0.25,0.6,0.22499999403953552,am
1170,0,0.045454535109887985,0.4791666567325592,0.4375,0.3,0.4749999940395355,am
1171,1,0.0,0.0,0.0,0.6,0.0,am
1172,1,0.0,0.4895833432674408,0.4895833432674408,0.8,0.44062501192092896,am
1173,1,0.0,0.4895833432674408,0.4895833432674408,0.6,0.4427083134651184,am
1174,1,0.0,0.0,0.0,0.8,0.0,am
1175,1,0.0,0.3333333432674408,0.3333333432674408,0.6,0.29999998211860657,am
1176,1,0.0,0.5,0.5,0.4,0.44999998807907104,am
1177,0,0.0,0.4791666567325592,0.4791666567325592,0.1,0.4312500059604645,am
1178,1,-0.045454535109887985,0.4375,0.4791666567325592,0.8,0.4270833432674408,am
1180,1,0.0,0.4791666567325592,0.4791666567325592,0.1,0.4895833134651184,am
1181,0,0.0,0.4895833432674408,0.4895833432674408,0.2,0.44062501192092896,am
1182,0,-0.021276606105991774,0.4791666567325592,0.5,0.8,0.4479166567325592,am
1183,1,0.0,0.4895833432674408,0.4895833432674408,0.7,0.44062501192092896,am
1184,0,0.0,0.0,0.0,0.5,0.0,am
1185,0,0.0,0.0,0.0,0.5,0.0,am
1186,1,0.0,0.4895833432674408,0.4895833432674408,0.8,0.44062501192092896,am
1187,0,0.045454535109887985,0.4791666567325592,0.4375,0.2,0.4270833432674408,am
1188,1,0.0,0.4895833432674408,0.4895833432674408,0.8,0.44062501192092896,am
1189,1,0.021276606105991774,0.5,0.4791666567325592,0.3,0.44999998807907104,am
1190,1,0.0,0.0,0.0,0.8,0.0,am
1191,1,0.0,0.4791666567325592,0.4791666567325592,0.9,0.4312500059604645,am
1192,1,0.0,0.4791666567325592,0.4791666567325592,0.9,0.4312500059604645,am
1193,1,0.0,0.4895833432674408,0.4895833432674408,0.8,0.44062501192092896,am
1194,1,0.0,0.0,0.0,0.5,0.0,am
1195,0,0.0,0.0,0.0,0.2,0.0,am
1196,0,0.0,0.4937500059604645,0.4937500059604645,0.3,0.5118750333786011,am
1197,1,0.0,0.4895833432674408,0.4895833432674408,0.8,0.44062501192092896,am
1198,0,0.045454535109887985,0.4791666567325592,0.4375,0.2,0.4270833432674408,am
1199,0,0.0,0.375,0.375,0.7,0.3375000059604645,am
1200,1,0.0,0.25,0.25,0.6,0.22499999403953552,am
1201,1,-0.021276606105991774,0.4791666567325592,0.5,0.6,0.4479166567325592,am
1202,1,0.0,0.3125,0.3125,0.6,0.28125,am
1203,0,0.045454535109887985,0.4791666567325592,0.4375,0.2,0.4270833432674408,am
1204,1,-0.045454535109887985,0.4375,0.4791666567325592,0.8,0.4270833432674408,am
1205,0,0.0,0.3333333432674408,0.3333333432674408,0.7,0.31458336114883423,am
1206,0,0.010752708681156995,0.4895833432674408,0.4791666567325592,0.7,0.43958336114883423,am
1207,1,0.0,0.3333333432674408,0.3333333432674408,0.7,0.3125,am
1208,0,0.014989309760122433,0.4937500059604645,0.4791666567325592,0.4,0.4454166293144226,am
1209,0,0.045454535109887985,0.4791666567325592,0.4375,0.2,0.4270833432674408,am
1210,1,-0.045454535109887985,0.4375,0.4791666567325592,0.8,0.4270833432674408,am
1211,0,-0.022222201029435933,0.4583333432674408,0.4791666567325592,0.8,0.4312500059604645,am
1212,0,0.0,0.4895833432674408,0.4895833432674408,0.2,0.44062501192092896,am
1213,1,0.01052630564511585,0.5,0.4895833432674408,0.5,0.4489583373069763,am
1214,1,-0.010752708681156995,0.4791666567325592,0.4895833432674408,0.3,0.43958336114883423,am
1215,0,0.014989309760122433,0.4937500059604645,0.4791666567325592,0.4,0.4454166293144226,am
1216,1,0.0,0.4895833432674408,0.4895833432674408,0.7,0.4739583432674408,am
1217,1,0.0,0.4791666567325592,0.4791666567325592,0.9,0.4312500059604645,am
1218,0,0.0,0.0,0.0,0.5,0.0,am
1219,0,0.0,0.5,0.5,0.5,0.44999998807907104,am
1220,0,0.0,0.4791666567325592,0.4791666567325592,0.5,0.4416666626930237,am
1221,1,-0.045454535109887985,0.4375,0.4791666567325592,0.8,0.4270833432674408,am
1222,0,0.0,0.4895833432674408,0.4895833432674408,0.2,0.44062501192092896,am
1223,1,0.0,1.0,1.0,0.6,0.8999999761581421,am
1224,1,0.0,0.4791666567325592,0.4791666567325592,0.9,0.4312500059604645,am
1225,1,-0.045454535109887985,0.4375,0.4791666567325592,0.8,0.4270833432674408,am
1226,0,0.0,0.3333333432674408,0.3333333432674408,0.4,0.3333333134651184,am
1227,1,0.0,0.4791666567325592,0.4791666567325592,0.8,0.4312500059604645,am
1228,0,0.045454535109887985,0.4791666567325592,0.4375,0.2,0.4270833432674408,am
1229,1,0.0,0.375,0.375,0.9,0.3375000059604645,am
1230,1,0.05882351456208179,0.375,0.3333333432674408,0.3,0.33020833134651184,am
1231,0,0.0,0.3333333432674408,0.3333333432674408,0.2,0.29999998211860657,am
1232,0,0.045454535109887985,0.4791666567325592,0.4375,0.2,0.4270833432674408,am
1233,0,0.0,0.375,0.375,0.1,0.3375000059604645,am
1234,0,0.0,0.0,0.0,0.7,0.15000000596046448,am
1235,0,0.0,0.0,0.0,0.2,0.0,am
1236,0,0.0,0.4791666567325592,0.4791666567325592,0.5,0.4895833134651184,am
1237,1,0.0,0.3333333432674408,0.3333333432674408,0.6,0.29999998211860657,am
1238,1,-0.045454535109887985,0.4375,0.4791666567325592,0.7,0.4270833432674408,am
1239,1,0.0,0.5,0.5,0.3,0.44999998807907104,am
1240,1,-0.045454535109887985,0.4375,0.4791666567325592,0.8,0.4270833432674408,am
1241,0,0.0,0.0,0.0,0.2,0.0,am
1243,0,0.0,0.4895833432674408,0.4895833432674408,0.2,0.44062501192092896,am
1244,1,0.0,0.4895833432674408,0.4895833432674408,0.8,0.44062501192092896,am
1245,1,0.0,0.25,0.25,0.5,0.25,am
1246,0,-0.045454535109887985,0.4375,0.4791666567325592,0.8,0.43541669845581055,am
1247,1,-0.045454535109887985,0.4375,0.4791666567325592,0.8,0.4270833432674408,am
1248,1,0.0,0.3333333432674408,0.3333333432674408,0.6,0.29999998211860657,am
1249,0,0.0,0.3333333432674408,0.3333333432674408,0.4,0.29999998211860657,am
1250,1,-0.010752708681156995,0.4791666567325592,0.4895833432674408,0.2,0.44062501192092896,am
1251,1,0.0,0.3333333432674408,0.3333333432674408,0.2,0.32499998807907104,am
1252,0,0.0,0.0,0.0,0.2,0.0,am
1253,1,0.0,0.4895833432674408,0.4895833432674408,0.7,0.47291669249534607,am
1254,0,0.0,0.4895833432674408,0.4895833432674408,0.2,0.44062501192092896,am
1255,1,0.0,0.5,0.5,0.2,0.44999998807907104,am
1256,0,0.0,0.25,0.25,0.6,0.22499999403953552,am
1257,0,0.045454535109887985,0.4791666567325592,0.4375,0.2,0.4270833432674408,am
1258,0,-0.022222201029435933,0.4583333432674408,0.4791666567325592,0.8,0.429166704416275,am
1259,0,0.0,0.3333333432674408,0.3333333432674408,0.2,0.29999998211860657,am
1260,0,0.0,0.4895833432674408,0.4895833432674408,0.2,0.44062501192092896,am
1261,1,0.0,0.4895833432674408,0.4895833432674408,0.7,0.4427083134651184,am
1262,1,0.0,0.5,0.5,0.2,0.44999998807907104,am
1263,1,0.01052630564511585,0.5,0.4895833432674408,0.4,0.4989583492279053,am
1264,0,0.045454535109887985,0.4791666567325592,0.4375,0.2,0.4270833432674408,am
1265,0,0.0,1.0,1.0,0.4,0.8999999761581421,am
1266,0,0.010752708681156995,0.4895833432674408,0.4791666567325592,0.7,0.44062501192092896,am
1267,0,0.0,0.0,0.0,0.8,0.0,am
1268,1,-0.045454535109887985,0.4375,0.4791666567325592,0.8,0.4270833432674408,am
1269,0,0.0,0.3333333432674408,0.3333333432674408,0.4,0.29999998211860657,am
1270,0,0.010752708681156995,0.4895833432674408,0.4791666567325592,0.5,0.43958330154418945,am
1271,1,0.0,0.4791666567325592,0.4791666567325592,0.9,0.4312500059604645,am
1272,0,0.045454535109887985,0.4791666567325592,0.4375,0.2,0.4270833432674408,am
1273,0,0.045454535109887985,0.4791666567325592,0.4375,0.2,0.4270833432674408,am
1274,1,0.0,0.5,0.5,0.3,0.44999998807907104,am
1275,1,0.0,0.3333333432674408,0.3333333432674408,0.6,0.29999998211860657,am
1276,1,0.0,0.0,0.0,0.8,0.0,am
1277,0,0.045454535109887985,0.4791666567325592,0.4375,0.2,0.4270833432674408,am
1278,0,0.0,0.0,0.0,0.8,0.0,am
1279,1,0.0,0.4791666567325592,0.4791666567325592,0.8,0.4312500059604645,am
1280,0,0.0,0.3333333432674408,0.3333333432674408,0.5,0.30625003576278687,am
1281,0,0.045454535109887985,0.4791666567325592,0.4375,0.2,0.4270833432674408,am
1282,1,-0.010752708681156995,0.4791666567325592,0.4895833432674408,0.4,0.43958330154418945,am
1283,1,0.0,0.3333333432674408,0.3333333432674408,0.8,0.29999998211860657,am
1284,1,0.0,0.4791666567325592,0.4791666567325592,0.8,0.4791666567325592,am
1285,1,0.0,0.4791666567325592,0.4791666567325592,0.8,0.4791666567325592,am
1286,1,-0.010752708681156995,0.4791666567325592,0.4895833432674408,0.5,0.4885416626930237,am
1287,0,0.0,0.0,0.0,0.2,0.0,am
1288,1,0.0,0.4895833432674408,0.4895833432674408,0.8,0.44062501192092896,am
1289,1,0.0,0.4895833432674408,0.4895833432674408,0.8,0.44062501192092896,am
1290,0,0.0,0.3333333432674408,0.3333333432674408,0.4,0.29999998211860657,am
1291,0,0.0,0.375,0.375,0.1,0.3375000059604645,am
1292,1,0.0,0.3333333432674408,0.3333333432674408,0.5,0.29999998211860657,am
1293,1,0.0,0.3333333432674408,0.3333333432674408,0.5,0.3333333134651184,am
1294,0,0.045454535109887985,0.4791666567325592,0.4375,0.2,0.4270833432674408,am
1295,0,0.0,0.3333333432674408,0.3333333432674408,0.7,0.3583333492279053,am
1297,0,0.045454535109887985,0.4791666567325592,0.4375,0.4,0.4749999940395355,am
1298,0,0.021276606105991774,0.5,0.4791666567325592,0.4,0.4479166865348816,am
1299,1,0.0,0.5,0.5,0.3,0.5,am
1300,1,0.0,0.4895833432674408,0.4895833432674408,0.8,0.4895833432674408,am
1301,0,0.045454535109887985,0.4791666567325592,0.4375,0.2,0.4270833432674408,am
1302,1,-0.045454535109887985,0.4375,0.4791666567325592,0.8,0.4270833432674408,am
1303,1,-0.01052630564511585,0.4895833432674408,0.5,0.5,0.45645833015441895,am
1304,1,0.0,0.5,0.5,0.3,0.44999998807907104,am
1305,1,0.0,0.375,0.375,0.9,0.3375000059604645,am
1306,1,0.0,0.3333333432674408,0.3333333432674408,0.5,0.29999998211860657,am
1307,0,0.0,0.0,0.0,0.2,0.0,am
1308,0,0.0,0.0,0.0,0.2,0.0,am
1309,1,0.0,0.375,0.375,0.9,0.3375000059604645,am
1310,0,0.0,0.0,0.0,0.7,0.0,am
1311,1,-0.045454535109887985,0.4375,0.4791666567325592,0.8,0.4270833432674408,am
1313,0,0.0,0.5,0.5,0.5,0.44999998807907104,am
1314,1,0.0,0.4791666567325592,0.4791666567325592,0.8,0.4791666567325592,am
1315,1,0.0,0.25,0.25,0.4,0.22499999403953552,am
1316,0,0.0,0.4791666567325592,0.4791666567325592,0.5,0.4416666626930237,am
1317,0,0.0,0.0,0.0,0.8,0.0,am
1318,1,0.0,0.3333333432674408,0.3333333432674408,0.6,0.29999998211860657,am
1319,1,0.0,0.3333333432674408,0.3333333432674408,0.8,0.29999998211860657,am
1320,1,0.0,0.5,0.5,0.8,0.4918749928474426,am
1321,0,0.045454535109887985,0.4791666567325592,0.4375,0.2,0.4270833432674408,am
1322,0,0.0,0.375,0.375,0.1,0.3375000059604645,am
1323,0,0.0,0.4791666567325592,0.4791666567325592,0.2,0.4312500059604645,am
1324,0,-0.022222201029435933,0.4583333432674408,0.4791666567325592,0.8,0.429166704416275,am
1325,0,0.0,1.0,1.0,0.5,0.8999999761581421,am
1326,0,0.014989309760122433,0.4937500059604645,0.4791666567325592,0.4,0.49541664123535156,am
1327,1,0.0,0.3333333432674408,0.3333333432674408,0.6,0.3333333134651184,am
1328,0,0.0,0.0,0.0,0.2,0.0,am
1329,0,0.045454535109887985,0.4791666567325592,0.4375,0.2,0.4270833432674408,am
1330,1,-0.014989309760122433,0.4791666567325592,0.4937500059604645,0.6,0.44604167342185974,am
1331,0,0.0,0.4791666567325592,0.4791666567325592,0.5,0.44166669249534607,am
1332,0,0.0,0.4791666567325592,0.4791666567325592,0.1,0.4312500059604645,am
1333,0,0.045454535109887985,0.4791666567325592,0.4375,0.2,0.4270833432674408,am
1334,0,0.0,0.0,0.0,0.2,0.0,am
1335,1,-0.045454535109887985,0.4375,0.4791666567325592,0.8,0.4270833432674408,am
1336,1,0.0,0.3333333432674408,0.3333333432674408,0.6,0.3333333134651184,am
1337,1,0.0,0.4895833432674408,0.4895833432674408,0.9,0.44062501192092896,am
1338,1,0.0,0.375,0.375,0.6,0.3375000059604645,am
1339,1,-0.045454535109887985,0.4375,0.4791666567325592,0.8,0.4270833432674408,am
1340,1,-0.045454535109887985,0.4375,0.4791666567325592,0.7,0.4270833432674408,am
1341,1,-0.045454535109887985,0.4375,0.4791666567325592,0.8,0.4270833432674408,am
1342,1,0.0,0.375,0.375,0.9,0.3375000059604645,am
1343,1,0.0,0.0,0.0,0.2,0.0,am
1344,0,0.045454535109887985,0.4791666567325592,0.4375,0.2,0.4270833432674408,am
1345,0,0.045454535109887985,0.4791666567325592,0.4375,0.2,0.4749999940395355,am
1346,0,0.0,0.375,0.375,0.7,0.36250001192092896,am
1347,1,0.0,0.3333333432674408,0.3333333432674408,0.6,0.29999998211860657,am
1348,1,0.0,0.5,0.5,0.4,0.5,am
1349,1,0.0,0.375,0.375,0.9,0.3375000059604645,am
1350,0,0.0,0.4791666567325592,0.4791666567325592,0.5,0.4416666626930237,am
1351,1,0.0,0.375,0.375,0.5,0.3375000059604645,am
1352,0,0.0,0.0,0.0,0.2,0.0,am
1353,0,0.0,0.3333333432674408,0.3333333432674408,0.3,0.29999998211860657,am
1354,1,0.0,0.4895833432674408,0.4895833432674408,0.8,0.44062501192092896,am
1355,1,0.0,0.0,0.0,0.8,0.0,am
1356,1,-0.045454535109887985,0.4375,0.4791666567325592,0.7,0.4270833432674408,am
1357,1,0.0,0.4895833432674408,0.4895833432674408,0.8,0.44062501192092896,am
1358,0,0.0,0.5625,0.5625,0.5,0.5145833492279053,am
1359,0,0.010752708681156995,0.4895833432674408,0.4791666567325592,0.8,0.44062501192092896,am
1360,0,0.010752708681156995,0.4895833432674408,0.4791666567325592,0.5,0.43958330154418945,am
1361,1,0.0,0.0,0.0,0.8,0.0,am
1362,0,0.0,0.0,0.0,0.2,0.0,am
1363,0,0.0,0.0,0.0,0.8,0.0,am
1364,0,0.0,0.4895833432674408,0.4895833432674408,0.3,0.4427083134651184,am
1365,0,0.006289302140419694,0.5,0.4937500059604645,0.6,0.4675000309944153,am
1366,1,0.0,0.0,0.0,0.8,0.0,am
1367,1,0.0,0.4895833432674408,0.4895833432674408,0.8,0.44062501192092896,am
1368,0,0.0,0.0,0.0,0.8,0.0,am
1369,1,-0.045454535109887985,0.4375,0.4791666567325592,0.8,0.4270833432674408,am
1370,0,-0.022222201029435933,0.4583333432674408,0.4791666567325592,0.8,0.4312500059604645,am
1371,0,0.045454535109887985,0.4791666567325592,0.4375,0.2,0.4270833432674408,am
1373,1,0.0,0.4895833432674408,0.4895833432674408,0.8,0.44062501192092896,am
1374,0,0.0,0.4791666567325592,0.4791666567325592,0.1,0.4312500059604645,am
1375,1,-0.045454535109887985,0.4375,0.4791666567325592,0.8,0.4270833432674408,am
1376,0,0.0,0.4895833432674408,0.4895833432674408,0.2,0.44062501192092896,am
1377,1,-0.045454535109887985,0.4375,0.4791666567325592,0.8,0.4270833432674408,am
1378,1,0.0,0.4895833432674408,0.4895833432674408,0.7,0.4427083134651184,am
1379,0,0.0,0.0,0.0,0.2,0.0,am
1380,1,-0.045454535109887985,0.4375,0.4791666567325592,0.8,0.4270833432674408,am
1381,1,0.0,0.4895833432674408,0.4895833432674408,0.8,0.44062501192092896,am
1382,0,0.0,0.25,0.25,0.5,0.25,am
1383,0,0.0,0.3333333432674408,0.3333333432674408,0.2,0.29999998211860657,am
1384,1,0.0,0.3333333432674408,0.3333333432674408,0.6,0.29999998211860657,am
1385,1,0.0,0.4791666567325592,0.4791666567325592,0.9,0.4312500059604645,am
1386,0,0.0,0.25,0.25,0.6,0.22499999403953552,am
1387,0,0.0,0.5,0.5,0.7,0.44999998807907104,am
1388,0,0.0,0.0,0.0,0.2,0.0,am
1389,0,0.0,0.0,0.0,0.2,0.0,am
1390,1,-0.04276987333618381,0.4895833432674408,0.5333333611488342,0.8,0.4868749976158142,am
1391,1,0.0,0.4791666567325592,0.4791666567325592,0.8,0.4312500059604645,am
1392,1,-0.010752708681156995,0.4791666567325592,0.4895833432674408,0.3,0.43958336114883423,am
1393,1,0.0,0.4895833432674408,0.4895833432674408,0.7,0.4739583432674408,am
1394,1,0.0,0.3333333432674408,0.3333333432674408,0.6,0.3333333134651184,am
1395,0,-0.05882351456208179,0.3333333432674408,0.375,0.6,0.3291666805744171,am
1396,0,0.045454535109887985,0.4791666567325592,0.4375,0.2,0.4312500059604645,am
1397,1,-0.014989309760122433,0.4791666567325592,0.4937500059604645,0.6,0.44604167342185974,am
1398,0,0.045454535109887985,0.4791666567325592,0.4375,0.2,0.4312500059604645,am
1399,1,0.0,0.4895833432674408,0.4895833432674408,0.8,0.44062501192092896,am
1400,1,0.0,0.3333333432674408,0.3333333432674408,0.8,0.3333333134651184,am
1401,0,0.0,0.375,0.375,0.1,0.3375000059604645,am
1403,1,-0.045454535109887985,0.4375,0.4791666567325592,0.8,0.4312500059604645,am
1404,0,0.045454535109887985,0.4791666567325592,0.4375,0.2,0.4312500059604645,am
1405,1,0.0,1.0,1.0,0.6,0.8999999761581421,am
1406,0,0.0,0.0,0.0,0.5,0.0,am
1407,1,0.0,0.375,0.375,0.5,0.3375000059604645,am
1408,0,0.0,0.5,0.5,0.7,0.44999998807907104,am
1409,0,0.0,0.3125,0.3125,0.3,0.28125,am
1410,1,-0.045454535109887985,0.4375,0.4791666567325592,0.8,0.4312500059604645,am
1411,1,0.0,0.0,0.0,0.8,0.0,am
1412,0,0.0,0.3333333432674408,0.3333333432674408,0.2,0.29999998211860657,am
1413,1,0.0,0.3333333432674408,0.3333333432674408,0.6,0.3333333134651184,am
1414,0,0.0,0.3333333432674408,0.3333333432674408,0.4,0.29999998211860657,am
1415,1,0.0,0.4895833432674408,0.4895833432674408,0.7,0.44062501192092896,am
1416,0,0.042735043431656315,0.3812499940395355,0.3499999940395355,0.2,0.3345833122730255,am
1417,0,0.0,0.4791666567325592,0.4791666567325592,0.2,0.4312500059604645,am
1418,0,-0.021276606105991774,0.4791666567325592,0.5,0.7,0.44999998807907104,am
1419,0,0.0,0.5,0.5,0.5,0.44999998807907104,am
1420,1,0.0,0.4895833432674408,0.4895833432674408,0.7,0.44062501192092896,am
1421,1,0.021276606105991774,0.5,0.4791666567325592,0.2,0.44999998807907104,am
1422,1,0.0,0.0,0.0,0.8,0.0,am
1423,0,0.0,1.0,1.0,0.4,1.0,am
1424,1,0.0,0.0,0.0,0.8,0.0,am
1425,1,0.0,0.4791666567325592,0.4791666567325592,0.5,0.4416666626930237,am
1426,0,0.0,0.375,0.375,0.5,0.3375000059604645,am
1427,1,0.0,0.4895833432674408,0.4895833432674408,0.7,0.44062501192092896,am
1428,1,0.0,0.0,0.0,0.8,0.0,am
1429,1,-0.045454535109887985,0.4375,0.4791666567325592,0.8,0.4312500059604645,am
1430,0,0.0,0.4791666567325592,0.4791666567325592,0.2,0.4312500059604645,am
1431,1,-0.045454535109887985,0.4375,0.4791666567325592,0.8,0.4312500059604645,am
1432,1,-0.045454535109887985,0.4375,0.4791666567325592,0.8,0.4312500059604645,am
1433,0,0.0,0.4895833432674408,0.4895833432674408,0.3,0.44062501192092896,am
1434,1,0.0,0.3333333432674408,0.3333333432674408,0.6,0.29999998211860657,am
1435,1,-0.045454535109887985,0.4375,0.4791666567325592,0.8,0.4312500059604645,am
1436,1,0.0,0.4791666567325592,0.4791666567325592,0.8,0.4312500059604645,am
1437,0,0.045454535109887985,0.4791666567325592,0.4375,0.2,0.4312500059604645,am
1438,1,-0.045454535109887985,0.4375,0.4791666567325592,0.7,0.4312500059604645,am
1439,1,0.0,0.4937500059604645,0.4937500059604645,0.6,0.5118750333786011,am
1440,1,0.0,0.4895833432674408,0.4895833432674408,0.7,0.44062501192092896,am
1441,1,0.0,0.4895833432674408,0.4895833432674408,0.7,0.44062501192092896,am
1442,0,0.045454535109887985,0.4791666567325592,0.4375,0.2,0.4312500059604645,am
1443,0,0.045454535109887985,0.4791666567325592,0.4375,0.2,0.4312500059604645,am
1444,0,0.0,1.0,1.0,0.5,0.8999999761581421,am
1445,1,-0.045454535109887985,0.4375,0.4791666567325592,0.8,0.4312500059604645,am
1446,0,0.0,1.0,1.0,0.5,0.8999999761581421,am
1447,1,-0.045454535109887985,0.4375,0.4791666567325592,0.8,0.4312500059604645,am
1448,0,0.0,0.3333333432674408,0.3333333432674408,0.4,0.29999998211860657,am
1449,0,0.0,0.4895833432674408,0.4895833432674408,0.4,0.4437499940395355,am
1450,0,0.0,0.375,0.375,0.1,0.3375000059604645,am
1451,1,0.0,0.0,0.0,0.5,0.0,am
1452,0,0.045454535109887985,0.4791666567325592,0.4375,0.2,0.4312500059604645,am
1453,1,0.0,0.0,0.0,0.8,0.0,am
1454,0,0.045454535109887985,0.4791666567325592,0.4375,0.2,0.4312500059604645,am
1455,0,0.0,0.375,0.375,0.7,0.3375000059604645,am
1456,1,0.0,0.4791666567325592,0.4791666567325592,0.8,0.4312500059604645,am
1457,0,0.045454535109887985,0.4791666567325592,0.4375,0.2,0.4312500059604645,am
1458,0,0.0,0.3333333432674408,0.3333333432674408,0.4,0.29999998211860657,am
1459,1,0.0,0.5,0.5,0.5,0.5,am
1460,1,0.0,0.4791666567325592,0.4791666567325592,0.8,0.4312500059604645,am
1461,1,-0.045454535109887985,0.4375,0.4791666567325592,0.8,0.4312500059604645,am
1462,0,0.0,0.3333333432674408,0.3333333432674408,0.3,0.29999998211860657,am
1463,1,0.0,0.4895833432674408,0.4895833432674408,0.7,0.4895833432674408,am
1464,1,-0.045454535109887985,0.4375,0.4791666567325592,0.8,0.4312500059604645,am
1465,0,0.010752708681156995,0.4895833432674408,0.4791666567325592,0.5,0.43958330154418945,am
1466,1,0.0,0.0,0.0,0.8,0.0,am
1467,0,0.05882351456208179,0.375,0.3333333432674408,0.5,0.33125001192092896,am
1468,0,0.0,0.0,0.0,0.2,0.0,am
1469,1,0.0,0.0,0.0,0.8,0.0,am
1470,1,0.0,0.4791666567325592,0.4791666567325592,0.8,0.4312500059604645,am
1471,1,0.0,0.25,0.25,0.5,0.22499999403953552,am
1472,1,0.0,0.5625,0.5625,0.6,0.5062500238418579,am
1473,1,0.0,0.375,0.375,0.9,0.3375000059604645,am
1474,1,0.0,0.375,0.375,0.9,0.3375000059604645,am
1475,1,0.0,0.4791666567325592,0.4791666567325592,0.8,0.4312500059604645,am
1476,0,-0.01052630564511585,0.4895833432674408,0.5,0.4,0.4989582896232605,am
1477,1,0.0,0.3333333432674408,0.3333333432674408,0.6,0.3333333134651184,am
1478,0,-0.022222201029435933,0.4583333432674408,0.4791666567325592,0.7,0.4312500059604645,am
1479,1,0.0,0.25,0.25,0.5,0.22499999403953552,am
1480,1,0.0,0.3333333432674408,0.3333333432674408,0.6,0.29999998211860657,am
1481,1,0.0,0.3125,0.3125,0.6,0.28125,am
1482,0,0.045454535109887985,0.4791666567325592,0.4375,0.2,0.4270833432674408,am
1483,0,0.01052630564511585,0.5,0.4895833432674408,0.4,0.45645833015441895,am
1484,1,0.0,0.4791666567325592,0.4791666567325592,0.8,0.4312500059604645,am
1485,0,0.0,0.5,0.5,0.6,0.44999998807907104,am
1486,1,0.0,0.4895833432674408,0.4895833432674408,0.7,0.4427083134651184,am
1487,1,0.0,0.4895833432674408,0.4895833432674408,0.7,0.4427083134651184,am
1488,1,0.0,0.5,0.5,0.4,0.5,am
1489,0,-0.06930692059626534,0.4895833432674408,0.5625,0.7,0.4989582896232605,am
1490,1,0.0,0.3333333432674408,0.3333333432674408,0.6,0.29999998211860657,am
1491,1,0.0,0.4791666567325592,0.4791666567325592,0.8,0.4312500059604645,am
1492,1,0.0,0.0,0.0,0.5,0.0,am
1493,0,0.0,1.0,1.0,0.4,1.0,am
1494,0,0.0,0.4895833432674408,0.4895833432674408,0.3,0.44062501192092896,am
1495,1,0.0,1.0,1.0,0.6,0.8999999761581421,am
1496,1,0.0,1.0,1.0,0.6,0.8999999761581421,am
1497,1,0.0,0.3125,0.3125,0.6,0.28125,am
1498,0,0.0,0.4791666567325592,0.4791666567325592,0.8,0.4416666626930237,am
1499,1,-0.0526315670593948,0.375,0.4166666567325592,0.5,0.4208332896232605,am
1500,1,0.0,0.3333333432674408,0.3333333432674408,0.7,0.3125,am
1501,1,0.0,0.4791666567325592,0.4791666567325592,0.8,0.4312500059604645,am
1502,1,0.0,0.4895833432674408,0.4895833432674408,0.6,0.4427083134651184,am
1503,1,0.0,0.4895833432674408,0.4895833432674408,0.7,0.4739583432674408,am
1504,0,0.0,0.4895833432674408,0.4895833432674408,0.4,0.4427083134651184,am
1505,1,0.0,0.0,0.0,0.5,0.0,am
1506,1,-0.045454535109887985,0.4375,0.4791666567325592,0.8,0.4749999940395355,am
1507,1,0.0,0.4895833432674408,0.4895833432674408,0.6,0.4427083134651184,am
1508,1,0.0,0.5,0.5,0.4,0.44999998807907104,am
1509,0,0.0,0.0,0.0,0.7,0.0,am
1510,1,0.0,0.4791666567325592,0.4791666567325592,0.8,0.4312500059604645,am
1511,0,0.0,0.0,0.0,0.2,0.0,am
1513,0,0.0,0.4895833432674408,0.4895833432674408,0.3,0.44062501192092896,am
1514,1,0.0,0.25,0.25,0.5,0.25,am
1515,0,0.0,0.0,0.0,0.4,0.0,am
1516,1,0.0,0.4895833432674408,0.4895833432674408,0.7,0.44062501192092896,am
1517,1,0.0,0.0,0.0,0.5,0.0,am
1518,1,0.0,0.5,0.5,0.4,0.44999998807907104,am
1519,0,0.0,0.375,0.375,0.7,0.3375000059604645,am
1520,0,0.0,0.4791666567325592,0.4791666567325592,0.2,0.4312500059604645,am
1521,0,0.0,0.0,0.0,0.5,0.0,am
1522,0,0.0,0.0,0.0,0.8,0.0,am
1523,1,0.0,0.25,0.25,0.5,0.22499999403953552,am
1524,1,0.0,0.3333333432674408,0.3333333432674408,0.6,0.29999998211860657,am
1525,0,0.0,0.0,0.0,0.5,0.0,am
1526,0,0.0,0.4791666567325592,0.4791666567325592,0.1,0.4312500059604645,am
1527,1,-0.045454535109887985,0.4375,0.4791666567325592,0.7,0.4749999940395355,am
1528,0,0.0,0.0,0.0,0.4,0.0,am
1529,1,0.0,0.0,0.0,0.8,0.0,am
1530,1,-0.045454535109887985,0.4375,0.4791666567325592,0.8,0.4270833432674408,am
1531,1,-0.045454535109887985,0.4375,0.4791666567325592,0.8,0.4270833432674408,am
1532,0,0.010752708681156995,0.4895833432674408,0.4791666567325592,0.5,0.43958330154418945,am
1533,0,0.0,0.0,0.0,0.4,0.0,am
1534,1,-0.045454535109887985,0.4375,0.4791666567325592,0.8,0.4270833432674408,am
1535,1,0.0,0.0,0.0,0.8,0.0,am
1536,1,0.0,0.0,0.0,0.8,0.0,am
1537,1,-0.045454535109887985,0.4375,0.4791666567325592,0.8,0.4270833432674408,am
1538,1,0.0,0.5,0.5,0.3,0.44999998807907104,am
1539,0,0.045454535109887985,0.4791666567325592,0.4375,0.2,0.4270833432674408,am
1540,0,0.0,0.25,0.25,0.4,0.25,am
1541,0,0.0,0.4791666567325592,0.4791666567325592,0.0,0.4312500059604645,am
1542,0,0.0,0.4791666567325592,0.4791666567325592,0.0,0.4312500059604645,am
1543,1,0.0,0.5,0.5,0.2,0.44999998807907104,am
1544,0,0.045454535109887985,0.4791666567325592,0.4375,0.2,0.4270833432674408,am
1545,0,0.0,0.0,0.0,0.7,0.0,am
1546,1,0.0,0.4895833432674408,0.4895833432674408,0.7,0.44062501192092896,am
1547,1,0.0,0.375,0.375,0.9,0.3375000059604645,am
1548,0,0.0,0.0,0.0,0.2,0.0,am
1549,0,0.0,0.4791666567325592,0.4791666567325592,0.5,0.4895833134651184,am
1550,1,0.0,0.4791666567325592,0.4791666567325592,1.0,0.4312500059604645,am
1551,0,0.0,0.4791666567325592,0.4791666567325592,0.5,0.4895833134651184,am
1552,1,-0.045454535109887985,0.4375,0.4791666567325592,0.8,0.4270833432674408,am
1553,0,-0.022222201029435933,0.4583333432674408,0.4791666567325592,0.8,0.4312500059604645,am
1554,0,0.0,0.0,0.0,0.2,0.0,am
1555,1,-0.010752708681156995,0.4791666567325592,0.4895833432674408,0.5,0.43958330154418945,am
1556,0,0.0,0.0,0.0,0.2,0.0,am
1557,0,0.0,0.0,0.0,0.2,0.0,am
1558,1,0.0,0.3333333432674408,0.3333333432674408,0.6,0.3333333134651184,am
1559,0,0.0,0.3333333432674408,0.3333333432674408,0.4,0.29999998211860657,am
1560,0,0.0,0.3333333432674408,0.3333333432674408,0.4,0.29999998211860657,am
1561,1,0.0,0.25,0.25,0.6,0.22499999403953552,am
1562,0,0.045454535109887985,0.4791666567325592,0.4375,0.2,0.4270833432674408,am
1563,1,0.0,0.3333333432674408,0.3333333432674408,0.6,0.29999998211860657,am
1564,1,0.0,0.4895833432674408,0.4895833432674408,0.6,0.4427083134651184,am
1565,1,0.0,0.0,0.0,0.8,0.0,am
1566,1,0.0,0.4895833432674408,0.4895833432674408,0.6,0.4427083134651184,am
1567,0,0.0,0.3333333432674408,0.3333333432674408,0.4,0.29999998211860657,am
1568,0,0.010752708681156995,0.4895833432674408,0.4791666567325592,0.8,0.44062501192092896,am
1569,0,0.0,0.3333333432674408,0.3333333432674408,0.4,0.29999998211860657,am
1570,1,0.0,0.4791666567325592,0.4791666567325592,1.0,0.4312500059604645,am
1571,1,-0.045454535109887985,0.4375,0.4791666567325592,0.8,0.4270833432674408,am
1572,0,0.0,0.4791666567325592,0.4791666567325592,0.5,0.4416666626930237,am
1573,1,0.0,0.4375,0.4375,0.4,0.39375001192092896,am
1574,1,0.0,0.3333333432674408,0.3333333432674408,0.6,0.3333333134651184,am
1575,1,0.0,0.3333333432674408,0.3333333432674408,0.6,0.29999998211860657,am
1576,0,0.0,0.4791666567325592,0.4791666567325592,0.0,0.4312500059604645,am
1577,0,0.045454535109887985,0.4791666567325592,0.4375,0.2,0.4270833432674408,am
1578,1,0.0,0.5,0.5,0.2,0.44999998807907104,am
1579,1,0.0,0.3333333432674408,0.3333333432674408,0.6,0.3333333134651184,am
1580,1,-0.06666666666659556,0.4375,0.5,0.7,0.43958330154418945,am
1581,0,0.0,0.375,0.375,0.5,0.3375000059604645,am
1582,0,0.045454535109887985,0.4791666567325592,0.4375,0.3,0.4749999940395355,am
1583,0,0.0,0.4791666567325592,0.4791666567325592,0.6,0.4416666626930237,am
1584,1,-0.045454535109887985,0.4375,0.4791666567325592,0.8,0.4270833432674408,am
1585,0,0.045454535109887985,0.4791666567325592,0.4375,0.2,0.4270833432674408,am
1586,0,0.0,0.4895833432674408,0.4895833432674408,0.5,0.48229169845581055,am
1589,0,0.0,0.25,0.25,0.4,0.22499999403953552,am
1590,0,0.0,0.4791666567325592,0.4791666567325592,0.6,0.4416666626930237,am
1591,1,0.0,0.5,0.5,0.3,0.44999998807907104,am
1592,1,0.0,0.4791666567325592,0.4791666567325592,1.0,0.4312500059604645,am
1593,0,0.0,0.0,0.0,0.8,0.0,am
1594,1,0.022222201029435933,0.4791666567325592,0.4583333432674408,0.2,0.4312500059604645,am
1595,1,-0.0526315670593948,0.375,0.4166666567325592,0.5,0.38333332538604736,am
1596,0,0.0,0.3333333432674408,0.3333333432674408,0.4,0.29999998211860657,am
1597,0,0.0,0.0,0.0,0.2,0.0,am
1598,0,-0.01052630564511585,0.4895833432674408,0.5,0.5,0.4647916853427887,am
1599,1,0.01052630564511585,0.5,0.4895833432674408,0.5,0.4489583373069763,am
1600,0,0.010752708681156995,0.4895833432674408,0.4791666567325592,0.7,0.44062501192092896,am
1601,0,0.045454535109887985,0.4791666567325592,0.4375,0.2,0.4270833432674408,am
1602,1,0.0,0.4895833432674408,0.4895833432674408,0.6,0.4427083134651184,am
1603,0,0.0,0.375,0.375,0.1,0.3375000059604645,am
1604,1,-0.045454535109887985,0.4375,0.4791666567325592,0.8,0.4270833432674408,am
1605,0,0.0,0.375,0.375,0.5,0.3375000059604645,am
1606,0,0.0,0.5,0.5,0.5,0.46812501549720764,am
1607,1,-0.045454535109887985,0.4375,0.4791666567325592,0.8,0.4270833432674408,am
1608,1,0.0,0.3333333432674408,0.3333333432674408,0.6,0.29999998211860657,am
1609,1,-0.010752708681156995,0.4791666567325592,0.4895833432674408,0.3,0.43958336114883423,am
1610,0,0.010752708681156995,0.4895833432674408,0.4791666567325592,0.8,0.44062501192092896,am
1611,0,0.0,0.0,0.0,0.8,0.0,am
1612,0,-0.022222201029435933,0.4583333432674408,0.4791666567325592,0.7,0.47708335518836975,am
1613,1,0.0,0.0,0.0,0.8,0.0,am
1614,1,0.0,0.3333333432674408,0.3333333432674408,0.8,0.29999998211860657,am
1615,1,0.0,0.4895833432674408,0.4895833432674408,0.7,0.44062501192092896,am
1616,0,0.0,0.4895833432674408,0.4895833432674408,0.3,0.4427083134651184,am
1617,0,0.0,0.0,0.0,0.2,0.0,am
1618,1,0.0,0.4791666567325592,0.4791666567325592,0.4,0.4895833134651184,am
1619,0,0.045454535109887985,0.4791666567325592,0.4375,0.2,0.4270833432674408,am
1620,0,0.045454535109887985,0.4791666567325592,0.4375,0.2,0.4270833432674408,am
1621,1,0.0526315670593948,0.4166666567325592,0.375,0.4,0.3760416507720947,am
1622,0,0.0,0.4895833432674408,0.4895833432674408,0.3,0.44062501192092896,am
1623,1,-0.045454535109887985,0.4375,0.4791666567325592,0.8,0.4270833432674408,am
1624,0,0.0,0.0,0.0,0.7,0.15000000596046448,am
1625,1,0.0,0.4895833432674408,0.4895833432674408,0.7,0.44062501192092896,am
1626,1,-0.045454535109887985,0.4375,0.4791666567325592,0.8,0.4270833432674408,am
1627,0,0.05882352941170934,0.5625,0.5,0.4,0.5562499761581421,am
1628,1,0.0,0.3333333432674408,0.3333333432674408,0.6,0.3333333134651184,am
1629,0,0.0,0.0,0.0,0.8,0.0,am
1630,0,0.0,0.5,0.5,0.3,0.4937500059604645,am
1631,1,-0.045454535109887985,0.4375,0.4791666567325592,0.8,0.4749999940395355,am
1632,0,0.0,0.4791666567325592,0.4791666567325592,0.0,0.4312500059604645,am
1633,0,0.0,0.3333333432674408,0.3333333432674408,0.4,0.29999998211860657,am
1634,0,0.0,0.0,0.0,0.7,0.0,am
1635,1,-0.014989309760122433,0.4791666567325592,0.4937500059604645,0.5,0.44604167342185974,am
1636,1,0.0,0.4895833432674408,0.4895833432674408,0.7,0.44062501192092896,am
1637,0,0.0,0.4895833432674408,0.4895833432674408,0.3,0.44062501192092896,am
1638,1,0.0,0.4791666567325592,0.4791666567325592,1.0,0.4312500059604645,am
1639,1,-0.045454535109887985,0.4375,0.4791666567325592,0.8,0.4270833432674408,am
1640,1,0.0,0.4895833432674408,0.4895833432674408,0.7,0.4427083134651184,am
1641,0,0.0,0.4895833432674408,0.4895833432674408,0.3,0.44062501192092896,am
1642,0,-0.021276606105991774,0.4791666567325592,0.5,0.8,0.4479166567325592,am
1643,0,0.0,0.3125,0.3125,0.3,0.28125,am
1644,1,0.0,0.3333333432674408,0.3333333432674408,0.6,0.3333333134651184,am
1645,0,0.0,0.0,0.0,0.8,0.0,am
1646,1,-0.045454535109887985,0.4375,0.4791666567325592,0.8,0.4270833432674408,am
1647,1,0.0,0.3333333432674408,0.3333333432674408,0.6,0.29999998211860657,am
1648,0,0.0,0.25,0.25,0.4,0.22499999403953552,am
1649,0,-0.021276606105991774,0.4791666567325592,0.5,0.7,0.44999998807907104,am
1650,1,0.0,0.4895833432674408,0.4895833432674408,0.7,0.44062501192092896,am
1651,0,0.0,0.3333333432674408,0.3333333432674408,0.5,0.30625003576278687,am
1652,1,0.0,0.4895833432674408,0.4895833432674408,0.7,0.44062501192092896,am
1653,1,0.0,0.4791666567325592,0.4791666567325592,0.5,0.4895833134651184,am
1654,1,0.0,0.4791666567325592,0.4791666567325592,1.0,0.4312500059604645,am
1655,1,-0.045454535109887985,0.4375,0.4791666567325592,0.8,0.4270833432674408,am
1656,1,0.0,0.4895833432674408,0.4895833432674408,0.7,0.44062501192092896,am
1657,0,0.0,0.0,0.0,0.2,0.0,am
1658,0,0.0,0.3333333432674408,0.3333333432674408,0.7,0.31458333134651184,am
1659,1,0.0,0.4895833432674408,0.4895833432674408,0.3,0.4833332896232605,am
1660,1,0.0,0.5,0.5,0.3,0.44999998807907104,am
1661,1,0.0,0.375,0.375,0.9,0.3375000059604645,am
1662,1,-0.010752708681156995,0.4791666567325592,0.4895833432674408,0.4,0.43958330154418945,am
1663,0,0.045454535109887985,0.4791666567325592,0.4375,0.2,0.4270833432674408,am
1664,0,0.0,0.25,0.25,0.4,0.22499999403953552,am
1665,0,0.0,0.0,0.0,0.8,0.0,am
1666,1,0.0,0.5,0.5,0.3,0.44999998807907104,am
1667,1,-0.045454535109887985,0.4375,0.4791666567325592,0.8,0.4270833432674408,am
1668,1,0.022222201029435933,0.4791666567325592,0.4583333432674408,0.2,0.4312500059604645,am
1670,1,0.0,1.0,1.0,0.6,0.8999999761581421,am
1671,0,0.045454535109887985,0.4791666567325592,0.4375,0.2,0.4270833432674408,am
1672,1,0.0,0.3333333432674408,0.3333333432674408,0.6,0.29999998211860657,am
1673,1,0.0,0.3333333432674408,0.3333333432674408,0.6,0.29999998211860657,am
1674,1,0.0,0.4791666567325592,0.4791666567325592,0.3,0.4416666626930237,am
1675,0,0.010752708681156995,0.4895833432674408,0.4791666567325592,0.7,0.44062501192092896,am
1676,1,0.0,0.3333333432674408,0.3333333432674408,0.6,0.29999998211860657,am
1678,0,0.045454535109887985,0.4791666567325592,0.4375,0.2,0.4270833432674408,am
1679,1,-0.045454535109887985,0.4375,0.4791666567325592,0.8,0.4270833432674408,am
1680,1,-0.045454535109887985,0.4375,0.4791666567325592,0.8,0.4270833432674408,am
1681,0,0.0,0.375,0.375,0.1,0.375,am
1682,0,0.0,0.375,0.375,0.7,0.3375000059604645,am
1683,0,0.0,0.4895833432674408,0.4895833432674408,0.3,0.44062501192092896,am
1684,0,0.045454535109887985,0.4791666567325592,0.4375,0.2,0.4270833432674408,am
1685,1,0.0,0.375,0.375,0.9,0.3375000059604645,am
1686,1,0.0,0.0,0.0,0.5,0.0,am
1687,0,0.045454535109887985,0.4791666567325592,0.4375,0.2,0.4270833432674408,am
1688,0,0.0,1.0,1.0,0.4,0.8999999761581421,am
1689,1,0.0,0.3333333432674408,0.3333333432674408,0.6,0.3333333134651184,am
1691,1,0.030303001403764518,0.3541666567325592,0.3333333432674408,0.4,0.33125001192092896,am
1692,0,0.0,0.0,0.0,0.2,0.0,am
1693,0,0.045454535109887985,0.4791666567325592,0.4375,0.2,0.4270833432674408,am
1694,1,-0.021276606105991774,0.4791666567325592,0.5,0.5,0.4479166567325592,am
1695,1,0.0,0.3541666567325592,0.3541666567325592,0.7,0.3187500238418579,am
1696,0,0.0,0.5,0.5,0.7,0.44999998807907104,am
1697,1,0.0,0.4895833432674408,0.4895833432674408,0.6,0.4427083134651184,am
1698,1,0.0,0.5,0.5,0.3,0.44999998807907104,am
1699,0,0.0,0.5,0.5,0.7,0.44999998807907104,am
1700,1,-0.045454535109887985,0.4375,0.4791666567325592,0.8,0.4270833432674408,am
1701,0,0.0,0.5,0.5,0.7,0.44999998807907104,am
1702,1,-0.0526315670593948,0.375,0.4166666567325592,0.5,0.38333332538604736,am
1703,0,0.0,0.4791666567325592,0.4791666567325592,0.6,0.4416666626930237,am
1704,1,0.0,0.4791666567325592,0.4791666567325592,0.4,0.4416666626930237,am
1705,1,0.0,0.4791666567325592,0.4791666567325592,0.9,0.4791666567325592,am
1706,1,0.0,0.4791666567325592,0.4791666567325592,0.9,0.4791666567325592,am
1707,1,0.0,0.0,0.0,0.8,0.0,am
1708,0,0.010752708681156995,0.4895833432674408,0.4791666567325592,0.7,0.43958330154418945,am
1709,1,0.0,0.3333333432674408,0.3333333432674408,0.7,0.3125,am
1710,0,0.0,0.3333333432674408,0.3333333432674408,0.4,0.29999998211860657,am
1711,1,0.0,0.4791666567325592,0.4791666567325592,0.5,0.4416666626930237,am
1712,1,0.0,0.375,0.375,0.9,0.3375000059604645,am
1713,1,0.0,0.0,0.0,0.3,0.0,am
1714,1,-0.045454535109887985,0.4375,0.4791666567325592,0.8,0.4270833432674408,am
1715,1,-0.045454535109887985,0.4375,0.4791666567325592,0.8,0.4270833432674408,am
1717,0,0.0,1.0,1.0,0.5,0.8999999761581421,am
1718,1,0.0,0.0,0.0,0.5,0.0,am
1719,0,0.045454535109887985,0.4791666567325592,0.4375,0.2,0.4749999940395355,am
1720,0,0.0,0.4895833432674408,0.4895833432674408,0.1,0.44062501192092896,am
1721,0,0.0,0.0,0.0,0.2,0.0,am
1722,0,0.01052630564511585,0.5,0.4895833432674408,0.4,0.45645833015441895,am
1723,1,-0.045454535109887985,0.4375,0.4791666567325592,0.8,0.4749999940395355,am
1724,0,0.0,0.4791666567325592,0.4791666567325592,0.6,0.4895833134651184,am
1725,0,0.0,0.4895833432674408,0.4895833432674408,0.2,0.44062501192092896,am
1726,1,0.0,0.0,0.0,0.5,0.0,am
1727,1,0.0,0.4791666567325592,0.4791666567325592,0.9,0.4791666567325592,am
1728,1,-0.010752708681156995,0.4791666567325592,0.4895833432674408,0.2,0.44062501192092896,am
1729,0,0.0,0.4895833432674408,0.4895833432674408,0.2,0.44062501192092896,am
1730,1,0.0,0.25,0.25,0.5,0.22499999403953552,am
1731,0,0.045454535109887985,0.4791666567325592,0.4375,0.2,0.4749999940395355,am
1732,0,0.0,0.4791666567325592,0.4791666567325592,0.5,0.4416666626930237,am
1733,0,0.0,0.4791666567325592,0.4791666567325592,0.1,0.4791666567325592,am
1734,1,0.0,0.0,0.0,0.8,0.0,am
1735,1,0.0,0.25,0.25,0.6,0.22499999403953552,am
1736,1,0.0,0.375,0.375,0.2,0.3375000059604645,am
1737,1,0.0,0.4895833432674408,0.4895833432674408,0.8,0.44062501192092896,am
1738,0,0.0,0.4791666567325592,0.4791666567325592,0.1,0.4791666567325592,am
1739,0,0.045454535109887985,0.4791666567325592,0.4375,0.2,0.4312500059604645,am
1740,0,0.0,0.375,0.375,0.6,0.36250001192092896,am
1741,1,0.0,0.4791666567325592,0.4791666567325592,0.7,0.4791666567325592,am
1742,0,0.0,0.4895833432674408,0.4895833432674408,0.2,0.44062501192092896,am
1743,1,0.0,0.3125,0.3125,0.6,0.28125,am
1744,0,0.0,0.4791666567325592,0.4791666567325592,0.6,0.4416666626930237,am
1745,1,-0.045454535109887985,0.4375,0.4791666567325592,0.8,0.4312500059604645,am
1746,1,0.0,0.4895833432674408,0.4895833432674408,0.8,0.44062501192092896,am
1748,1,0.0,0.3333333432674408,0.3333333432674408,0.6,0.29999998211860657,am
1749,0,-0.021276606105991774,0.4791666567325592,0.5,0.7,0.44999998807907104,am
1750,1,0.0,0.4895833432674408,0.4895833432674408,0.7,0.49166664481163025,am
1751,0,0.0,0.375,0.375,0.4,0.3375000059604645,am
1753,0,-0.04347825005279804,0.4583333432674408,0.5,0.7,0.49166664481163025,am
1754,0,0.0,0.3333333432674408,0.3333333432674408,0.4,0.29999998211860657,am
1755,1,0.0,0.3333333432674408,0.3333333432674408,0.6,0.29999998211860657,am
1756,0,0.0,0.4791666567325592,0.4791666567325592,0.6,0.4416666626930237,am
1757,0,0.006289302140419694,0.5,0.4937500059604645,0.6,0.4675000309944153,am
1758,0,0.045454535109887985,0.4791666567325592,0.4375,0.2,0.4312500059604645,am
1759,1,0.05882351456208179,0.375,0.3333333432674408,0.4,0.3708333373069763,am
1760,0,0.0,0.4895833432674408,0.4895833432674408,0.2,0.44062501192092896,am
1761,0,0.0,0.375,0.375,0.7,0.375,am
1762,1,0.0,0.4895833432674408,0.4895833432674408,0.8,0.44062501192092896,am
1763,0,0.0,0.0,0.0,0.8,0.0,am
1764,1,0.0,0.4895833432674408,0.4895833432674408,0.8,0.44062501192092896,am
1765,0,0.01052630564511585,0.5,0.4895833432674408,0.4,0.45645833015441895,am
1766,0,0.0,0.0,0.0,0.8,0.0,am
1767,0,0.045454535109887985,0.4791666567325592,0.4375,0.2,0.4749999940395355,am
1768,1,0.0,0.0,0.0,0.8,0.0,am
1769,1,0.0,0.0,0.0,0.6,0.0,am
1771,1,0.0,0.0,0.0,0.6,0.0,am
1772,1,0.0,0.375,0.375,0.5,0.3375000059604645,am
1773,0,0.0,0.0,0.0,0.7,0.0,am
1774,0,0.0,0.4791666567325592,0.4791666567325592,0.5,0.4416666626930237,am
1775,1,0.0,1.0,1.0,0.6,0.8999999761581421,am
1776,1,0.0,1.0,1.0,0.6,0.8999999761581421,am
1777,0,0.0,0.4791666567325592,0.4791666567325592,0.3,0.4791666567325592,am
1778,0,0.0,0.4791666567325592,0.4791666567325592,0.6,0.4416666626930237,am
1779,1,-0.045454535109887985,0.4375,0.4791666567325592,0.8,0.4312500059604645,am
1780,1,0.0,0.4791666567325592,0.4791666567325592,0.7,0.4791666567325592,am
1781,0,0.0,0.4895833432674408,0.4895833432674408,0.2,0.44062501192092896,am
1782,0,0.045454535109887985,0.4791666567325592,0.4375,0.2,0.4312500059604645,am
1783,1,-0.045454535109887985,0.4375,0.4791666567325592,0.7,0.4312500059604645,am
1784,1,0.0,0.4895833432674408,0.4895833432674408,0.8,0.44062501192092896,am
1785,0,0.0,0.0,0.0,0.2,0.0,am
1786,1,-0.045454535109887985,0.4375,0.4791666567325592,0.8,0.4312500059604645,am
1787,1,-0.045454535109887985,0.4375,0.4791666567325592,0.6,0.4270833432674408,am
1788,1,0.0,0.4895833432674408,0.4895833432674408,0.8,0.44062501192092896,am
1789,0,0.0,0.4895833432674408,0.4895833432674408,0.2,0.44062501192092896,am
1790,1,0.0,0.25,0.25,0.5,0.22499999403953552,am
1792,1,0.0,0.0,0.0,0.2,0.0,am
1793,1,-0.045454535109887985,0.4375,0.4791666567325592,0.8,0.4312500059604645,am
1794,1,0.0,0.375,0.375,0.7,0.3708333373069763,am
1795,1,0.0,0.4895833432674408,0.4895833432674408,0.8,0.44062501192092896,am
1796,1,0.0,0.0,0.0,0.8,0.0,am
1797,0,0.045454535109887985,0.4791666567325592,0.4375,0.2,0.4312500059604645,am
1798,0,-0.022222201029435933,0.4583333432674408,0.4791666567325592,0.8,0.4312500059604645,am
1799,0,0.0,0.4895833432674408,0.4895833432674408,0.2,0.44062501192092896,am
1800,0,0.045454535109887985,0.4791666567325592,0.4375,0.3,0.4312500059604645,am
1801,0,0.0,0.4791666567325592,0.4791666567325592,0.4,0.4791666567325592,am
1802,1,0.0,0.25,0.25,0.5,0.22499999403953552,am
1803,0,0.045454535109887985,0.4791666567325592,0.4375,0.2,0.4312500059604645,am
1804,0,0.0,0.4166666567325592,0.4166666567325592,0.7,0.3854166865348816,am
1805,1,0.0,0.4895833432674408,0.4895833432674408,0.8,0.44062501192092896,am
1806,0,-0.045454535109887985,0.4375,0.4791666567325592,0.8,0.43541669845581055,am
1807,0,0.0,0.5625,0.5625,0.6,0.5729166865348816,am
1808,0,0.0,0.0,0.0,0.8,0.0,am
1809,0,0.0,0.3125,0.3125,0.3,0.28125,am
1810,1,0.0,0.3333333432674408,0.3333333432674408,0.6,0.3333333134651184,am
1811,1,0.0,0.4791666567325592,0.4791666567325592,0.4,0.4895833134651184,am
1812,1,0.0,0.0,0.0,0.8,0.0,am
1813,1,0.0,0.3333333432674408,0.3333333432674408,0.2,0.3479166626930237,am
1814,0,0.0,0.25,0.25,0.5,0.22499999403953552,am
1815,0,0.0,0.0,0.0,0.2,0.0,am
1816,0,-0.05882351456208179,0.3333333432674408,0.375,0.6,0.3291666805744171,am
1817,1,0.04347825005279804,0.5,0.4583333432674408,0.3,0.4437499940395355,am
1818,0,0.0,0.25,0.25,0.5,0.22499999403953552,am
1819,1,0.0,0.375,0.375,0.9,0.375,am
1820,0,0.0,0.0,0.0,0.2,0.0,am
1821,0,0.010752708681156995,0.4895833432674408,0.4791666567325592,0.5,0.43958336114883423,am
1822,0,0.045454535109887985,0.4791666567325592,0.4375,0.2,0.4312500059604645,am
1823,0,0.0,0.3333333432674408,0.3333333432674408,0.4,0.29999998211860657,am
1824,1,0.0,0.3333333432674408,0.3333333432674408,0.8,0.29999998211860657,am
1825,0,0.0,0.4895833432674408,0.4895833432674408,0.5,0.5322917103767395,am
1826,1,-0.045454535109887985,0.4375,0.4791666567325592,0.8,0.4312500059604645,am
1828,1,0.0,0.375,0.375,0.5,0.3375000059604645,am
1829,0,0.0,0.3333333432674408,0.3333333432674408,0.4,0.29999998211860657,am
1830,1,0.0,0.4895833432674408,0.4895833432674408,0.8,0.44062501192092896,am
1831,0,0.0,0.5,0.5,0.7,0.44999998807907104,am
1832,0,0.0,0.0,0.0,0.2,0.0,am
1833,0,0.0,1.0,1.0,0.4,0.8999999761581421,am
1834,1,0.0,0.3333333432674408,0.3333333432674408,0.6,0.29999998211860657,am
1835,1,0.0,0.3333333432674408,0.3333333432674408,0.6,0.3333333134651184,am
1836,1,0.0,0.0,0.0,0.8,0.0,am
1837,0,0.045454535109887985,0.4791666567325592,0.4375,0.2,0.4312500059604645,am
1838,1,0.0,0.5,0.5,0.3,0.5,am
1839,0,0.0,0.4895833432674408,0.4895833432674408,0.4,0.44062501192092896,am
1840,1,0.0,0.5,0.5,0.3,0.44999998807907104,am
1841,0,0.0,0.3333333432674408,0.3333333432674408,0.2,0.29999998211860657,am
1842,0,0.045454535109887985,0.4791666567325592,0.4375,0.3,0.4270833432674408,am
1843,1,0.05882352941170934,0.5625,0.5,0.5,0.5062500238418579,am
1844,0,0.045454535109887985,0.4791666567325592,0.4375,0.2,0.4749999940395355,am
1846,1,0.0,0.5,0.5,0.3,0.5,am
1847,1,-0.045454535109887985,0.4375,0.4791666567325592,0.8,0.4749999940395355,am
1848,1,0.0,0.4791666567325592,0.4791666567325592,0.5,0.4416666626930237,am
1849,0,-0.045454535109887985,0.4375,0.4791666567325592,0.6,0.4270833432674408,am
1850,1,-0.045454535109887985,0.4375,0.4791666567325592,0.8,0.4312500059604645,am
1851,1,0.0,0.375,0.375,0.9,0.3375000059604645,am
1852,0,0.0,0.4791666567325592,0.4791666567325592,0.2,0.4312500059604645,am
1853,1,0.0,0.3333333432674408,0.3333333432674408,0.4,0.30625003576278687,am
1854,0,0.05882351456208179,0.375,0.3333333432674408,0.5,0.3708333373069763,am
1855,1,0.0,0.0,0.0,0.8,0.0,am
1856,1,0.0,0.0,0.0,0.8,0.0,am
1857,0,0.045454535109887985,0.4791666567325592,0.4375,0.2,0.4312500059604645,am
1858,1,0.0,0.0,0.0,0.3,0.0,am
1859,0,-0.9999999999960001,0.0,0.25,0.6,0.23749999701976776,am
1860,1,-0.045454535109887985,0.4375,0.4791666567325592,0.8,0.4270833432674408,am
1861,1,0.0,0.0,0.0,0.2,0.0,am
1862,0,0.0,0.3125,0.3125,0.3,0.28125,am
1863,0,0.045454535109887985,0.4791666567325592,0.4375,0.2,0.4312500059604645,am
1864,0,0.0,0.0,0.0,0.2,0.0,am
1865,0,0.045454535109887985,0.4791666567325592,0.4375,0.2,0.4312500059604645,am
1866,1,-0.045454535109887985,0.4375,0.4791666567325592,0.8,0.4312500059604645,am
1867,1,0.0,0.3333333432674408,0.3333333432674408,0.8,0.29999998211860657,am
1868,0,0.045454535109887985,0.4791666567325592,0.4375,0.2,0.4312500059604645,am
1869,0,0.0,1.0,1.0,0.4,0.8999999761581421,am
1870,1,0.0,0.4895833432674408,0.4895833432674408,0.7,0.4427083134651184,am
1871,0,0.0,0.4791666567325592,0.4791666567325592,0.2,0.4312500059604645,am
1872,1,-0.045454535109887985,0.4375,0.4791666567325592,0.8,0.4749999940395355,am
1873,0,0.045454535109887985,0.4791666567325592,0.4375,0.2,0.4312500059604645,am
1874,1,-0.010752708681156995,0.4791666567325592,0.4895833432674408,0.4,0.4885416626930237,am
1875,1,0.0,0.25,0.25,0.4,0.22499999403953552,am
1876,1,0.0,0.0,0.0,0.8,0.0,am
1877,0,0.0526315670593948,0.4166666567325592,0.375,0.5,0.3760416507720947,am
1878,0,0.0,0.4791666567325592,0.4791666567325592,0.6,0.4416666626930237,am
1879,0,0.0,0.0,0.0,0.2,0.0,am
1880,1,0.0,0.3333333432674408,0.3333333432674408,0.6,0.29999998211860657,am
1881,1,-0.006289302140419694,0.4937500059604645,0.5,0.3,0.4675000309944153,am
1882,1,0.0,0.5,0.5,0.3,0.44999998807907104,am
1883,0,0.045454535109887985,0.4791666567325592,0.4375,0.3,0.4312500059604645,am
1884,1,-0.045454535109887985,0.4375,0.4791666567325592,0.8,0.4312500059604645,am
1885,0,0.045454535109887985,0.4791666567325592,0.4375,0.2,0.4312500059604645,am
1886,0,0.0,0.4791666567325592,0.4791666567325592,0.2,0.4312500059604645,am
1887,1,0.0,0.4895833432674408,0.4895833432674408,0.7,0.4427083134651184,am
1888,0,0.045454535109887985,0.4791666567325592,0.4375,0.2,0.4312500059604645,am
1889,1,0.0,0.0,0.0,0.2,0.0,am
1890,1,0.0,0.375,0.375,0.2,0.3375000059604645,am
1891,1,0.0,0.3333333432674408,0.3333333432674408,0.8,0.3333333134651184,am
1892,0,0.05882351456208179,0.375,0.3333333432674408,0.2,0.3125,am
1893,1,0.0,0.4791666567325592,0.4791666567325592,0.8,0.4312500059604645,am
1894,1,0.0,0.375,0.375,0.9,0.3375000059604645,am
1895,0,0.0,0.25,0.25,0.5,0.22499999403953552,am
1896,1,-0.045454535109887985,0.4375,0.4791666567325592,0.8,0.4312500059604645,am
1897,0,-0.030303001403764518,0.3333333432674408,0.3541666567325592,0.4,0.3270833492279053,am
1898,1,0.0,0.5,0.5,0.3,0.44999998807907104,am
1899,0,0.045454535109887985,0.4791666567325592,0.4375,0.2,0.4312500059604645,am
1900,1,0.0,0.0,0.0,0.3,0.0,am
1901,1,0.0,0.4895833432674408,0.4895833432674408,0.9,0.44062501192092896,am
1902,0,0.0,0.0,0.0,0.2,0.0,am
1903,0,0.0,0.5,0.5,0.5,0.44999998807907104,am
1904,1,0.0,0.4895833432674408,0.4895833432674408,0.9,0.44062501192092896,am
1905,1,0.0,0.3333333432674408,0.3333333432674408,0.4,0.30625003576278687,am
1906,0,0.010752708681156995,0.4895833432674408,0.4791666567325592,0.6,0.43958336114883423,am
1907,0,0.0,0.3333333432674408,0.3333333432674408,0.4,0.29999998211860657,am
1908,0,0.0,0.4791666567325592,0.4791666567325592,0.2,0.4791666567325592,am
1909,0,0.0,0.0,0.0,0.2,0.0,am
1910,0,0.045454535109887985,0.4791666567325592,0.4375,0.2,0.4312500059604645,am
1911,1,-0.045454535109887985,0.4375,0.4791666567325592,0.8,0.4312500059604645,am
1912,1,0.0,0.3333333432674408,0.3333333432674408,0.8,0.29999998211860657,am
1913,1,-0.045454535109887985,0.4375,0.4791666567325592,0.8,0.4312500059604645,am
1914,1,0.021276606105991774,0.5,0.4791666567325592,0.2,0.44999998807907104,am
1915,1,0.0,0.34375,0.34375,0.7,0.30937498807907104,am
1916,1,-0.045454535109887985,0.4375,0.4791666567325592,0.8,0.4749999940395355,am
1917,1,-0.045454535109887985,0.4375,0.4791666567325592,0.8,0.4749999940395355,am
1918,1,0.0,0.4895833432674408,0.4895833432674408,0.9,0.44062501192092896,am
1919,0,0.0,1.0,1.0,0.4,1.0,am
1920,0,0.045454535109887985,0.4791666567325592,0.4375,0.2,0.4749999940395355,am
1921,0,0.0,0.0,0.0,0.2,0.0,am
1922,1,0.0,0.3333333432674408,0.3333333432674408,0.6,0.29999998211860657,am
1923,1,0.0,0.375,0.375,0.6,0.36666667461395264,am
1924,1,0.0,0.25,0.25,0.4,0.22499999403953552,am
1925,1,-0.045454535109887985,0.4375,0.4791666567325592,0.8,0.4312500059604645,am
1926,0,-0.06930692059626534,0.4895833432674408,0.5625,0.7,0.5489583015441895,am
1927,1,0.0,0.4791666567325592,0.4791666567325592,0.5,0.4895833134651184,am
1928,1,0.0,0.4791666567325592,0.4791666567325592,0.8,0.4791666567325592,am
1929,1,0.0,0.4895833432674408,0.4895833432674408,0.6,0.4427083134651184,am
1930,0,0.0,0.4375,0.4375,0.4,0.4050000309944153,am
1931,0,-0.022222201029435933,0.4583333432674408,0.4791666567325592,0.7,0.4312500059604645,am
1932,0,0.0,0.0,0.0,0.8,0.0,am
1933,0,0.045454535109887985,0.4791666567325592,0.4375,0.2,0.4312500059604645,am
1934,1,0.0,0.4895833432674408,0.4895833432674408,0.9,0.44062501192092896,am
1935,1,0.0,0.4895833432674408,0.4895833432674408,0.9,0.44062501192092896,am
1936,0,0.0,0.0,0.0,0.4,0.0,am
1938,0,0.0,0.4791666567325592,0.4791666567325592,0.2,0.4791666567325592,am
1939,1,0.0,0.4791666567325592,0.4791666567325592,0.4,0.44166669249534607,am
1940,1,0.006289302140419694,0.5,0.4937500059604645,0.6,0.4906249940395355,am
1941,1,0.0,0.4791666567325592,0.4791666567325592,0.8,0.4791666567325592,am
1942,0,0.0,0.3333333432674408,0.3333333432674408,0.4,0.29999998211860657,am
1943,0,0.0,0.3333333432674408,0.3333333432674408,0.4,0.29999998211860657,am
1944,0,0.0,0.3333333432674408,0.3333333432674408,0.1,0.29999998211860657,am
1945,0,-0.021276606105991774,0.4791666567325592,0.5,0.8,0.44999998807907104,am
1946,1,-0.045454535109887985,0.4375,0.4791666567325592,0.8,0.4312500059604645,am
1947,1,-0.045454535109887985,0.4375,0.4791666567325592,0.8,0.4312500059604645,am
1948,1,0.0,0.375,0.375,0.5,0.3375000059604645,am
1949,0,0.045454535109887985,0.4791666567325592,0.4375,0.2,0.4312500059604645,am
1950,0,0.045454535109887985,0.4791666567325592,0.4375,0.3,0.4312500059604645,am
1951,0,0.0,0.4791666567325592,0.4791666567325592,0.2,0.4312500059604645,am
1952,0,0.0,0.4895833432674408,0.4895833432674408,0.1,0.44062501192092896,am
1954,1,-0.045454535109887985,0.4375,0.4791666567325592,0.7,0.4312500059604645,am
1955,0,0.045454535109887985,0.4791666567325592,0.4375,0.4,0.4312500059604645,am
1956,1,0.0,0.4791666567325592,0.4791666567325592,0.9,0.4312500059604645,am
1957,1,-0.045454535109887985,0.4375,0.4791666567325592,0.6,0.4312500059604645,am
1958,1,0.0,0.3333333432674408,0.3333333432674408,0.6,0.29999998211860657,am
1959,0,0.0,0.0,0.0,0.2,0.0,am
1960,0,0.0,0.375,0.375,0.7,0.3375000059604645,am
1961,0,0.045454535109887985,0.4791666567325592,0.4375,0.3,0.4312500059604645,am
1962,1,0.0,0.4895833432674408,0.4895833432674408,0.9,0.44062501192092896,am
1963,0,0.0,0.375,0.375,0.1,0.3375000059604645,am
1964,1,-0.045454535109887985,0.4375,0.4791666567325592,0.8,0.4312500059604645,am
1965,0,0.045454535109887985,0.4791666567325592,0.4375,0.4,0.4749999940395355,am
1966,0,0.0,0.4895833432674408,0.4895833432674408,0.1,0.44062501192092896,am
1967,1,0.0,0.3333333432674408,0.3333333432674408,0.6,0.29999998211860657,am
1968,0,0.014989309760122433,0.4937500059604645,0.4791666567325592,0.4,0.49541664123535156,am
1969,0,-0.021276606105991774,0.4791666567325592,0.5,0.8,0.44999998807907104,am
1970,0,0.0,0.3333333432674408,0.3333333432674408,0.4,0.29999998211860657,am
1971,0,0.0,0.0,0.0,0.4,0.0,am
1972,0,0.010752708681156995,0.4895833432674408,0.4791666567325592,0.8,0.4885416626930237,am
1973,1,-0.04347826086950473,0.34375,0.375,0.6,0.3343749940395355,am
1974,0,0.0,0.375,0.375,0.7,0.3375000059604645,am
1975,0,0.045454535109887985,0.4791666567325592,0.4375,0.3,0.4312500059604645,am
1976,1,0.0,0.4895833432674408,0.4895833432674408,0.8,0.44062501192092896,am
1977,1,0.0,0.0,0.0,0.8,0.0,am
1978,0,0.0,0.0,0.0,0.2,0.0,am
1979,1,0.0,0.4895833432674408,0.4895833432674408,0.7,0.44062501192092896,am
1980,0,0.0,0.0,0.0,0.2,0.0,am
1981,1,0.0,0.3333333432674408,0.3333333432674408,0.2,0.31458333134651184,am
1982,1,-0.045454535109887985,0.4375,0.4791666567325592,0.6,0.4312500059604645,am
1983,1,0.045454535109887985,0.4791666567325592,0.4375,0.2,0.43541663885116577,am
1984,0,0.045454535109887985,0.4791666567325592,0.4375,0.3,0.4312500059604645,am
1985,1,-0.045454535109887985,0.4375,0.4791666567325592,0.7,0.4312500059604645,am
1986,0,0.0,0.5,0.5,0.7,0.5,am
1987,0,0.0,0.0,0.0,0.8,0.0,am
1988,0,0.0,0.3333333432674408,0.3333333432674408,0.4,0.29999998211860657,am
1989,1,-0.045454535109887985,0.4375,0.4791666567325592,0.6,0.4312500059604645,am
1990,0,0.0,0.2916666567325592,0.2916666567325592,0.4,0.26249998807907104,am
1991,0,0.0,0.4895833432674408,0.4895833432674408,0.2,0.44062501192092896,am
1992,1,-0.045454535109887985,0.4375,0.4791666567325592,0.6,0.4312500059604645,am
1993,0,0.0,0.0,0.0,0.8,0.0,am
1994,1,-0.010752708681156995,0.4791666567325592,0.4895833432674408,0.2,0.43958330154418945,am
1995,1,0.0,0.0,0.0,0.2,0.0,am
1996,0,0.0,0.4895833432674408,0.4895833432674408,0.2,0.44062501192092896,am
1997,1,-0.045454535109887985,0.4375,0.4791666567325592,0.8,0.4312500059604645,am
1998,0,0.045454535109887985,0.4791666567325592,0.4375,0.2,0.4312500059604645,am
1999,1,0.0,0.0,0.0,0.2,0.0,am
2000,0,0.010752708681156995,0.4895833432674408,0.4791666567325592,0.5,0.43958330154418945,am
2001,1,0.0,0.4791666567325592,0.4791666567325592,0.8,0.4312500059604645,am
2002,0,0.0,0.3333333432674408,0.3333333432674408,0.4,0.29999998211860657,am
2003,0,0.010752708681156995,0.4895833432674408,0.4791666567325592,0.8,0.44062501192092896,am
2004,1,-0.045454535109887985,0.4375,0.4791666567325592,0.7,0.4312500059604645,am
2005,1,0.0,0.0,0.0,0.5,0.0,am
2006,1,0.0,0.3333333432674408,0.3333333432674408,0.5,0.29999998211860657,am
2007,0,0.0,0.4791666567325592,0.4791666567325592,0.2,0.4312500059604645,am
2008,1,0.0,0.5,0.5,0.4,0.44999998807907104,am
2009,0,0.0,0.3333333432674408,0.3333333432674408,0.2,0.29999998211860657,am
2010,1,0.0,0.4895833432674408,0.4895833432674408,0.8,0.44062501192092896,am
2012,1,-0.045454535109887985,0.4375,0.4791666567325592,0.7,0.4312500059604645,am
2013,1,0.0,0.5,0.5,0.3,0.44999998807907104,am
2014,1,-0.042735043431656315,0.3499999940395355,0.3812499940395355,0.8,0.37583330273628235,am
2015,1,0.0,0.0,0.0,0.8,0.0,am
2016,1,0.0,0.4791666567325592,0.4791666567325592,0.5,0.4416666626930237,am
2017,1,0.0,0.4791666567325592,0.4791666567325592,0.8,0.4312500059604645,am
2018,1,0.0,0.375,0.375,0.9,0.3375000059604645,am
2019,1,0.0,0.4791666567325592,0.4791666567325592,0.8,0.4791666567325592,am
2020,1,-0.045454535109887985,0.4375,0.4791666567325592,0.8,0.4312500059604645,am
2021,0,0.0,1.0,1.0,0.4,0.8999999761581421,am
2022,0,0.0,0.375,0.375,0.6,0.36250001192092896,am
2023,1,0.0,0.4895833432674408,0.4895833432674408,0.8,0.44062501192092896,am
2024,0,0.0,0.0,0.0,0.8,0.0,am
2025,0,0.0,0.375,0.375,0.7,0.3375000059604645,am
2026,1,-0.010752708681156995,0.4791666567325592,0.4895833432674408,0.4,0.43958330154418945,am
2027,0,0.045454535109887985,0.4791666567325592,0.4375,0.2,0.4312500059604645,am
2028,1,0.0,1.0,1.0,0.6,0.8999999761581421,am
2029,0,0.0,0.25,0.25,0.5,0.22499999403953552,am
2030,1,0.0,0.4895833432674408,0.4895833432674408,0.8,0.44062501192092896,am
2031,0,0.0,0.4895833432674408,0.4895833432674408,0.2,0.4895833432674408,am
2032,1,-0.045454535109887985,0.4375,0.4791666567325592,0.8,0.4312500059604645,am
2033,1,0.0,0.0,0.0,0.8,0.0,am
2034,0,0.045454535109887985,0.4791666567325592,0.4375,0.2,0.4312500059604645,am
2035,1,0.0,0.4895833432674408,0.4895833432674408,0.7,0.4427083134651184,am
2036,0,0.0,0.3333333432674408,0.3333333432674408,0.4,0.29999998211860657,am
2037,0,0.0,0.4895833432674408,0.4895833432674408,0.2,0.4895833432674408,am
2038,0,0.0,0.25,0.25,0.5,0.22499999403953552,am
2039,0,0.0,0.3333333432674408,0.3333333432674408,0.4,0.29999998211860657,am
2040,0,0.0,0.0,0.0,0.2,0.0,am
2041,0,0.0,0.0,0.0,0.8,0.0,am
2042,1,0.0,0.4791666567325592,0.4791666567325592,0.8,0.4312500059604645,am
2043,0,0.045454535109887985,0.4791666567325592,0.4375,0.2,0.4312500059604645,am
2044,0,0.045454535109887985,0.4791666567325592,0.4375,0.2,0.4312500059604645,am
2045,0,0.0,0.3333333432674408,0.3333333432674408,0.4,0.29999998211860657,am
2046,0,0.0,1.0,1.0,0.4,0.8999999761581421,am
2047,0,0.045454535109887985,0.4791666567325592,0.4375,0.2,0.4312500059604645,am
2048,0,0.0,0.25,0.25,0.5,0.22499999403953552,am
2049,1,0.0,0.4791666567325592,0.4791666567325592,0.8,0.4312500059604645,am
2050,0,-0.022222201029435933,0.4583333432674408,0.4791666567325592,0.8,0.42916664481163025,am
2051,0,0.0,0.3333333432674408,0.3333333432674408,0.4,0.29999998211860657,am
2052,1,0.0,0.4895833432674408,0.4895833432674408,0.9,0.44062501192092896,am
2053,1,0.0,0.0,0.0,0.8,0.0,am
2054,0,0.045454535109887985,0.4791666567325592,0.4375,0.2,0.4312500059604645,am
2057,1,0.0,0.0,0.0,0.8,0.0,am
2058,1,0.0,0.3333333432674408,0.3333333432674408,0.8,0.29999998211860657,am
2059,1,0.0,0.4791666567325592,0.4791666567325592,0.5,0.4416666626930237,am
2060,1,0.022222201029435933,0.4791666567325592,0.4583333432674408,0.2,0.429166704416275,am
2061,0,0.0,0.0,0.0,0.2,0.0,am
2062,0,0.010752708681156995,0.4895833432674408,0.4791666567325592,0.8,0.43958330154418945,am
2063,0,0.0,0.3333333432674408,0.3333333432674408,0.4,0.29999998211860657,am
2064,0,0.010752708681156995,0.4895833432674408,0.4791666567325592,0.7,0.4885416626930237,am
2065,1,0.01052630564511585,0.5,0.4895833432674408,0.5,0.4489583373069763,am
2066,1,0.0,0.25,0.25,0.1,0.22499999403953552,am
2067,1,0.0,0.4791666567325592,0.4791666567325592,0.4,0.4895833134651184,am
2068,0,0.0,0.5,0.5,0.6,0.44999998807907104,am
2069,0,0.045454535109887985,0.4791666567325592,0.4375,0.3,0.4749999940395355,am
2070,0,0.0,0.0,0.0,0.8,0.0,am
2071,1,-0.045454535109887985,0.4375,0.4791666567325592,0.8,0.4312500059604645,am
2072,1,0.0,0.375,0.375,0.9,0.3375000059604645,am
2073,0,0.0,0.4895833432674408,0.4895833432674408,0.1,0.44062501192092896,am
2074,0,0.0,0.4791666567325592,0.4791666567325592,0.6,0.4416666626930237,am
2075,1,0.0,0.4895833432674408,0.4895833432674408,0.9,0.4895833432674408,am
2076,1,-0.045454535109887985,0.4375,0.4791666567325592,0.8,0.4312500059604645,am
2077,0,0.045454535109887985,0.4791666567325592,0.4375,0.2,0.4312500059604645,am
2078,1,0.0,0.5,0.5,0.3,0.5,am
2079,1,-0.045454535109887985,0.4375,0.4791666567325592,0.8,0.4312500059604645,am
2080,1,-0.045454535109887985,0.4375,0.4791666567325592,0.8,0.4270833432674408,am
2081,1,0.0,0.3333333432674408,0.3333333432674408,0.8,0.29999998211860657,am
2082,1,0.0,0.25,0.25,0.5,0.22499999403953552,am
2084,1,0.01052630564511585,0.5,0.4895833432674408,0.5,0.4989582896232605,am
2085,0,0.0,0.0,0.0,0.2,0.0,am
2086,0,0.045454535109887985,0.4791666567325592,0.4375,0.2,0.4312500059604645,am
2087,1,-0.010752708681156995,0.4791666567325592,0.4895833432674408,0.3,0.4885416626930237,am
2088,1,-0.045454535109887985,0.4375,0.4791666567325592,0.8,0.4312500059604645,am
2089,1,0.0,0.4895833432674408,0.4895833432674408,0.7,0.4427083134651184,am
2090,1,0.0,0.4791666567325592,0.4791666567325592,0.8,0.4312500059604645,am
